strategy,setting_id,slot,n_scheduled
1_static,1_static,0,33
1_static,1_static,1,32
1_static,1_static,2,34
1_static,1_static,3,30
1_static,1_static,4,34
1_static,1_static,5,37
1_static,1_static,6,45
1_static,1_static,7,47
1_static,1_static,8,62
1_static,1_static,9,72
1_static,1_static,10,90
1_static,1_static,11,80
1_static,1_static,12,70
1_static,1_static,13,90
1_static,1_static,14,104
1_static,1_static,15,107
1_static,1_static,16,118
1_static,1_static,17,117
1_static,1_static,18,94
1_static,1_static,19,107
1_static,1_static,20,115
1_static,1_static,21,115
1_static,1_static,22,101
1_static,1_static,23,91
1_static,1_static,24,82
1_static,1_static,25,73
1_static,1_static,26,42
1_static,1_static,27,32
1_static,1_static,28,45
1_static,1_static,29,38
1_static,1_static,30,55
1_static,1_static,31,50
1_static,1_static,32,77
1_static,1_static,33,81
1_static,1_static,34,69
1_static,1_static,35,76
1_static,1_static,36,83
1_static,1_static,37,92
1_static,1_static,38,113
1_static,1_static,39,113
1_static,1_static,40,115
1_static,1_static,41,123
1_static,1_static,42,124
1_static,1_static,43,124
1_static,1_static,44,133
1_static,1_static,45,139
1_static,1_static,46,106
1_static,1_static,47,109
1_static,1_static,48,83
1_static,1_static,49,66
1_static,1_static,50,46
1_static,1_static,51,47
1_static,1_static,52,39
1_static,1_static,53,46
1_static,1_static,54,51
1_static,1_static,55,68
1_static,1_static,56,64
1_static,1_static,57,67
1_static,1_static,58,66
1_static,1_static,59,75
1_static,1_static,60,79
1_static,1_static,61,82
1_static,1_static,62,90
1_static,1_static,63,107
1_static,1_static,64,114
1_static,1_static,65,132
1_static,1_static,66,131
1_static,1_static,67,136
1_static,1_static,68,121
1_static,1_static,69,121
1_static,1_static,70,106
1_static,1_static,71,103
1_static,1_static,72,90
1_static,1_static,73,62
1_static,1_static,74,60
1_static,1_static,75,38
1_static,1_static,76,49
1_static,1_static,77,51
1_static,1_static,78,71
1_static,1_static,79,57
1_static,1_static,80,74
1_static,1_static,81,67
1_static,1_static,82,71
1_static,1_static,83,77
1_static,1_static,84,84
1_static,1_static,85,102
1_static,1_static,86,109
1_static,1_static,87,106
1_static,1_static,88,122
1_static,1_static,89,122
1_static,1_static,90,121
1_static,1_static,91,117
1_static,1_static,92,120
1_static,1_static,93,131
1_static,1_static,94,124
1_static,1_static,95,96
1_static,1_static,96,77
1_static,1_static,97,72
1_static,1_static,98,47
1_static,1_static,99,37
1_static,1_static,100,30
1_static,1_static,101,42
1_static,1_static,102,51
1_static,1_static,103,53
1_static,1_static,104,62
1_static,1_static,105,89
1_static,1_static,106,76
1_static,1_static,107,75
1_static,1_static,108,73
1_static,1_static,109,97
1_static,1_static,110,110
1_static,1_static,111,129
1_static,1_static,112,128
1_static,1_static,113,125
1_static,1_static,114,128
1_static,1_static,115,116
1_static,1_static,116,114
1_static,1_static,117,128
1_static,1_static,118,128
1_static,1_static,119,88
1_static,1_static,120,79
1_static,1_static,121,69
1_static,1_static,122,40
1_static,1_static,123,24
1_static,1_static,124,21
1_static,1_static,125,29
1_static,1_static,126,20
1_static,1_static,127,25
1_static,1_static,128,15
1_static,1_static,129,29
1_static,1_static,130,41
1_static,1_static,131,29
1_static,1_static,132,27
1_static,1_static,133,45
1_static,1_static,134,34
1_static,1_static,135,56
1_static,1_static,136,42
1_static,1_static,137,55
1_static,1_static,138,41
1_static,1_static,139,35
1_static,1_static,140,50
1_static,1_static,141,56
1_static,1_static,142,54
1_static,1_static,143,47
1_static,1_static,144,43
1_static,1_static,145,30
1_static,1_static,146,30
1_static,1_static,147,21
1_static,1_static,148,24
1_static,1_static,149,29
1_static,1_static,150,27
1_static,1_static,151,21
1_static,1_static,152,18
1_static,1_static,153,30
1_static,1_static,154,25
1_static,1_static,155,39
1_static,1_static,156,34
1_static,1_static,157,43
1_static,1_static,158,38
1_static,1_static,159,29
1_static,1_static,160,35
1_static,1_static,161,59
1_static,1_static,162,52
1_static,1_static,163,60
1_static,1_static,164,52
1_static,1_static,165,44
1_static,1_static,166,59
1_static,1_static,167,40
2_blanket_carbon_aware,2_blanket_carbon_aware__d0__w167,0,22
2_blanket_carbon_aware,2_blanket_carbon_aware__d0__w167,1,27
2_blanket_carbon_aware,2_blanket_carbon_aware__d0__w167,2,29
2_blanket_carbon_aware,2_blanket_carbon_aware__d0__w167,3,26
2_blanket_carbon_aware,2_blanket_carbon_aware__d0__w167,4,28
2_blanket_carbon_aware,2_blanket_carbon_aware__d0__w167,5,26
2_blanket_carbon_aware,2_blanket_carbon_aware__d0__w167,6,31
2_blanket_carbon_aware,2_blanket_carbon_aware__d0__w167,7,35
2_blanket_carbon_aware,2_blanket_carbon_aware__d0__w167,8,45
2_blanket_carbon_aware,2_blanket_carbon_aware__d0__w167,9,52
2_blanket_carbon_aware,2_blanket_carbon_aware__d0__w167,10,61
2_blanket_carbon_aware,2_blanket_carbon_aware__d0__w167,11,64
2_blanket_carbon_aware,2_blanket_carbon_aware__d0__w167,12,50
2_blanket_carbon_aware,2_blanket_carbon_aware__d0__w167,13,60
2_blanket_carbon_aware,2_blanket_carbon_aware__d0__w167,14,82
2_blanket_carbon_aware,2_blanket_carbon_aware__d0__w167,15,83
2_blanket_carbon_aware,2_blanket_carbon_aware__d0__w167,16,93
2_blanket_carbon_aware,2_blanket_carbon_aware__d0__w167,17,94
2_blanket_carbon_aware,2_blanket_carbon_aware__d0__w167,18,76
2_blanket_carbon_aware,2_blanket_carbon_aware__d0__w167,19,84
2_blanket_carbon_aware,2_blanket_carbon_aware__d0__w167,20,88
2_blanket_carbon_aware,2_blanket_carbon_aware__d0__w167,21,83
2_blanket_carbon_aware,2_blanket_carbon_aware__d0__w167,22,84
2_blanket_carbon_aware,2_blanket_carbon_aware__d0__w167,23,76
2_blanket_carbon_aware,2_blanket_carbon_aware__d0__w167,24,62
2_blanket_carbon_aware,2_blanket_carbon_aware__d0__w167,25,65
2_blanket_carbon_aware,2_blanket_carbon_aware__d0__w167,26,35
2_blanket_carbon_aware,2_blanket_carbon_aware__d0__w167,27,26
2_blanket_carbon_aware,2_blanket_carbon_aware__d0__w167,28,35
2_blanket_carbon_aware,2_blanket_carbon_aware__d0__w167,29,27
2_blanket_carbon_aware,2_blanket_carbon_aware__d0__w167,30,36
2_blanket_carbon_aware,2_blanket_carbon_aware__d0__w167,31,40
2_blanket_carbon_aware,2_blanket_carbon_aware__d0__w167,32,63
2_blanket_carbon_aware,2_blanket_carbon_aware__d0__w167,33,52
2_blanket_carbon_aware,2_blanket_carbon_aware__d0__w167,34,53
2_blanket_carbon_aware,2_blanket_carbon_aware__d0__w167,35,56
2_blanket_carbon_aware,2_blanket_carbon_aware__d0__w167,36,67
2_blanket_carbon_aware,2_blanket_carbon_aware__d0__w167,37,69
2_blanket_carbon_aware,2_blanket_carbon_aware__d0__w167,38,88
2_blanket_carbon_aware,2_blanket_carbon_aware__d0__w167,39,87
2_blanket_carbon_aware,2_blanket_carbon_aware__d0__w167,40,87
2_blanket_carbon_aware,2_blanket_carbon_aware__d0__w167,41,99
2_blanket_carbon_aware,2_blanket_carbon_aware__d0__w167,42,102
2_blanket_carbon_aware,2_blanket_carbon_aware__d0__w167,43,96
2_blanket_carbon_aware,2_blanket_carbon_aware__d0__w167,44,111
2_blanket_carbon_aware,2_blanket_carbon_aware__d0__w167,45,111
2_blanket_carbon_aware,2_blanket_carbon_aware__d0__w167,46,83
2_blanket_carbon_aware,2_blanket_carbon_aware__d0__w167,47,87
2_blanket_carbon_aware,2_blanket_carbon_aware__d0__w167,48,60
2_blanket_carbon_aware,2_blanket_carbon_aware__d0__w167,49,51
2_blanket_carbon_aware,2_blanket_carbon_aware__d0__w167,50,35
2_blanket_carbon_aware,2_blanket_carbon_aware__d0__w167,51,40
2_blanket_carbon_aware,2_blanket_carbon_aware__d0__w167,52,31
2_blanket_carbon_aware,2_blanket_carbon_aware__d0__w167,53,35
2_blanket_carbon_aware,2_blanket_carbon_aware__d0__w167,54,38
2_blanket_carbon_aware,2_blanket_carbon_aware__d0__w167,55,47
2_blanket_carbon_aware,2_blanket_carbon_aware__d0__w167,56,46
2_blanket_carbon_aware,2_blanket_carbon_aware__d0__w167,57,45
2_blanket_carbon_aware,2_blanket_carbon_aware__d0__w167,58,48
2_blanket_carbon_aware,2_blanket_carbon_aware__d0__w167,59,50
2_blanket_carbon_aware,2_blanket_carbon_aware__d0__w167,60,61
2_blanket_carbon_aware,2_blanket_carbon_aware__d0__w167,61,61
2_blanket_carbon_aware,2_blanket_carbon_aware__d0__w167,62,62
2_blanket_carbon_aware,2_blanket_carbon_aware__d0__w167,63,78
2_blanket_carbon_aware,2_blanket_carbon_aware__d0__w167,64,90
2_blanket_carbon_aware,2_blanket_carbon_aware__d0__w167,65,107
2_blanket_carbon_aware,2_blanket_carbon_aware__d0__w167,66,102
2_blanket_carbon_aware,2_blanket_carbon_aware__d0__w167,67,102
2_blanket_carbon_aware,2_blanket_carbon_aware__d0__w167,68,93
2_blanket_carbon_aware,2_blanket_carbon_aware__d0__w167,69,94
2_blanket_carbon_aware,2_blanket_carbon_aware__d0__w167,70,80
2_blanket_carbon_aware,2_blanket_carbon_aware__d0__w167,71,76
2_blanket_carbon_aware,2_blanket_carbon_aware__d0__w167,72,67
2_blanket_carbon_aware,2_blanket_carbon_aware__d0__w167,73,49
2_blanket_carbon_aware,2_blanket_carbon_aware__d0__w167,74,48
2_blanket_carbon_aware,2_blanket_carbon_aware__d0__w167,75,33
2_blanket_carbon_aware,2_blanket_carbon_aware__d0__w167,76,39
2_blanket_carbon_aware,2_blanket_carbon_aware__d0__w167,77,36
2_blanket_carbon_aware,2_blanket_carbon_aware__d0__w167,78,47
2_blanket_carbon_aware,2_blanket_carbon_aware__d0__w167,79,38
2_blanket_carbon_aware,2_blanket_carbon_aware__d0__w167,80,53
2_blanket_carbon_aware,2_blanket_carbon_aware__d0__w167,81,48
2_blanket_carbon_aware,2_blanket_carbon_aware__d0__w167,82,47
2_blanket_carbon_aware,2_blanket_carbon_aware__d0__w167,83,55
2_blanket_carbon_aware,2_blanket_carbon_aware__d0__w167,84,68
2_blanket_carbon_aware,2_blanket_carbon_aware__d0__w167,85,81
2_blanket_carbon_aware,2_blanket_carbon_aware__d0__w167,86,69
2_blanket_carbon_aware,2_blanket_carbon_aware__d0__w167,87,85
2_blanket_carbon_aware,2_blanket_carbon_aware__d0__w167,88,97
2_blanket_carbon_aware,2_blanket_carbon_aware__d0__w167,89,100
2_blanket_carbon_aware,2_blanket_carbon_aware__d0__w167,90,92
2_blanket_carbon_aware,2_blanket_carbon_aware__d0__w167,91,100
2_blanket_carbon_aware,2_blanket_carbon_aware__d0__w167,92,88
2_blanket_carbon_aware,2_blanket_carbon_aware__d0__w167,93,102
2_blanket_carbon_aware,2_blanket_carbon_aware__d0__w167,94,102
2_blanket_carbon_aware,2_blanket_carbon_aware__d0__w167,95,84
2_blanket_carbon_aware,2_blanket_carbon_aware__d0__w167,96,52
2_blanket_carbon_aware,2_blanket_carbon_aware__d0__w167,97,58
2_blanket_carbon_aware,2_blanket_carbon_aware__d0__w167,98,40
2_blanket_carbon_aware,2_blanket_carbon_aware__d0__w167,99,30
2_blanket_carbon_aware,2_blanket_carbon_aware__d0__w167,100,23
2_blanket_carbon_aware,2_blanket_carbon_aware__d0__w167,101,33
2_blanket_carbon_aware,2_blanket_carbon_aware__d0__w167,102,40
2_blanket_carbon_aware,2_blanket_carbon_aware__d0__w167,103,40
2_blanket_carbon_aware,2_blanket_carbon_aware__d0__w167,104,44
2_blanket_carbon_aware,2_blanket_carbon_aware__d0__w167,105,54
2_blanket_carbon_aware,2_blanket_carbon_aware__d0__w167,106,59
2_blanket_carbon_aware,2_blanket_carbon_aware__d0__w167,107,56
2_blanket_carbon_aware,2_blanket_carbon_aware__d0__w167,108,50
2_blanket_carbon_aware,2_blanket_carbon_aware__d0__w167,109,72
2_blanket_carbon_aware,2_blanket_carbon_aware__d0__w167,110,84
2_blanket_carbon_aware,2_blanket_carbon_aware__d0__w167,111,106
2_blanket_carbon_aware,2_blanket_carbon_aware__d0__w167,112,95
2_blanket_carbon_aware,2_blanket_carbon_aware__d0__w167,113,110
2_blanket_carbon_aware,2_blanket_carbon_aware__d0__w167,114,103
2_blanket_carbon_aware,2_blanket_carbon_aware__d0__w167,115,91
2_blanket_carbon_aware,2_blanket_carbon_aware__d0__w167,116,91
2_blanket_carbon_aware,2_blanket_carbon_aware__d0__w167,117,103
2_blanket_carbon_aware,2_blanket_carbon_aware__d0__w167,118,105
2_blanket_carbon_aware,2_blanket_carbon_aware__d0__w167,119,73
2_blanket_carbon_aware,2_blanket_carbon_aware__d0__w167,120,60
2_blanket_carbon_aware,2_blanket_carbon_aware__d0__w167,121,60
2_blanket_carbon_aware,2_blanket_carbon_aware__d0__w167,122,34
2_blanket_carbon_aware,2_blanket_carbon_aware__d0__w167,123,19
2_blanket_carbon_aware,2_blanket_carbon_aware__d0__w167,124,17
2_blanket_carbon_aware,2_blanket_carbon_aware__d0__w167,125,26
2_blanket_carbon_aware,2_blanket_carbon_aware__d0__w167,126,14
2_blanket_carbon_aware,2_blanket_carbon_aware__d0__w167,127,18
2_blanket_carbon_aware,2_blanket_carbon_aware__d0__w167,128,12
2_blanket_carbon_aware,2_blanket_carbon_aware__d0__w167,129,21
2_blanket_carbon_aware,2_blanket_carbon_aware__d0__w167,130,38
2_blanket_carbon_aware,2_blanket_carbon_aware__d0__w167,131,20
2_blanket_carbon_aware,2_blanket_carbon_aware__d0__w167,132,22
2_blanket_carbon_aware,2_blanket_carbon_aware__d0__w167,133,41
2_blanket_carbon_aware,2_blanket_carbon_aware__d0__w167,134,29
2_blanket_carbon_aware,2_blanket_carbon_aware__d0__w167,135,50
2_blanket_carbon_aware,2_blanket_carbon_aware__d0__w167,136,36
2_blanket_carbon_aware,2_blanket_carbon_aware__d0__w167,137,45
2_blanket_carbon_aware,2_blanket_carbon_aware__d0__w167,138,33
2_blanket_carbon_aware,2_blanket_carbon_aware__d0__w167,139,30
2_blanket_carbon_aware,2_blanket_carbon_aware__d0__w167,140,44
2_blanket_carbon_aware,2_blanket_carbon_aware__d0__w167,141,43
2_blanket_carbon_aware,2_blanket_carbon_aware__d0__w167,142,48
2_blanket_carbon_aware,2_blanket_carbon_aware__d0__w167,143,38
2_blanket_carbon_aware,2_blanket_carbon_aware__d0__w167,144,32
2_blanket_carbon_aware,2_blanket_carbon_aware__d0__w167,145,25
2_blanket_carbon_aware,2_blanket_carbon_aware__d0__w167,146,25
2_blanket_carbon_aware,2_blanket_carbon_aware__d0__w167,147,20
2_blanket_carbon_aware,2_blanket_carbon_aware__d0__w167,148,22
2_blanket_carbon_aware,2_blanket_carbon_aware__d0__w167,149,25
2_blanket_carbon_aware,2_blanket_carbon_aware__d0__w167,150,23
2_blanket_carbon_aware,2_blanket_carbon_aware__d0__w167,151,13
2_blanket_carbon_aware,2_blanket_carbon_aware__d0__w167,152,13
2_blanket_carbon_aware,2_blanket_carbon_aware__d0__w167,153,26
2_blanket_carbon_aware,2_blanket_carbon_aware__d0__w167,154,20
2_blanket_carbon_aware,2_blanket_carbon_aware__d0__w167,155,2682
2_blanket_carbon_aware,2_blanket_carbon_aware__d0__w167,156,29
2_blanket_carbon_aware,2_blanket_carbon_aware__d0__w167,157,39
2_blanket_carbon_aware,2_blanket_carbon_aware__d0__w167,158,28
2_blanket_carbon_aware,2_blanket_carbon_aware__d0__w167,159,26
2_blanket_carbon_aware,2_blanket_carbon_aware__d0__w167,160,30
2_blanket_carbon_aware,2_blanket_carbon_aware__d0__w167,161,54
2_blanket_carbon_aware,2_blanket_carbon_aware__d0__w167,162,45
2_blanket_carbon_aware,2_blanket_carbon_aware__d0__w167,163,50
2_blanket_carbon_aware,2_blanket_carbon_aware__d0__w167,164,45
2_blanket_carbon_aware,2_blanket_carbon_aware__d0__w167,165,34
2_blanket_carbon_aware,2_blanket_carbon_aware__d0__w167,166,54
2_blanket_carbon_aware,2_blanket_carbon_aware__d0__w167,167,34
3_eligibility_only,3_eligibility_only__d0__w6,0,22
3_eligibility_only,3_eligibility_only__d0__w6,1,81
3_eligibility_only,3_eligibility_only__d0__w6,2,34
3_eligibility_only,3_eligibility_only__d0__w6,3,30
3_eligibility_only,3_eligibility_only__d0__w6,4,34
3_eligibility_only,3_eligibility_only__d0__w6,5,26
3_eligibility_only,3_eligibility_only__d0__w6,6,31
3_eligibility_only,3_eligibility_only__d0__w6,7,35
3_eligibility_only,3_eligibility_only__d0__w6,8,45
3_eligibility_only,3_eligibility_only__d0__w6,9,52
3_eligibility_only,3_eligibility_only__d0__w6,10,61
3_eligibility_only,3_eligibility_only__d0__w6,11,75
3_eligibility_only,3_eligibility_only__d0__w6,12,178
3_eligibility_only,3_eligibility_only__d0__w6,13,90
3_eligibility_only,3_eligibility_only__d0__w6,14,104
3_eligibility_only,3_eligibility_only__d0__w6,15,83
3_eligibility_only,3_eligibility_only__d0__w6,16,93
3_eligibility_only,3_eligibility_only__d0__w6,17,94
3_eligibility_only,3_eligibility_only__d0__w6,18,76
3_eligibility_only,3_eligibility_only__d0__w6,19,84
3_eligibility_only,3_eligibility_only__d0__w6,20,88
3_eligibility_only,3_eligibility_only__d0__w6,21,107
3_eligibility_only,3_eligibility_only__d0__w6,22,109
3_eligibility_only,3_eligibility_only__d0__w6,23,99
3_eligibility_only,3_eligibility_only__d0__w6,24,80
3_eligibility_only,3_eligibility_only__d0__w6,25,88
3_eligibility_only,3_eligibility_only__d0__w6,26,161
3_eligibility_only,3_eligibility_only__d0__w6,27,32
3_eligibility_only,3_eligibility_only__d0__w6,28,45
3_eligibility_only,3_eligibility_only__d0__w6,29,27
3_eligibility_only,3_eligibility_only__d0__w6,30,36
3_eligibility_only,3_eligibility_only__d0__w6,31,40
3_eligibility_only,3_eligibility_only__d0__w6,32,63
3_eligibility_only,3_eligibility_only__d0__w6,33,52
3_eligibility_only,3_eligibility_only__d0__w6,34,53
3_eligibility_only,3_eligibility_only__d0__w6,35,67
3_eligibility_only,3_eligibility_only__d0__w6,36,191
3_eligibility_only,3_eligibility_only__d0__w6,37,92
3_eligibility_only,3_eligibility_only__d0__w6,38,113
3_eligibility_only,3_eligibility_only__d0__w6,39,87
3_eligibility_only,3_eligibility_only__d0__w6,40,87
3_eligibility_only,3_eligibility_only__d0__w6,41,99
3_eligibility_only,3_eligibility_only__d0__w6,42,102
3_eligibility_only,3_eligibility_only__d0__w6,43,96
3_eligibility_only,3_eligibility_only__d0__w6,44,111
3_eligibility_only,3_eligibility_only__d0__w6,45,137
3_eligibility_only,3_eligibility_only__d0__w6,46,111
3_eligibility_only,3_eligibility_only__d0__w6,47,133
3_eligibility_only,3_eligibility_only__d0__w6,48,60
3_eligibility_only,3_eligibility_only__d0__w6,49,79
3_eligibility_only,3_eligibility_only__d0__w6,50,179
3_eligibility_only,3_eligibility_only__d0__w6,51,47
3_eligibility_only,3_eligibility_only__d0__w6,52,31
3_eligibility_only,3_eligibility_only__d0__w6,53,35
3_eligibility_only,3_eligibility_only__d0__w6,54,38
3_eligibility_only,3_eligibility_only__d0__w6,55,47
3_eligibility_only,3_eligibility_only__d0__w6,56,46
3_eligibility_only,3_eligibility_only__d0__w6,57,45
3_eligibility_only,3_eligibility_only__d0__w6,58,56
3_eligibility_only,3_eligibility_only__d0__w6,59,61
3_eligibility_only,3_eligibility_only__d0__w6,60,196
3_eligibility_only,3_eligibility_only__d0__w6,61,82
3_eligibility_only,3_eligibility_only__d0__w6,62,90
3_eligibility_only,3_eligibility_only__d0__w6,63,78
3_eligibility_only,3_eligibility_only__d0__w6,64,90
3_eligibility_only,3_eligibility_only__d0__w6,65,107
3_eligibility_only,3_eligibility_only__d0__w6,66,102
3_eligibility_only,3_eligibility_only__d0__w6,67,102
3_eligibility_only,3_eligibility_only__d0__w6,68,93
3_eligibility_only,3_eligibility_only__d0__w6,69,123
3_eligibility_only,3_eligibility_only__d0__w6,70,104
3_eligibility_only,3_eligibility_only__d0__w6,71,101
3_eligibility_only,3_eligibility_only__d0__w6,72,96
3_eligibility_only,3_eligibility_only__d0__w6,73,83
3_eligibility_only,3_eligibility_only__d0__w6,74,204
3_eligibility_only,3_eligibility_only__d0__w6,75,38
3_eligibility_only,3_eligibility_only__d0__w6,76,39
3_eligibility_only,3_eligibility_only__d0__w6,77,36
3_eligibility_only,3_eligibility_only__d0__w6,78,47
3_eligibility_only,3_eligibility_only__d0__w6,79,38
3_eligibility_only,3_eligibility_only__d0__w6,80,53
3_eligibility_only,3_eligibility_only__d0__w6,81,48
3_eligibility_only,3_eligibility_only__d0__w6,82,57
3_eligibility_only,3_eligibility_only__d0__w6,83,70
3_eligibility_only,3_eligibility_only__d0__w6,84,213
3_eligibility_only,3_eligibility_only__d0__w6,85,102
3_eligibility_only,3_eligibility_only__d0__w6,86,109
3_eligibility_only,3_eligibility_only__d0__w6,87,85
3_eligibility_only,3_eligibility_only__d0__w6,88,97
3_eligibility_only,3_eligibility_only__d0__w6,89,100
3_eligibility_only,3_eligibility_only__d0__w6,90,92
3_eligibility_only,3_eligibility_only__d0__w6,91,100
3_eligibility_only,3_eligibility_only__d0__w6,92,88
3_eligibility_only,3_eligibility_only__d0__w6,93,123
3_eligibility_only,3_eligibility_only__d0__w6,94,127
3_eligibility_only,3_eligibility_only__d0__w6,95,135
3_eligibility_only,3_eligibility_only__d0__w6,96,52
3_eligibility_only,3_eligibility_only__d0__w6,97,75
3_eligibility_only,3_eligibility_only__d0__w6,98,181
3_eligibility_only,3_eligibility_only__d0__w6,99,37
3_eligibility_only,3_eligibility_only__d0__w6,100,23
3_eligibility_only,3_eligibility_only__d0__w6,101,33
3_eligibility_only,3_eligibility_only__d0__w6,102,40
3_eligibility_only,3_eligibility_only__d0__w6,103,40
3_eligibility_only,3_eligibility_only__d0__w6,104,44
3_eligibility_only,3_eligibility_only__d0__w6,105,54
3_eligibility_only,3_eligibility_only__d0__w6,106,66
3_eligibility_only,3_eligibility_only__d0__w6,107,65
3_eligibility_only,3_eligibility_only__d0__w6,108,186
3_eligibility_only,3_eligibility_only__d0__w6,109,97
3_eligibility_only,3_eligibility_only__d0__w6,110,110
3_eligibility_only,3_eligibility_only__d0__w6,111,129
3_eligibility_only,3_eligibility_only__d0__w6,112,95
3_eligibility_only,3_eligibility_only__d0__w6,113,110
3_eligibility_only,3_eligibility_only__d0__w6,114,103
3_eligibility_only,3_eligibility_only__d0__w6,115,91
3_eligibility_only,3_eligibility_only__d0__w6,116,91
3_eligibility_only,3_eligibility_only__d0__w6,117,103
3_eligibility_only,3_eligibility_only__d0__w6,118,138
3_eligibility_only,3_eligibility_only__d0__w6,119,88
3_eligibility_only,3_eligibility_only__d0__w6,120,85
3_eligibility_only,3_eligibility_only__d0__w6,121,85
3_eligibility_only,3_eligibility_only__d0__w6,122,57
3_eligibility_only,3_eligibility_only__d0__w6,123,121
3_eligibility_only,3_eligibility_only__d0__w6,124,17
3_eligibility_only,3_eligibility_only__d0__w6,125,26
3_eligibility_only,3_eligibility_only__d0__w6,126,14
3_eligibility_only,3_eligibility_only__d0__w6,127,18
3_eligibility_only,3_eligibility_only__d0__w6,128,12
3_eligibility_only,3_eligibility_only__d0__w6,129,21
3_eligibility_only,3_eligibility_only__d0__w6,130,42
3_eligibility_only,3_eligibility_only__d0__w6,131,23
3_eligibility_only,3_eligibility_only__d0__w6,132,63
3_eligibility_only,3_eligibility_only__d0__w6,133,45
3_eligibility_only,3_eligibility_only__d0__w6,134,34
3_eligibility_only,3_eligibility_only__d0__w6,135,56
3_eligibility_only,3_eligibility_only__d0__w6,136,36
3_eligibility_only,3_eligibility_only__d0__w6,137,45
3_eligibility_only,3_eligibility_only__d0__w6,138,33
3_eligibility_only,3_eligibility_only__d0__w6,139,30
3_eligibility_only,3_eligibility_only__d0__w6,140,44
3_eligibility_only,3_eligibility_only__d0__w6,141,43
3_eligibility_only,3_eligibility_only__d0__w6,142,54
3_eligibility_only,3_eligibility_only__d0__w6,143,56
3_eligibility_only,3_eligibility_only__d0__w6,144,32
3_eligibility_only,3_eligibility_only__d0__w6,145,30
3_eligibility_only,3_eligibility_only__d0__w6,146,31
3_eligibility_only,3_eligibility_only__d0__w6,147,69
3_eligibility_only,3_eligibility_only__d0__w6,148,22
3_eligibility_only,3_eligibility_only__d0__w6,149,25
3_eligibility_only,3_eligibility_only__d0__w6,150,23
3_eligibility_only,3_eligibility_only__d0__w6,151,13
3_eligibility_only,3_eligibility_only__d0__w6,152,13
3_eligibility_only,3_eligibility_only__d0__w6,153,27
3_eligibility_only,3_eligibility_only__d0__w6,154,22
3_eligibility_only,3_eligibility_only__d0__w6,155,69
3_eligibility_only,3_eligibility_only__d0__w6,156,34
3_eligibility_only,3_eligibility_only__d0__w6,157,43
3_eligibility_only,3_eligibility_only__d0__w6,158,38
3_eligibility_only,3_eligibility_only__d0__w6,159,29
3_eligibility_only,3_eligibility_only__d0__w6,160,30
3_eligibility_only,3_eligibility_only__d0__w6,161,54
3_eligibility_only,3_eligibility_only__d0__w6,162,45
3_eligibility_only,3_eligibility_only__d0__w6,163,50
3_eligibility_only,3_eligibility_only__d0__w6,164,45
3_eligibility_only,3_eligibility_only__d0__w6,165,34
3_eligibility_only,3_eligibility_only__d0__w6,166,59
3_eligibility_only,3_eligibility_only__d0__w6,167,46
3_eligibility_only,3_eligibility_only__d0__w12,0,22
3_eligibility_only,3_eligibility_only__d0__w12,1,111
3_eligibility_only,3_eligibility_only__d0__w12,2,34
3_eligibility_only,3_eligibility_only__d0__w12,3,30
3_eligibility_only,3_eligibility_only__d0__w12,4,34
3_eligibility_only,3_eligibility_only__d0__w12,5,26
3_eligibility_only,3_eligibility_only__d0__w12,6,31
3_eligibility_only,3_eligibility_only__d0__w12,7,35
3_eligibility_only,3_eligibility_only__d0__w12,8,45
3_eligibility_only,3_eligibility_only__d0__w12,9,52
3_eligibility_only,3_eligibility_only__d0__w12,10,61
3_eligibility_only,3_eligibility_only__d0__w12,11,64
3_eligibility_only,3_eligibility_only__d0__w12,12,124
3_eligibility_only,3_eligibility_only__d0__w12,13,60
3_eligibility_only,3_eligibility_only__d0__w12,14,82
3_eligibility_only,3_eligibility_only__d0__w12,15,83
3_eligibility_only,3_eligibility_only__d0__w12,16,93
3_eligibility_only,3_eligibility_only__d0__w12,17,94
3_eligibility_only,3_eligibility_only__d0__w12,18,76
3_eligibility_only,3_eligibility_only__d0__w12,19,84
3_eligibility_only,3_eligibility_only__d0__w12,20,88
3_eligibility_only,3_eligibility_only__d0__w12,21,83
3_eligibility_only,3_eligibility_only__d0__w12,22,113
3_eligibility_only,3_eligibility_only__d0__w12,23,92
3_eligibility_only,3_eligibility_only__d0__w12,24,82
3_eligibility_only,3_eligibility_only__d0__w12,25,95
3_eligibility_only,3_eligibility_only__d0__w12,26,296
3_eligibility_only,3_eligibility_only__d0__w12,27,32
3_eligibility_only,3_eligibility_only__d0__w12,28,45
3_eligibility_only,3_eligibility_only__d0__w12,29,27
3_eligibility_only,3_eligibility_only__d0__w12,30,36
3_eligibility_only,3_eligibility_only__d0__w12,31,40
3_eligibility_only,3_eligibility_only__d0__w12,32,63
3_eligibility_only,3_eligibility_only__d0__w12,33,52
3_eligibility_only,3_eligibility_only__d0__w12,34,53
3_eligibility_only,3_eligibility_only__d0__w12,35,56
3_eligibility_only,3_eligibility_only__d0__w12,36,202
3_eligibility_only,3_eligibility_only__d0__w12,37,69
3_eligibility_only,3_eligibility_only__d0__w12,38,88
3_eligibility_only,3_eligibility_only__d0__w12,39,87
3_eligibility_only,3_eligibility_only__d0__w12,40,87
3_eligibility_only,3_eligibility_only__d0__w12,41,99
3_eligibility_only,3_eligibility_only__d0__w12,42,102
3_eligibility_only,3_eligibility_only__d0__w12,43,96
3_eligibility_only,3_eligibility_only__d0__w12,44,111
3_eligibility_only,3_eligibility_only__d0__w12,45,111
3_eligibility_only,3_eligibility_only__d0__w12,46,83
3_eligibility_only,3_eligibility_only__d0__w12,47,87
3_eligibility_only,3_eligibility_only__d0__w12,48,60
3_eligibility_only,3_eligibility_only__d0__w12,49,74
3_eligibility_only,3_eligibility_only__d0__w12,50,332
3_eligibility_only,3_eligibility_only__d0__w12,51,47
3_eligibility_only,3_eligibility_only__d0__w12,52,31
3_eligibility_only,3_eligibility_only__d0__w12,53,35
3_eligibility_only,3_eligibility_only__d0__w12,54,38
3_eligibility_only,3_eligibility_only__d0__w12,55,47
3_eligibility_only,3_eligibility_only__d0__w12,56,46
3_eligibility_only,3_eligibility_only__d0__w12,57,45
3_eligibility_only,3_eligibility_only__d0__w12,58,48
3_eligibility_only,3_eligibility_only__d0__w12,59,50
3_eligibility_only,3_eligibility_only__d0__w12,60,154
3_eligibility_only,3_eligibility_only__d0__w12,61,61
3_eligibility_only,3_eligibility_only__d0__w12,62,62
3_eligibility_only,3_eligibility_only__d0__w12,63,78
3_eligibility_only,3_eligibility_only__d0__w12,64,90
3_eligibility_only,3_eligibility_only__d0__w12,65,107
3_eligibility_only,3_eligibility_only__d0__w12,66,102
3_eligibility_only,3_eligibility_only__d0__w12,67,102
3_eligibility_only,3_eligibility_only__d0__w12,68,93
3_eligibility_only,3_eligibility_only__d0__w12,69,94
3_eligibility_only,3_eligibility_only__d0__w12,70,98
3_eligibility_only,3_eligibility_only__d0__w12,71,101
3_eligibility_only,3_eligibility_only__d0__w12,72,85
3_eligibility_only,3_eligibility_only__d0__w12,73,70
3_eligibility_only,3_eligibility_only__d0__w12,74,373
3_eligibility_only,3_eligibility_only__d0__w12,75,38
3_eligibility_only,3_eligibility_only__d0__w12,76,39
3_eligibility_only,3_eligibility_only__d0__w12,77,36
3_eligibility_only,3_eligibility_only__d0__w12,78,47
3_eligibility_only,3_eligibility_only__d0__w12,79,38
3_eligibility_only,3_eligibility_only__d0__w12,80,53
3_eligibility_only,3_eligibility_only__d0__w12,81,48
3_eligibility_only,3_eligibility_only__d0__w12,82,47
3_eligibility_only,3_eligibility_only__d0__w12,83,55
3_eligibility_only,3_eligibility_only__d0__w12,84,200
3_eligibility_only,3_eligibility_only__d0__w12,85,81
3_eligibility_only,3_eligibility_only__d0__w12,86,69
3_eligibility_only,3_eligibility_only__d0__w12,87,85
3_eligibility_only,3_eligibility_only__d0__w12,88,97
3_eligibility_only,3_eligibility_only__d0__w12,89,100
3_eligibility_only,3_eligibility_only__d0__w12,90,92
3_eligibility_only,3_eligibility_only__d0__w12,91,100
3_eligibility_only,3_eligibility_only__d0__w12,92,88
3_eligibility_only,3_eligibility_only__d0__w12,93,102
3_eligibility_only,3_eligibility_only__d0__w12,94,102
3_eligibility_only,3_eligibility_only__d0__w12,95,122
3_eligibility_only,3_eligibility_only__d0__w12,96,52
3_eligibility_only,3_eligibility_only__d0__w12,97,79
3_eligibility_only,3_eligibility_only__d0__w12,98,335
3_eligibility_only,3_eligibility_only__d0__w12,99,30
3_eligibility_only,3_eligibility_only__d0__w12,100,23
3_eligibility_only,3_eligibility_only__d0__w12,101,33
3_eligibility_only,3_eligibility_only__d0__w12,102,40
3_eligibility_only,3_eligibility_only__d0__w12,103,40
3_eligibility_only,3_eligibility_only__d0__w12,104,44
3_eligibility_only,3_eligibility_only__d0__w12,105,54
3_eligibility_only,3_eligibility_only__d0__w12,106,59
3_eligibility_only,3_eligibility_only__d0__w12,107,56
3_eligibility_only,3_eligibility_only__d0__w12,108,209
3_eligibility_only,3_eligibility_only__d0__w12,109,72
3_eligibility_only,3_eligibility_only__d0__w12,110,84
3_eligibility_only,3_eligibility_only__d0__w12,111,106
3_eligibility_only,3_eligibility_only__d0__w12,112,95
3_eligibility_only,3_eligibility_only__d0__w12,113,110
3_eligibility_only,3_eligibility_only__d0__w12,114,103
3_eligibility_only,3_eligibility_only__d0__w12,115,91
3_eligibility_only,3_eligibility_only__d0__w12,116,91
3_eligibility_only,3_eligibility_only__d0__w12,117,103
3_eligibility_only,3_eligibility_only__d0__w12,118,105
3_eligibility_only,3_eligibility_only__d0__w12,119,73
3_eligibility_only,3_eligibility_only__d0__w12,120,60
3_eligibility_only,3_eligibility_only__d0__w12,121,85
3_eligibility_only,3_eligibility_only__d0__w12,122,60
3_eligibility_only,3_eligibility_only__d0__w12,123,188
3_eligibility_only,3_eligibility_only__d0__w12,124,17
3_eligibility_only,3_eligibility_only__d0__w12,125,26
3_eligibility_only,3_eligibility_only__d0__w12,126,14
3_eligibility_only,3_eligibility_only__d0__w12,127,18
3_eligibility_only,3_eligibility_only__d0__w12,128,12
3_eligibility_only,3_eligibility_only__d0__w12,129,21
3_eligibility_only,3_eligibility_only__d0__w12,130,61
3_eligibility_only,3_eligibility_only__d0__w12,131,35
3_eligibility_only,3_eligibility_only__d0__w12,132,109
3_eligibility_only,3_eligibility_only__d0__w12,133,41
3_eligibility_only,3_eligibility_only__d0__w12,134,29
3_eligibility_only,3_eligibility_only__d0__w12,135,50
3_eligibility_only,3_eligibility_only__d0__w12,136,36
3_eligibility_only,3_eligibility_only__d0__w12,137,45
3_eligibility_only,3_eligibility_only__d0__w12,138,33
3_eligibility_only,3_eligibility_only__d0__w12,139,30
3_eligibility_only,3_eligibility_only__d0__w12,140,44
3_eligibility_only,3_eligibility_only__d0__w12,141,43
3_eligibility_only,3_eligibility_only__d0__w12,142,48
3_eligibility_only,3_eligibility_only__d0__w12,143,38
3_eligibility_only,3_eligibility_only__d0__w12,144,32
3_eligibility_only,3_eligibility_only__d0__w12,145,29
3_eligibility_only,3_eligibility_only__d0__w12,146,30
3_eligibility_only,3_eligibility_only__d0__w12,147,61
3_eligibility_only,3_eligibility_only__d0__w12,148,22
3_eligibility_only,3_eligibility_only__d0__w12,149,25
3_eligibility_only,3_eligibility_only__d0__w12,150,23
3_eligibility_only,3_eligibility_only__d0__w12,151,13
3_eligibility_only,3_eligibility_only__d0__w12,152,13
3_eligibility_only,3_eligibility_only__d0__w12,153,39
3_eligibility_only,3_eligibility_only__d0__w12,154,26
3_eligibility_only,3_eligibility_only__d0__w12,155,102
3_eligibility_only,3_eligibility_only__d0__w12,156,34
3_eligibility_only,3_eligibility_only__d0__w12,157,43
3_eligibility_only,3_eligibility_only__d0__w12,158,28
3_eligibility_only,3_eligibility_only__d0__w12,159,26
3_eligibility_only,3_eligibility_only__d0__w12,160,30
3_eligibility_only,3_eligibility_only__d0__w12,161,54
3_eligibility_only,3_eligibility_only__d0__w12,162,45
3_eligibility_only,3_eligibility_only__d0__w12,163,50
3_eligibility_only,3_eligibility_only__d0__w12,164,45
3_eligibility_only,3_eligibility_only__d0__w12,165,34
3_eligibility_only,3_eligibility_only__d0__w12,166,54
3_eligibility_only,3_eligibility_only__d0__w12,167,34
3_eligibility_only,3_eligibility_only__d0__w24,0,22
3_eligibility_only,3_eligibility_only__d0__w24,1,111
3_eligibility_only,3_eligibility_only__d0__w24,2,34
3_eligibility_only,3_eligibility_only__d0__w24,3,30
3_eligibility_only,3_eligibility_only__d0__w24,4,28
3_eligibility_only,3_eligibility_only__d0__w24,5,26
3_eligibility_only,3_eligibility_only__d0__w24,6,31
3_eligibility_only,3_eligibility_only__d0__w24,7,35
3_eligibility_only,3_eligibility_only__d0__w24,8,45
3_eligibility_only,3_eligibility_only__d0__w24,9,52
3_eligibility_only,3_eligibility_only__d0__w24,10,61
3_eligibility_only,3_eligibility_only__d0__w24,11,64
3_eligibility_only,3_eligibility_only__d0__w24,12,50
3_eligibility_only,3_eligibility_only__d0__w24,13,60
3_eligibility_only,3_eligibility_only__d0__w24,14,82
3_eligibility_only,3_eligibility_only__d0__w24,15,83
3_eligibility_only,3_eligibility_only__d0__w24,16,93
3_eligibility_only,3_eligibility_only__d0__w24,17,94
3_eligibility_only,3_eligibility_only__d0__w24,18,76
3_eligibility_only,3_eligibility_only__d0__w24,19,84
3_eligibility_only,3_eligibility_only__d0__w24,20,88
3_eligibility_only,3_eligibility_only__d0__w24,21,83
3_eligibility_only,3_eligibility_only__d0__w24,22,84
3_eligibility_only,3_eligibility_only__d0__w24,23,76
3_eligibility_only,3_eligibility_only__d0__w24,24,62
3_eligibility_only,3_eligibility_only__d0__w24,25,65
3_eligibility_only,3_eligibility_only__d0__w24,26,471
3_eligibility_only,3_eligibility_only__d0__w24,27,32
3_eligibility_only,3_eligibility_only__d0__w24,28,45
3_eligibility_only,3_eligibility_only__d0__w24,29,27
3_eligibility_only,3_eligibility_only__d0__w24,30,36
3_eligibility_only,3_eligibility_only__d0__w24,31,40
3_eligibility_only,3_eligibility_only__d0__w24,32,63
3_eligibility_only,3_eligibility_only__d0__w24,33,52
3_eligibility_only,3_eligibility_only__d0__w24,34,53
3_eligibility_only,3_eligibility_only__d0__w24,35,56
3_eligibility_only,3_eligibility_only__d0__w24,36,202
3_eligibility_only,3_eligibility_only__d0__w24,37,69
3_eligibility_only,3_eligibility_only__d0__w24,38,88
3_eligibility_only,3_eligibility_only__d0__w24,39,87
3_eligibility_only,3_eligibility_only__d0__w24,40,87
3_eligibility_only,3_eligibility_only__d0__w24,41,99
3_eligibility_only,3_eligibility_only__d0__w24,42,102
3_eligibility_only,3_eligibility_only__d0__w24,43,96
3_eligibility_only,3_eligibility_only__d0__w24,44,111
3_eligibility_only,3_eligibility_only__d0__w24,45,111
3_eligibility_only,3_eligibility_only__d0__w24,46,83
3_eligibility_only,3_eligibility_only__d0__w24,47,87
3_eligibility_only,3_eligibility_only__d0__w24,48,60
3_eligibility_only,3_eligibility_only__d0__w24,49,51
3_eligibility_only,3_eligibility_only__d0__w24,50,261
3_eligibility_only,3_eligibility_only__d0__w24,51,40
3_eligibility_only,3_eligibility_only__d0__w24,52,31
3_eligibility_only,3_eligibility_only__d0__w24,53,35
3_eligibility_only,3_eligibility_only__d0__w24,54,38
3_eligibility_only,3_eligibility_only__d0__w24,55,47
3_eligibility_only,3_eligibility_only__d0__w24,56,46
3_eligibility_only,3_eligibility_only__d0__w24,57,45
3_eligibility_only,3_eligibility_only__d0__w24,58,48
3_eligibility_only,3_eligibility_only__d0__w24,59,50
3_eligibility_only,3_eligibility_only__d0__w24,60,61
3_eligibility_only,3_eligibility_only__d0__w24,61,61
3_eligibility_only,3_eligibility_only__d0__w24,62,62
3_eligibility_only,3_eligibility_only__d0__w24,63,78
3_eligibility_only,3_eligibility_only__d0__w24,64,90
3_eligibility_only,3_eligibility_only__d0__w24,65,107
3_eligibility_only,3_eligibility_only__d0__w24,66,102
3_eligibility_only,3_eligibility_only__d0__w24,67,102
3_eligibility_only,3_eligibility_only__d0__w24,68,93
3_eligibility_only,3_eligibility_only__d0__w24,69,94
3_eligibility_only,3_eligibility_only__d0__w24,70,103
3_eligibility_only,3_eligibility_only__d0__w24,71,98
3_eligibility_only,3_eligibility_only__d0__w24,72,90
3_eligibility_only,3_eligibility_only__d0__w24,73,64
3_eligibility_only,3_eligibility_only__d0__w24,74,491
3_eligibility_only,3_eligibility_only__d0__w24,75,33
3_eligibility_only,3_eligibility_only__d0__w24,76,39
3_eligibility_only,3_eligibility_only__d0__w24,77,36
3_eligibility_only,3_eligibility_only__d0__w24,78,47
3_eligibility_only,3_eligibility_only__d0__w24,79,38
3_eligibility_only,3_eligibility_only__d0__w24,80,53
3_eligibility_only,3_eligibility_only__d0__w24,81,48
3_eligibility_only,3_eligibility_only__d0__w24,82,47
3_eligibility_only,3_eligibility_only__d0__w24,83,55
3_eligibility_only,3_eligibility_only__d0__w24,84,68
3_eligibility_only,3_eligibility_only__d0__w24,85,81
3_eligibility_only,3_eligibility_only__d0__w24,86,69
3_eligibility_only,3_eligibility_only__d0__w24,87,85
3_eligibility_only,3_eligibility_only__d0__w24,88,97
3_eligibility_only,3_eligibility_only__d0__w24,89,100
3_eligibility_only,3_eligibility_only__d0__w24,90,92
3_eligibility_only,3_eligibility_only__d0__w24,91,100
3_eligibility_only,3_eligibility_only__d0__w24,92,88
3_eligibility_only,3_eligibility_only__d0__w24,93,102
3_eligibility_only,3_eligibility_only__d0__w24,94,102
3_eligibility_only,3_eligibility_only__d0__w24,95,134
3_eligibility_only,3_eligibility_only__d0__w24,96,52
3_eligibility_only,3_eligibility_only__d0__w24,97,71
3_eligibility_only,3_eligibility_only__d0__w24,98,522
3_eligibility_only,3_eligibility_only__d0__w24,99,30
3_eligibility_only,3_eligibility_only__d0__w24,100,23
3_eligibility_only,3_eligibility_only__d0__w24,101,33
3_eligibility_only,3_eligibility_only__d0__w24,102,40
3_eligibility_only,3_eligibility_only__d0__w24,103,40
3_eligibility_only,3_eligibility_only__d0__w24,104,44
3_eligibility_only,3_eligibility_only__d0__w24,105,54
3_eligibility_only,3_eligibility_only__d0__w24,106,59
3_eligibility_only,3_eligibility_only__d0__w24,107,56
3_eligibility_only,3_eligibility_only__d0__w24,108,50
3_eligibility_only,3_eligibility_only__d0__w24,109,72
3_eligibility_only,3_eligibility_only__d0__w24,110,84
3_eligibility_only,3_eligibility_only__d0__w24,111,106
3_eligibility_only,3_eligibility_only__d0__w24,112,95
3_eligibility_only,3_eligibility_only__d0__w24,113,110
3_eligibility_only,3_eligibility_only__d0__w24,114,103
3_eligibility_only,3_eligibility_only__d0__w24,115,91
3_eligibility_only,3_eligibility_only__d0__w24,116,91
3_eligibility_only,3_eligibility_only__d0__w24,117,103
3_eligibility_only,3_eligibility_only__d0__w24,118,105
3_eligibility_only,3_eligibility_only__d0__w24,119,73
3_eligibility_only,3_eligibility_only__d0__w24,120,60
3_eligibility_only,3_eligibility_only__d0__w24,121,74
3_eligibility_only,3_eligibility_only__d0__w24,122,41
3_eligibility_only,3_eligibility_only__d0__w24,123,119
3_eligibility_only,3_eligibility_only__d0__w24,124,17
3_eligibility_only,3_eligibility_only__d0__w24,125,26
3_eligibility_only,3_eligibility_only__d0__w24,126,14
3_eligibility_only,3_eligibility_only__d0__w24,127,18
3_eligibility_only,3_eligibility_only__d0__w24,128,12
3_eligibility_only,3_eligibility_only__d0__w24,129,21
3_eligibility_only,3_eligibility_only__d0__w24,130,55
3_eligibility_only,3_eligibility_only__d0__w24,131,39
3_eligibility_only,3_eligibility_only__d0__w24,132,322
3_eligibility_only,3_eligibility_only__d0__w24,133,41
3_eligibility_only,3_eligibility_only__d0__w24,134,29
3_eligibility_only,3_eligibility_only__d0__w24,135,50
3_eligibility_only,3_eligibility_only__d0__w24,136,36
3_eligibility_only,3_eligibility_only__d0__w24,137,45
3_eligibility_only,3_eligibility_only__d0__w24,138,33
3_eligibility_only,3_eligibility_only__d0__w24,139,30
3_eligibility_only,3_eligibility_only__d0__w24,140,44
3_eligibility_only,3_eligibility_only__d0__w24,141,43
3_eligibility_only,3_eligibility_only__d0__w24,142,48
3_eligibility_only,3_eligibility_only__d0__w24,143,38
3_eligibility_only,3_eligibility_only__d0__w24,144,32
3_eligibility_only,3_eligibility_only__d0__w24,145,34
3_eligibility_only,3_eligibility_only__d0__w24,146,31
3_eligibility_only,3_eligibility_only__d0__w24,147,48
3_eligibility_only,3_eligibility_only__d0__w24,148,22
3_eligibility_only,3_eligibility_only__d0__w24,149,25
3_eligibility_only,3_eligibility_only__d0__w24,150,23
3_eligibility_only,3_eligibility_only__d0__w24,151,13
3_eligibility_only,3_eligibility_only__d0__w24,152,13
3_eligibility_only,3_eligibility_only__d0__w24,153,34
3_eligibility_only,3_eligibility_only__d0__w24,154,23
3_eligibility_only,3_eligibility_only__d0__w24,155,185
3_eligibility_only,3_eligibility_only__d0__w24,156,34
3_eligibility_only,3_eligibility_only__d0__w24,157,43
3_eligibility_only,3_eligibility_only__d0__w24,158,28
3_eligibility_only,3_eligibility_only__d0__w24,159,26
3_eligibility_only,3_eligibility_only__d0__w24,160,30
3_eligibility_only,3_eligibility_only__d0__w24,161,54
3_eligibility_only,3_eligibility_only__d0__w24,162,45
3_eligibility_only,3_eligibility_only__d0__w24,163,50
3_eligibility_only,3_eligibility_only__d0__w24,164,45
3_eligibility_only,3_eligibility_only__d0__w24,165,34
3_eligibility_only,3_eligibility_only__d0__w24,166,54
3_eligibility_only,3_eligibility_only__d0__w24,167,34
4a_duration_estimator,4a_duration_estimator__d0__w6,0,22
4a_duration_estimator,4a_duration_estimator__d0__w6,1,81
4a_duration_estimator,4a_duration_estimator__d0__w6,2,34
4a_duration_estimator,4a_duration_estimator__d0__w6,3,30
4a_duration_estimator,4a_duration_estimator__d0__w6,4,34
4a_duration_estimator,4a_duration_estimator__d0__w6,5,26
4a_duration_estimator,4a_duration_estimator__d0__w6,6,31
4a_duration_estimator,4a_duration_estimator__d0__w6,7,35
4a_duration_estimator,4a_duration_estimator__d0__w6,8,45
4a_duration_estimator,4a_duration_estimator__d0__w6,9,52
4a_duration_estimator,4a_duration_estimator__d0__w6,10,61
4a_duration_estimator,4a_duration_estimator__d0__w6,11,75
4a_duration_estimator,4a_duration_estimator__d0__w6,12,178
4a_duration_estimator,4a_duration_estimator__d0__w6,13,90
4a_duration_estimator,4a_duration_estimator__d0__w6,14,104
4a_duration_estimator,4a_duration_estimator__d0__w6,15,83
4a_duration_estimator,4a_duration_estimator__d0__w6,16,93
4a_duration_estimator,4a_duration_estimator__d0__w6,17,94
4a_duration_estimator,4a_duration_estimator__d0__w6,18,76
4a_duration_estimator,4a_duration_estimator__d0__w6,19,84
4a_duration_estimator,4a_duration_estimator__d0__w6,20,88
4a_duration_estimator,4a_duration_estimator__d0__w6,21,107
4a_duration_estimator,4a_duration_estimator__d0__w6,22,109
4a_duration_estimator,4a_duration_estimator__d0__w6,23,99
4a_duration_estimator,4a_duration_estimator__d0__w6,24,80
4a_duration_estimator,4a_duration_estimator__d0__w6,25,88
4a_duration_estimator,4a_duration_estimator__d0__w6,26,161
4a_duration_estimator,4a_duration_estimator__d0__w6,27,32
4a_duration_estimator,4a_duration_estimator__d0__w6,28,45
4a_duration_estimator,4a_duration_estimator__d0__w6,29,27
4a_duration_estimator,4a_duration_estimator__d0__w6,30,36
4a_duration_estimator,4a_duration_estimator__d0__w6,31,40
4a_duration_estimator,4a_duration_estimator__d0__w6,32,63
4a_duration_estimator,4a_duration_estimator__d0__w6,33,52
4a_duration_estimator,4a_duration_estimator__d0__w6,34,53
4a_duration_estimator,4a_duration_estimator__d0__w6,35,67
4a_duration_estimator,4a_duration_estimator__d0__w6,36,191
4a_duration_estimator,4a_duration_estimator__d0__w6,37,92
4a_duration_estimator,4a_duration_estimator__d0__w6,38,113
4a_duration_estimator,4a_duration_estimator__d0__w6,39,87
4a_duration_estimator,4a_duration_estimator__d0__w6,40,87
4a_duration_estimator,4a_duration_estimator__d0__w6,41,99
4a_duration_estimator,4a_duration_estimator__d0__w6,42,102
4a_duration_estimator,4a_duration_estimator__d0__w6,43,96
4a_duration_estimator,4a_duration_estimator__d0__w6,44,111
4a_duration_estimator,4a_duration_estimator__d0__w6,45,137
4a_duration_estimator,4a_duration_estimator__d0__w6,46,111
4a_duration_estimator,4a_duration_estimator__d0__w6,47,133
4a_duration_estimator,4a_duration_estimator__d0__w6,48,60
4a_duration_estimator,4a_duration_estimator__d0__w6,49,79
4a_duration_estimator,4a_duration_estimator__d0__w6,50,179
4a_duration_estimator,4a_duration_estimator__d0__w6,51,47
4a_duration_estimator,4a_duration_estimator__d0__w6,52,31
4a_duration_estimator,4a_duration_estimator__d0__w6,53,35
4a_duration_estimator,4a_duration_estimator__d0__w6,54,38
4a_duration_estimator,4a_duration_estimator__d0__w6,55,47
4a_duration_estimator,4a_duration_estimator__d0__w6,56,46
4a_duration_estimator,4a_duration_estimator__d0__w6,57,45
4a_duration_estimator,4a_duration_estimator__d0__w6,58,56
4a_duration_estimator,4a_duration_estimator__d0__w6,59,61
4a_duration_estimator,4a_duration_estimator__d0__w6,60,196
4a_duration_estimator,4a_duration_estimator__d0__w6,61,82
4a_duration_estimator,4a_duration_estimator__d0__w6,62,90
4a_duration_estimator,4a_duration_estimator__d0__w6,63,78
4a_duration_estimator,4a_duration_estimator__d0__w6,64,90
4a_duration_estimator,4a_duration_estimator__d0__w6,65,107
4a_duration_estimator,4a_duration_estimator__d0__w6,66,102
4a_duration_estimator,4a_duration_estimator__d0__w6,67,102
4a_duration_estimator,4a_duration_estimator__d0__w6,68,93
4a_duration_estimator,4a_duration_estimator__d0__w6,69,123
4a_duration_estimator,4a_duration_estimator__d0__w6,70,104
4a_duration_estimator,4a_duration_estimator__d0__w6,71,101
4a_duration_estimator,4a_duration_estimator__d0__w6,72,96
4a_duration_estimator,4a_duration_estimator__d0__w6,73,83
4a_duration_estimator,4a_duration_estimator__d0__w6,74,204
4a_duration_estimator,4a_duration_estimator__d0__w6,75,38
4a_duration_estimator,4a_duration_estimator__d0__w6,76,39
4a_duration_estimator,4a_duration_estimator__d0__w6,77,36
4a_duration_estimator,4a_duration_estimator__d0__w6,78,47
4a_duration_estimator,4a_duration_estimator__d0__w6,79,38
4a_duration_estimator,4a_duration_estimator__d0__w6,80,53
4a_duration_estimator,4a_duration_estimator__d0__w6,81,48
4a_duration_estimator,4a_duration_estimator__d0__w6,82,57
4a_duration_estimator,4a_duration_estimator__d0__w6,83,70
4a_duration_estimator,4a_duration_estimator__d0__w6,84,213
4a_duration_estimator,4a_duration_estimator__d0__w6,85,102
4a_duration_estimator,4a_duration_estimator__d0__w6,86,109
4a_duration_estimator,4a_duration_estimator__d0__w6,87,85
4a_duration_estimator,4a_duration_estimator__d0__w6,88,97
4a_duration_estimator,4a_duration_estimator__d0__w6,89,100
4a_duration_estimator,4a_duration_estimator__d0__w6,90,92
4a_duration_estimator,4a_duration_estimator__d0__w6,91,100
4a_duration_estimator,4a_duration_estimator__d0__w6,92,88
4a_duration_estimator,4a_duration_estimator__d0__w6,93,123
4a_duration_estimator,4a_duration_estimator__d0__w6,94,127
4a_duration_estimator,4a_duration_estimator__d0__w6,95,135
4a_duration_estimator,4a_duration_estimator__d0__w6,96,52
4a_duration_estimator,4a_duration_estimator__d0__w6,97,75
4a_duration_estimator,4a_duration_estimator__d0__w6,98,181
4a_duration_estimator,4a_duration_estimator__d0__w6,99,37
4a_duration_estimator,4a_duration_estimator__d0__w6,100,23
4a_duration_estimator,4a_duration_estimator__d0__w6,101,33
4a_duration_estimator,4a_duration_estimator__d0__w6,102,40
4a_duration_estimator,4a_duration_estimator__d0__w6,103,40
4a_duration_estimator,4a_duration_estimator__d0__w6,104,44
4a_duration_estimator,4a_duration_estimator__d0__w6,105,54
4a_duration_estimator,4a_duration_estimator__d0__w6,106,66
4a_duration_estimator,4a_duration_estimator__d0__w6,107,65
4a_duration_estimator,4a_duration_estimator__d0__w6,108,186
4a_duration_estimator,4a_duration_estimator__d0__w6,109,97
4a_duration_estimator,4a_duration_estimator__d0__w6,110,110
4a_duration_estimator,4a_duration_estimator__d0__w6,111,129
4a_duration_estimator,4a_duration_estimator__d0__w6,112,95
4a_duration_estimator,4a_duration_estimator__d0__w6,113,110
4a_duration_estimator,4a_duration_estimator__d0__w6,114,103
4a_duration_estimator,4a_duration_estimator__d0__w6,115,91
4a_duration_estimator,4a_duration_estimator__d0__w6,116,91
4a_duration_estimator,4a_duration_estimator__d0__w6,117,103
4a_duration_estimator,4a_duration_estimator__d0__w6,118,138
4a_duration_estimator,4a_duration_estimator__d0__w6,119,88
4a_duration_estimator,4a_duration_estimator__d0__w6,120,85
4a_duration_estimator,4a_duration_estimator__d0__w6,121,85
4a_duration_estimator,4a_duration_estimator__d0__w6,122,57
4a_duration_estimator,4a_duration_estimator__d0__w6,123,121
4a_duration_estimator,4a_duration_estimator__d0__w6,124,17
4a_duration_estimator,4a_duration_estimator__d0__w6,125,26
4a_duration_estimator,4a_duration_estimator__d0__w6,126,14
4a_duration_estimator,4a_duration_estimator__d0__w6,127,18
4a_duration_estimator,4a_duration_estimator__d0__w6,128,12
4a_duration_estimator,4a_duration_estimator__d0__w6,129,21
4a_duration_estimator,4a_duration_estimator__d0__w6,130,42
4a_duration_estimator,4a_duration_estimator__d0__w6,131,23
4a_duration_estimator,4a_duration_estimator__d0__w6,132,63
4a_duration_estimator,4a_duration_estimator__d0__w6,133,45
4a_duration_estimator,4a_duration_estimator__d0__w6,134,34
4a_duration_estimator,4a_duration_estimator__d0__w6,135,56
4a_duration_estimator,4a_duration_estimator__d0__w6,136,36
4a_duration_estimator,4a_duration_estimator__d0__w6,137,45
4a_duration_estimator,4a_duration_estimator__d0__w6,138,33
4a_duration_estimator,4a_duration_estimator__d0__w6,139,30
4a_duration_estimator,4a_duration_estimator__d0__w6,140,44
4a_duration_estimator,4a_duration_estimator__d0__w6,141,43
4a_duration_estimator,4a_duration_estimator__d0__w6,142,54
4a_duration_estimator,4a_duration_estimator__d0__w6,143,56
4a_duration_estimator,4a_duration_estimator__d0__w6,144,32
4a_duration_estimator,4a_duration_estimator__d0__w6,145,30
4a_duration_estimator,4a_duration_estimator__d0__w6,146,31
4a_duration_estimator,4a_duration_estimator__d0__w6,147,69
4a_duration_estimator,4a_duration_estimator__d0__w6,148,22
4a_duration_estimator,4a_duration_estimator__d0__w6,149,25
4a_duration_estimator,4a_duration_estimator__d0__w6,150,23
4a_duration_estimator,4a_duration_estimator__d0__w6,151,13
4a_duration_estimator,4a_duration_estimator__d0__w6,152,13
4a_duration_estimator,4a_duration_estimator__d0__w6,153,27
4a_duration_estimator,4a_duration_estimator__d0__w6,154,22
4a_duration_estimator,4a_duration_estimator__d0__w6,155,69
4a_duration_estimator,4a_duration_estimator__d0__w6,156,34
4a_duration_estimator,4a_duration_estimator__d0__w6,157,43
4a_duration_estimator,4a_duration_estimator__d0__w6,158,38
4a_duration_estimator,4a_duration_estimator__d0__w6,159,29
4a_duration_estimator,4a_duration_estimator__d0__w6,160,30
4a_duration_estimator,4a_duration_estimator__d0__w6,161,54
4a_duration_estimator,4a_duration_estimator__d0__w6,162,45
4a_duration_estimator,4a_duration_estimator__d0__w6,163,50
4a_duration_estimator,4a_duration_estimator__d0__w6,164,45
4a_duration_estimator,4a_duration_estimator__d0__w6,165,34
4a_duration_estimator,4a_duration_estimator__d0__w6,166,59
4a_duration_estimator,4a_duration_estimator__d0__w6,167,46
4a_duration_estimator,4a_duration_estimator__d60__w6,0,23
4a_duration_estimator,4a_duration_estimator__d60__w6,1,79
4a_duration_estimator,4a_duration_estimator__d60__w6,2,34
4a_duration_estimator,4a_duration_estimator__d60__w6,3,30
4a_duration_estimator,4a_duration_estimator__d60__w6,4,34
4a_duration_estimator,4a_duration_estimator__d60__w6,5,27
4a_duration_estimator,4a_duration_estimator__d60__w6,6,32
4a_duration_estimator,4a_duration_estimator__d60__w6,7,38
4a_duration_estimator,4a_duration_estimator__d60__w6,8,47
4a_duration_estimator,4a_duration_estimator__d60__w6,9,53
4a_duration_estimator,4a_duration_estimator__d60__w6,10,62
4a_duration_estimator,4a_duration_estimator__d60__w6,11,75
4a_duration_estimator,4a_duration_estimator__d60__w6,12,169
4a_duration_estimator,4a_duration_estimator__d60__w6,13,90
4a_duration_estimator,4a_duration_estimator__d60__w6,14,104
4a_duration_estimator,4a_duration_estimator__d60__w6,15,83
4a_duration_estimator,4a_duration_estimator__d60__w6,16,93
4a_duration_estimator,4a_duration_estimator__d60__w6,17,94
4a_duration_estimator,4a_duration_estimator__d60__w6,18,76
4a_duration_estimator,4a_duration_estimator__d60__w6,19,86
4a_duration_estimator,4a_duration_estimator__d60__w6,20,88
4a_duration_estimator,4a_duration_estimator__d60__w6,21,107
4a_duration_estimator,4a_duration_estimator__d60__w6,22,109
4a_duration_estimator,4a_duration_estimator__d60__w6,23,99
4a_duration_estimator,4a_duration_estimator__d60__w6,24,81
4a_duration_estimator,4a_duration_estimator__d60__w6,25,86
4a_duration_estimator,4a_duration_estimator__d60__w6,26,160
4a_duration_estimator,4a_duration_estimator__d60__w6,27,32
4a_duration_estimator,4a_duration_estimator__d60__w6,28,45
4a_duration_estimator,4a_duration_estimator__d60__w6,29,27
4a_duration_estimator,4a_duration_estimator__d60__w6,30,38
4a_duration_estimator,4a_duration_estimator__d60__w6,31,40
4a_duration_estimator,4a_duration_estimator__d60__w6,32,63
4a_duration_estimator,4a_duration_estimator__d60__w6,33,54
4a_duration_estimator,4a_duration_estimator__d60__w6,34,53
4a_duration_estimator,4a_duration_estimator__d60__w6,35,68
4a_duration_estimator,4a_duration_estimator__d60__w6,36,186
4a_duration_estimator,4a_duration_estimator__d60__w6,37,92
4a_duration_estimator,4a_duration_estimator__d60__w6,38,113
4a_duration_estimator,4a_duration_estimator__d60__w6,39,87
4a_duration_estimator,4a_duration_estimator__d60__w6,40,87
4a_duration_estimator,4a_duration_estimator__d60__w6,41,99
4a_duration_estimator,4a_duration_estimator__d60__w6,42,102
4a_duration_estimator,4a_duration_estimator__d60__w6,43,96
4a_duration_estimator,4a_duration_estimator__d60__w6,44,111
4a_duration_estimator,4a_duration_estimator__d60__w6,45,138
4a_duration_estimator,4a_duration_estimator__d60__w6,46,111
4a_duration_estimator,4a_duration_estimator__d60__w6,47,133
4a_duration_estimator,4a_duration_estimator__d60__w6,48,60
4a_duration_estimator,4a_duration_estimator__d60__w6,49,81
4a_duration_estimator,4a_duration_estimator__d60__w6,50,176
4a_duration_estimator,4a_duration_estimator__d60__w6,51,47
4a_duration_estimator,4a_duration_estimator__d60__w6,52,32
4a_duration_estimator,4a_duration_estimator__d60__w6,53,36
4a_duration_estimator,4a_duration_estimator__d60__w6,54,39
4a_duration_estimator,4a_duration_estimator__d60__w6,55,50
4a_duration_estimator,4a_duration_estimator__d60__w6,56,47
4a_duration_estimator,4a_duration_estimator__d60__w6,57,46
4a_duration_estimator,4a_duration_estimator__d60__w6,58,56
4a_duration_estimator,4a_duration_estimator__d60__w6,59,61
4a_duration_estimator,4a_duration_estimator__d60__w6,60,188
4a_duration_estimator,4a_duration_estimator__d60__w6,61,82
4a_duration_estimator,4a_duration_estimator__d60__w6,62,90
4a_duration_estimator,4a_duration_estimator__d60__w6,63,78
4a_duration_estimator,4a_duration_estimator__d60__w6,64,90
4a_duration_estimator,4a_duration_estimator__d60__w6,65,107
4a_duration_estimator,4a_duration_estimator__d60__w6,66,102
4a_duration_estimator,4a_duration_estimator__d60__w6,67,102
4a_duration_estimator,4a_duration_estimator__d60__w6,68,93
4a_duration_estimator,4a_duration_estimator__d60__w6,69,123
4a_duration_estimator,4a_duration_estimator__d60__w6,70,104
4a_duration_estimator,4a_duration_estimator__d60__w6,71,102
4a_duration_estimator,4a_duration_estimator__d60__w6,72,96
4a_duration_estimator,4a_duration_estimator__d60__w6,73,84
4a_duration_estimator,4a_duration_estimator__d60__w6,74,202
4a_duration_estimator,4a_duration_estimator__d60__w6,75,38
4a_duration_estimator,4a_duration_estimator__d60__w6,76,40
4a_duration_estimator,4a_duration_estimator__d60__w6,77,37
4a_duration_estimator,4a_duration_estimator__d60__w6,78,48
4a_duration_estimator,4a_duration_estimator__d60__w6,79,39
4a_duration_estimator,4a_duration_estimator__d60__w6,80,53
4a_duration_estimator,4a_duration_estimator__d60__w6,81,50
4a_duration_estimator,4a_duration_estimator__d60__w6,82,56
4a_duration_estimator,4a_duration_estimator__d60__w6,83,69
4a_duration_estimator,4a_duration_estimator__d60__w6,84,209
4a_duration_estimator,4a_duration_estimator__d60__w6,85,102
4a_duration_estimator,4a_duration_estimator__d60__w6,86,109
4a_duration_estimator,4a_duration_estimator__d60__w6,87,85
4a_duration_estimator,4a_duration_estimator__d60__w6,88,98
4a_duration_estimator,4a_duration_estimator__d60__w6,89,100
4a_duration_estimator,4a_duration_estimator__d60__w6,90,92
4a_duration_estimator,4a_duration_estimator__d60__w6,91,100
4a_duration_estimator,4a_duration_estimator__d60__w6,92,88
4a_duration_estimator,4a_duration_estimator__d60__w6,93,123
4a_duration_estimator,4a_duration_estimator__d60__w6,94,126
4a_duration_estimator,4a_duration_estimator__d60__w6,95,135
4a_duration_estimator,4a_duration_estimator__d60__w6,96,52
4a_duration_estimator,4a_duration_estimator__d60__w6,97,77
4a_duration_estimator,4a_duration_estimator__d60__w6,98,179
4a_duration_estimator,4a_duration_estimator__d60__w6,99,37
4a_duration_estimator,4a_duration_estimator__d60__w6,100,24
4a_duration_estimator,4a_duration_estimator__d60__w6,101,35
4a_duration_estimator,4a_duration_estimator__d60__w6,102,42
4a_duration_estimator,4a_duration_estimator__d60__w6,103,40
4a_duration_estimator,4a_duration_estimator__d60__w6,104,45
4a_duration_estimator,4a_duration_estimator__d60__w6,105,55
4a_duration_estimator,4a_duration_estimator__d60__w6,106,66
4a_duration_estimator,4a_duration_estimator__d60__w6,107,63
4a_duration_estimator,4a_duration_estimator__d60__w6,108,181
4a_duration_estimator,4a_duration_estimator__d60__w6,109,97
4a_duration_estimator,4a_duration_estimator__d60__w6,110,110
4a_duration_estimator,4a_duration_estimator__d60__w6,111,129
4a_duration_estimator,4a_duration_estimator__d60__w6,112,97
4a_duration_estimator,4a_duration_estimator__d60__w6,113,110
4a_duration_estimator,4a_duration_estimator__d60__w6,114,103
4a_duration_estimator,4a_duration_estimator__d60__w6,115,91
4a_duration_estimator,4a_duration_estimator__d60__w6,116,91
4a_duration_estimator,4a_duration_estimator__d60__w6,117,103
4a_duration_estimator,4a_duration_estimator__d60__w6,118,137
4a_duration_estimator,4a_duration_estimator__d60__w6,119,88
4a_duration_estimator,4a_duration_estimator__d60__w6,120,86
4a_duration_estimator,4a_duration_estimator__d60__w6,121,85
4a_duration_estimator,4a_duration_estimator__d60__w6,122,57
4a_duration_estimator,4a_duration_estimator__d60__w6,123,119
4a_duration_estimator,4a_duration_estimator__d60__w6,124,17
4a_duration_estimator,4a_duration_estimator__d60__w6,125,27
4a_duration_estimator,4a_duration_estimator__d60__w6,126,14
4a_duration_estimator,4a_duration_estimator__d60__w6,127,18
4a_duration_estimator,4a_duration_estimator__d60__w6,128,12
4a_duration_estimator,4a_duration_estimator__d60__w6,129,22
4a_duration_estimator,4a_duration_estimator__d60__w6,130,42
4a_duration_estimator,4a_duration_estimator__d60__w6,131,22
4a_duration_estimator,4a_duration_estimator__d60__w6,132,62
4a_duration_estimator,4a_duration_estimator__d60__w6,133,45
4a_duration_estimator,4a_duration_estimator__d60__w6,134,34
4a_duration_estimator,4a_duration_estimator__d60__w6,135,56
4a_duration_estimator,4a_duration_estimator__d60__w6,136,37
4a_duration_estimator,4a_duration_estimator__d60__w6,137,45
4a_duration_estimator,4a_duration_estimator__d60__w6,138,33
4a_duration_estimator,4a_duration_estimator__d60__w6,139,30
4a_duration_estimator,4a_duration_estimator__d60__w6,140,44
4a_duration_estimator,4a_duration_estimator__d60__w6,141,43
4a_duration_estimator,4a_duration_estimator__d60__w6,142,53
4a_duration_estimator,4a_duration_estimator__d60__w6,143,56
4a_duration_estimator,4a_duration_estimator__d60__w6,144,32
4a_duration_estimator,4a_duration_estimator__d60__w6,145,30
4a_duration_estimator,4a_duration_estimator__d60__w6,146,32
4a_duration_estimator,4a_duration_estimator__d60__w6,147,68
4a_duration_estimator,4a_duration_estimator__d60__w6,148,22
4a_duration_estimator,4a_duration_estimator__d60__w6,149,26
4a_duration_estimator,4a_duration_estimator__d60__w6,150,24
4a_duration_estimator,4a_duration_estimator__d60__w6,151,13
4a_duration_estimator,4a_duration_estimator__d60__w6,152,13
4a_duration_estimator,4a_duration_estimator__d60__w6,153,27
4a_duration_estimator,4a_duration_estimator__d60__w6,154,22
4a_duration_estimator,4a_duration_estimator__d60__w6,155,67
4a_duration_estimator,4a_duration_estimator__d60__w6,156,34
4a_duration_estimator,4a_duration_estimator__d60__w6,157,43
4a_duration_estimator,4a_duration_estimator__d60__w6,158,38
4a_duration_estimator,4a_duration_estimator__d60__w6,159,29
4a_duration_estimator,4a_duration_estimator__d60__w6,160,31
4a_duration_estimator,4a_duration_estimator__d60__w6,161,54
4a_duration_estimator,4a_duration_estimator__d60__w6,162,45
4a_duration_estimator,4a_duration_estimator__d60__w6,163,51
4a_duration_estimator,4a_duration_estimator__d60__w6,164,45
4a_duration_estimator,4a_duration_estimator__d60__w6,165,34
4a_duration_estimator,4a_duration_estimator__d60__w6,166,58
4a_duration_estimator,4a_duration_estimator__d60__w6,167,46
4a_duration_estimator,4a_duration_estimator__d120__w6,0,23
4a_duration_estimator,4a_duration_estimator__d120__w6,1,78
4a_duration_estimator,4a_duration_estimator__d120__w6,2,34
4a_duration_estimator,4a_duration_estimator__d120__w6,3,30
4a_duration_estimator,4a_duration_estimator__d120__w6,4,34
4a_duration_estimator,4a_duration_estimator__d120__w6,5,27
4a_duration_estimator,4a_duration_estimator__d120__w6,6,32
4a_duration_estimator,4a_duration_estimator__d120__w6,7,39
4a_duration_estimator,4a_duration_estimator__d120__w6,8,47
4a_duration_estimator,4a_duration_estimator__d120__w6,9,53
4a_duration_estimator,4a_duration_estimator__d120__w6,10,63
4a_duration_estimator,4a_duration_estimator__d120__w6,11,75
4a_duration_estimator,4a_duration_estimator__d120__w6,12,167
4a_duration_estimator,4a_duration_estimator__d120__w6,13,90
4a_duration_estimator,4a_duration_estimator__d120__w6,14,104
4a_duration_estimator,4a_duration_estimator__d120__w6,15,83
4a_duration_estimator,4a_duration_estimator__d120__w6,16,93
4a_duration_estimator,4a_duration_estimator__d120__w6,17,95
4a_duration_estimator,4a_duration_estimator__d120__w6,18,76
4a_duration_estimator,4a_duration_estimator__d120__w6,19,86
4a_duration_estimator,4a_duration_estimator__d120__w6,20,88
4a_duration_estimator,4a_duration_estimator__d120__w6,21,107
4a_duration_estimator,4a_duration_estimator__d120__w6,22,109
4a_duration_estimator,4a_duration_estimator__d120__w6,23,98
4a_duration_estimator,4a_duration_estimator__d120__w6,24,81
4a_duration_estimator,4a_duration_estimator__d120__w6,25,88
4a_duration_estimator,4a_duration_estimator__d120__w6,26,158
4a_duration_estimator,4a_duration_estimator__d120__w6,27,32
4a_duration_estimator,4a_duration_estimator__d120__w6,28,45
4a_duration_estimator,4a_duration_estimator__d120__w6,29,28
4a_duration_estimator,4a_duration_estimator__d120__w6,30,40
4a_duration_estimator,4a_duration_estimator__d120__w6,31,40
4a_duration_estimator,4a_duration_estimator__d120__w6,32,64
4a_duration_estimator,4a_duration_estimator__d120__w6,33,54
4a_duration_estimator,4a_duration_estimator__d120__w6,34,54
4a_duration_estimator,4a_duration_estimator__d120__w6,35,69
4a_duration_estimator,4a_duration_estimator__d120__w6,36,180
4a_duration_estimator,4a_duration_estimator__d120__w6,37,92
4a_duration_estimator,4a_duration_estimator__d120__w6,38,113
4a_duration_estimator,4a_duration_estimator__d120__w6,39,88
4a_duration_estimator,4a_duration_estimator__d120__w6,40,87
4a_duration_estimator,4a_duration_estimator__d120__w6,41,100
4a_duration_estimator,4a_duration_estimator__d120__w6,42,102
4a_duration_estimator,4a_duration_estimator__d120__w6,43,97
4a_duration_estimator,4a_duration_estimator__d120__w6,44,111
4a_duration_estimator,4a_duration_estimator__d120__w6,45,137
4a_duration_estimator,4a_duration_estimator__d120__w6,46,112
4a_duration_estimator,4a_duration_estimator__d120__w6,47,133
4a_duration_estimator,4a_duration_estimator__d120__w6,48,60
4a_duration_estimator,4a_duration_estimator__d120__w6,49,80
4a_duration_estimator,4a_duration_estimator__d120__w6,50,174
4a_duration_estimator,4a_duration_estimator__d120__w6,51,47
4a_duration_estimator,4a_duration_estimator__d120__w6,52,34
4a_duration_estimator,4a_duration_estimator__d120__w6,53,36
4a_duration_estimator,4a_duration_estimator__d120__w6,54,39
4a_duration_estimator,4a_duration_estimator__d120__w6,55,50
4a_duration_estimator,4a_duration_estimator__d120__w6,56,47
4a_duration_estimator,4a_duration_estimator__d120__w6,57,46
4a_duration_estimator,4a_duration_estimator__d120__w6,58,54
4a_duration_estimator,4a_duration_estimator__d120__w6,59,61
4a_duration_estimator,4a_duration_estimator__d120__w6,60,188
4a_duration_estimator,4a_duration_estimator__d120__w6,61,82
4a_duration_estimator,4a_duration_estimator__d120__w6,62,90
4a_duration_estimator,4a_duration_estimator__d120__w6,63,78
4a_duration_estimator,4a_duration_estimator__d120__w6,64,92
4a_duration_estimator,4a_duration_estimator__d120__w6,65,108
4a_duration_estimator,4a_duration_estimator__d120__w6,66,102
4a_duration_estimator,4a_duration_estimator__d120__w6,67,104
4a_duration_estimator,4a_duration_estimator__d120__w6,68,95
4a_duration_estimator,4a_duration_estimator__d120__w6,69,124
4a_duration_estimator,4a_duration_estimator__d120__w6,70,104
4a_duration_estimator,4a_duration_estimator__d120__w6,71,102
4a_duration_estimator,4a_duration_estimator__d120__w6,72,97
4a_duration_estimator,4a_duration_estimator__d120__w6,73,83
4a_duration_estimator,4a_duration_estimator__d120__w6,74,194
4a_duration_estimator,4a_duration_estimator__d120__w6,75,38
4a_duration_estimator,4a_duration_estimator__d120__w6,76,41
4a_duration_estimator,4a_duration_estimator__d120__w6,77,37
4a_duration_estimator,4a_duration_estimator__d120__w6,78,48
4a_duration_estimator,4a_duration_estimator__d120__w6,79,39
4a_duration_estimator,4a_duration_estimator__d120__w6,80,55
4a_duration_estimator,4a_duration_estimator__d120__w6,81,50
4a_duration_estimator,4a_duration_estimator__d120__w6,82,55
4a_duration_estimator,4a_duration_estimator__d120__w6,83,69
4a_duration_estimator,4a_duration_estimator__d120__w6,84,207
4a_duration_estimator,4a_duration_estimator__d120__w6,85,102
4a_duration_estimator,4a_duration_estimator__d120__w6,86,109
4a_duration_estimator,4a_duration_estimator__d120__w6,87,85
4a_duration_estimator,4a_duration_estimator__d120__w6,88,99
4a_duration_estimator,4a_duration_estimator__d120__w6,89,100
4a_duration_estimator,4a_duration_estimator__d120__w6,90,93
4a_duration_estimator,4a_duration_estimator__d120__w6,91,101
4a_duration_estimator,4a_duration_estimator__d120__w6,92,88
4a_duration_estimator,4a_duration_estimator__d120__w6,93,124
4a_duration_estimator,4a_duration_estimator__d120__w6,94,125
4a_duration_estimator,4a_duration_estimator__d120__w6,95,134
4a_duration_estimator,4a_duration_estimator__d120__w6,96,53
4a_duration_estimator,4a_duration_estimator__d120__w6,97,76
4a_duration_estimator,4a_duration_estimator__d120__w6,98,177
4a_duration_estimator,4a_duration_estimator__d120__w6,99,37
4a_duration_estimator,4a_duration_estimator__d120__w6,100,24
4a_duration_estimator,4a_duration_estimator__d120__w6,101,36
4a_duration_estimator,4a_duration_estimator__d120__w6,102,42
4a_duration_estimator,4a_duration_estimator__d120__w6,103,40
4a_duration_estimator,4a_duration_estimator__d120__w6,104,46
4a_duration_estimator,4a_duration_estimator__d120__w6,105,58
4a_duration_estimator,4a_duration_estimator__d120__w6,106,66
4a_duration_estimator,4a_duration_estimator__d120__w6,107,62
4a_duration_estimator,4a_duration_estimator__d120__w6,108,177
4a_duration_estimator,4a_duration_estimator__d120__w6,109,97
4a_duration_estimator,4a_duration_estimator__d120__w6,110,110
4a_duration_estimator,4a_duration_estimator__d120__w6,111,129
4a_duration_estimator,4a_duration_estimator__d120__w6,112,98
4a_duration_estimator,4a_duration_estimator__d120__w6,113,110
4a_duration_estimator,4a_duration_estimator__d120__w6,114,105
4a_duration_estimator,4a_duration_estimator__d120__w6,115,91
4a_duration_estimator,4a_duration_estimator__d120__w6,116,93
4a_duration_estimator,4a_duration_estimator__d120__w6,117,104
4a_duration_estimator,4a_duration_estimator__d120__w6,118,136
4a_duration_estimator,4a_duration_estimator__d120__w6,119,88
4a_duration_estimator,4a_duration_estimator__d120__w6,120,84
4a_duration_estimator,4a_duration_estimator__d120__w6,121,86
4a_duration_estimator,4a_duration_estimator__d120__w6,122,56
4a_duration_estimator,4a_duration_estimator__d120__w6,123,116
4a_duration_estimator,4a_duration_estimator__d120__w6,124,17
4a_duration_estimator,4a_duration_estimator__d120__w6,125,28
4a_duration_estimator,4a_duration_estimator__d120__w6,126,14
4a_duration_estimator,4a_duration_estimator__d120__w6,127,18
4a_duration_estimator,4a_duration_estimator__d120__w6,128,12
4a_duration_estimator,4a_duration_estimator__d120__w6,129,22
4a_duration_estimator,4a_duration_estimator__d120__w6,130,43
4a_duration_estimator,4a_duration_estimator__d120__w6,131,21
4a_duration_estimator,4a_duration_estimator__d120__w6,132,61
4a_duration_estimator,4a_duration_estimator__d120__w6,133,45
4a_duration_estimator,4a_duration_estimator__d120__w6,134,34
4a_duration_estimator,4a_duration_estimator__d120__w6,135,56
4a_duration_estimator,4a_duration_estimator__d120__w6,136,37
4a_duration_estimator,4a_duration_estimator__d120__w6,137,45
4a_duration_estimator,4a_duration_estimator__d120__w6,138,33
4a_duration_estimator,4a_duration_estimator__d120__w6,139,31
4a_duration_estimator,4a_duration_estimator__d120__w6,140,44
4a_duration_estimator,4a_duration_estimator__d120__w6,141,43
4a_duration_estimator,4a_duration_estimator__d120__w6,142,53
4a_duration_estimator,4a_duration_estimator__d120__w6,143,56
4a_duration_estimator,4a_duration_estimator__d120__w6,144,32
4a_duration_estimator,4a_duration_estimator__d120__w6,145,29
4a_duration_estimator,4a_duration_estimator__d120__w6,146,32
4a_duration_estimator,4a_duration_estimator__d120__w6,147,68
4a_duration_estimator,4a_duration_estimator__d120__w6,148,22
4a_duration_estimator,4a_duration_estimator__d120__w6,149,26
4a_duration_estimator,4a_duration_estimator__d120__w6,150,24
4a_duration_estimator,4a_duration_estimator__d120__w6,151,14
4a_duration_estimator,4a_duration_estimator__d120__w6,152,13
4a_duration_estimator,4a_duration_estimator__d120__w6,153,27
4a_duration_estimator,4a_duration_estimator__d120__w6,154,22
4a_duration_estimator,4a_duration_estimator__d120__w6,155,66
4a_duration_estimator,4a_duration_estimator__d120__w6,156,34
4a_duration_estimator,4a_duration_estimator__d120__w6,157,43
4a_duration_estimator,4a_duration_estimator__d120__w6,158,38
4a_duration_estimator,4a_duration_estimator__d120__w6,159,29
4a_duration_estimator,4a_duration_estimator__d120__w6,160,31
4a_duration_estimator,4a_duration_estimator__d120__w6,161,55
4a_duration_estimator,4a_duration_estimator__d120__w6,162,46
4a_duration_estimator,4a_duration_estimator__d120__w6,163,51
4a_duration_estimator,4a_duration_estimator__d120__w6,164,45
4a_duration_estimator,4a_duration_estimator__d120__w6,165,34
4a_duration_estimator,4a_duration_estimator__d120__w6,166,59
4a_duration_estimator,4a_duration_estimator__d120__w6,167,44
4a_duration_estimator,4a_duration_estimator__d240__w6,0,23
4a_duration_estimator,4a_duration_estimator__d240__w6,1,68
4a_duration_estimator,4a_duration_estimator__d240__w6,2,34
4a_duration_estimator,4a_duration_estimator__d240__w6,3,30
4a_duration_estimator,4a_duration_estimator__d240__w6,4,34
4a_duration_estimator,4a_duration_estimator__d240__w6,5,28
4a_duration_estimator,4a_duration_estimator__d240__w6,6,35
4a_duration_estimator,4a_duration_estimator__d240__w6,7,40
4a_duration_estimator,4a_duration_estimator__d240__w6,8,47
4a_duration_estimator,4a_duration_estimator__d240__w6,9,55
4a_duration_estimator,4a_duration_estimator__d240__w6,10,65
4a_duration_estimator,4a_duration_estimator__d240__w6,11,74
4a_duration_estimator,4a_duration_estimator__d240__w6,12,159
4a_duration_estimator,4a_duration_estimator__d240__w6,13,90
4a_duration_estimator,4a_duration_estimator__d240__w6,14,104
4a_duration_estimator,4a_duration_estimator__d240__w6,15,86
4a_duration_estimator,4a_duration_estimator__d240__w6,16,97
4a_duration_estimator,4a_duration_estimator__d240__w6,17,96
4a_duration_estimator,4a_duration_estimator__d240__w6,18,81
4a_duration_estimator,4a_duration_estimator__d240__w6,19,89
4a_duration_estimator,4a_duration_estimator__d240__w6,20,89
4a_duration_estimator,4a_duration_estimator__d240__w6,21,106
4a_duration_estimator,4a_duration_estimator__d240__w6,22,105
4a_duration_estimator,4a_duration_estimator__d240__w6,23,97
4a_duration_estimator,4a_duration_estimator__d240__w6,24,79
4a_duration_estimator,4a_duration_estimator__d240__w6,25,87
4a_duration_estimator,4a_duration_estimator__d240__w6,26,150
4a_duration_estimator,4a_duration_estimator__d240__w6,27,32
4a_duration_estimator,4a_duration_estimator__d240__w6,28,45
4a_duration_estimator,4a_duration_estimator__d240__w6,29,28
4a_duration_estimator,4a_duration_estimator__d240__w6,30,41
4a_duration_estimator,4a_duration_estimator__d240__w6,31,41
4a_duration_estimator,4a_duration_estimator__d240__w6,32,64
4a_duration_estimator,4a_duration_estimator__d240__w6,33,56
4a_duration_estimator,4a_duration_estimator__d240__w6,34,55
4a_duration_estimator,4a_duration_estimator__d240__w6,35,70
4a_duration_estimator,4a_duration_estimator__d240__w6,36,174
4a_duration_estimator,4a_duration_estimator__d240__w6,37,92
4a_duration_estimator,4a_duration_estimator__d240__w6,38,113
4a_duration_estimator,4a_duration_estimator__d240__w6,39,89
4a_duration_estimator,4a_duration_estimator__d240__w6,40,88
4a_duration_estimator,4a_duration_estimator__d240__w6,41,107
4a_duration_estimator,4a_duration_estimator__d240__w6,42,105
4a_duration_estimator,4a_duration_estimator__d240__w6,43,101
4a_duration_estimator,4a_duration_estimator__d240__w6,44,114
4a_duration_estimator,4a_duration_estimator__d240__w6,45,137
4a_duration_estimator,4a_duration_estimator__d240__w6,46,112
4a_duration_estimator,4a_duration_estimator__d240__w6,47,124
4a_duration_estimator,4a_duration_estimator__d240__w6,48,63
4a_duration_estimator,4a_duration_estimator__d240__w6,49,77
4a_duration_estimator,4a_duration_estimator__d240__w6,50,164
4a_duration_estimator,4a_duration_estimator__d240__w6,51,47
4a_duration_estimator,4a_duration_estimator__d240__w6,52,35
4a_duration_estimator,4a_duration_estimator__d240__w6,53,37
4a_duration_estimator,4a_duration_estimator__d240__w6,54,41
4a_duration_estimator,4a_duration_estimator__d240__w6,55,51
4a_duration_estimator,4a_duration_estimator__d240__w6,56,47
4a_duration_estimator,4a_duration_estimator__d240__w6,57,46
4a_duration_estimator,4a_duration_estimator__d240__w6,58,56
4a_duration_estimator,4a_duration_estimator__d240__w6,59,61
4a_duration_estimator,4a_duration_estimator__d240__w6,60,181
4a_duration_estimator,4a_duration_estimator__d240__w6,61,82
4a_duration_estimator,4a_duration_estimator__d240__w6,62,90
4a_duration_estimator,4a_duration_estimator__d240__w6,63,78
4a_duration_estimator,4a_duration_estimator__d240__w6,64,95
4a_duration_estimator,4a_duration_estimator__d240__w6,65,109
4a_duration_estimator,4a_duration_estimator__d240__w6,66,105
4a_duration_estimator,4a_duration_estimator__d240__w6,67,109
4a_duration_estimator,4a_duration_estimator__d240__w6,68,96
4a_duration_estimator,4a_duration_estimator__d240__w6,69,129
4a_duration_estimator,4a_duration_estimator__d240__w6,70,103
4a_duration_estimator,4a_duration_estimator__d240__w6,71,106
4a_duration_estimator,4a_duration_estimator__d240__w6,72,95
4a_duration_estimator,4a_duration_estimator__d240__w6,73,79
4a_duration_estimator,4a_duration_estimator__d240__w6,74,179
4a_duration_estimator,4a_duration_estimator__d240__w6,75,38
4a_duration_estimator,4a_duration_estimator__d240__w6,76,43
4a_duration_estimator,4a_duration_estimator__d240__w6,77,37
4a_duration_estimator,4a_duration_estimator__d240__w6,78,49
4a_duration_estimator,4a_duration_estimator__d240__w6,79,41
4a_duration_estimator,4a_duration_estimator__d240__w6,80,55
4a_duration_estimator,4a_duration_estimator__d240__w6,81,53
4a_duration_estimator,4a_duration_estimator__d240__w6,82,55
4a_duration_estimator,4a_duration_estimator__d240__w6,83,70
4a_duration_estimator,4a_duration_estimator__d240__w6,84,198
4a_duration_estimator,4a_duration_estimator__d240__w6,85,102
4a_duration_estimator,4a_duration_estimator__d240__w6,86,109
4a_duration_estimator,4a_duration_estimator__d240__w6,87,86
4a_duration_estimator,4a_duration_estimator__d240__w6,88,101
4a_duration_estimator,4a_duration_estimator__d240__w6,89,101
4a_duration_estimator,4a_duration_estimator__d240__w6,90,94
4a_duration_estimator,4a_duration_estimator__d240__w6,91,101
4a_duration_estimator,4a_duration_estimator__d240__w6,92,90
4a_duration_estimator,4a_duration_estimator__d240__w6,93,125
4a_duration_estimator,4a_duration_estimator__d240__w6,94,127
4a_duration_estimator,4a_duration_estimator__d240__w6,95,133
4a_duration_estimator,4a_duration_estimator__d240__w6,96,54
4a_duration_estimator,4a_duration_estimator__d240__w6,97,79
4a_duration_estimator,4a_duration_estimator__d240__w6,98,164
4a_duration_estimator,4a_duration_estimator__d240__w6,99,37
4a_duration_estimator,4a_duration_estimator__d240__w6,100,25
4a_duration_estimator,4a_duration_estimator__d240__w6,101,36
4a_duration_estimator,4a_duration_estimator__d240__w6,102,42
4a_duration_estimator,4a_duration_estimator__d240__w6,103,41
4a_duration_estimator,4a_duration_estimator__d240__w6,104,48
4a_duration_estimator,4a_duration_estimator__d240__w6,105,60
4a_duration_estimator,4a_duration_estimator__d240__w6,106,65
4a_duration_estimator,4a_duration_estimator__d240__w6,107,63
4a_duration_estimator,4a_duration_estimator__d240__w6,108,171
4a_duration_estimator,4a_duration_estimator__d240__w6,109,97
4a_duration_estimator,4a_duration_estimator__d240__w6,110,110
4a_duration_estimator,4a_duration_estimator__d240__w6,111,129
4a_duration_estimator,4a_duration_estimator__d240__w6,112,99
4a_duration_estimator,4a_duration_estimator__d240__w6,113,112
4a_duration_estimator,4a_duration_estimator__d240__w6,114,109
4a_duration_estimator,4a_duration_estimator__d240__w6,115,95
4a_duration_estimator,4a_duration_estimator__d240__w6,116,93
4a_duration_estimator,4a_duration_estimator__d240__w6,117,107
4a_duration_estimator,4a_duration_estimator__d240__w6,118,136
4a_duration_estimator,4a_duration_estimator__d240__w6,119,88
4a_duration_estimator,4a_duration_estimator__d240__w6,120,85
4a_duration_estimator,4a_duration_estimator__d240__w6,121,83
4a_duration_estimator,4a_duration_estimator__d240__w6,122,56
4a_duration_estimator,4a_duration_estimator__d240__w6,123,104
4a_duration_estimator,4a_duration_estimator__d240__w6,124,18
4a_duration_estimator,4a_duration_estimator__d240__w6,125,28
4a_duration_estimator,4a_duration_estimator__d240__w6,126,15
4a_duration_estimator,4a_duration_estimator__d240__w6,127,22
4a_duration_estimator,4a_duration_estimator__d240__w6,128,12
4a_duration_estimator,4a_duration_estimator__d240__w6,129,23
4a_duration_estimator,4a_duration_estimator__d240__w6,130,42
4a_duration_estimator,4a_duration_estimator__d240__w6,131,25
4a_duration_estimator,4a_duration_estimator__d240__w6,132,51
4a_duration_estimator,4a_duration_estimator__d240__w6,133,45
4a_duration_estimator,4a_duration_estimator__d240__w6,134,34
4a_duration_estimator,4a_duration_estimator__d240__w6,135,56
4a_duration_estimator,4a_duration_estimator__d240__w6,136,37
4a_duration_estimator,4a_duration_estimator__d240__w6,137,46
4a_duration_estimator,4a_duration_estimator__d240__w6,138,33
4a_duration_estimator,4a_duration_estimator__d240__w6,139,32
4a_duration_estimator,4a_duration_estimator__d240__w6,140,45
4a_duration_estimator,4a_duration_estimator__d240__w6,141,45
4a_duration_estimator,4a_duration_estimator__d240__w6,142,53
4a_duration_estimator,4a_duration_estimator__d240__w6,143,58
4a_duration_estimator,4a_duration_estimator__d240__w6,144,34
4a_duration_estimator,4a_duration_estimator__d240__w6,145,29
4a_duration_estimator,4a_duration_estimator__d240__w6,146,32
4a_duration_estimator,4a_duration_estimator__d240__w6,147,59
4a_duration_estimator,4a_duration_estimator__d240__w6,148,22
4a_duration_estimator,4a_duration_estimator__d240__w6,149,27
4a_duration_estimator,4a_duration_estimator__d240__w6,150,25
4a_duration_estimator,4a_duration_estimator__d240__w6,151,15
4a_duration_estimator,4a_duration_estimator__d240__w6,152,15
4a_duration_estimator,4a_duration_estimator__d240__w6,153,27
4a_duration_estimator,4a_duration_estimator__d240__w6,154,24
4a_duration_estimator,4a_duration_estimator__d240__w6,155,59
4a_duration_estimator,4a_duration_estimator__d240__w6,156,34
4a_duration_estimator,4a_duration_estimator__d240__w6,157,43
4a_duration_estimator,4a_duration_estimator__d240__w6,158,38
4a_duration_estimator,4a_duration_estimator__d240__w6,159,29
4a_duration_estimator,4a_duration_estimator__d240__w6,160,32
4a_duration_estimator,4a_duration_estimator__d240__w6,161,55
4a_duration_estimator,4a_duration_estimator__d240__w6,162,47
4a_duration_estimator,4a_duration_estimator__d240__w6,163,52
4a_duration_estimator,4a_duration_estimator__d240__w6,164,46
4a_duration_estimator,4a_duration_estimator__d240__w6,165,38
4a_duration_estimator,4a_duration_estimator__d240__w6,166,61
4a_duration_estimator,4a_duration_estimator__d240__w6,167,44
4a_duration_estimator,4a_duration_estimator__d480__w6,0,27
4a_duration_estimator,4a_duration_estimator__d480__w6,1,54
4a_duration_estimator,4a_duration_estimator__d480__w6,2,34
4a_duration_estimator,4a_duration_estimator__d480__w6,3,30
4a_duration_estimator,4a_duration_estimator__d480__w6,4,34
4a_duration_estimator,4a_duration_estimator__d480__w6,5,30
4a_duration_estimator,4a_duration_estimator__d480__w6,6,37
4a_duration_estimator,4a_duration_estimator__d480__w6,7,42
4a_duration_estimator,4a_duration_estimator__d480__w6,8,53
4a_duration_estimator,4a_duration_estimator__d480__w6,9,58
4a_duration_estimator,4a_duration_estimator__d480__w6,10,74
4a_duration_estimator,4a_duration_estimator__d480__w6,11,78
4a_duration_estimator,4a_duration_estimator__d480__w6,12,131
4a_duration_estimator,4a_duration_estimator__d480__w6,13,90
4a_duration_estimator,4a_duration_estimator__d480__w6,14,104
4a_duration_estimator,4a_duration_estimator__d480__w6,15,92
4a_duration_estimator,4a_duration_estimator__d480__w6,16,101
4a_duration_estimator,4a_duration_estimator__d480__w6,17,102
4a_duration_estimator,4a_duration_estimator__d480__w6,18,86
4a_duration_estimator,4a_duration_estimator__d480__w6,19,94
4a_duration_estimator,4a_duration_estimator__d480__w6,20,97
4a_duration_estimator,4a_duration_estimator__d480__w6,21,110
4a_duration_estimator,4a_duration_estimator__d480__w6,22,109
4a_duration_estimator,4a_duration_estimator__d480__w6,23,93
4a_duration_estimator,4a_duration_estimator__d480__w6,24,78
4a_duration_estimator,4a_duration_estimator__d480__w6,25,83
4a_duration_estimator,4a_duration_estimator__d480__w6,26,117
4a_duration_estimator,4a_duration_estimator__d480__w6,27,32
4a_duration_estimator,4a_duration_estimator__d480__w6,28,45
4a_duration_estimator,4a_duration_estimator__d480__w6,29,34
4a_duration_estimator,4a_duration_estimator__d480__w6,30,46
4a_duration_estimator,4a_duration_estimator__d480__w6,31,42
4a_duration_estimator,4a_duration_estimator__d480__w6,32,67
4a_duration_estimator,4a_duration_estimator__d480__w6,33,63
4a_duration_estimator,4a_duration_estimator__d480__w6,34,60
4a_duration_estimator,4a_duration_estimator__d480__w6,35,70
4a_duration_estimator,4a_duration_estimator__d480__w6,36,147
4a_duration_estimator,4a_duration_estimator__d480__w6,37,92
4a_duration_estimator,4a_duration_estimator__d480__w6,38,113
4a_duration_estimator,4a_duration_estimator__d480__w6,39,97
4a_duration_estimator,4a_duration_estimator__d480__w6,40,100
4a_duration_estimator,4a_duration_estimator__d480__w6,41,110
4a_duration_estimator,4a_duration_estimator__d480__w6,42,112
4a_duration_estimator,4a_duration_estimator__d480__w6,43,106
4a_duration_estimator,4a_duration_estimator__d480__w6,44,124
4a_duration_estimator,4a_duration_estimator__d480__w6,45,136
4a_duration_estimator,4a_duration_estimator__d480__w6,46,105
4a_duration_estimator,4a_duration_estimator__d480__w6,47,116
4a_duration_estimator,4a_duration_estimator__d480__w6,48,67
4a_duration_estimator,4a_duration_estimator__d480__w6,49,80
4a_duration_estimator,4a_duration_estimator__d480__w6,50,128
4a_duration_estimator,4a_duration_estimator__d480__w6,51,47
4a_duration_estimator,4a_duration_estimator__d480__w6,52,39
4a_duration_estimator,4a_duration_estimator__d480__w6,53,41
4a_duration_estimator,4a_duration_estimator__d480__w6,54,43
4a_duration_estimator,4a_duration_estimator__d480__w6,55,56
4a_duration_estimator,4a_duration_estimator__d480__w6,56,54
4a_duration_estimator,4a_duration_estimator__d480__w6,57,50
4a_duration_estimator,4a_duration_estimator__d480__w6,58,58
4a_duration_estimator,4a_duration_estimator__d480__w6,59,63
4a_duration_estimator,4a_duration_estimator__d480__w6,60,151
4a_duration_estimator,4a_duration_estimator__d480__w6,61,82
4a_duration_estimator,4a_duration_estimator__d480__w6,62,90
4a_duration_estimator,4a_duration_estimator__d480__w6,63,82
4a_duration_estimator,4a_duration_estimator__d480__w6,64,99
4a_duration_estimator,4a_duration_estimator__d480__w6,65,114
4a_duration_estimator,4a_duration_estimator__d480__w6,66,112
4a_duration_estimator,4a_duration_estimator__d480__w6,67,116
4a_duration_estimator,4a_duration_estimator__d480__w6,68,103
4a_duration_estimator,4a_duration_estimator__d480__w6,69,130
4a_duration_estimator,4a_duration_estimator__d480__w6,70,109
4a_duration_estimator,4a_duration_estimator__d480__w6,71,110
4a_duration_estimator,4a_duration_estimator__d480__w6,72,93
4a_duration_estimator,4a_duration_estimator__d480__w6,73,74
4a_duration_estimator,4a_duration_estimator__d480__w6,74,141
4a_duration_estimator,4a_duration_estimator__d480__w6,75,38
4a_duration_estimator,4a_duration_estimator__d480__w6,76,44
4a_duration_estimator,4a_duration_estimator__d480__w6,77,44
4a_duration_estimator,4a_duration_estimator__d480__w6,78,57
4a_duration_estimator,4a_duration_estimator__d480__w6,79,46
4a_duration_estimator,4a_duration_estimator__d480__w6,80,59
4a_duration_estimator,4a_duration_estimator__d480__w6,81,54
4a_duration_estimator,4a_duration_estimator__d480__w6,82,60
4a_duration_estimator,4a_duration_estimator__d480__w6,83,69
4a_duration_estimator,4a_duration_estimator__d480__w6,84,168
4a_duration_estimator,4a_duration_estimator__d480__w6,85,102
4a_duration_estimator,4a_duration_estimator__d480__w6,86,109
4a_duration_estimator,4a_duration_estimator__d480__w6,87,90
4a_duration_estimator,4a_duration_estimator__d480__w6,88,107
4a_duration_estimator,4a_duration_estimator__d480__w6,89,105
4a_duration_estimator,4a_duration_estimator__d480__w6,90,99
4a_duration_estimator,4a_duration_estimator__d480__w6,91,109
4a_duration_estimator,4a_duration_estimator__d480__w6,92,95
4a_duration_estimator,4a_duration_estimator__d480__w6,93,129
4a_duration_estimator,4a_duration_estimator__d480__w6,94,126
4a_duration_estimator,4a_duration_estimator__d480__w6,95,129
4a_duration_estimator,4a_duration_estimator__d480__w6,96,63
4a_duration_estimator,4a_duration_estimator__d480__w6,97,72
4a_duration_estimator,4a_duration_estimator__d480__w6,98,131
4a_duration_estimator,4a_duration_estimator__d480__w6,99,37
4a_duration_estimator,4a_duration_estimator__d480__w6,100,26
4a_duration_estimator,4a_duration_estimator__d480__w6,101,38
4a_duration_estimator,4a_duration_estimator__d480__w6,102,47
4a_duration_estimator,4a_duration_estimator__d480__w6,103,45
4a_duration_estimator,4a_duration_estimator__d480__w6,104,53
4a_duration_estimator,4a_duration_estimator__d480__w6,105,69
4a_duration_estimator,4a_duration_estimator__d480__w6,106,68
4a_duration_estimator,4a_duration_estimator__d480__w6,107,68
4a_duration_estimator,4a_duration_estimator__d480__w6,108,137
4a_duration_estimator,4a_duration_estimator__d480__w6,109,97
4a_duration_estimator,4a_duration_estimator__d480__w6,110,110
4a_duration_estimator,4a_duration_estimator__d480__w6,111,129
4a_duration_estimator,4a_duration_estimator__d480__w6,112,108
4a_duration_estimator,4a_duration_estimator__d480__w6,113,118
4a_duration_estimator,4a_duration_estimator__d480__w6,114,112
4a_duration_estimator,4a_duration_estimator__d480__w6,115,100
4a_duration_estimator,4a_duration_estimator__d480__w6,116,98
4a_duration_estimator,4a_duration_estimator__d480__w6,117,112
4a_duration_estimator,4a_duration_estimator__d480__w6,118,133
4a_duration_estimator,4a_duration_estimator__d480__w6,119,86
4a_duration_estimator,4a_duration_estimator__d480__w6,120,85
4a_duration_estimator,4a_duration_estimator__d480__w6,121,80
4a_duration_estimator,4a_duration_estimator__d480__w6,122,52
4a_duration_estimator,4a_duration_estimator__d480__w6,123,83
4a_duration_estimator,4a_duration_estimator__d480__w6,124,20
4a_duration_estimator,4a_duration_estimator__d480__w6,125,28
4a_duration_estimator,4a_duration_estimator__d480__w6,126,16
4a_duration_estimator,4a_duration_estimator__d480__w6,127,23
4a_duration_estimator,4a_duration_estimator__d480__w6,128,13
4a_duration_estimator,4a_duration_estimator__d480__w6,129,24
4a_duration_estimator,4a_duration_estimator__d480__w6,130,42
4a_duration_estimator,4a_duration_estimator__d480__w6,131,25
4a_duration_estimator,4a_duration_estimator__d480__w6,132,45
4a_duration_estimator,4a_duration_estimator__d480__w6,133,45
4a_duration_estimator,4a_duration_estimator__d480__w6,134,34
4a_duration_estimator,4a_duration_estimator__d480__w6,135,56
4a_duration_estimator,4a_duration_estimator__d480__w6,136,40
4a_duration_estimator,4a_duration_estimator__d480__w6,137,50
4a_duration_estimator,4a_duration_estimator__d480__w6,138,38
4a_duration_estimator,4a_duration_estimator__d480__w6,139,34
4a_duration_estimator,4a_duration_estimator__d480__w6,140,47
4a_duration_estimator,4a_duration_estimator__d480__w6,141,53
4a_duration_estimator,4a_duration_estimator__d480__w6,142,55
4a_duration_estimator,4a_duration_estimator__d480__w6,143,54
4a_duration_estimator,4a_duration_estimator__d480__w6,144,37
4a_duration_estimator,4a_duration_estimator__d480__w6,145,29
4a_duration_estimator,4a_duration_estimator__d480__w6,146,31
4a_duration_estimator,4a_duration_estimator__d480__w6,147,35
4a_duration_estimator,4a_duration_estimator__d480__w6,148,22
4a_duration_estimator,4a_duration_estimator__d480__w6,149,28
4a_duration_estimator,4a_duration_estimator__d480__w6,150,27
4a_duration_estimator,4a_duration_estimator__d480__w6,151,20
4a_duration_estimator,4a_duration_estimator__d480__w6,152,16
4a_duration_estimator,4a_duration_estimator__d480__w6,153,30
4a_duration_estimator,4a_duration_estimator__d480__w6,154,27
4a_duration_estimator,4a_duration_estimator__d480__w6,155,44
4a_duration_estimator,4a_duration_estimator__d480__w6,156,34
4a_duration_estimator,4a_duration_estimator__d480__w6,157,43
4a_duration_estimator,4a_duration_estimator__d480__w6,158,38
4a_duration_estimator,4a_duration_estimator__d480__w6,159,29
4a_duration_estimator,4a_duration_estimator__d480__w6,160,33
4a_duration_estimator,4a_duration_estimator__d480__w6,161,56
4a_duration_estimator,4a_duration_estimator__d480__w6,162,50
4a_duration_estimator,4a_duration_estimator__d480__w6,163,58
4a_duration_estimator,4a_duration_estimator__d480__w6,164,46
4a_duration_estimator,4a_duration_estimator__d480__w6,165,41
4a_duration_estimator,4a_duration_estimator__d480__w6,166,60
4a_duration_estimator,4a_duration_estimator__d480__w6,167,41
4a_duration_estimator,4a_duration_estimator__d960__w6,0,30
4a_duration_estimator,4a_duration_estimator__d960__w6,1,39
4a_duration_estimator,4a_duration_estimator__d960__w6,2,34
4a_duration_estimator,4a_duration_estimator__d960__w6,3,30
4a_duration_estimator,4a_duration_estimator__d960__w6,4,34
4a_duration_estimator,4a_duration_estimator__d960__w6,5,33
4a_duration_estimator,4a_duration_estimator__d960__w6,6,40
4a_duration_estimator,4a_duration_estimator__d960__w6,7,43
4a_duration_estimator,4a_duration_estimator__d960__w6,8,55
4a_duration_estimator,4a_duration_estimator__d960__w6,9,62
4a_duration_estimator,4a_duration_estimator__d960__w6,10,84
4a_duration_estimator,4a_duration_estimator__d960__w6,11,78
4a_duration_estimator,4a_duration_estimator__d960__w6,12,108
4a_duration_estimator,4a_duration_estimator__d960__w6,13,90
4a_duration_estimator,4a_duration_estimator__d960__w6,14,104
4a_duration_estimator,4a_duration_estimator__d960__w6,15,96
4a_duration_estimator,4a_duration_estimator__d960__w6,16,106
4a_duration_estimator,4a_duration_estimator__d960__w6,17,109
4a_duration_estimator,4a_duration_estimator__d960__w6,18,91
4a_duration_estimator,4a_duration_estimator__d960__w6,19,101
4a_duration_estimator,4a_duration_estimator__d960__w6,20,104
4a_duration_estimator,4a_duration_estimator__d960__w6,21,117
4a_duration_estimator,4a_duration_estimator__d960__w6,22,109
4a_duration_estimator,4a_duration_estimator__d960__w6,23,91
4a_duration_estimator,4a_duration_estimator__d960__w6,24,76
4a_duration_estimator,4a_duration_estimator__d960__w6,25,77
4a_duration_estimator,4a_duration_estimator__d960__w6,26,85
4a_duration_estimator,4a_duration_estimator__d960__w6,27,32
4a_duration_estimator,4a_duration_estimator__d960__w6,28,45
4a_duration_estimator,4a_duration_estimator__d960__w6,29,35
4a_duration_estimator,4a_duration_estimator__d960__w6,30,52
4a_duration_estimator,4a_duration_estimator__d960__w6,31,47
4a_duration_estimator,4a_duration_estimator__d960__w6,32,71
4a_duration_estimator,4a_duration_estimator__d960__w6,33,67
4a_duration_estimator,4a_duration_estimator__d960__w6,34,62
4a_duration_estimator,4a_duration_estimator__d960__w6,35,71
4a_duration_estimator,4a_duration_estimator__d960__w6,36,124
4a_duration_estimator,4a_duration_estimator__d960__w6,37,92
4a_duration_estimator,4a_duration_estimator__d960__w6,38,113
4a_duration_estimator,4a_duration_estimator__d960__w6,39,106
4a_duration_estimator,4a_duration_estimator__d960__w6,40,107
4a_duration_estimator,4a_duration_estimator__d960__w6,41,114
4a_duration_estimator,4a_duration_estimator__d960__w6,42,119
4a_duration_estimator,4a_duration_estimator__d960__w6,43,117
4a_duration_estimator,4a_duration_estimator__d960__w6,44,128
4a_duration_estimator,4a_duration_estimator__d960__w6,45,136
4a_duration_estimator,4a_duration_estimator__d960__w6,46,106
4a_duration_estimator,4a_duration_estimator__d960__w6,47,112
4a_duration_estimator,4a_duration_estimator__d960__w6,48,69
4a_duration_estimator,4a_duration_estimator__d960__w6,49,71
4a_duration_estimator,4a_duration_estimator__d960__w6,50,96
4a_duration_estimator,4a_duration_estimator__d960__w6,51,47
4a_duration_estimator,4a_duration_estimator__d960__w6,52,39
4a_duration_estimator,4a_duration_estimator__d960__w6,53,43
4a_duration_estimator,4a_duration_estimator__d960__w6,54,47
4a_duration_estimator,4a_duration_estimator__d960__w6,55,61
4a_duration_estimator,4a_duration_estimator__d960__w6,56,57
4a_duration_estimator,4a_duration_estimator__d960__w6,57,57
4a_duration_estimator,4a_duration_estimator__d960__w6,58,63
4a_duration_estimator,4a_duration_estimator__d960__w6,59,66
4a_duration_estimator,4a_duration_estimator__d960__w6,60,122
4a_duration_estimator,4a_duration_estimator__d960__w6,61,82
4a_duration_estimator,4a_duration_estimator__d960__w6,62,90
4a_duration_estimator,4a_duration_estimator__d960__w6,63,95
4a_duration_estimator,4a_duration_estimator__d960__w6,64,105
4a_duration_estimator,4a_duration_estimator__d960__w6,65,117
4a_duration_estimator,4a_duration_estimator__d960__w6,66,118
4a_duration_estimator,4a_duration_estimator__d960__w6,67,126
4a_duration_estimator,4a_duration_estimator__d960__w6,68,113
4a_duration_estimator,4a_duration_estimator__d960__w6,69,125
4a_duration_estimator,4a_duration_estimator__d960__w6,70,110
4a_duration_estimator,4a_duration_estimator__d960__w6,71,111
4a_duration_estimator,4a_duration_estimator__d960__w6,72,91
4a_duration_estimator,4a_duration_estimator__d960__w6,73,68
4a_duration_estimator,4a_duration_estimator__d960__w6,74,104
4a_duration_estimator,4a_duration_estimator__d960__w6,75,38
4a_duration_estimator,4a_duration_estimator__d960__w6,76,46
4a_duration_estimator,4a_duration_estimator__d960__w6,77,46
4a_duration_estimator,4a_duration_estimator__d960__w6,78,63
4a_duration_estimator,4a_duration_estimator__d960__w6,79,49
4a_duration_estimator,4a_duration_estimator__d960__w6,80,66
4a_duration_estimator,4a_duration_estimator__d960__w6,81,62
4a_duration_estimator,4a_duration_estimator__d960__w6,82,65
4a_duration_estimator,4a_duration_estimator__d960__w6,83,70
4a_duration_estimator,4a_duration_estimator__d960__w6,84,134
4a_duration_estimator,4a_duration_estimator__d960__w6,85,102
4a_duration_estimator,4a_duration_estimator__d960__w6,86,109
4a_duration_estimator,4a_duration_estimator__d960__w6,87,100
4a_duration_estimator,4a_duration_estimator__d960__w6,88,115
4a_duration_estimator,4a_duration_estimator__d960__w6,89,112
4a_duration_estimator,4a_duration_estimator__d960__w6,90,111
4a_duration_estimator,4a_duration_estimator__d960__w6,91,112
4a_duration_estimator,4a_duration_estimator__d960__w6,92,110
4a_duration_estimator,4a_duration_estimator__d960__w6,93,128
4a_duration_estimator,4a_duration_estimator__d960__w6,94,125
4a_duration_estimator,4a_duration_estimator__d960__w6,95,113
4a_duration_estimator,4a_duration_estimator__d960__w6,96,67
4a_duration_estimator,4a_duration_estimator__d960__w6,97,70
4a_duration_estimator,4a_duration_estimator__d960__w6,98,92
4a_duration_estimator,4a_duration_estimator__d960__w6,99,37
4a_duration_estimator,4a_duration_estimator__d960__w6,100,28
4a_duration_estimator,4a_duration_estimator__d960__w6,101,40
4a_duration_estimator,4a_duration_estimator__d960__w6,102,47
4a_duration_estimator,4a_duration_estimator__d960__w6,103,47
4a_duration_estimator,4a_duration_estimator__d960__w6,104,55
4a_duration_estimator,4a_duration_estimator__d960__w6,105,75
4a_duration_estimator,4a_duration_estimator__d960__w6,106,72
4a_duration_estimator,4a_duration_estimator__d960__w6,107,70
4a_duration_estimator,4a_duration_estimator__d960__w6,108,117
4a_duration_estimator,4a_duration_estimator__d960__w6,109,97
4a_duration_estimator,4a_duration_estimator__d960__w6,110,110
4a_duration_estimator,4a_duration_estimator__d960__w6,111,129
4a_duration_estimator,4a_duration_estimator__d960__w6,112,116
4a_duration_estimator,4a_duration_estimator__d960__w6,113,120
4a_duration_estimator,4a_duration_estimator__d960__w6,114,121
4a_duration_estimator,4a_duration_estimator__d960__w6,115,109
4a_duration_estimator,4a_duration_estimator__d960__w6,116,105
4a_duration_estimator,4a_duration_estimator__d960__w6,117,119
4a_duration_estimator,4a_duration_estimator__d960__w6,118,132
4a_duration_estimator,4a_duration_estimator__d960__w6,119,88
4a_duration_estimator,4a_duration_estimator__d960__w6,120,78
4a_duration_estimator,4a_duration_estimator__d960__w6,121,73
4a_duration_estimator,4a_duration_estimator__d960__w6,122,47
4a_duration_estimator,4a_duration_estimator__d960__w6,123,59
4a_duration_estimator,4a_duration_estimator__d960__w6,124,20
4a_duration_estimator,4a_duration_estimator__d960__w6,125,29
4a_duration_estimator,4a_duration_estimator__d960__w6,126,18
4a_duration_estimator,4a_duration_estimator__d960__w6,127,25
4a_duration_estimator,4a_duration_estimator__d960__w6,128,13
4a_duration_estimator,4a_duration_estimator__d960__w6,129,25
4a_duration_estimator,4a_duration_estimator__d960__w6,130,42
4a_duration_estimator,4a_duration_estimator__d960__w6,131,27
4a_duration_estimator,4a_duration_estimator__d960__w6,132,37
4a_duration_estimator,4a_duration_estimator__d960__w6,133,45
4a_duration_estimator,4a_duration_estimator__d960__w6,134,34
4a_duration_estimator,4a_duration_estimator__d960__w6,135,56
4a_duration_estimator,4a_duration_estimator__d960__w6,136,42
4a_duration_estimator,4a_duration_estimator__d960__w6,137,55
4a_duration_estimator,4a_duration_estimator__d960__w6,138,39
4a_duration_estimator,4a_duration_estimator__d960__w6,139,34
4a_duration_estimator,4a_duration_estimator__d960__w6,140,49
4a_duration_estimator,4a_duration_estimator__d960__w6,141,54
4a_duration_estimator,4a_duration_estimator__d960__w6,142,54
4a_duration_estimator,4a_duration_estimator__d960__w6,143,48
4a_duration_estimator,4a_duration_estimator__d960__w6,144,40
4a_duration_estimator,4a_duration_estimator__d960__w6,145,29
4a_duration_estimator,4a_duration_estimator__d960__w6,146,31
4a_duration_estimator,4a_duration_estimator__d960__w6,147,28
4a_duration_estimator,4a_duration_estimator__d960__w6,148,24
4a_duration_estimator,4a_duration_estimator__d960__w6,149,29
4a_duration_estimator,4a_duration_estimator__d960__w6,150,27
4a_duration_estimator,4a_duration_estimator__d960__w6,151,20
4a_duration_estimator,4a_duration_estimator__d960__w6,152,17
4a_duration_estimator,4a_duration_estimator__d960__w6,153,31
4a_duration_estimator,4a_duration_estimator__d960__w6,154,25
4a_duration_estimator,4a_duration_estimator__d960__w6,155,41
4a_duration_estimator,4a_duration_estimator__d960__w6,156,34
4a_duration_estimator,4a_duration_estimator__d960__w6,157,43
4a_duration_estimator,4a_duration_estimator__d960__w6,158,38
4a_duration_estimator,4a_duration_estimator__d960__w6,159,29
4a_duration_estimator,4a_duration_estimator__d960__w6,160,34
4a_duration_estimator,4a_duration_estimator__d960__w6,161,58
4a_duration_estimator,4a_duration_estimator__d960__w6,162,52
4a_duration_estimator,4a_duration_estimator__d960__w6,163,60
4a_duration_estimator,4a_duration_estimator__d960__w6,164,51
4a_duration_estimator,4a_duration_estimator__d960__w6,165,42
4a_duration_estimator,4a_duration_estimator__d960__w6,166,60
4a_duration_estimator,4a_duration_estimator__d960__w6,167,40
4a_duration_estimator,4a_duration_estimator__d1920__w6,0,33
4a_duration_estimator,4a_duration_estimator__d1920__w6,1,32
4a_duration_estimator,4a_duration_estimator__d1920__w6,2,34
4a_duration_estimator,4a_duration_estimator__d1920__w6,3,30
4a_duration_estimator,4a_duration_estimator__d1920__w6,4,34
4a_duration_estimator,4a_duration_estimator__d1920__w6,5,37
4a_duration_estimator,4a_duration_estimator__d1920__w6,6,45
4a_duration_estimator,4a_duration_estimator__d1920__w6,7,46
4a_duration_estimator,4a_duration_estimator__d1920__w6,8,60
4a_duration_estimator,4a_duration_estimator__d1920__w6,9,72
4a_duration_estimator,4a_duration_estimator__d1920__w6,10,89
4a_duration_estimator,4a_duration_estimator__d1920__w6,11,79
4a_duration_estimator,4a_duration_estimator__d1920__w6,12,75
4a_duration_estimator,4a_duration_estimator__d1920__w6,13,90
4a_duration_estimator,4a_duration_estimator__d1920__w6,14,104
4a_duration_estimator,4a_duration_estimator__d1920__w6,15,105
4a_duration_estimator,4a_duration_estimator__d1920__w6,16,116
4a_duration_estimator,4a_duration_estimator__d1920__w6,17,113
4a_duration_estimator,4a_duration_estimator__d1920__w6,18,94
4a_duration_estimator,4a_duration_estimator__d1920__w6,19,102
4a_duration_estimator,4a_duration_estimator__d1920__w6,20,109
4a_duration_estimator,4a_duration_estimator__d1920__w6,21,114
4a_duration_estimator,4a_duration_estimator__d1920__w6,22,100
4a_duration_estimator,4a_duration_estimator__d1920__w6,23,93
4a_duration_estimator,4a_duration_estimator__d1920__w6,24,75
4a_duration_estimator,4a_duration_estimator__d1920__w6,25,77
4a_duration_estimator,4a_duration_estimator__d1920__w6,26,64
4a_duration_estimator,4a_duration_estimator__d1920__w6,27,32
4a_duration_estimator,4a_duration_estimator__d1920__w6,28,45
4a_duration_estimator,4a_duration_estimator__d1920__w6,29,38
4a_duration_estimator,4a_duration_estimator__d1920__w6,30,54
4a_duration_estimator,4a_duration_estimator__d1920__w6,31,48
4a_duration_estimator,4a_duration_estimator__d1920__w6,32,77
4a_duration_estimator,4a_duration_estimator__d1920__w6,33,79
4a_duration_estimator,4a_duration_estimator__d1920__w6,34,68
4a_duration_estimator,4a_duration_estimator__d1920__w6,35,76
4a_duration_estimator,4a_duration_estimator__d1920__w6,36,89
4a_duration_estimator,4a_duration_estimator__d1920__w6,37,92
4a_duration_estimator,4a_duration_estimator__d1920__w6,38,113
4a_duration_estimator,4a_duration_estimator__d1920__w6,39,113
4a_duration_estimator,4a_duration_estimator__d1920__w6,40,114
4a_duration_estimator,4a_duration_estimator__d1920__w6,41,120
4a_duration_estimator,4a_duration_estimator__d1920__w6,42,122
4a_duration_estimator,4a_duration_estimator__d1920__w6,43,122
4a_duration_estimator,4a_duration_estimator__d1920__w6,44,131
4a_duration_estimator,4a_duration_estimator__d1920__w6,45,133
4a_duration_estimator,4a_duration_estimator__d1920__w6,46,102
4a_duration_estimator,4a_duration_estimator__d1920__w6,47,110
4a_duration_estimator,4a_duration_estimator__d1920__w6,48,74
4a_duration_estimator,4a_duration_estimator__d1920__w6,49,67
4a_duration_estimator,4a_duration_estimator__d1920__w6,50,73
4a_duration_estimator,4a_duration_estimator__d1920__w6,51,47
4a_duration_estimator,4a_duration_estimator__d1920__w6,52,39
4a_duration_estimator,4a_duration_estimator__d1920__w6,53,46
4a_duration_estimator,4a_duration_estimator__d1920__w6,54,49
4a_duration_estimator,4a_duration_estimator__d1920__w6,55,66
4a_duration_estimator,4a_duration_estimator__d1920__w6,56,63
4a_duration_estimator,4a_duration_estimator__d1920__w6,57,65
4a_duration_estimator,4a_duration_estimator__d1920__w6,58,66
4a_duration_estimator,4a_duration_estimator__d1920__w6,59,72
4a_duration_estimator,4a_duration_estimator__d1920__w6,60,89
4a_duration_estimator,4a_duration_estimator__d1920__w6,61,82
4a_duration_estimator,4a_duration_estimator__d1920__w6,62,90
4a_duration_estimator,4a_duration_estimator__d1920__w6,63,106
4a_duration_estimator,4a_duration_estimator__d1920__w6,64,112
4a_duration_estimator,4a_duration_estimator__d1920__w6,65,126
4a_duration_estimator,4a_duration_estimator__d1920__w6,66,124
4a_duration_estimator,4a_duration_estimator__d1920__w6,67,130
4a_duration_estimator,4a_duration_estimator__d1920__w6,68,119
4a_duration_estimator,4a_duration_estimator__d1920__w6,69,115
4a_duration_estimator,4a_duration_estimator__d1920__w6,70,105
4a_duration_estimator,4a_duration_estimator__d1920__w6,71,108
4a_duration_estimator,4a_duration_estimator__d1920__w6,72,93
4a_duration_estimator,4a_duration_estimator__d1920__w6,73,68
4a_duration_estimator,4a_duration_estimator__d1920__w6,74,77
4a_duration_estimator,4a_duration_estimator__d1920__w6,75,38
4a_duration_estimator,4a_duration_estimator__d1920__w6,76,48
4a_duration_estimator,4a_duration_estimator__d1920__w6,77,50
4a_duration_estimator,4a_duration_estimator__d1920__w6,78,70
4a_duration_estimator,4a_duration_estimator__d1920__w6,79,57
4a_duration_estimator,4a_duration_estimator__d1920__w6,80,73
4a_duration_estimator,4a_duration_estimator__d1920__w6,81,66
4a_duration_estimator,4a_duration_estimator__d1920__w6,82,70
4a_duration_estimator,4a_duration_estimator__d1920__w6,83,76
4a_duration_estimator,4a_duration_estimator__d1920__w6,84,91
4a_duration_estimator,4a_duration_estimator__d1920__w6,85,102
4a_duration_estimator,4a_duration_estimator__d1920__w6,86,109
4a_duration_estimator,4a_duration_estimator__d1920__w6,87,105
4a_duration_estimator,4a_duration_estimator__d1920__w6,88,120
4a_duration_estimator,4a_duration_estimator__d1920__w6,89,120
4a_duration_estimator,4a_duration_estimator__d1920__w6,90,118
4a_duration_estimator,4a_duration_estimator__d1920__w6,91,112
4a_duration_estimator,4a_duration_estimator__d1920__w6,92,119
4a_duration_estimator,4a_duration_estimator__d1920__w6,93,130
4a_duration_estimator,4a_duration_estimator__d1920__w6,94,124
4a_duration_estimator,4a_duration_estimator__d1920__w6,95,100
4a_duration_estimator,4a_duration_estimator__d1920__w6,96,74
4a_duration_estimator,4a_duration_estimator__d1920__w6,97,75
4a_duration_estimator,4a_duration_estimator__d1920__w6,98,58
4a_duration_estimator,4a_duration_estimator__d1920__w6,99,37
4a_duration_estimator,4a_duration_estimator__d1920__w6,100,30
4a_duration_estimator,4a_duration_estimator__d1920__w6,101,42
4a_duration_estimator,4a_duration_estimator__d1920__w6,102,50
4a_duration_estimator,4a_duration_estimator__d1920__w6,103,53
4a_duration_estimator,4a_duration_estimator__d1920__w6,104,60
4a_duration_estimator,4a_duration_estimator__d1920__w6,105,84
4a_duration_estimator,4a_duration_estimator__d1920__w6,106,74
4a_duration_estimator,4a_duration_estimator__d1920__w6,107,75
4a_duration_estimator,4a_duration_estimator__d1920__w6,108,83
4a_duration_estimator,4a_duration_estimator__d1920__w6,109,97
4a_duration_estimator,4a_duration_estimator__d1920__w6,110,110
4a_duration_estimator,4a_duration_estimator__d1920__w6,111,129
4a_duration_estimator,4a_duration_estimator__d1920__w6,112,123
4a_duration_estimator,4a_duration_estimator__d1920__w6,113,122
4a_duration_estimator,4a_duration_estimator__d1920__w6,114,128
4a_duration_estimator,4a_duration_estimator__d1920__w6,115,112
4a_duration_estimator,4a_duration_estimator__d1920__w6,116,112
4a_duration_estimator,4a_duration_estimator__d1920__w6,117,128
4a_duration_estimator,4a_duration_estimator__d1920__w6,118,130
4a_duration_estimator,4a_duration_estimator__d1920__w6,119,88
4a_duration_estimator,4a_duration_estimator__d1920__w6,120,75
4a_duration_estimator,4a_duration_estimator__d1920__w6,121,71
4a_duration_estimator,4a_duration_estimator__d1920__w6,122,41
4a_duration_estimator,4a_duration_estimator__d1920__w6,123,37
4a_duration_estimator,4a_duration_estimator__d1920__w6,124,21
4a_duration_estimator,4a_duration_estimator__d1920__w6,125,29
4a_duration_estimator,4a_duration_estimator__d1920__w6,126,20
4a_duration_estimator,4a_duration_estimator__d1920__w6,127,25
4a_duration_estimator,4a_duration_estimator__d1920__w6,128,15
4a_duration_estimator,4a_duration_estimator__d1920__w6,129,28
4a_duration_estimator,4a_duration_estimator__d1920__w6,130,41
4a_duration_estimator,4a_duration_estimator__d1920__w6,131,29
4a_duration_estimator,4a_duration_estimator__d1920__w6,132,28
4a_duration_estimator,4a_duration_estimator__d1920__w6,133,45
4a_duration_estimator,4a_duration_estimator__d1920__w6,134,34
4a_duration_estimator,4a_duration_estimator__d1920__w6,135,56
4a_duration_estimator,4a_duration_estimator__d1920__w6,136,42
4a_duration_estimator,4a_duration_estimator__d1920__w6,137,55
4a_duration_estimator,4a_duration_estimator__d1920__w6,138,41
4a_duration_estimator,4a_duration_estimator__d1920__w6,139,35
4a_duration_estimator,4a_duration_estimator__d1920__w6,140,50
4a_duration_estimator,4a_duration_estimator__d1920__w6,141,56
4a_duration_estimator,4a_duration_estimator__d1920__w6,142,54
4a_duration_estimator,4a_duration_estimator__d1920__w6,143,46
4a_duration_estimator,4a_duration_estimator__d1920__w6,144,43
4a_duration_estimator,4a_duration_estimator__d1920__w6,145,30
4a_duration_estimator,4a_duration_estimator__d1920__w6,146,30
4a_duration_estimator,4a_duration_estimator__d1920__w6,147,22
4a_duration_estimator,4a_duration_estimator__d1920__w6,148,24
4a_duration_estimator,4a_duration_estimator__d1920__w6,149,29
4a_duration_estimator,4a_duration_estimator__d1920__w6,150,27
4a_duration_estimator,4a_duration_estimator__d1920__w6,151,21
4a_duration_estimator,4a_duration_estimator__d1920__w6,152,17
4a_duration_estimator,4a_duration_estimator__d1920__w6,153,30
4a_duration_estimator,4a_duration_estimator__d1920__w6,154,25
4a_duration_estimator,4a_duration_estimator__d1920__w6,155,40
4a_duration_estimator,4a_duration_estimator__d1920__w6,156,34
4a_duration_estimator,4a_duration_estimator__d1920__w6,157,43
4a_duration_estimator,4a_duration_estimator__d1920__w6,158,38
4a_duration_estimator,4a_duration_estimator__d1920__w6,159,29
4a_duration_estimator,4a_duration_estimator__d1920__w6,160,35
4a_duration_estimator,4a_duration_estimator__d1920__w6,161,59
4a_duration_estimator,4a_duration_estimator__d1920__w6,162,52
4a_duration_estimator,4a_duration_estimator__d1920__w6,163,60
4a_duration_estimator,4a_duration_estimator__d1920__w6,164,52
4a_duration_estimator,4a_duration_estimator__d1920__w6,165,44
4a_duration_estimator,4a_duration_estimator__d1920__w6,166,59
4a_duration_estimator,4a_duration_estimator__d1920__w6,167,40
4a_duration_estimator,4a_duration_estimator__d3840__w6,0,33
4a_duration_estimator,4a_duration_estimator__d3840__w6,1,32
4a_duration_estimator,4a_duration_estimator__d3840__w6,2,34
4a_duration_estimator,4a_duration_estimator__d3840__w6,3,30
4a_duration_estimator,4a_duration_estimator__d3840__w6,4,34
4a_duration_estimator,4a_duration_estimator__d3840__w6,5,37
4a_duration_estimator,4a_duration_estimator__d3840__w6,6,45
4a_duration_estimator,4a_duration_estimator__d3840__w6,7,47
4a_duration_estimator,4a_duration_estimator__d3840__w6,8,62
4a_duration_estimator,4a_duration_estimator__d3840__w6,9,72
4a_duration_estimator,4a_duration_estimator__d3840__w6,10,90
4a_duration_estimator,4a_duration_estimator__d3840__w6,11,80
4a_duration_estimator,4a_duration_estimator__d3840__w6,12,70
4a_duration_estimator,4a_duration_estimator__d3840__w6,13,90
4a_duration_estimator,4a_duration_estimator__d3840__w6,14,104
4a_duration_estimator,4a_duration_estimator__d3840__w6,15,107
4a_duration_estimator,4a_duration_estimator__d3840__w6,16,118
4a_duration_estimator,4a_duration_estimator__d3840__w6,17,117
4a_duration_estimator,4a_duration_estimator__d3840__w6,18,94
4a_duration_estimator,4a_duration_estimator__d3840__w6,19,107
4a_duration_estimator,4a_duration_estimator__d3840__w6,20,115
4a_duration_estimator,4a_duration_estimator__d3840__w6,21,115
4a_duration_estimator,4a_duration_estimator__d3840__w6,22,101
4a_duration_estimator,4a_duration_estimator__d3840__w6,23,91
4a_duration_estimator,4a_duration_estimator__d3840__w6,24,82
4a_duration_estimator,4a_duration_estimator__d3840__w6,25,73
4a_duration_estimator,4a_duration_estimator__d3840__w6,26,42
4a_duration_estimator,4a_duration_estimator__d3840__w6,27,32
4a_duration_estimator,4a_duration_estimator__d3840__w6,28,45
4a_duration_estimator,4a_duration_estimator__d3840__w6,29,38
4a_duration_estimator,4a_duration_estimator__d3840__w6,30,55
4a_duration_estimator,4a_duration_estimator__d3840__w6,31,50
4a_duration_estimator,4a_duration_estimator__d3840__w6,32,77
4a_duration_estimator,4a_duration_estimator__d3840__w6,33,81
4a_duration_estimator,4a_duration_estimator__d3840__w6,34,69
4a_duration_estimator,4a_duration_estimator__d3840__w6,35,76
4a_duration_estimator,4a_duration_estimator__d3840__w6,36,83
4a_duration_estimator,4a_duration_estimator__d3840__w6,37,92
4a_duration_estimator,4a_duration_estimator__d3840__w6,38,113
4a_duration_estimator,4a_duration_estimator__d3840__w6,39,113
4a_duration_estimator,4a_duration_estimator__d3840__w6,40,115
4a_duration_estimator,4a_duration_estimator__d3840__w6,41,123
4a_duration_estimator,4a_duration_estimator__d3840__w6,42,124
4a_duration_estimator,4a_duration_estimator__d3840__w6,43,124
4a_duration_estimator,4a_duration_estimator__d3840__w6,44,133
4a_duration_estimator,4a_duration_estimator__d3840__w6,45,139
4a_duration_estimator,4a_duration_estimator__d3840__w6,46,106
4a_duration_estimator,4a_duration_estimator__d3840__w6,47,109
4a_duration_estimator,4a_duration_estimator__d3840__w6,48,83
4a_duration_estimator,4a_duration_estimator__d3840__w6,49,66
4a_duration_estimator,4a_duration_estimator__d3840__w6,50,46
4a_duration_estimator,4a_duration_estimator__d3840__w6,51,47
4a_duration_estimator,4a_duration_estimator__d3840__w6,52,39
4a_duration_estimator,4a_duration_estimator__d3840__w6,53,46
4a_duration_estimator,4a_duration_estimator__d3840__w6,54,51
4a_duration_estimator,4a_duration_estimator__d3840__w6,55,68
4a_duration_estimator,4a_duration_estimator__d3840__w6,56,64
4a_duration_estimator,4a_duration_estimator__d3840__w6,57,67
4a_duration_estimator,4a_duration_estimator__d3840__w6,58,66
4a_duration_estimator,4a_duration_estimator__d3840__w6,59,75
4a_duration_estimator,4a_duration_estimator__d3840__w6,60,79
4a_duration_estimator,4a_duration_estimator__d3840__w6,61,82
4a_duration_estimator,4a_duration_estimator__d3840__w6,62,90
4a_duration_estimator,4a_duration_estimator__d3840__w6,63,107
4a_duration_estimator,4a_duration_estimator__d3840__w6,64,114
4a_duration_estimator,4a_duration_estimator__d3840__w6,65,132
4a_duration_estimator,4a_duration_estimator__d3840__w6,66,131
4a_duration_estimator,4a_duration_estimator__d3840__w6,67,136
4a_duration_estimator,4a_duration_estimator__d3840__w6,68,121
4a_duration_estimator,4a_duration_estimator__d3840__w6,69,121
4a_duration_estimator,4a_duration_estimator__d3840__w6,70,106
4a_duration_estimator,4a_duration_estimator__d3840__w6,71,103
4a_duration_estimator,4a_duration_estimator__d3840__w6,72,90
4a_duration_estimator,4a_duration_estimator__d3840__w6,73,62
4a_duration_estimator,4a_duration_estimator__d3840__w6,74,60
4a_duration_estimator,4a_duration_estimator__d3840__w6,75,38
4a_duration_estimator,4a_duration_estimator__d3840__w6,76,49
4a_duration_estimator,4a_duration_estimator__d3840__w6,77,51
4a_duration_estimator,4a_duration_estimator__d3840__w6,78,71
4a_duration_estimator,4a_duration_estimator__d3840__w6,79,57
4a_duration_estimator,4a_duration_estimator__d3840__w6,80,74
4a_duration_estimator,4a_duration_estimator__d3840__w6,81,67
4a_duration_estimator,4a_duration_estimator__d3840__w6,82,71
4a_duration_estimator,4a_duration_estimator__d3840__w6,83,77
4a_duration_estimator,4a_duration_estimator__d3840__w6,84,84
4a_duration_estimator,4a_duration_estimator__d3840__w6,85,102
4a_duration_estimator,4a_duration_estimator__d3840__w6,86,109
4a_duration_estimator,4a_duration_estimator__d3840__w6,87,106
4a_duration_estimator,4a_duration_estimator__d3840__w6,88,122
4a_duration_estimator,4a_duration_estimator__d3840__w6,89,122
4a_duration_estimator,4a_duration_estimator__d3840__w6,90,121
4a_duration_estimator,4a_duration_estimator__d3840__w6,91,117
4a_duration_estimator,4a_duration_estimator__d3840__w6,92,120
4a_duration_estimator,4a_duration_estimator__d3840__w6,93,131
4a_duration_estimator,4a_duration_estimator__d3840__w6,94,124
4a_duration_estimator,4a_duration_estimator__d3840__w6,95,96
4a_duration_estimator,4a_duration_estimator__d3840__w6,96,77
4a_duration_estimator,4a_duration_estimator__d3840__w6,97,72
4a_duration_estimator,4a_duration_estimator__d3840__w6,98,47
4a_duration_estimator,4a_duration_estimator__d3840__w6,99,37
4a_duration_estimator,4a_duration_estimator__d3840__w6,100,30
4a_duration_estimator,4a_duration_estimator__d3840__w6,101,42
4a_duration_estimator,4a_duration_estimator__d3840__w6,102,51
4a_duration_estimator,4a_duration_estimator__d3840__w6,103,53
4a_duration_estimator,4a_duration_estimator__d3840__w6,104,62
4a_duration_estimator,4a_duration_estimator__d3840__w6,105,89
4a_duration_estimator,4a_duration_estimator__d3840__w6,106,76
4a_duration_estimator,4a_duration_estimator__d3840__w6,107,75
4a_duration_estimator,4a_duration_estimator__d3840__w6,108,73
4a_duration_estimator,4a_duration_estimator__d3840__w6,109,97
4a_duration_estimator,4a_duration_estimator__d3840__w6,110,110
4a_duration_estimator,4a_duration_estimator__d3840__w6,111,129
4a_duration_estimator,4a_duration_estimator__d3840__w6,112,128
4a_duration_estimator,4a_duration_estimator__d3840__w6,113,125
4a_duration_estimator,4a_duration_estimator__d3840__w6,114,128
4a_duration_estimator,4a_duration_estimator__d3840__w6,115,116
4a_duration_estimator,4a_duration_estimator__d3840__w6,116,114
4a_duration_estimator,4a_duration_estimator__d3840__w6,117,128
4a_duration_estimator,4a_duration_estimator__d3840__w6,118,128
4a_duration_estimator,4a_duration_estimator__d3840__w6,119,88
4a_duration_estimator,4a_duration_estimator__d3840__w6,120,79
4a_duration_estimator,4a_duration_estimator__d3840__w6,121,69
4a_duration_estimator,4a_duration_estimator__d3840__w6,122,40
4a_duration_estimator,4a_duration_estimator__d3840__w6,123,24
4a_duration_estimator,4a_duration_estimator__d3840__w6,124,21
4a_duration_estimator,4a_duration_estimator__d3840__w6,125,29
4a_duration_estimator,4a_duration_estimator__d3840__w6,126,20
4a_duration_estimator,4a_duration_estimator__d3840__w6,127,25
4a_duration_estimator,4a_duration_estimator__d3840__w6,128,15
4a_duration_estimator,4a_duration_estimator__d3840__w6,129,29
4a_duration_estimator,4a_duration_estimator__d3840__w6,130,41
4a_duration_estimator,4a_duration_estimator__d3840__w6,131,29
4a_duration_estimator,4a_duration_estimator__d3840__w6,132,27
4a_duration_estimator,4a_duration_estimator__d3840__w6,133,45
4a_duration_estimator,4a_duration_estimator__d3840__w6,134,34
4a_duration_estimator,4a_duration_estimator__d3840__w6,135,56
4a_duration_estimator,4a_duration_estimator__d3840__w6,136,42
4a_duration_estimator,4a_duration_estimator__d3840__w6,137,55
4a_duration_estimator,4a_duration_estimator__d3840__w6,138,41
4a_duration_estimator,4a_duration_estimator__d3840__w6,139,35
4a_duration_estimator,4a_duration_estimator__d3840__w6,140,50
4a_duration_estimator,4a_duration_estimator__d3840__w6,141,56
4a_duration_estimator,4a_duration_estimator__d3840__w6,142,54
4a_duration_estimator,4a_duration_estimator__d3840__w6,143,47
4a_duration_estimator,4a_duration_estimator__d3840__w6,144,43
4a_duration_estimator,4a_duration_estimator__d3840__w6,145,30
4a_duration_estimator,4a_duration_estimator__d3840__w6,146,30
4a_duration_estimator,4a_duration_estimator__d3840__w6,147,21
4a_duration_estimator,4a_duration_estimator__d3840__w6,148,24
4a_duration_estimator,4a_duration_estimator__d3840__w6,149,29
4a_duration_estimator,4a_duration_estimator__d3840__w6,150,27
4a_duration_estimator,4a_duration_estimator__d3840__w6,151,21
4a_duration_estimator,4a_duration_estimator__d3840__w6,152,18
4a_duration_estimator,4a_duration_estimator__d3840__w6,153,30
4a_duration_estimator,4a_duration_estimator__d3840__w6,154,25
4a_duration_estimator,4a_duration_estimator__d3840__w6,155,39
4a_duration_estimator,4a_duration_estimator__d3840__w6,156,34
4a_duration_estimator,4a_duration_estimator__d3840__w6,157,43
4a_duration_estimator,4a_duration_estimator__d3840__w6,158,38
4a_duration_estimator,4a_duration_estimator__d3840__w6,159,29
4a_duration_estimator,4a_duration_estimator__d3840__w6,160,35
4a_duration_estimator,4a_duration_estimator__d3840__w6,161,59
4a_duration_estimator,4a_duration_estimator__d3840__w6,162,52
4a_duration_estimator,4a_duration_estimator__d3840__w6,163,60
4a_duration_estimator,4a_duration_estimator__d3840__w6,164,52
4a_duration_estimator,4a_duration_estimator__d3840__w6,165,44
4a_duration_estimator,4a_duration_estimator__d3840__w6,166,59
4a_duration_estimator,4a_duration_estimator__d3840__w6,167,40
4a_duration_estimator,4a_duration_estimator__d7680__w6,0,33
4a_duration_estimator,4a_duration_estimator__d7680__w6,1,32
4a_duration_estimator,4a_duration_estimator__d7680__w6,2,34
4a_duration_estimator,4a_duration_estimator__d7680__w6,3,30
4a_duration_estimator,4a_duration_estimator__d7680__w6,4,34
4a_duration_estimator,4a_duration_estimator__d7680__w6,5,37
4a_duration_estimator,4a_duration_estimator__d7680__w6,6,45
4a_duration_estimator,4a_duration_estimator__d7680__w6,7,47
4a_duration_estimator,4a_duration_estimator__d7680__w6,8,62
4a_duration_estimator,4a_duration_estimator__d7680__w6,9,72
4a_duration_estimator,4a_duration_estimator__d7680__w6,10,90
4a_duration_estimator,4a_duration_estimator__d7680__w6,11,80
4a_duration_estimator,4a_duration_estimator__d7680__w6,12,70
4a_duration_estimator,4a_duration_estimator__d7680__w6,13,90
4a_duration_estimator,4a_duration_estimator__d7680__w6,14,104
4a_duration_estimator,4a_duration_estimator__d7680__w6,15,107
4a_duration_estimator,4a_duration_estimator__d7680__w6,16,118
4a_duration_estimator,4a_duration_estimator__d7680__w6,17,117
4a_duration_estimator,4a_duration_estimator__d7680__w6,18,94
4a_duration_estimator,4a_duration_estimator__d7680__w6,19,107
4a_duration_estimator,4a_duration_estimator__d7680__w6,20,115
4a_duration_estimator,4a_duration_estimator__d7680__w6,21,115
4a_duration_estimator,4a_duration_estimator__d7680__w6,22,101
4a_duration_estimator,4a_duration_estimator__d7680__w6,23,91
4a_duration_estimator,4a_duration_estimator__d7680__w6,24,82
4a_duration_estimator,4a_duration_estimator__d7680__w6,25,73
4a_duration_estimator,4a_duration_estimator__d7680__w6,26,42
4a_duration_estimator,4a_duration_estimator__d7680__w6,27,32
4a_duration_estimator,4a_duration_estimator__d7680__w6,28,45
4a_duration_estimator,4a_duration_estimator__d7680__w6,29,38
4a_duration_estimator,4a_duration_estimator__d7680__w6,30,55
4a_duration_estimator,4a_duration_estimator__d7680__w6,31,50
4a_duration_estimator,4a_duration_estimator__d7680__w6,32,77
4a_duration_estimator,4a_duration_estimator__d7680__w6,33,81
4a_duration_estimator,4a_duration_estimator__d7680__w6,34,69
4a_duration_estimator,4a_duration_estimator__d7680__w6,35,76
4a_duration_estimator,4a_duration_estimator__d7680__w6,36,83
4a_duration_estimator,4a_duration_estimator__d7680__w6,37,92
4a_duration_estimator,4a_duration_estimator__d7680__w6,38,113
4a_duration_estimator,4a_duration_estimator__d7680__w6,39,113
4a_duration_estimator,4a_duration_estimator__d7680__w6,40,115
4a_duration_estimator,4a_duration_estimator__d7680__w6,41,123
4a_duration_estimator,4a_duration_estimator__d7680__w6,42,124
4a_duration_estimator,4a_duration_estimator__d7680__w6,43,124
4a_duration_estimator,4a_duration_estimator__d7680__w6,44,133
4a_duration_estimator,4a_duration_estimator__d7680__w6,45,139
4a_duration_estimator,4a_duration_estimator__d7680__w6,46,106
4a_duration_estimator,4a_duration_estimator__d7680__w6,47,109
4a_duration_estimator,4a_duration_estimator__d7680__w6,48,83
4a_duration_estimator,4a_duration_estimator__d7680__w6,49,66
4a_duration_estimator,4a_duration_estimator__d7680__w6,50,46
4a_duration_estimator,4a_duration_estimator__d7680__w6,51,47
4a_duration_estimator,4a_duration_estimator__d7680__w6,52,39
4a_duration_estimator,4a_duration_estimator__d7680__w6,53,46
4a_duration_estimator,4a_duration_estimator__d7680__w6,54,51
4a_duration_estimator,4a_duration_estimator__d7680__w6,55,68
4a_duration_estimator,4a_duration_estimator__d7680__w6,56,64
4a_duration_estimator,4a_duration_estimator__d7680__w6,57,67
4a_duration_estimator,4a_duration_estimator__d7680__w6,58,66
4a_duration_estimator,4a_duration_estimator__d7680__w6,59,75
4a_duration_estimator,4a_duration_estimator__d7680__w6,60,79
4a_duration_estimator,4a_duration_estimator__d7680__w6,61,82
4a_duration_estimator,4a_duration_estimator__d7680__w6,62,90
4a_duration_estimator,4a_duration_estimator__d7680__w6,63,107
4a_duration_estimator,4a_duration_estimator__d7680__w6,64,114
4a_duration_estimator,4a_duration_estimator__d7680__w6,65,132
4a_duration_estimator,4a_duration_estimator__d7680__w6,66,131
4a_duration_estimator,4a_duration_estimator__d7680__w6,67,136
4a_duration_estimator,4a_duration_estimator__d7680__w6,68,121
4a_duration_estimator,4a_duration_estimator__d7680__w6,69,121
4a_duration_estimator,4a_duration_estimator__d7680__w6,70,106
4a_duration_estimator,4a_duration_estimator__d7680__w6,71,103
4a_duration_estimator,4a_duration_estimator__d7680__w6,72,90
4a_duration_estimator,4a_duration_estimator__d7680__w6,73,62
4a_duration_estimator,4a_duration_estimator__d7680__w6,74,60
4a_duration_estimator,4a_duration_estimator__d7680__w6,75,38
4a_duration_estimator,4a_duration_estimator__d7680__w6,76,49
4a_duration_estimator,4a_duration_estimator__d7680__w6,77,51
4a_duration_estimator,4a_duration_estimator__d7680__w6,78,71
4a_duration_estimator,4a_duration_estimator__d7680__w6,79,57
4a_duration_estimator,4a_duration_estimator__d7680__w6,80,74
4a_duration_estimator,4a_duration_estimator__d7680__w6,81,67
4a_duration_estimator,4a_duration_estimator__d7680__w6,82,71
4a_duration_estimator,4a_duration_estimator__d7680__w6,83,77
4a_duration_estimator,4a_duration_estimator__d7680__w6,84,84
4a_duration_estimator,4a_duration_estimator__d7680__w6,85,102
4a_duration_estimator,4a_duration_estimator__d7680__w6,86,109
4a_duration_estimator,4a_duration_estimator__d7680__w6,87,106
4a_duration_estimator,4a_duration_estimator__d7680__w6,88,122
4a_duration_estimator,4a_duration_estimator__d7680__w6,89,122
4a_duration_estimator,4a_duration_estimator__d7680__w6,90,121
4a_duration_estimator,4a_duration_estimator__d7680__w6,91,117
4a_duration_estimator,4a_duration_estimator__d7680__w6,92,120
4a_duration_estimator,4a_duration_estimator__d7680__w6,93,131
4a_duration_estimator,4a_duration_estimator__d7680__w6,94,124
4a_duration_estimator,4a_duration_estimator__d7680__w6,95,96
4a_duration_estimator,4a_duration_estimator__d7680__w6,96,77
4a_duration_estimator,4a_duration_estimator__d7680__w6,97,72
4a_duration_estimator,4a_duration_estimator__d7680__w6,98,47
4a_duration_estimator,4a_duration_estimator__d7680__w6,99,37
4a_duration_estimator,4a_duration_estimator__d7680__w6,100,30
4a_duration_estimator,4a_duration_estimator__d7680__w6,101,42
4a_duration_estimator,4a_duration_estimator__d7680__w6,102,51
4a_duration_estimator,4a_duration_estimator__d7680__w6,103,53
4a_duration_estimator,4a_duration_estimator__d7680__w6,104,62
4a_duration_estimator,4a_duration_estimator__d7680__w6,105,89
4a_duration_estimator,4a_duration_estimator__d7680__w6,106,76
4a_duration_estimator,4a_duration_estimator__d7680__w6,107,75
4a_duration_estimator,4a_duration_estimator__d7680__w6,108,73
4a_duration_estimator,4a_duration_estimator__d7680__w6,109,97
4a_duration_estimator,4a_duration_estimator__d7680__w6,110,110
4a_duration_estimator,4a_duration_estimator__d7680__w6,111,129
4a_duration_estimator,4a_duration_estimator__d7680__w6,112,128
4a_duration_estimator,4a_duration_estimator__d7680__w6,113,125
4a_duration_estimator,4a_duration_estimator__d7680__w6,114,128
4a_duration_estimator,4a_duration_estimator__d7680__w6,115,116
4a_duration_estimator,4a_duration_estimator__d7680__w6,116,114
4a_duration_estimator,4a_duration_estimator__d7680__w6,117,128
4a_duration_estimator,4a_duration_estimator__d7680__w6,118,128
4a_duration_estimator,4a_duration_estimator__d7680__w6,119,88
4a_duration_estimator,4a_duration_estimator__d7680__w6,120,79
4a_duration_estimator,4a_duration_estimator__d7680__w6,121,69
4a_duration_estimator,4a_duration_estimator__d7680__w6,122,40
4a_duration_estimator,4a_duration_estimator__d7680__w6,123,24
4a_duration_estimator,4a_duration_estimator__d7680__w6,124,21
4a_duration_estimator,4a_duration_estimator__d7680__w6,125,29
4a_duration_estimator,4a_duration_estimator__d7680__w6,126,20
4a_duration_estimator,4a_duration_estimator__d7680__w6,127,25
4a_duration_estimator,4a_duration_estimator__d7680__w6,128,15
4a_duration_estimator,4a_duration_estimator__d7680__w6,129,29
4a_duration_estimator,4a_duration_estimator__d7680__w6,130,41
4a_duration_estimator,4a_duration_estimator__d7680__w6,131,29
4a_duration_estimator,4a_duration_estimator__d7680__w6,132,27
4a_duration_estimator,4a_duration_estimator__d7680__w6,133,45
4a_duration_estimator,4a_duration_estimator__d7680__w6,134,34
4a_duration_estimator,4a_duration_estimator__d7680__w6,135,56
4a_duration_estimator,4a_duration_estimator__d7680__w6,136,42
4a_duration_estimator,4a_duration_estimator__d7680__w6,137,55
4a_duration_estimator,4a_duration_estimator__d7680__w6,138,41
4a_duration_estimator,4a_duration_estimator__d7680__w6,139,35
4a_duration_estimator,4a_duration_estimator__d7680__w6,140,50
4a_duration_estimator,4a_duration_estimator__d7680__w6,141,56
4a_duration_estimator,4a_duration_estimator__d7680__w6,142,54
4a_duration_estimator,4a_duration_estimator__d7680__w6,143,47
4a_duration_estimator,4a_duration_estimator__d7680__w6,144,43
4a_duration_estimator,4a_duration_estimator__d7680__w6,145,30
4a_duration_estimator,4a_duration_estimator__d7680__w6,146,30
4a_duration_estimator,4a_duration_estimator__d7680__w6,147,21
4a_duration_estimator,4a_duration_estimator__d7680__w6,148,24
4a_duration_estimator,4a_duration_estimator__d7680__w6,149,29
4a_duration_estimator,4a_duration_estimator__d7680__w6,150,27
4a_duration_estimator,4a_duration_estimator__d7680__w6,151,21
4a_duration_estimator,4a_duration_estimator__d7680__w6,152,18
4a_duration_estimator,4a_duration_estimator__d7680__w6,153,30
4a_duration_estimator,4a_duration_estimator__d7680__w6,154,25
4a_duration_estimator,4a_duration_estimator__d7680__w6,155,39
4a_duration_estimator,4a_duration_estimator__d7680__w6,156,34
4a_duration_estimator,4a_duration_estimator__d7680__w6,157,43
4a_duration_estimator,4a_duration_estimator__d7680__w6,158,38
4a_duration_estimator,4a_duration_estimator__d7680__w6,159,29
4a_duration_estimator,4a_duration_estimator__d7680__w6,160,35
4a_duration_estimator,4a_duration_estimator__d7680__w6,161,59
4a_duration_estimator,4a_duration_estimator__d7680__w6,162,52
4a_duration_estimator,4a_duration_estimator__d7680__w6,163,60
4a_duration_estimator,4a_duration_estimator__d7680__w6,164,52
4a_duration_estimator,4a_duration_estimator__d7680__w6,165,44
4a_duration_estimator,4a_duration_estimator__d7680__w6,166,59
4a_duration_estimator,4a_duration_estimator__d7680__w6,167,40
4a_duration_estimator,4a_duration_estimator__d15360__w6,0,33
4a_duration_estimator,4a_duration_estimator__d15360__w6,1,32
4a_duration_estimator,4a_duration_estimator__d15360__w6,2,34
4a_duration_estimator,4a_duration_estimator__d15360__w6,3,30
4a_duration_estimator,4a_duration_estimator__d15360__w6,4,34
4a_duration_estimator,4a_duration_estimator__d15360__w6,5,37
4a_duration_estimator,4a_duration_estimator__d15360__w6,6,45
4a_duration_estimator,4a_duration_estimator__d15360__w6,7,47
4a_duration_estimator,4a_duration_estimator__d15360__w6,8,62
4a_duration_estimator,4a_duration_estimator__d15360__w6,9,72
4a_duration_estimator,4a_duration_estimator__d15360__w6,10,90
4a_duration_estimator,4a_duration_estimator__d15360__w6,11,80
4a_duration_estimator,4a_duration_estimator__d15360__w6,12,70
4a_duration_estimator,4a_duration_estimator__d15360__w6,13,90
4a_duration_estimator,4a_duration_estimator__d15360__w6,14,104
4a_duration_estimator,4a_duration_estimator__d15360__w6,15,107
4a_duration_estimator,4a_duration_estimator__d15360__w6,16,118
4a_duration_estimator,4a_duration_estimator__d15360__w6,17,117
4a_duration_estimator,4a_duration_estimator__d15360__w6,18,94
4a_duration_estimator,4a_duration_estimator__d15360__w6,19,107
4a_duration_estimator,4a_duration_estimator__d15360__w6,20,115
4a_duration_estimator,4a_duration_estimator__d15360__w6,21,115
4a_duration_estimator,4a_duration_estimator__d15360__w6,22,101
4a_duration_estimator,4a_duration_estimator__d15360__w6,23,91
4a_duration_estimator,4a_duration_estimator__d15360__w6,24,82
4a_duration_estimator,4a_duration_estimator__d15360__w6,25,73
4a_duration_estimator,4a_duration_estimator__d15360__w6,26,42
4a_duration_estimator,4a_duration_estimator__d15360__w6,27,32
4a_duration_estimator,4a_duration_estimator__d15360__w6,28,45
4a_duration_estimator,4a_duration_estimator__d15360__w6,29,38
4a_duration_estimator,4a_duration_estimator__d15360__w6,30,55
4a_duration_estimator,4a_duration_estimator__d15360__w6,31,50
4a_duration_estimator,4a_duration_estimator__d15360__w6,32,77
4a_duration_estimator,4a_duration_estimator__d15360__w6,33,81
4a_duration_estimator,4a_duration_estimator__d15360__w6,34,69
4a_duration_estimator,4a_duration_estimator__d15360__w6,35,76
4a_duration_estimator,4a_duration_estimator__d15360__w6,36,83
4a_duration_estimator,4a_duration_estimator__d15360__w6,37,92
4a_duration_estimator,4a_duration_estimator__d15360__w6,38,113
4a_duration_estimator,4a_duration_estimator__d15360__w6,39,113
4a_duration_estimator,4a_duration_estimator__d15360__w6,40,115
4a_duration_estimator,4a_duration_estimator__d15360__w6,41,123
4a_duration_estimator,4a_duration_estimator__d15360__w6,42,124
4a_duration_estimator,4a_duration_estimator__d15360__w6,43,124
4a_duration_estimator,4a_duration_estimator__d15360__w6,44,133
4a_duration_estimator,4a_duration_estimator__d15360__w6,45,139
4a_duration_estimator,4a_duration_estimator__d15360__w6,46,106
4a_duration_estimator,4a_duration_estimator__d15360__w6,47,109
4a_duration_estimator,4a_duration_estimator__d15360__w6,48,83
4a_duration_estimator,4a_duration_estimator__d15360__w6,49,66
4a_duration_estimator,4a_duration_estimator__d15360__w6,50,46
4a_duration_estimator,4a_duration_estimator__d15360__w6,51,47
4a_duration_estimator,4a_duration_estimator__d15360__w6,52,39
4a_duration_estimator,4a_duration_estimator__d15360__w6,53,46
4a_duration_estimator,4a_duration_estimator__d15360__w6,54,51
4a_duration_estimator,4a_duration_estimator__d15360__w6,55,68
4a_duration_estimator,4a_duration_estimator__d15360__w6,56,64
4a_duration_estimator,4a_duration_estimator__d15360__w6,57,67
4a_duration_estimator,4a_duration_estimator__d15360__w6,58,66
4a_duration_estimator,4a_duration_estimator__d15360__w6,59,75
4a_duration_estimator,4a_duration_estimator__d15360__w6,60,79
4a_duration_estimator,4a_duration_estimator__d15360__w6,61,82
4a_duration_estimator,4a_duration_estimator__d15360__w6,62,90
4a_duration_estimator,4a_duration_estimator__d15360__w6,63,107
4a_duration_estimator,4a_duration_estimator__d15360__w6,64,114
4a_duration_estimator,4a_duration_estimator__d15360__w6,65,132
4a_duration_estimator,4a_duration_estimator__d15360__w6,66,131
4a_duration_estimator,4a_duration_estimator__d15360__w6,67,136
4a_duration_estimator,4a_duration_estimator__d15360__w6,68,121
4a_duration_estimator,4a_duration_estimator__d15360__w6,69,121
4a_duration_estimator,4a_duration_estimator__d15360__w6,70,106
4a_duration_estimator,4a_duration_estimator__d15360__w6,71,103
4a_duration_estimator,4a_duration_estimator__d15360__w6,72,90
4a_duration_estimator,4a_duration_estimator__d15360__w6,73,62
4a_duration_estimator,4a_duration_estimator__d15360__w6,74,60
4a_duration_estimator,4a_duration_estimator__d15360__w6,75,38
4a_duration_estimator,4a_duration_estimator__d15360__w6,76,49
4a_duration_estimator,4a_duration_estimator__d15360__w6,77,51
4a_duration_estimator,4a_duration_estimator__d15360__w6,78,71
4a_duration_estimator,4a_duration_estimator__d15360__w6,79,57
4a_duration_estimator,4a_duration_estimator__d15360__w6,80,74
4a_duration_estimator,4a_duration_estimator__d15360__w6,81,67
4a_duration_estimator,4a_duration_estimator__d15360__w6,82,71
4a_duration_estimator,4a_duration_estimator__d15360__w6,83,77
4a_duration_estimator,4a_duration_estimator__d15360__w6,84,84
4a_duration_estimator,4a_duration_estimator__d15360__w6,85,102
4a_duration_estimator,4a_duration_estimator__d15360__w6,86,109
4a_duration_estimator,4a_duration_estimator__d15360__w6,87,106
4a_duration_estimator,4a_duration_estimator__d15360__w6,88,122
4a_duration_estimator,4a_duration_estimator__d15360__w6,89,122
4a_duration_estimator,4a_duration_estimator__d15360__w6,90,121
4a_duration_estimator,4a_duration_estimator__d15360__w6,91,117
4a_duration_estimator,4a_duration_estimator__d15360__w6,92,120
4a_duration_estimator,4a_duration_estimator__d15360__w6,93,131
4a_duration_estimator,4a_duration_estimator__d15360__w6,94,124
4a_duration_estimator,4a_duration_estimator__d15360__w6,95,96
4a_duration_estimator,4a_duration_estimator__d15360__w6,96,77
4a_duration_estimator,4a_duration_estimator__d15360__w6,97,72
4a_duration_estimator,4a_duration_estimator__d15360__w6,98,47
4a_duration_estimator,4a_duration_estimator__d15360__w6,99,37
4a_duration_estimator,4a_duration_estimator__d15360__w6,100,30
4a_duration_estimator,4a_duration_estimator__d15360__w6,101,42
4a_duration_estimator,4a_duration_estimator__d15360__w6,102,51
4a_duration_estimator,4a_duration_estimator__d15360__w6,103,53
4a_duration_estimator,4a_duration_estimator__d15360__w6,104,62
4a_duration_estimator,4a_duration_estimator__d15360__w6,105,89
4a_duration_estimator,4a_duration_estimator__d15360__w6,106,76
4a_duration_estimator,4a_duration_estimator__d15360__w6,107,75
4a_duration_estimator,4a_duration_estimator__d15360__w6,108,73
4a_duration_estimator,4a_duration_estimator__d15360__w6,109,97
4a_duration_estimator,4a_duration_estimator__d15360__w6,110,110
4a_duration_estimator,4a_duration_estimator__d15360__w6,111,129
4a_duration_estimator,4a_duration_estimator__d15360__w6,112,128
4a_duration_estimator,4a_duration_estimator__d15360__w6,113,125
4a_duration_estimator,4a_duration_estimator__d15360__w6,114,128
4a_duration_estimator,4a_duration_estimator__d15360__w6,115,116
4a_duration_estimator,4a_duration_estimator__d15360__w6,116,114
4a_duration_estimator,4a_duration_estimator__d15360__w6,117,128
4a_duration_estimator,4a_duration_estimator__d15360__w6,118,128
4a_duration_estimator,4a_duration_estimator__d15360__w6,119,88
4a_duration_estimator,4a_duration_estimator__d15360__w6,120,79
4a_duration_estimator,4a_duration_estimator__d15360__w6,121,69
4a_duration_estimator,4a_duration_estimator__d15360__w6,122,40
4a_duration_estimator,4a_duration_estimator__d15360__w6,123,24
4a_duration_estimator,4a_duration_estimator__d15360__w6,124,21
4a_duration_estimator,4a_duration_estimator__d15360__w6,125,29
4a_duration_estimator,4a_duration_estimator__d15360__w6,126,20
4a_duration_estimator,4a_duration_estimator__d15360__w6,127,25
4a_duration_estimator,4a_duration_estimator__d15360__w6,128,15
4a_duration_estimator,4a_duration_estimator__d15360__w6,129,29
4a_duration_estimator,4a_duration_estimator__d15360__w6,130,41
4a_duration_estimator,4a_duration_estimator__d15360__w6,131,29
4a_duration_estimator,4a_duration_estimator__d15360__w6,132,27
4a_duration_estimator,4a_duration_estimator__d15360__w6,133,45
4a_duration_estimator,4a_duration_estimator__d15360__w6,134,34
4a_duration_estimator,4a_duration_estimator__d15360__w6,135,56
4a_duration_estimator,4a_duration_estimator__d15360__w6,136,42
4a_duration_estimator,4a_duration_estimator__d15360__w6,137,55
4a_duration_estimator,4a_duration_estimator__d15360__w6,138,41
4a_duration_estimator,4a_duration_estimator__d15360__w6,139,35
4a_duration_estimator,4a_duration_estimator__d15360__w6,140,50
4a_duration_estimator,4a_duration_estimator__d15360__w6,141,56
4a_duration_estimator,4a_duration_estimator__d15360__w6,142,54
4a_duration_estimator,4a_duration_estimator__d15360__w6,143,47
4a_duration_estimator,4a_duration_estimator__d15360__w6,144,43
4a_duration_estimator,4a_duration_estimator__d15360__w6,145,30
4a_duration_estimator,4a_duration_estimator__d15360__w6,146,30
4a_duration_estimator,4a_duration_estimator__d15360__w6,147,21
4a_duration_estimator,4a_duration_estimator__d15360__w6,148,24
4a_duration_estimator,4a_duration_estimator__d15360__w6,149,29
4a_duration_estimator,4a_duration_estimator__d15360__w6,150,27
4a_duration_estimator,4a_duration_estimator__d15360__w6,151,21
4a_duration_estimator,4a_duration_estimator__d15360__w6,152,18
4a_duration_estimator,4a_duration_estimator__d15360__w6,153,30
4a_duration_estimator,4a_duration_estimator__d15360__w6,154,25
4a_duration_estimator,4a_duration_estimator__d15360__w6,155,39
4a_duration_estimator,4a_duration_estimator__d15360__w6,156,34
4a_duration_estimator,4a_duration_estimator__d15360__w6,157,43
4a_duration_estimator,4a_duration_estimator__d15360__w6,158,38
4a_duration_estimator,4a_duration_estimator__d15360__w6,159,29
4a_duration_estimator,4a_duration_estimator__d15360__w6,160,35
4a_duration_estimator,4a_duration_estimator__d15360__w6,161,59
4a_duration_estimator,4a_duration_estimator__d15360__w6,162,52
4a_duration_estimator,4a_duration_estimator__d15360__w6,163,60
4a_duration_estimator,4a_duration_estimator__d15360__w6,164,52
4a_duration_estimator,4a_duration_estimator__d15360__w6,165,44
4a_duration_estimator,4a_duration_estimator__d15360__w6,166,59
4a_duration_estimator,4a_duration_estimator__d15360__w6,167,40
4a_duration_estimator,4a_duration_estimator__d0__w12,0,22
4a_duration_estimator,4a_duration_estimator__d0__w12,1,111
4a_duration_estimator,4a_duration_estimator__d0__w12,2,34
4a_duration_estimator,4a_duration_estimator__d0__w12,3,30
4a_duration_estimator,4a_duration_estimator__d0__w12,4,34
4a_duration_estimator,4a_duration_estimator__d0__w12,5,26
4a_duration_estimator,4a_duration_estimator__d0__w12,6,31
4a_duration_estimator,4a_duration_estimator__d0__w12,7,35
4a_duration_estimator,4a_duration_estimator__d0__w12,8,45
4a_duration_estimator,4a_duration_estimator__d0__w12,9,52
4a_duration_estimator,4a_duration_estimator__d0__w12,10,61
4a_duration_estimator,4a_duration_estimator__d0__w12,11,64
4a_duration_estimator,4a_duration_estimator__d0__w12,12,124
4a_duration_estimator,4a_duration_estimator__d0__w12,13,60
4a_duration_estimator,4a_duration_estimator__d0__w12,14,82
4a_duration_estimator,4a_duration_estimator__d0__w12,15,83
4a_duration_estimator,4a_duration_estimator__d0__w12,16,93
4a_duration_estimator,4a_duration_estimator__d0__w12,17,94
4a_duration_estimator,4a_duration_estimator__d0__w12,18,76
4a_duration_estimator,4a_duration_estimator__d0__w12,19,84
4a_duration_estimator,4a_duration_estimator__d0__w12,20,88
4a_duration_estimator,4a_duration_estimator__d0__w12,21,83
4a_duration_estimator,4a_duration_estimator__d0__w12,22,113
4a_duration_estimator,4a_duration_estimator__d0__w12,23,92
4a_duration_estimator,4a_duration_estimator__d0__w12,24,82
4a_duration_estimator,4a_duration_estimator__d0__w12,25,95
4a_duration_estimator,4a_duration_estimator__d0__w12,26,296
4a_duration_estimator,4a_duration_estimator__d0__w12,27,32
4a_duration_estimator,4a_duration_estimator__d0__w12,28,45
4a_duration_estimator,4a_duration_estimator__d0__w12,29,27
4a_duration_estimator,4a_duration_estimator__d0__w12,30,36
4a_duration_estimator,4a_duration_estimator__d0__w12,31,40
4a_duration_estimator,4a_duration_estimator__d0__w12,32,63
4a_duration_estimator,4a_duration_estimator__d0__w12,33,52
4a_duration_estimator,4a_duration_estimator__d0__w12,34,53
4a_duration_estimator,4a_duration_estimator__d0__w12,35,56
4a_duration_estimator,4a_duration_estimator__d0__w12,36,202
4a_duration_estimator,4a_duration_estimator__d0__w12,37,69
4a_duration_estimator,4a_duration_estimator__d0__w12,38,88
4a_duration_estimator,4a_duration_estimator__d0__w12,39,87
4a_duration_estimator,4a_duration_estimator__d0__w12,40,87
4a_duration_estimator,4a_duration_estimator__d0__w12,41,99
4a_duration_estimator,4a_duration_estimator__d0__w12,42,102
4a_duration_estimator,4a_duration_estimator__d0__w12,43,96
4a_duration_estimator,4a_duration_estimator__d0__w12,44,111
4a_duration_estimator,4a_duration_estimator__d0__w12,45,111
4a_duration_estimator,4a_duration_estimator__d0__w12,46,83
4a_duration_estimator,4a_duration_estimator__d0__w12,47,87
4a_duration_estimator,4a_duration_estimator__d0__w12,48,60
4a_duration_estimator,4a_duration_estimator__d0__w12,49,74
4a_duration_estimator,4a_duration_estimator__d0__w12,50,332
4a_duration_estimator,4a_duration_estimator__d0__w12,51,47
4a_duration_estimator,4a_duration_estimator__d0__w12,52,31
4a_duration_estimator,4a_duration_estimator__d0__w12,53,35
4a_duration_estimator,4a_duration_estimator__d0__w12,54,38
4a_duration_estimator,4a_duration_estimator__d0__w12,55,47
4a_duration_estimator,4a_duration_estimator__d0__w12,56,46
4a_duration_estimator,4a_duration_estimator__d0__w12,57,45
4a_duration_estimator,4a_duration_estimator__d0__w12,58,48
4a_duration_estimator,4a_duration_estimator__d0__w12,59,50
4a_duration_estimator,4a_duration_estimator__d0__w12,60,154
4a_duration_estimator,4a_duration_estimator__d0__w12,61,61
4a_duration_estimator,4a_duration_estimator__d0__w12,62,62
4a_duration_estimator,4a_duration_estimator__d0__w12,63,78
4a_duration_estimator,4a_duration_estimator__d0__w12,64,90
4a_duration_estimator,4a_duration_estimator__d0__w12,65,107
4a_duration_estimator,4a_duration_estimator__d0__w12,66,102
4a_duration_estimator,4a_duration_estimator__d0__w12,67,102
4a_duration_estimator,4a_duration_estimator__d0__w12,68,93
4a_duration_estimator,4a_duration_estimator__d0__w12,69,94
4a_duration_estimator,4a_duration_estimator__d0__w12,70,98
4a_duration_estimator,4a_duration_estimator__d0__w12,71,101
4a_duration_estimator,4a_duration_estimator__d0__w12,72,85
4a_duration_estimator,4a_duration_estimator__d0__w12,73,70
4a_duration_estimator,4a_duration_estimator__d0__w12,74,373
4a_duration_estimator,4a_duration_estimator__d0__w12,75,38
4a_duration_estimator,4a_duration_estimator__d0__w12,76,39
4a_duration_estimator,4a_duration_estimator__d0__w12,77,36
4a_duration_estimator,4a_duration_estimator__d0__w12,78,47
4a_duration_estimator,4a_duration_estimator__d0__w12,79,38
4a_duration_estimator,4a_duration_estimator__d0__w12,80,53
4a_duration_estimator,4a_duration_estimator__d0__w12,81,48
4a_duration_estimator,4a_duration_estimator__d0__w12,82,47
4a_duration_estimator,4a_duration_estimator__d0__w12,83,55
4a_duration_estimator,4a_duration_estimator__d0__w12,84,200
4a_duration_estimator,4a_duration_estimator__d0__w12,85,81
4a_duration_estimator,4a_duration_estimator__d0__w12,86,69
4a_duration_estimator,4a_duration_estimator__d0__w12,87,85
4a_duration_estimator,4a_duration_estimator__d0__w12,88,97
4a_duration_estimator,4a_duration_estimator__d0__w12,89,100
4a_duration_estimator,4a_duration_estimator__d0__w12,90,92
4a_duration_estimator,4a_duration_estimator__d0__w12,91,100
4a_duration_estimator,4a_duration_estimator__d0__w12,92,88
4a_duration_estimator,4a_duration_estimator__d0__w12,93,102
4a_duration_estimator,4a_duration_estimator__d0__w12,94,102
4a_duration_estimator,4a_duration_estimator__d0__w12,95,122
4a_duration_estimator,4a_duration_estimator__d0__w12,96,52
4a_duration_estimator,4a_duration_estimator__d0__w12,97,79
4a_duration_estimator,4a_duration_estimator__d0__w12,98,335
4a_duration_estimator,4a_duration_estimator__d0__w12,99,30
4a_duration_estimator,4a_duration_estimator__d0__w12,100,23
4a_duration_estimator,4a_duration_estimator__d0__w12,101,33
4a_duration_estimator,4a_duration_estimator__d0__w12,102,40
4a_duration_estimator,4a_duration_estimator__d0__w12,103,40
4a_duration_estimator,4a_duration_estimator__d0__w12,104,44
4a_duration_estimator,4a_duration_estimator__d0__w12,105,54
4a_duration_estimator,4a_duration_estimator__d0__w12,106,59
4a_duration_estimator,4a_duration_estimator__d0__w12,107,56
4a_duration_estimator,4a_duration_estimator__d0__w12,108,209
4a_duration_estimator,4a_duration_estimator__d0__w12,109,72
4a_duration_estimator,4a_duration_estimator__d0__w12,110,84
4a_duration_estimator,4a_duration_estimator__d0__w12,111,106
4a_duration_estimator,4a_duration_estimator__d0__w12,112,95
4a_duration_estimator,4a_duration_estimator__d0__w12,113,110
4a_duration_estimator,4a_duration_estimator__d0__w12,114,103
4a_duration_estimator,4a_duration_estimator__d0__w12,115,91
4a_duration_estimator,4a_duration_estimator__d0__w12,116,91
4a_duration_estimator,4a_duration_estimator__d0__w12,117,103
4a_duration_estimator,4a_duration_estimator__d0__w12,118,105
4a_duration_estimator,4a_duration_estimator__d0__w12,119,73
4a_duration_estimator,4a_duration_estimator__d0__w12,120,60
4a_duration_estimator,4a_duration_estimator__d0__w12,121,85
4a_duration_estimator,4a_duration_estimator__d0__w12,122,60
4a_duration_estimator,4a_duration_estimator__d0__w12,123,188
4a_duration_estimator,4a_duration_estimator__d0__w12,124,17
4a_duration_estimator,4a_duration_estimator__d0__w12,125,26
4a_duration_estimator,4a_duration_estimator__d0__w12,126,14
4a_duration_estimator,4a_duration_estimator__d0__w12,127,18
4a_duration_estimator,4a_duration_estimator__d0__w12,128,12
4a_duration_estimator,4a_duration_estimator__d0__w12,129,21
4a_duration_estimator,4a_duration_estimator__d0__w12,130,61
4a_duration_estimator,4a_duration_estimator__d0__w12,131,35
4a_duration_estimator,4a_duration_estimator__d0__w12,132,109
4a_duration_estimator,4a_duration_estimator__d0__w12,133,41
4a_duration_estimator,4a_duration_estimator__d0__w12,134,29
4a_duration_estimator,4a_duration_estimator__d0__w12,135,50
4a_duration_estimator,4a_duration_estimator__d0__w12,136,36
4a_duration_estimator,4a_duration_estimator__d0__w12,137,45
4a_duration_estimator,4a_duration_estimator__d0__w12,138,33
4a_duration_estimator,4a_duration_estimator__d0__w12,139,30
4a_duration_estimator,4a_duration_estimator__d0__w12,140,44
4a_duration_estimator,4a_duration_estimator__d0__w12,141,43
4a_duration_estimator,4a_duration_estimator__d0__w12,142,48
4a_duration_estimator,4a_duration_estimator__d0__w12,143,38
4a_duration_estimator,4a_duration_estimator__d0__w12,144,32
4a_duration_estimator,4a_duration_estimator__d0__w12,145,29
4a_duration_estimator,4a_duration_estimator__d0__w12,146,30
4a_duration_estimator,4a_duration_estimator__d0__w12,147,61
4a_duration_estimator,4a_duration_estimator__d0__w12,148,22
4a_duration_estimator,4a_duration_estimator__d0__w12,149,25
4a_duration_estimator,4a_duration_estimator__d0__w12,150,23
4a_duration_estimator,4a_duration_estimator__d0__w12,151,13
4a_duration_estimator,4a_duration_estimator__d0__w12,152,13
4a_duration_estimator,4a_duration_estimator__d0__w12,153,39
4a_duration_estimator,4a_duration_estimator__d0__w12,154,26
4a_duration_estimator,4a_duration_estimator__d0__w12,155,102
4a_duration_estimator,4a_duration_estimator__d0__w12,156,34
4a_duration_estimator,4a_duration_estimator__d0__w12,157,43
4a_duration_estimator,4a_duration_estimator__d0__w12,158,28
4a_duration_estimator,4a_duration_estimator__d0__w12,159,26
4a_duration_estimator,4a_duration_estimator__d0__w12,160,30
4a_duration_estimator,4a_duration_estimator__d0__w12,161,54
4a_duration_estimator,4a_duration_estimator__d0__w12,162,45
4a_duration_estimator,4a_duration_estimator__d0__w12,163,50
4a_duration_estimator,4a_duration_estimator__d0__w12,164,45
4a_duration_estimator,4a_duration_estimator__d0__w12,165,34
4a_duration_estimator,4a_duration_estimator__d0__w12,166,54
4a_duration_estimator,4a_duration_estimator__d0__w12,167,34
4a_duration_estimator,4a_duration_estimator__d60__w12,0,23
4a_duration_estimator,4a_duration_estimator__d60__w12,1,108
4a_duration_estimator,4a_duration_estimator__d60__w12,2,34
4a_duration_estimator,4a_duration_estimator__d60__w12,3,30
4a_duration_estimator,4a_duration_estimator__d60__w12,4,34
4a_duration_estimator,4a_duration_estimator__d60__w12,5,27
4a_duration_estimator,4a_duration_estimator__d60__w12,6,32
4a_duration_estimator,4a_duration_estimator__d60__w12,7,38
4a_duration_estimator,4a_duration_estimator__d60__w12,8,47
4a_duration_estimator,4a_duration_estimator__d60__w12,9,53
4a_duration_estimator,4a_duration_estimator__d60__w12,10,62
4a_duration_estimator,4a_duration_estimator__d60__w12,11,65
4a_duration_estimator,4a_duration_estimator__d60__w12,12,118
4a_duration_estimator,4a_duration_estimator__d60__w12,13,60
4a_duration_estimator,4a_duration_estimator__d60__w12,14,82
4a_duration_estimator,4a_duration_estimator__d60__w12,15,83
4a_duration_estimator,4a_duration_estimator__d60__w12,16,93
4a_duration_estimator,4a_duration_estimator__d60__w12,17,94
4a_duration_estimator,4a_duration_estimator__d60__w12,18,76
4a_duration_estimator,4a_duration_estimator__d60__w12,19,86
4a_duration_estimator,4a_duration_estimator__d60__w12,20,88
4a_duration_estimator,4a_duration_estimator__d60__w12,21,83
4a_duration_estimator,4a_duration_estimator__d60__w12,22,112
4a_duration_estimator,4a_duration_estimator__d60__w12,23,91
4a_duration_estimator,4a_duration_estimator__d60__w12,24,81
4a_duration_estimator,4a_duration_estimator__d60__w12,25,95
4a_duration_estimator,4a_duration_estimator__d60__w12,26,293
4a_duration_estimator,4a_duration_estimator__d60__w12,27,32
4a_duration_estimator,4a_duration_estimator__d60__w12,28,45
4a_duration_estimator,4a_duration_estimator__d60__w12,29,27
4a_duration_estimator,4a_duration_estimator__d60__w12,30,38
4a_duration_estimator,4a_duration_estimator__d60__w12,31,40
4a_duration_estimator,4a_duration_estimator__d60__w12,32,63
4a_duration_estimator,4a_duration_estimator__d60__w12,33,54
4a_duration_estimator,4a_duration_estimator__d60__w12,34,53
4a_duration_estimator,4a_duration_estimator__d60__w12,35,57
4a_duration_estimator,4a_duration_estimator__d60__w12,36,197
4a_duration_estimator,4a_duration_estimator__d60__w12,37,69
4a_duration_estimator,4a_duration_estimator__d60__w12,38,88
4a_duration_estimator,4a_duration_estimator__d60__w12,39,87
4a_duration_estimator,4a_duration_estimator__d60__w12,40,87
4a_duration_estimator,4a_duration_estimator__d60__w12,41,99
4a_duration_estimator,4a_duration_estimator__d60__w12,42,102
4a_duration_estimator,4a_duration_estimator__d60__w12,43,96
4a_duration_estimator,4a_duration_estimator__d60__w12,44,111
4a_duration_estimator,4a_duration_estimator__d60__w12,45,112
4a_duration_estimator,4a_duration_estimator__d60__w12,46,83
4a_duration_estimator,4a_duration_estimator__d60__w12,47,87
4a_duration_estimator,4a_duration_estimator__d60__w12,48,60
4a_duration_estimator,4a_duration_estimator__d60__w12,49,76
4a_duration_estimator,4a_duration_estimator__d60__w12,50,329
4a_duration_estimator,4a_duration_estimator__d60__w12,51,47
4a_duration_estimator,4a_duration_estimator__d60__w12,52,32
4a_duration_estimator,4a_duration_estimator__d60__w12,53,36
4a_duration_estimator,4a_duration_estimator__d60__w12,54,39
4a_duration_estimator,4a_duration_estimator__d60__w12,55,50
4a_duration_estimator,4a_duration_estimator__d60__w12,56,47
4a_duration_estimator,4a_duration_estimator__d60__w12,57,46
4a_duration_estimator,4a_duration_estimator__d60__w12,58,49
4a_duration_estimator,4a_duration_estimator__d60__w12,59,51
4a_duration_estimator,4a_duration_estimator__d60__w12,60,146
4a_duration_estimator,4a_duration_estimator__d60__w12,61,61
4a_duration_estimator,4a_duration_estimator__d60__w12,62,62
4a_duration_estimator,4a_duration_estimator__d60__w12,63,78
4a_duration_estimator,4a_duration_estimator__d60__w12,64,90
4a_duration_estimator,4a_duration_estimator__d60__w12,65,107
4a_duration_estimator,4a_duration_estimator__d60__w12,66,102
4a_duration_estimator,4a_duration_estimator__d60__w12,67,102
4a_duration_estimator,4a_duration_estimator__d60__w12,68,93
4a_duration_estimator,4a_duration_estimator__d60__w12,69,94
4a_duration_estimator,4a_duration_estimator__d60__w12,70,97
4a_duration_estimator,4a_duration_estimator__d60__w12,71,101
4a_duration_estimator,4a_duration_estimator__d60__w12,72,85
4a_duration_estimator,4a_duration_estimator__d60__w12,73,71
4a_duration_estimator,4a_duration_estimator__d60__w12,74,371
4a_duration_estimator,4a_duration_estimator__d60__w12,75,38
4a_duration_estimator,4a_duration_estimator__d60__w12,76,40
4a_duration_estimator,4a_duration_estimator__d60__w12,77,37
4a_duration_estimator,4a_duration_estimator__d60__w12,78,48
4a_duration_estimator,4a_duration_estimator__d60__w12,79,39
4a_duration_estimator,4a_duration_estimator__d60__w12,80,53
4a_duration_estimator,4a_duration_estimator__d60__w12,81,50
4a_duration_estimator,4a_duration_estimator__d60__w12,82,47
4a_duration_estimator,4a_duration_estimator__d60__w12,83,55
4a_duration_estimator,4a_duration_estimator__d60__w12,84,194
4a_duration_estimator,4a_duration_estimator__d60__w12,85,81
4a_duration_estimator,4a_duration_estimator__d60__w12,86,69
4a_duration_estimator,4a_duration_estimator__d60__w12,87,85
4a_duration_estimator,4a_duration_estimator__d60__w12,88,98
4a_duration_estimator,4a_duration_estimator__d60__w12,89,100
4a_duration_estimator,4a_duration_estimator__d60__w12,90,92
4a_duration_estimator,4a_duration_estimator__d60__w12,91,100
4a_duration_estimator,4a_duration_estimator__d60__w12,92,88
4a_duration_estimator,4a_duration_estimator__d60__w12,93,102
4a_duration_estimator,4a_duration_estimator__d60__w12,94,102
4a_duration_estimator,4a_duration_estimator__d60__w12,95,122
4a_duration_estimator,4a_duration_estimator__d60__w12,96,52
4a_duration_estimator,4a_duration_estimator__d60__w12,97,81
4a_duration_estimator,4a_duration_estimator__d60__w12,98,332
4a_duration_estimator,4a_duration_estimator__d60__w12,99,30
4a_duration_estimator,4a_duration_estimator__d60__w12,100,24
4a_duration_estimator,4a_duration_estimator__d60__w12,101,35
4a_duration_estimator,4a_duration_estimator__d60__w12,102,42
4a_duration_estimator,4a_duration_estimator__d60__w12,103,40
4a_duration_estimator,4a_duration_estimator__d60__w12,104,45
4a_duration_estimator,4a_duration_estimator__d60__w12,105,55
4a_duration_estimator,4a_duration_estimator__d60__w12,106,60
4a_duration_estimator,4a_duration_estimator__d60__w12,107,56
4a_duration_estimator,4a_duration_estimator__d60__w12,108,201
4a_duration_estimator,4a_duration_estimator__d60__w12,109,73
4a_duration_estimator,4a_duration_estimator__d60__w12,110,84
4a_duration_estimator,4a_duration_estimator__d60__w12,111,106
4a_duration_estimator,4a_duration_estimator__d60__w12,112,97
4a_duration_estimator,4a_duration_estimator__d60__w12,113,110
4a_duration_estimator,4a_duration_estimator__d60__w12,114,103
4a_duration_estimator,4a_duration_estimator__d60__w12,115,91
4a_duration_estimator,4a_duration_estimator__d60__w12,116,91
4a_duration_estimator,4a_duration_estimator__d60__w12,117,103
4a_duration_estimator,4a_duration_estimator__d60__w12,118,106
4a_duration_estimator,4a_duration_estimator__d60__w12,119,73
4a_duration_estimator,4a_duration_estimator__d60__w12,120,61
4a_duration_estimator,4a_duration_estimator__d60__w12,121,84
4a_duration_estimator,4a_duration_estimator__d60__w12,122,60
4a_duration_estimator,4a_duration_estimator__d60__w12,123,187
4a_duration_estimator,4a_duration_estimator__d60__w12,124,17
4a_duration_estimator,4a_duration_estimator__d60__w12,125,27
4a_duration_estimator,4a_duration_estimator__d60__w12,126,14
4a_duration_estimator,4a_duration_estimator__d60__w12,127,18
4a_duration_estimator,4a_duration_estimator__d60__w12,128,12
4a_duration_estimator,4a_duration_estimator__d60__w12,129,22
4a_duration_estimator,4a_duration_estimator__d60__w12,130,60
4a_duration_estimator,4a_duration_estimator__d60__w12,131,35
4a_duration_estimator,4a_duration_estimator__d60__w12,132,105
4a_duration_estimator,4a_duration_estimator__d60__w12,133,41
4a_duration_estimator,4a_duration_estimator__d60__w12,134,29
4a_duration_estimator,4a_duration_estimator__d60__w12,135,50
4a_duration_estimator,4a_duration_estimator__d60__w12,136,37
4a_duration_estimator,4a_duration_estimator__d60__w12,137,45
4a_duration_estimator,4a_duration_estimator__d60__w12,138,33
4a_duration_estimator,4a_duration_estimator__d60__w12,139,30
4a_duration_estimator,4a_duration_estimator__d60__w12,140,44
4a_duration_estimator,4a_duration_estimator__d60__w12,141,43
4a_duration_estimator,4a_duration_estimator__d60__w12,142,48
4a_duration_estimator,4a_duration_estimator__d60__w12,143,38
4a_duration_estimator,4a_duration_estimator__d60__w12,144,32
4a_duration_estimator,4a_duration_estimator__d60__w12,145,29
4a_duration_estimator,4a_duration_estimator__d60__w12,146,31
4a_duration_estimator,4a_duration_estimator__d60__w12,147,60
4a_duration_estimator,4a_duration_estimator__d60__w12,148,22
4a_duration_estimator,4a_duration_estimator__d60__w12,149,26
4a_duration_estimator,4a_duration_estimator__d60__w12,150,24
4a_duration_estimator,4a_duration_estimator__d60__w12,151,13
4a_duration_estimator,4a_duration_estimator__d60__w12,152,13
4a_duration_estimator,4a_duration_estimator__d60__w12,153,39
4a_duration_estimator,4a_duration_estimator__d60__w12,154,26
4a_duration_estimator,4a_duration_estimator__d60__w12,155,99
4a_duration_estimator,4a_duration_estimator__d60__w12,156,34
4a_duration_estimator,4a_duration_estimator__d60__w12,157,43
4a_duration_estimator,4a_duration_estimator__d60__w12,158,28
4a_duration_estimator,4a_duration_estimator__d60__w12,159,26
4a_duration_estimator,4a_duration_estimator__d60__w12,160,31
4a_duration_estimator,4a_duration_estimator__d60__w12,161,54
4a_duration_estimator,4a_duration_estimator__d60__w12,162,45
4a_duration_estimator,4a_duration_estimator__d60__w12,163,51
4a_duration_estimator,4a_duration_estimator__d60__w12,164,45
4a_duration_estimator,4a_duration_estimator__d60__w12,165,34
4a_duration_estimator,4a_duration_estimator__d60__w12,166,54
4a_duration_estimator,4a_duration_estimator__d60__w12,167,34
4a_duration_estimator,4a_duration_estimator__d120__w12,0,23
4a_duration_estimator,4a_duration_estimator__d120__w12,1,104
4a_duration_estimator,4a_duration_estimator__d120__w12,2,34
4a_duration_estimator,4a_duration_estimator__d120__w12,3,30
4a_duration_estimator,4a_duration_estimator__d120__w12,4,34
4a_duration_estimator,4a_duration_estimator__d120__w12,5,27
4a_duration_estimator,4a_duration_estimator__d120__w12,6,32
4a_duration_estimator,4a_duration_estimator__d120__w12,7,39
4a_duration_estimator,4a_duration_estimator__d120__w12,8,47
4a_duration_estimator,4a_duration_estimator__d120__w12,9,53
4a_duration_estimator,4a_duration_estimator__d120__w12,10,63
4a_duration_estimator,4a_duration_estimator__d120__w12,11,65
4a_duration_estimator,4a_duration_estimator__d120__w12,12,119
4a_duration_estimator,4a_duration_estimator__d120__w12,13,60
4a_duration_estimator,4a_duration_estimator__d120__w12,14,83
4a_duration_estimator,4a_duration_estimator__d120__w12,15,83
4a_duration_estimator,4a_duration_estimator__d120__w12,16,93
4a_duration_estimator,4a_duration_estimator__d120__w12,17,95
4a_duration_estimator,4a_duration_estimator__d120__w12,18,76
4a_duration_estimator,4a_duration_estimator__d120__w12,19,86
4a_duration_estimator,4a_duration_estimator__d120__w12,20,88
4a_duration_estimator,4a_duration_estimator__d120__w12,21,83
4a_duration_estimator,4a_duration_estimator__d120__w12,22,111
4a_duration_estimator,4a_duration_estimator__d120__w12,23,91
4a_duration_estimator,4a_duration_estimator__d120__w12,24,79
4a_duration_estimator,4a_duration_estimator__d120__w12,25,97
4a_duration_estimator,4a_duration_estimator__d120__w12,26,289
4a_duration_estimator,4a_duration_estimator__d120__w12,27,32
4a_duration_estimator,4a_duration_estimator__d120__w12,28,45
4a_duration_estimator,4a_duration_estimator__d120__w12,29,28
4a_duration_estimator,4a_duration_estimator__d120__w12,30,40
4a_duration_estimator,4a_duration_estimator__d120__w12,31,40
4a_duration_estimator,4a_duration_estimator__d120__w12,32,64
4a_duration_estimator,4a_duration_estimator__d120__w12,33,54
4a_duration_estimator,4a_duration_estimator__d120__w12,34,54
4a_duration_estimator,4a_duration_estimator__d120__w12,35,59
4a_duration_estimator,4a_duration_estimator__d120__w12,36,190
4a_duration_estimator,4a_duration_estimator__d120__w12,37,70
4a_duration_estimator,4a_duration_estimator__d120__w12,38,89
4a_duration_estimator,4a_duration_estimator__d120__w12,39,88
4a_duration_estimator,4a_duration_estimator__d120__w12,40,87
4a_duration_estimator,4a_duration_estimator__d120__w12,41,100
4a_duration_estimator,4a_duration_estimator__d120__w12,42,102
4a_duration_estimator,4a_duration_estimator__d120__w12,43,97
4a_duration_estimator,4a_duration_estimator__d120__w12,44,111
4a_duration_estimator,4a_duration_estimator__d120__w12,45,112
4a_duration_estimator,4a_duration_estimator__d120__w12,46,84
4a_duration_estimator,4a_duration_estimator__d120__w12,47,88
4a_duration_estimator,4a_duration_estimator__d120__w12,48,60
4a_duration_estimator,4a_duration_estimator__d120__w12,49,75
4a_duration_estimator,4a_duration_estimator__d120__w12,50,323
4a_duration_estimator,4a_duration_estimator__d120__w12,51,47
4a_duration_estimator,4a_duration_estimator__d120__w12,52,34
4a_duration_estimator,4a_duration_estimator__d120__w12,53,36
4a_duration_estimator,4a_duration_estimator__d120__w12,54,39
4a_duration_estimator,4a_duration_estimator__d120__w12,55,50
4a_duration_estimator,4a_duration_estimator__d120__w12,56,47
4a_duration_estimator,4a_duration_estimator__d120__w12,57,46
4a_duration_estimator,4a_duration_estimator__d120__w12,58,49
4a_duration_estimator,4a_duration_estimator__d120__w12,59,51
4a_duration_estimator,4a_duration_estimator__d120__w12,60,145
4a_duration_estimator,4a_duration_estimator__d120__w12,61,62
4a_duration_estimator,4a_duration_estimator__d120__w12,62,64
4a_duration_estimator,4a_duration_estimator__d120__w12,63,78
4a_duration_estimator,4a_duration_estimator__d120__w12,64,92
4a_duration_estimator,4a_duration_estimator__d120__w12,65,108
4a_duration_estimator,4a_duration_estimator__d120__w12,66,102
4a_duration_estimator,4a_duration_estimator__d120__w12,67,104
4a_duration_estimator,4a_duration_estimator__d120__w12,68,95
4a_duration_estimator,4a_duration_estimator__d120__w12,69,95
4a_duration_estimator,4a_duration_estimator__d120__w12,70,99
4a_duration_estimator,4a_duration_estimator__d120__w12,71,102
4a_duration_estimator,4a_duration_estimator__d120__w12,72,85
4a_duration_estimator,4a_duration_estimator__d120__w12,73,71
4a_duration_estimator,4a_duration_estimator__d120__w12,74,356
4a_duration_estimator,4a_duration_estimator__d120__w12,75,38
4a_duration_estimator,4a_duration_estimator__d120__w12,76,41
4a_duration_estimator,4a_duration_estimator__d120__w12,77,37
4a_duration_estimator,4a_duration_estimator__d120__w12,78,48
4a_duration_estimator,4a_duration_estimator__d120__w12,79,39
4a_duration_estimator,4a_duration_estimator__d120__w12,80,55
4a_duration_estimator,4a_duration_estimator__d120__w12,81,50
4a_duration_estimator,4a_duration_estimator__d120__w12,82,47
4a_duration_estimator,4a_duration_estimator__d120__w12,83,55
4a_duration_estimator,4a_duration_estimator__d120__w12,84,191
4a_duration_estimator,4a_duration_estimator__d120__w12,85,81
4a_duration_estimator,4a_duration_estimator__d120__w12,86,69
4a_duration_estimator,4a_duration_estimator__d120__w12,87,85
4a_duration_estimator,4a_duration_estimator__d120__w12,88,99
4a_duration_estimator,4a_duration_estimator__d120__w12,89,100
4a_duration_estimator,4a_duration_estimator__d120__w12,90,93
4a_duration_estimator,4a_duration_estimator__d120__w12,91,101
4a_duration_estimator,4a_duration_estimator__d120__w12,92,88
4a_duration_estimator,4a_duration_estimator__d120__w12,93,103
4a_duration_estimator,4a_duration_estimator__d120__w12,94,102
4a_duration_estimator,4a_duration_estimator__d120__w12,95,122
4a_duration_estimator,4a_duration_estimator__d120__w12,96,53
4a_duration_estimator,4a_duration_estimator__d120__w12,97,81
4a_duration_estimator,4a_duration_estimator__d120__w12,98,327
4a_duration_estimator,4a_duration_estimator__d120__w12,99,30
4a_duration_estimator,4a_duration_estimator__d120__w12,100,24
4a_duration_estimator,4a_duration_estimator__d120__w12,101,36
4a_duration_estimator,4a_duration_estimator__d120__w12,102,42
4a_duration_estimator,4a_duration_estimator__d120__w12,103,40
4a_duration_estimator,4a_duration_estimator__d120__w12,104,46
4a_duration_estimator,4a_duration_estimator__d120__w12,105,58
4a_duration_estimator,4a_duration_estimator__d120__w12,106,60
4a_duration_estimator,4a_duration_estimator__d120__w12,107,56
4a_duration_estimator,4a_duration_estimator__d120__w12,108,196
4a_duration_estimator,4a_duration_estimator__d120__w12,109,75
4a_duration_estimator,4a_duration_estimator__d120__w12,110,85
4a_duration_estimator,4a_duration_estimator__d120__w12,111,108
4a_duration_estimator,4a_duration_estimator__d120__w12,112,98
4a_duration_estimator,4a_duration_estimator__d120__w12,113,110
4a_duration_estimator,4a_duration_estimator__d120__w12,114,105
4a_duration_estimator,4a_duration_estimator__d120__w12,115,91
4a_duration_estimator,4a_duration_estimator__d120__w12,116,93
4a_duration_estimator,4a_duration_estimator__d120__w12,117,104
4a_duration_estimator,4a_duration_estimator__d120__w12,118,106
4a_duration_estimator,4a_duration_estimator__d120__w12,119,73
4a_duration_estimator,4a_duration_estimator__d120__w12,120,61
4a_duration_estimator,4a_duration_estimator__d120__w12,121,83
4a_duration_estimator,4a_duration_estimator__d120__w12,122,60
4a_duration_estimator,4a_duration_estimator__d120__w12,123,179
4a_duration_estimator,4a_duration_estimator__d120__w12,124,17
4a_duration_estimator,4a_duration_estimator__d120__w12,125,28
4a_duration_estimator,4a_duration_estimator__d120__w12,126,14
4a_duration_estimator,4a_duration_estimator__d120__w12,127,18
4a_duration_estimator,4a_duration_estimator__d120__w12,128,12
4a_duration_estimator,4a_duration_estimator__d120__w12,129,22
4a_duration_estimator,4a_duration_estimator__d120__w12,130,61
4a_duration_estimator,4a_duration_estimator__d120__w12,131,35
4a_duration_estimator,4a_duration_estimator__d120__w12,132,101
4a_duration_estimator,4a_duration_estimator__d120__w12,133,41
4a_duration_estimator,4a_duration_estimator__d120__w12,134,29
4a_duration_estimator,4a_duration_estimator__d120__w12,135,51
4a_duration_estimator,4a_duration_estimator__d120__w12,136,37
4a_duration_estimator,4a_duration_estimator__d120__w12,137,45
4a_duration_estimator,4a_duration_estimator__d120__w12,138,33
4a_duration_estimator,4a_duration_estimator__d120__w12,139,31
4a_duration_estimator,4a_duration_estimator__d120__w12,140,44
4a_duration_estimator,4a_duration_estimator__d120__w12,141,43
4a_duration_estimator,4a_duration_estimator__d120__w12,142,48
4a_duration_estimator,4a_duration_estimator__d120__w12,143,38
4a_duration_estimator,4a_duration_estimator__d120__w12,144,32
4a_duration_estimator,4a_duration_estimator__d120__w12,145,29
4a_duration_estimator,4a_duration_estimator__d120__w12,146,31
4a_duration_estimator,4a_duration_estimator__d120__w12,147,58
4a_duration_estimator,4a_duration_estimator__d120__w12,148,22
4a_duration_estimator,4a_duration_estimator__d120__w12,149,26
4a_duration_estimator,4a_duration_estimator__d120__w12,150,24
4a_duration_estimator,4a_duration_estimator__d120__w12,151,14
4a_duration_estimator,4a_duration_estimator__d120__w12,152,13
4a_duration_estimator,4a_duration_estimator__d120__w12,153,39
4a_duration_estimator,4a_duration_estimator__d120__w12,154,26
4a_duration_estimator,4a_duration_estimator__d120__w12,155,98
4a_duration_estimator,4a_duration_estimator__d120__w12,156,34
4a_duration_estimator,4a_duration_estimator__d120__w12,157,43
4a_duration_estimator,4a_duration_estimator__d120__w12,158,29
4a_duration_estimator,4a_duration_estimator__d120__w12,159,26
4a_duration_estimator,4a_duration_estimator__d120__w12,160,31
4a_duration_estimator,4a_duration_estimator__d120__w12,161,55
4a_duration_estimator,4a_duration_estimator__d120__w12,162,46
4a_duration_estimator,4a_duration_estimator__d120__w12,163,51
4a_duration_estimator,4a_duration_estimator__d120__w12,164,45
4a_duration_estimator,4a_duration_estimator__d120__w12,165,34
4a_duration_estimator,4a_duration_estimator__d120__w12,166,55
4a_duration_estimator,4a_duration_estimator__d120__w12,167,34
4a_duration_estimator,4a_duration_estimator__d240__w12,0,23
4a_duration_estimator,4a_duration_estimator__d240__w12,1,90
4a_duration_estimator,4a_duration_estimator__d240__w12,2,34
4a_duration_estimator,4a_duration_estimator__d240__w12,3,30
4a_duration_estimator,4a_duration_estimator__d240__w12,4,34
4a_duration_estimator,4a_duration_estimator__d240__w12,5,28
4a_duration_estimator,4a_duration_estimator__d240__w12,6,35
4a_duration_estimator,4a_duration_estimator__d240__w12,7,40
4a_duration_estimator,4a_duration_estimator__d240__w12,8,47
4a_duration_estimator,4a_duration_estimator__d240__w12,9,55
4a_duration_estimator,4a_duration_estimator__d240__w12,10,65
4a_duration_estimator,4a_duration_estimator__d240__w12,11,65
4a_duration_estimator,4a_duration_estimator__d240__w12,12,112
4a_duration_estimator,4a_duration_estimator__d240__w12,13,62
4a_duration_estimator,4a_duration_estimator__d240__w12,14,85
4a_duration_estimator,4a_duration_estimator__d240__w12,15,86
4a_duration_estimator,4a_duration_estimator__d240__w12,16,97
4a_duration_estimator,4a_duration_estimator__d240__w12,17,96
4a_duration_estimator,4a_duration_estimator__d240__w12,18,81
4a_duration_estimator,4a_duration_estimator__d240__w12,19,89
4a_duration_estimator,4a_duration_estimator__d240__w12,20,89
4a_duration_estimator,4a_duration_estimator__d240__w12,21,85
4a_duration_estimator,4a_duration_estimator__d240__w12,22,109
4a_duration_estimator,4a_duration_estimator__d240__w12,23,91
4a_duration_estimator,4a_duration_estimator__d240__w12,24,82
4a_duration_estimator,4a_duration_estimator__d240__w12,25,97
4a_duration_estimator,4a_duration_estimator__d240__w12,26,263
4a_duration_estimator,4a_duration_estimator__d240__w12,27,32
4a_duration_estimator,4a_duration_estimator__d240__w12,28,45
4a_duration_estimator,4a_duration_estimator__d240__w12,29,28
4a_duration_estimator,4a_duration_estimator__d240__w12,30,41
4a_duration_estimator,4a_duration_estimator__d240__w12,31,41
4a_duration_estimator,4a_duration_estimator__d240__w12,32,64
4a_duration_estimator,4a_duration_estimator__d240__w12,33,56
4a_duration_estimator,4a_duration_estimator__d240__w12,34,55
4a_duration_estimator,4a_duration_estimator__d240__w12,35,60
4a_duration_estimator,4a_duration_estimator__d240__w12,36,184
4a_duration_estimator,4a_duration_estimator__d240__w12,37,71
4a_duration_estimator,4a_duration_estimator__d240__w12,38,92
4a_duration_estimator,4a_duration_estimator__d240__w12,39,89
4a_duration_estimator,4a_duration_estimator__d240__w12,40,88
4a_duration_estimator,4a_duration_estimator__d240__w12,41,107
4a_duration_estimator,4a_duration_estimator__d240__w12,42,105
4a_duration_estimator,4a_duration_estimator__d240__w12,43,101
4a_duration_estimator,4a_duration_estimator__d240__w12,44,114
4a_duration_estimator,4a_duration_estimator__d240__w12,45,113
4a_duration_estimator,4a_duration_estimator__d240__w12,46,85
4a_duration_estimator,4a_duration_estimator__d240__w12,47,89
4a_duration_estimator,4a_duration_estimator__d240__w12,48,63
4a_duration_estimator,4a_duration_estimator__d240__w12,49,75
4a_duration_estimator,4a_duration_estimator__d240__w12,50,294
4a_duration_estimator,4a_duration_estimator__d240__w12,51,47
4a_duration_estimator,4a_duration_estimator__d240__w12,52,35
4a_duration_estimator,4a_duration_estimator__d240__w12,53,37
4a_duration_estimator,4a_duration_estimator__d240__w12,54,41
4a_duration_estimator,4a_duration_estimator__d240__w12,55,51
4a_duration_estimator,4a_duration_estimator__d240__w12,56,47
4a_duration_estimator,4a_duration_estimator__d240__w12,57,46
4a_duration_estimator,4a_duration_estimator__d240__w12,58,52
4a_duration_estimator,4a_duration_estimator__d240__w12,59,52
4a_duration_estimator,4a_duration_estimator__d240__w12,60,141
4a_duration_estimator,4a_duration_estimator__d240__w12,61,64
4a_duration_estimator,4a_duration_estimator__d240__w12,62,66
4a_duration_estimator,4a_duration_estimator__d240__w12,63,78
4a_duration_estimator,4a_duration_estimator__d240__w12,64,95
4a_duration_estimator,4a_duration_estimator__d240__w12,65,109
4a_duration_estimator,4a_duration_estimator__d240__w12,66,105
4a_duration_estimator,4a_duration_estimator__d240__w12,67,109
4a_duration_estimator,4a_duration_estimator__d240__w12,68,96
4a_duration_estimator,4a_duration_estimator__d240__w12,69,100
4a_duration_estimator,4a_duration_estimator__d240__w12,70,98
4a_duration_estimator,4a_duration_estimator__d240__w12,71,106
4a_duration_estimator,4a_duration_estimator__d240__w12,72,85
4a_duration_estimator,4a_duration_estimator__d240__w12,73,70
4a_duration_estimator,4a_duration_estimator__d240__w12,74,327
4a_duration_estimator,4a_duration_estimator__d240__w12,75,38
4a_duration_estimator,4a_duration_estimator__d240__w12,76,43
4a_duration_estimator,4a_duration_estimator__d240__w12,77,37
4a_duration_estimator,4a_duration_estimator__d240__w12,78,49
4a_duration_estimator,4a_duration_estimator__d240__w12,79,41
4a_duration_estimator,4a_duration_estimator__d240__w12,80,55
4a_duration_estimator,4a_duration_estimator__d240__w12,81,53
4a_duration_estimator,4a_duration_estimator__d240__w12,82,49
4a_duration_estimator,4a_duration_estimator__d240__w12,83,56
4a_duration_estimator,4a_duration_estimator__d240__w12,84,181
4a_duration_estimator,4a_duration_estimator__d240__w12,85,81
4a_duration_estimator,4a_duration_estimator__d240__w12,86,70
4a_duration_estimator,4a_duration_estimator__d240__w12,87,86
4a_duration_estimator,4a_duration_estimator__d240__w12,88,101
4a_duration_estimator,4a_duration_estimator__d240__w12,89,101
4a_duration_estimator,4a_duration_estimator__d240__w12,90,94
4a_duration_estimator,4a_duration_estimator__d240__w12,91,101
4a_duration_estimator,4a_duration_estimator__d240__w12,92,90
4a_duration_estimator,4a_duration_estimator__d240__w12,93,105
4a_duration_estimator,4a_duration_estimator__d240__w12,94,106
4a_duration_estimator,4a_duration_estimator__d240__w12,95,122
4a_duration_estimator,4a_duration_estimator__d240__w12,96,54
4a_duration_estimator,4a_duration_estimator__d240__w12,97,84
4a_duration_estimator,4a_duration_estimator__d240__w12,98,308
4a_duration_estimator,4a_duration_estimator__d240__w12,99,32
4a_duration_estimator,4a_duration_estimator__d240__w12,100,25
4a_duration_estimator,4a_duration_estimator__d240__w12,101,36
4a_duration_estimator,4a_duration_estimator__d240__w12,102,42
4a_duration_estimator,4a_duration_estimator__d240__w12,103,41
4a_duration_estimator,4a_duration_estimator__d240__w12,104,48
4a_duration_estimator,4a_duration_estimator__d240__w12,105,60
4a_duration_estimator,4a_duration_estimator__d240__w12,106,60
4a_duration_estimator,4a_duration_estimator__d240__w12,107,57
4a_duration_estimator,4a_duration_estimator__d240__w12,108,187
4a_duration_estimator,4a_duration_estimator__d240__w12,109,77
4a_duration_estimator,4a_duration_estimator__d240__w12,110,87
4a_duration_estimator,4a_duration_estimator__d240__w12,111,110
4a_duration_estimator,4a_duration_estimator__d240__w12,112,99
4a_duration_estimator,4a_duration_estimator__d240__w12,113,112
4a_duration_estimator,4a_duration_estimator__d240__w12,114,109
4a_duration_estimator,4a_duration_estimator__d240__w12,115,95
4a_duration_estimator,4a_duration_estimator__d240__w12,116,93
4a_duration_estimator,4a_duration_estimator__d240__w12,117,107
4a_duration_estimator,4a_duration_estimator__d240__w12,118,107
4a_duration_estimator,4a_duration_estimator__d240__w12,119,75
4a_duration_estimator,4a_duration_estimator__d240__w12,120,66
4a_duration_estimator,4a_duration_estimator__d240__w12,121,82
4a_duration_estimator,4a_duration_estimator__d240__w12,122,58
4a_duration_estimator,4a_duration_estimator__d240__w12,123,165
4a_duration_estimator,4a_duration_estimator__d240__w12,124,18
4a_duration_estimator,4a_duration_estimator__d240__w12,125,28
4a_duration_estimator,4a_duration_estimator__d240__w12,126,15
4a_duration_estimator,4a_duration_estimator__d240__w12,127,22
4a_duration_estimator,4a_duration_estimator__d240__w12,128,12
4a_duration_estimator,4a_duration_estimator__d240__w12,129,23
4a_duration_estimator,4a_duration_estimator__d240__w12,130,60
4a_duration_estimator,4a_duration_estimator__d240__w12,131,37
4a_duration_estimator,4a_duration_estimator__d240__w12,132,82
4a_duration_estimator,4a_duration_estimator__d240__w12,133,42
4a_duration_estimator,4a_duration_estimator__d240__w12,134,29
4a_duration_estimator,4a_duration_estimator__d240__w12,135,51
4a_duration_estimator,4a_duration_estimator__d240__w12,136,37
4a_duration_estimator,4a_duration_estimator__d240__w12,137,46
4a_duration_estimator,4a_duration_estimator__d240__w12,138,33
4a_duration_estimator,4a_duration_estimator__d240__w12,139,32
4a_duration_estimator,4a_duration_estimator__d240__w12,140,45
4a_duration_estimator,4a_duration_estimator__d240__w12,141,45
4a_duration_estimator,4a_duration_estimator__d240__w12,142,48
4a_duration_estimator,4a_duration_estimator__d240__w12,143,41
4a_duration_estimator,4a_duration_estimator__d240__w12,144,34
4a_duration_estimator,4a_duration_estimator__d240__w12,145,29
4a_duration_estimator,4a_duration_estimator__d240__w12,146,32
4a_duration_estimator,4a_duration_estimator__d240__w12,147,55
4a_duration_estimator,4a_duration_estimator__d240__w12,148,22
4a_duration_estimator,4a_duration_estimator__d240__w12,149,27
4a_duration_estimator,4a_duration_estimator__d240__w12,150,25
4a_duration_estimator,4a_duration_estimator__d240__w12,151,15
4a_duration_estimator,4a_duration_estimator__d240__w12,152,15
4a_duration_estimator,4a_duration_estimator__d240__w12,153,37
4a_duration_estimator,4a_duration_estimator__d240__w12,154,28
4a_duration_estimator,4a_duration_estimator__d240__w12,155,84
4a_duration_estimator,4a_duration_estimator__d240__w12,156,34
4a_duration_estimator,4a_duration_estimator__d240__w12,157,43
4a_duration_estimator,4a_duration_estimator__d240__w12,158,31
4a_duration_estimator,4a_duration_estimator__d240__w12,159,26
4a_duration_estimator,4a_duration_estimator__d240__w12,160,32
4a_duration_estimator,4a_duration_estimator__d240__w12,161,55
4a_duration_estimator,4a_duration_estimator__d240__w12,162,47
4a_duration_estimator,4a_duration_estimator__d240__w12,163,52
4a_duration_estimator,4a_duration_estimator__d240__w12,164,46
4a_duration_estimator,4a_duration_estimator__d240__w12,165,38
4a_duration_estimator,4a_duration_estimator__d240__w12,166,58
4a_duration_estimator,4a_duration_estimator__d240__w12,167,35
4a_duration_estimator,4a_duration_estimator__d480__w12,0,27
4a_duration_estimator,4a_duration_estimator__d480__w12,1,64
4a_duration_estimator,4a_duration_estimator__d480__w12,2,34
4a_duration_estimator,4a_duration_estimator__d480__w12,3,30
4a_duration_estimator,4a_duration_estimator__d480__w12,4,34
4a_duration_estimator,4a_duration_estimator__d480__w12,5,30
4a_duration_estimator,4a_duration_estimator__d480__w12,6,37
4a_duration_estimator,4a_duration_estimator__d480__w12,7,42
4a_duration_estimator,4a_duration_estimator__d480__w12,8,53
4a_duration_estimator,4a_duration_estimator__d480__w12,9,58
4a_duration_estimator,4a_duration_estimator__d480__w12,10,74
4a_duration_estimator,4a_duration_estimator__d480__w12,11,71
4a_duration_estimator,4a_duration_estimator__d480__w12,12,103
4a_duration_estimator,4a_duration_estimator__d480__w12,13,72
4a_duration_estimator,4a_duration_estimator__d480__w12,14,92
4a_duration_estimator,4a_duration_estimator__d480__w12,15,92
4a_duration_estimator,4a_duration_estimator__d480__w12,16,101
4a_duration_estimator,4a_duration_estimator__d480__w12,17,102
4a_duration_estimator,4a_duration_estimator__d480__w12,18,86
4a_duration_estimator,4a_duration_estimator__d480__w12,19,94
4a_duration_estimator,4a_duration_estimator__d480__w12,20,97
4a_duration_estimator,4a_duration_estimator__d480__w12,21,95
4a_duration_estimator,4a_duration_estimator__d480__w12,22,108
4a_duration_estimator,4a_duration_estimator__d480__w12,23,87
4a_duration_estimator,4a_duration_estimator__d480__w12,24,80
4a_duration_estimator,4a_duration_estimator__d480__w12,25,88
4a_duration_estimator,4a_duration_estimator__d480__w12,26,197
4a_duration_estimator,4a_duration_estimator__d480__w12,27,32
4a_duration_estimator,4a_duration_estimator__d480__w12,28,45
4a_duration_estimator,4a_duration_estimator__d480__w12,29,34
4a_duration_estimator,4a_duration_estimator__d480__w12,30,46
4a_duration_estimator,4a_duration_estimator__d480__w12,31,42
4a_duration_estimator,4a_duration_estimator__d480__w12,32,67
4a_duration_estimator,4a_duration_estimator__d480__w12,33,63
4a_duration_estimator,4a_duration_estimator__d480__w12,34,60
4a_duration_estimator,4a_duration_estimator__d480__w12,35,66
4a_duration_estimator,4a_duration_estimator__d480__w12,36,151
4a_duration_estimator,4a_duration_estimator__d480__w12,37,78
4a_duration_estimator,4a_duration_estimator__d480__w12,38,99
4a_duration_estimator,4a_duration_estimator__d480__w12,39,97
4a_duration_estimator,4a_duration_estimator__d480__w12,40,100
4a_duration_estimator,4a_duration_estimator__d480__w12,41,110
4a_duration_estimator,4a_duration_estimator__d480__w12,42,112
4a_duration_estimator,4a_duration_estimator__d480__w12,43,106
4a_duration_estimator,4a_duration_estimator__d480__w12,44,124
4a_duration_estimator,4a_duration_estimator__d480__w12,45,120
4a_duration_estimator,4a_duration_estimator__d480__w12,46,90
4a_duration_estimator,4a_duration_estimator__d480__w12,47,91
4a_duration_estimator,4a_duration_estimator__d480__w12,48,67
4a_duration_estimator,4a_duration_estimator__d480__w12,49,76
4a_duration_estimator,4a_duration_estimator__d480__w12,50,216
4a_duration_estimator,4a_duration_estimator__d480__w12,51,47
4a_duration_estimator,4a_duration_estimator__d480__w12,52,39
4a_duration_estimator,4a_duration_estimator__d480__w12,53,41
4a_duration_estimator,4a_duration_estimator__d480__w12,54,43
4a_duration_estimator,4a_duration_estimator__d480__w12,55,56
4a_duration_estimator,4a_duration_estimator__d480__w12,56,54
4a_duration_estimator,4a_duration_estimator__d480__w12,57,50
4a_duration_estimator,4a_duration_estimator__d480__w12,58,58
4a_duration_estimator,4a_duration_estimator__d480__w12,59,58
4a_duration_estimator,4a_duration_estimator__d480__w12,60,121
4a_duration_estimator,4a_duration_estimator__d480__w12,61,72
4a_duration_estimator,4a_duration_estimator__d480__w12,62,71
4a_duration_estimator,4a_duration_estimator__d480__w12,63,82
4a_duration_estimator,4a_duration_estimator__d480__w12,64,99
4a_duration_estimator,4a_duration_estimator__d480__w12,65,114
4a_duration_estimator,4a_duration_estimator__d480__w12,66,112
4a_duration_estimator,4a_duration_estimator__d480__w12,67,116
4a_duration_estimator,4a_duration_estimator__d480__w12,68,103
4a_duration_estimator,4a_duration_estimator__d480__w12,69,105
4a_duration_estimator,4a_duration_estimator__d480__w12,70,102
4a_duration_estimator,4a_duration_estimator__d480__w12,71,109
4a_duration_estimator,4a_duration_estimator__d480__w12,72,84
4a_duration_estimator,4a_duration_estimator__d480__w12,73,64
4a_duration_estimator,4a_duration_estimator__d480__w12,74,257
4a_duration_estimator,4a_duration_estimator__d480__w12,75,38
4a_duration_estimator,4a_duration_estimator__d480__w12,76,44
4a_duration_estimator,4a_duration_estimator__d480__w12,77,44
4a_duration_estimator,4a_duration_estimator__d480__w12,78,57
4a_duration_estimator,4a_duration_estimator__d480__w12,79,46
4a_duration_estimator,4a_duration_estimator__d480__w12,80,59
4a_duration_estimator,4a_duration_estimator__d480__w12,81,54
4a_duration_estimator,4a_duration_estimator__d480__w12,82,55
4a_duration_estimator,4a_duration_estimator__d480__w12,83,62
4a_duration_estimator,4a_duration_estimator__d480__w12,84,155
4a_duration_estimator,4a_duration_estimator__d480__w12,85,85
4a_duration_estimator,4a_duration_estimator__d480__w12,86,83
4a_duration_estimator,4a_duration_estimator__d480__w12,87,90
4a_duration_estimator,4a_duration_estimator__d480__w12,88,107
4a_duration_estimator,4a_duration_estimator__d480__w12,89,105
4a_duration_estimator,4a_duration_estimator__d480__w12,90,99
4a_duration_estimator,4a_duration_estimator__d480__w12,91,109
4a_duration_estimator,4a_duration_estimator__d480__w12,92,95
4a_duration_estimator,4a_duration_estimator__d480__w12,93,113
4a_duration_estimator,4a_duration_estimator__d480__w12,94,111
4a_duration_estimator,4a_duration_estimator__d480__w12,95,115
4a_duration_estimator,4a_duration_estimator__d480__w12,96,63
4a_duration_estimator,4a_duration_estimator__d480__w12,97,81
4a_duration_estimator,4a_duration_estimator__d480__w12,98,235
4a_duration_estimator,4a_duration_estimator__d480__w12,99,33
4a_duration_estimator,4a_duration_estimator__d480__w12,100,26
4a_duration_estimator,4a_duration_estimator__d480__w12,101,38
4a_duration_estimator,4a_duration_estimator__d480__w12,102,47
4a_duration_estimator,4a_duration_estimator__d480__w12,103,45
4a_duration_estimator,4a_duration_estimator__d480__w12,104,53
4a_duration_estimator,4a_duration_estimator__d480__w12,105,69
4a_duration_estimator,4a_duration_estimator__d480__w12,106,64
4a_duration_estimator,4a_duration_estimator__d480__w12,107,64
4a_duration_estimator,4a_duration_estimator__d480__w12,108,149
4a_duration_estimator,4a_duration_estimator__d480__w12,109,84
4a_duration_estimator,4a_duration_estimator__d480__w12,110,90
4a_duration_estimator,4a_duration_estimator__d480__w12,111,115
4a_duration_estimator,4a_duration_estimator__d480__w12,112,108
4a_duration_estimator,4a_duration_estimator__d480__w12,113,118
4a_duration_estimator,4a_duration_estimator__d480__w12,114,112
4a_duration_estimator,4a_duration_estimator__d480__w12,115,100
4a_duration_estimator,4a_duration_estimator__d480__w12,116,98
4a_duration_estimator,4a_duration_estimator__d480__w12,117,112
4a_duration_estimator,4a_duration_estimator__d480__w12,118,113
4a_duration_estimator,4a_duration_estimator__d480__w12,119,79
4a_duration_estimator,4a_duration_estimator__d480__w12,120,69
4a_duration_estimator,4a_duration_estimator__d480__w12,121,77
4a_duration_estimator,4a_duration_estimator__d480__w12,122,56
4a_duration_estimator,4a_duration_estimator__d480__w12,123,128
4a_duration_estimator,4a_duration_estimator__d480__w12,124,20
4a_duration_estimator,4a_duration_estimator__d480__w12,125,28
4a_duration_estimator,4a_duration_estimator__d480__w12,126,16
4a_duration_estimator,4a_duration_estimator__d480__w12,127,23
4a_duration_estimator,4a_duration_estimator__d480__w12,128,13
4a_duration_estimator,4a_duration_estimator__d480__w12,129,24
4a_duration_estimator,4a_duration_estimator__d480__w12,130,56
4a_duration_estimator,4a_duration_estimator__d480__w12,131,33
4a_duration_estimator,4a_duration_estimator__d480__w12,132,67
4a_duration_estimator,4a_duration_estimator__d480__w12,133,43
4a_duration_estimator,4a_duration_estimator__d480__w12,134,33
4a_duration_estimator,4a_duration_estimator__d480__w12,135,54
4a_duration_estimator,4a_duration_estimator__d480__w12,136,40
4a_duration_estimator,4a_duration_estimator__d480__w12,137,50
4a_duration_estimator,4a_duration_estimator__d480__w12,138,38
4a_duration_estimator,4a_duration_estimator__d480__w12,139,34
4a_duration_estimator,4a_duration_estimator__d480__w12,140,47
4a_duration_estimator,4a_duration_estimator__d480__w12,141,53
4a_duration_estimator,4a_duration_estimator__d480__w12,142,53
4a_duration_estimator,4a_duration_estimator__d480__w12,143,46
4a_duration_estimator,4a_duration_estimator__d480__w12,144,37
4a_duration_estimator,4a_duration_estimator__d480__w12,145,30
4a_duration_estimator,4a_duration_estimator__d480__w12,146,29
4a_duration_estimator,4a_duration_estimator__d480__w12,147,36
4a_duration_estimator,4a_duration_estimator__d480__w12,148,22
4a_duration_estimator,4a_duration_estimator__d480__w12,149,28
4a_duration_estimator,4a_duration_estimator__d480__w12,150,27
4a_duration_estimator,4a_duration_estimator__d480__w12,151,20
4a_duration_estimator,4a_duration_estimator__d480__w12,152,16
4a_duration_estimator,4a_duration_estimator__d480__w12,153,32
4a_duration_estimator,4a_duration_estimator__d480__w12,154,26
4a_duration_estimator,4a_duration_estimator__d480__w12,155,58
4a_duration_estimator,4a_duration_estimator__d480__w12,156,34
4a_duration_estimator,4a_duration_estimator__d480__w12,157,43
4a_duration_estimator,4a_duration_estimator__d480__w12,158,36
4a_duration_estimator,4a_duration_estimator__d480__w12,159,28
4a_duration_estimator,4a_duration_estimator__d480__w12,160,33
4a_duration_estimator,4a_duration_estimator__d480__w12,161,56
4a_duration_estimator,4a_duration_estimator__d480__w12,162,50
4a_duration_estimator,4a_duration_estimator__d480__w12,163,58
4a_duration_estimator,4a_duration_estimator__d480__w12,164,46
4a_duration_estimator,4a_duration_estimator__d480__w12,165,41
4a_duration_estimator,4a_duration_estimator__d480__w12,166,58
4a_duration_estimator,4a_duration_estimator__d480__w12,167,36
4a_duration_estimator,4a_duration_estimator__d960__w12,0,30
4a_duration_estimator,4a_duration_estimator__d960__w12,1,41
4a_duration_estimator,4a_duration_estimator__d960__w12,2,34
4a_duration_estimator,4a_duration_estimator__d960__w12,3,30
4a_duration_estimator,4a_duration_estimator__d960__w12,4,34
4a_duration_estimator,4a_duration_estimator__d960__w12,5,33
4a_duration_estimator,4a_duration_estimator__d960__w12,6,40
4a_duration_estimator,4a_duration_estimator__d960__w12,7,43
4a_duration_estimator,4a_duration_estimator__d960__w12,8,55
4a_duration_estimator,4a_duration_estimator__d960__w12,9,62
4a_duration_estimator,4a_duration_estimator__d960__w12,10,84
4a_duration_estimator,4a_duration_estimator__d960__w12,11,74
4a_duration_estimator,4a_duration_estimator__d960__w12,12,91
4a_duration_estimator,4a_duration_estimator__d960__w12,13,83
4a_duration_estimator,4a_duration_estimator__d960__w12,14,102
4a_duration_estimator,4a_duration_estimator__d960__w12,15,96
4a_duration_estimator,4a_duration_estimator__d960__w12,16,106
4a_duration_estimator,4a_duration_estimator__d960__w12,17,109
4a_duration_estimator,4a_duration_estimator__d960__w12,18,91
4a_duration_estimator,4a_duration_estimator__d960__w12,19,101
4a_duration_estimator,4a_duration_estimator__d960__w12,20,104
4a_duration_estimator,4a_duration_estimator__d960__w12,21,106
4a_duration_estimator,4a_duration_estimator__d960__w12,22,103
4a_duration_estimator,4a_duration_estimator__d960__w12,23,89
4a_duration_estimator,4a_duration_estimator__d960__w12,24,82
4a_duration_estimator,4a_duration_estimator__d960__w12,25,78
4a_duration_estimator,4a_duration_estimator__d960__w12,26,127
4a_duration_estimator,4a_duration_estimator__d960__w12,27,32
4a_duration_estimator,4a_duration_estimator__d960__w12,28,45
4a_duration_estimator,4a_duration_estimator__d960__w12,29,35
4a_duration_estimator,4a_duration_estimator__d960__w12,30,52
4a_duration_estimator,4a_duration_estimator__d960__w12,31,47
4a_duration_estimator,4a_duration_estimator__d960__w12,32,71
4a_duration_estimator,4a_duration_estimator__d960__w12,33,67
4a_duration_estimator,4a_duration_estimator__d960__w12,34,62
4a_duration_estimator,4a_duration_estimator__d960__w12,35,68
4a_duration_estimator,4a_duration_estimator__d960__w12,36,127
4a_duration_estimator,4a_duration_estimator__d960__w12,37,86
4a_duration_estimator,4a_duration_estimator__d960__w12,38,104
4a_duration_estimator,4a_duration_estimator__d960__w12,39,106
4a_duration_estimator,4a_duration_estimator__d960__w12,40,107
4a_duration_estimator,4a_duration_estimator__d960__w12,41,114
4a_duration_estimator,4a_duration_estimator__d960__w12,42,119
4a_duration_estimator,4a_duration_estimator__d960__w12,43,117
4a_duration_estimator,4a_duration_estimator__d960__w12,44,128
4a_duration_estimator,4a_duration_estimator__d960__w12,45,129
4a_duration_estimator,4a_duration_estimator__d960__w12,46,98
4a_duration_estimator,4a_duration_estimator__d960__w12,47,98
4a_duration_estimator,4a_duration_estimator__d960__w12,48,69
4a_duration_estimator,4a_duration_estimator__d960__w12,49,70
4a_duration_estimator,4a_duration_estimator__d960__w12,50,141
4a_duration_estimator,4a_duration_estimator__d960__w12,51,47
4a_duration_estimator,4a_duration_estimator__d960__w12,52,39
4a_duration_estimator,4a_duration_estimator__d960__w12,53,43
4a_duration_estimator,4a_duration_estimator__d960__w12,54,47
4a_duration_estimator,4a_duration_estimator__d960__w12,55,61
4a_duration_estimator,4a_duration_estimator__d960__w12,56,57
4a_duration_estimator,4a_duration_estimator__d960__w12,57,57
4a_duration_estimator,4a_duration_estimator__d960__w12,58,63
4a_duration_estimator,4a_duration_estimator__d960__w12,59,63
4a_duration_estimator,4a_duration_estimator__d960__w12,60,104
4a_duration_estimator,4a_duration_estimator__d960__w12,61,79
4a_duration_estimator,4a_duration_estimator__d960__w12,62,76
4a_duration_estimator,4a_duration_estimator__d960__w12,63,95
4a_duration_estimator,4a_duration_estimator__d960__w12,64,105
4a_duration_estimator,4a_duration_estimator__d960__w12,65,117
4a_duration_estimator,4a_duration_estimator__d960__w12,66,118
4a_duration_estimator,4a_duration_estimator__d960__w12,67,126
4a_duration_estimator,4a_duration_estimator__d960__w12,68,113
4a_duration_estimator,4a_duration_estimator__d960__w12,69,113
4a_duration_estimator,4a_duration_estimator__d960__w12,70,104
4a_duration_estimator,4a_duration_estimator__d960__w12,71,108
4a_duration_estimator,4a_duration_estimator__d960__w12,72,84
4a_duration_estimator,4a_duration_estimator__d960__w12,73,61
4a_duration_estimator,4a_duration_estimator__d960__w12,74,177
4a_duration_estimator,4a_duration_estimator__d960__w12,75,38
4a_duration_estimator,4a_duration_estimator__d960__w12,76,46
4a_duration_estimator,4a_duration_estimator__d960__w12,77,46
4a_duration_estimator,4a_duration_estimator__d960__w12,78,63
4a_duration_estimator,4a_duration_estimator__d960__w12,79,49
4a_duration_estimator,4a_duration_estimator__d960__w12,80,66
4a_duration_estimator,4a_duration_estimator__d960__w12,81,62
4a_duration_estimator,4a_duration_estimator__d960__w12,82,62
4a_duration_estimator,4a_duration_estimator__d960__w12,83,65
4a_duration_estimator,4a_duration_estimator__d960__w12,84,125
4a_duration_estimator,4a_duration_estimator__d960__w12,85,93
4a_duration_estimator,4a_duration_estimator__d960__w12,86,96
4a_duration_estimator,4a_duration_estimator__d960__w12,87,100
4a_duration_estimator,4a_duration_estimator__d960__w12,88,115
4a_duration_estimator,4a_duration_estimator__d960__w12,89,112
4a_duration_estimator,4a_duration_estimator__d960__w12,90,111
4a_duration_estimator,4a_duration_estimator__d960__w12,91,112
4a_duration_estimator,4a_duration_estimator__d960__w12,92,110
4a_duration_estimator,4a_duration_estimator__d960__w12,93,122
4a_duration_estimator,4a_duration_estimator__d960__w12,94,118
4a_duration_estimator,4a_duration_estimator__d960__w12,95,110
4a_duration_estimator,4a_duration_estimator__d960__w12,96,67
4a_duration_estimator,4a_duration_estimator__d960__w12,97,74
4a_duration_estimator,4a_duration_estimator__d960__w12,98,143
4a_duration_estimator,4a_duration_estimator__d960__w12,99,34
4a_duration_estimator,4a_duration_estimator__d960__w12,100,28
4a_duration_estimator,4a_duration_estimator__d960__w12,101,40
4a_duration_estimator,4a_duration_estimator__d960__w12,102,47
4a_duration_estimator,4a_duration_estimator__d960__w12,103,47
4a_duration_estimator,4a_duration_estimator__d960__w12,104,55
4a_duration_estimator,4a_duration_estimator__d960__w12,105,75
4a_duration_estimator,4a_duration_estimator__d960__w12,106,70
4a_duration_estimator,4a_duration_estimator__d960__w12,107,68
4a_duration_estimator,4a_duration_estimator__d960__w12,108,124
4a_duration_estimator,4a_duration_estimator__d960__w12,109,89
4a_duration_estimator,4a_duration_estimator__d960__w12,110,100
4a_duration_estimator,4a_duration_estimator__d960__w12,111,125
4a_duration_estimator,4a_duration_estimator__d960__w12,112,116
4a_duration_estimator,4a_duration_estimator__d960__w12,113,120
4a_duration_estimator,4a_duration_estimator__d960__w12,114,121
4a_duration_estimator,4a_duration_estimator__d960__w12,115,109
4a_duration_estimator,4a_duration_estimator__d960__w12,116,105
4a_duration_estimator,4a_duration_estimator__d960__w12,117,119
4a_duration_estimator,4a_duration_estimator__d960__w12,118,120
4a_duration_estimator,4a_duration_estimator__d960__w12,119,83
4a_duration_estimator,4a_duration_estimator__d960__w12,120,71
4a_duration_estimator,4a_duration_estimator__d960__w12,121,74
4a_duration_estimator,4a_duration_estimator__d960__w12,122,48
4a_duration_estimator,4a_duration_estimator__d960__w12,123,76
4a_duration_estimator,4a_duration_estimator__d960__w12,124,20
4a_duration_estimator,4a_duration_estimator__d960__w12,125,29
4a_duration_estimator,4a_duration_estimator__d960__w12,126,18
4a_duration_estimator,4a_duration_estimator__d960__w12,127,25
4a_duration_estimator,4a_duration_estimator__d960__w12,128,13
4a_duration_estimator,4a_duration_estimator__d960__w12,129,25
4a_duration_estimator,4a_duration_estimator__d960__w12,130,49
4a_duration_estimator,4a_duration_estimator__d960__w12,131,32
4a_duration_estimator,4a_duration_estimator__d960__w12,132,52
4a_duration_estimator,4a_duration_estimator__d960__w12,133,43
4a_duration_estimator,4a_duration_estimator__d960__w12,134,34
4a_duration_estimator,4a_duration_estimator__d960__w12,135,56
4a_duration_estimator,4a_duration_estimator__d960__w12,136,42
4a_duration_estimator,4a_duration_estimator__d960__w12,137,55
4a_duration_estimator,4a_duration_estimator__d960__w12,138,39
4a_duration_estimator,4a_duration_estimator__d960__w12,139,34
4a_duration_estimator,4a_duration_estimator__d960__w12,140,49
4a_duration_estimator,4a_duration_estimator__d960__w12,141,54
4a_duration_estimator,4a_duration_estimator__d960__w12,142,54
4a_duration_estimator,4a_duration_estimator__d960__w12,143,46
4a_duration_estimator,4a_duration_estimator__d960__w12,144,40
4a_duration_estimator,4a_duration_estimator__d960__w12,145,30
4a_duration_estimator,4a_duration_estimator__d960__w12,146,30
4a_duration_estimator,4a_duration_estimator__d960__w12,147,24
4a_duration_estimator,4a_duration_estimator__d960__w12,148,24
4a_duration_estimator,4a_duration_estimator__d960__w12,149,29
4a_duration_estimator,4a_duration_estimator__d960__w12,150,27
4a_duration_estimator,4a_duration_estimator__d960__w12,151,20
4a_duration_estimator,4a_duration_estimator__d960__w12,152,17
4a_duration_estimator,4a_duration_estimator__d960__w12,153,32
4a_duration_estimator,4a_duration_estimator__d960__w12,154,25
4a_duration_estimator,4a_duration_estimator__d960__w12,155,48
4a_duration_estimator,4a_duration_estimator__d960__w12,156,34
4a_duration_estimator,4a_duration_estimator__d960__w12,157,43
4a_duration_estimator,4a_duration_estimator__d960__w12,158,38
4a_duration_estimator,4a_duration_estimator__d960__w12,159,29
4a_duration_estimator,4a_duration_estimator__d960__w12,160,34
4a_duration_estimator,4a_duration_estimator__d960__w12,161,58
4a_duration_estimator,4a_duration_estimator__d960__w12,162,52
4a_duration_estimator,4a_duration_estimator__d960__w12,163,60
4a_duration_estimator,4a_duration_estimator__d960__w12,164,51
4a_duration_estimator,4a_duration_estimator__d960__w12,165,42
4a_duration_estimator,4a_duration_estimator__d960__w12,166,59
4a_duration_estimator,4a_duration_estimator__d960__w12,167,39
4a_duration_estimator,4a_duration_estimator__d1920__w12,0,33
4a_duration_estimator,4a_duration_estimator__d1920__w12,1,32
4a_duration_estimator,4a_duration_estimator__d1920__w12,2,34
4a_duration_estimator,4a_duration_estimator__d1920__w12,3,30
4a_duration_estimator,4a_duration_estimator__d1920__w12,4,34
4a_duration_estimator,4a_duration_estimator__d1920__w12,5,37
4a_duration_estimator,4a_duration_estimator__d1920__w12,6,45
4a_duration_estimator,4a_duration_estimator__d1920__w12,7,46
4a_duration_estimator,4a_duration_estimator__d1920__w12,8,60
4a_duration_estimator,4a_duration_estimator__d1920__w12,9,72
4a_duration_estimator,4a_duration_estimator__d1920__w12,10,89
4a_duration_estimator,4a_duration_estimator__d1920__w12,11,79
4a_duration_estimator,4a_duration_estimator__d1920__w12,12,71
4a_duration_estimator,4a_duration_estimator__d1920__w12,13,89
4a_duration_estimator,4a_duration_estimator__d1920__w12,14,104
4a_duration_estimator,4a_duration_estimator__d1920__w12,15,105
4a_duration_estimator,4a_duration_estimator__d1920__w12,16,116
4a_duration_estimator,4a_duration_estimator__d1920__w12,17,113
4a_duration_estimator,4a_duration_estimator__d1920__w12,18,94
4a_duration_estimator,4a_duration_estimator__d1920__w12,19,102
4a_duration_estimator,4a_duration_estimator__d1920__w12,20,109
4a_duration_estimator,4a_duration_estimator__d1920__w12,21,112
4a_duration_estimator,4a_duration_estimator__d1920__w12,22,99
4a_duration_estimator,4a_duration_estimator__d1920__w12,23,90
4a_duration_estimator,4a_duration_estimator__d1920__w12,24,77
4a_duration_estimator,4a_duration_estimator__d1920__w12,25,73
4a_duration_estimator,4a_duration_estimator__d1920__w12,26,77
4a_duration_estimator,4a_duration_estimator__d1920__w12,27,32
4a_duration_estimator,4a_duration_estimator__d1920__w12,28,45
4a_duration_estimator,4a_duration_estimator__d1920__w12,29,38
4a_duration_estimator,4a_duration_estimator__d1920__w12,30,54
4a_duration_estimator,4a_duration_estimator__d1920__w12,31,48
4a_duration_estimator,4a_duration_estimator__d1920__w12,32,77
4a_duration_estimator,4a_duration_estimator__d1920__w12,33,79
4a_duration_estimator,4a_duration_estimator__d1920__w12,34,68
4a_duration_estimator,4a_duration_estimator__d1920__w12,35,76
4a_duration_estimator,4a_duration_estimator__d1920__w12,36,89
4a_duration_estimator,4a_duration_estimator__d1920__w12,37,90
4a_duration_estimator,4a_duration_estimator__d1920__w12,38,110
4a_duration_estimator,4a_duration_estimator__d1920__w12,39,113
4a_duration_estimator,4a_duration_estimator__d1920__w12,40,114
4a_duration_estimator,4a_duration_estimator__d1920__w12,41,120
4a_duration_estimator,4a_duration_estimator__d1920__w12,42,122
4a_duration_estimator,4a_duration_estimator__d1920__w12,43,122
4a_duration_estimator,4a_duration_estimator__d1920__w12,44,131
4a_duration_estimator,4a_duration_estimator__d1920__w12,45,133
4a_duration_estimator,4a_duration_estimator__d1920__w12,46,101
4a_duration_estimator,4a_duration_estimator__d1920__w12,47,105
4a_duration_estimator,4a_duration_estimator__d1920__w12,48,74
4a_duration_estimator,4a_duration_estimator__d1920__w12,49,67
4a_duration_estimator,4a_duration_estimator__d1920__w12,50,84
4a_duration_estimator,4a_duration_estimator__d1920__w12,51,47
4a_duration_estimator,4a_duration_estimator__d1920__w12,52,39
4a_duration_estimator,4a_duration_estimator__d1920__w12,53,46
4a_duration_estimator,4a_duration_estimator__d1920__w12,54,49
4a_duration_estimator,4a_duration_estimator__d1920__w12,55,66
4a_duration_estimator,4a_duration_estimator__d1920__w12,56,63
4a_duration_estimator,4a_duration_estimator__d1920__w12,57,65
4a_duration_estimator,4a_duration_estimator__d1920__w12,58,66
4a_duration_estimator,4a_duration_estimator__d1920__w12,59,72
4a_duration_estimator,4a_duration_estimator__d1920__w12,60,84
4a_duration_estimator,4a_duration_estimator__d1920__w12,61,82
4a_duration_estimator,4a_duration_estimator__d1920__w12,62,85
4a_duration_estimator,4a_duration_estimator__d1920__w12,63,106
4a_duration_estimator,4a_duration_estimator__d1920__w12,64,112
4a_duration_estimator,4a_duration_estimator__d1920__w12,65,126
4a_duration_estimator,4a_duration_estimator__d1920__w12,66,124
4a_duration_estimator,4a_duration_estimator__d1920__w12,67,130
4a_duration_estimator,4a_duration_estimator__d1920__w12,68,119
4a_duration_estimator,4a_duration_estimator__d1920__w12,69,114
4a_duration_estimator,4a_duration_estimator__d1920__w12,70,103
4a_duration_estimator,4a_duration_estimator__d1920__w12,71,105
4a_duration_estimator,4a_duration_estimator__d1920__w12,72,88
4a_duration_estimator,4a_duration_estimator__d1920__w12,73,62
4a_duration_estimator,4a_duration_estimator__d1920__w12,74,104
4a_duration_estimator,4a_duration_estimator__d1920__w12,75,38
4a_duration_estimator,4a_duration_estimator__d1920__w12,76,48
4a_duration_estimator,4a_duration_estimator__d1920__w12,77,50
4a_duration_estimator,4a_duration_estimator__d1920__w12,78,70
4a_duration_estimator,4a_duration_estimator__d1920__w12,79,57
4a_duration_estimator,4a_duration_estimator__d1920__w12,80,73
4a_duration_estimator,4a_duration_estimator__d1920__w12,81,66
4a_duration_estimator,4a_duration_estimator__d1920__w12,82,69
4a_duration_estimator,4a_duration_estimator__d1920__w12,83,75
4a_duration_estimator,4a_duration_estimator__d1920__w12,84,90
4a_duration_estimator,4a_duration_estimator__d1920__w12,85,99
4a_duration_estimator,4a_duration_estimator__d1920__w12,86,108
4a_duration_estimator,4a_duration_estimator__d1920__w12,87,105
4a_duration_estimator,4a_duration_estimator__d1920__w12,88,120
4a_duration_estimator,4a_duration_estimator__d1920__w12,89,120
4a_duration_estimator,4a_duration_estimator__d1920__w12,90,118
4a_duration_estimator,4a_duration_estimator__d1920__w12,91,112
4a_duration_estimator,4a_duration_estimator__d1920__w12,92,119
4a_duration_estimator,4a_duration_estimator__d1920__w12,93,129
4a_duration_estimator,4a_duration_estimator__d1920__w12,94,122
4a_duration_estimator,4a_duration_estimator__d1920__w12,95,98
4a_duration_estimator,4a_duration_estimator__d1920__w12,96,74
4a_duration_estimator,4a_duration_estimator__d1920__w12,97,73
4a_duration_estimator,4a_duration_estimator__d1920__w12,98,72
4a_duration_estimator,4a_duration_estimator__d1920__w12,99,37
4a_duration_estimator,4a_duration_estimator__d1920__w12,100,30
4a_duration_estimator,4a_duration_estimator__d1920__w12,101,42
4a_duration_estimator,4a_duration_estimator__d1920__w12,102,50
4a_duration_estimator,4a_duration_estimator__d1920__w12,103,53
4a_duration_estimator,4a_duration_estimator__d1920__w12,104,60
4a_duration_estimator,4a_duration_estimator__d1920__w12,105,84
4a_duration_estimator,4a_duration_estimator__d1920__w12,106,74
4a_duration_estimator,4a_duration_estimator__d1920__w12,107,75
4a_duration_estimator,4a_duration_estimator__d1920__w12,108,83
4a_duration_estimator,4a_duration_estimator__d1920__w12,109,96
4a_duration_estimator,4a_duration_estimator__d1920__w12,110,108
4a_duration_estimator,4a_duration_estimator__d1920__w12,111,128
4a_duration_estimator,4a_duration_estimator__d1920__w12,112,123
4a_duration_estimator,4a_duration_estimator__d1920__w12,113,122
4a_duration_estimator,4a_duration_estimator__d1920__w12,114,128
4a_duration_estimator,4a_duration_estimator__d1920__w12,115,112
4a_duration_estimator,4a_duration_estimator__d1920__w12,116,112
4a_duration_estimator,4a_duration_estimator__d1920__w12,117,128
4a_duration_estimator,4a_duration_estimator__d1920__w12,118,125
4a_duration_estimator,4a_duration_estimator__d1920__w12,119,85
4a_duration_estimator,4a_duration_estimator__d1920__w12,120,75
4a_duration_estimator,4a_duration_estimator__d1920__w12,121,68
4a_duration_estimator,4a_duration_estimator__d1920__w12,122,41
4a_duration_estimator,4a_duration_estimator__d1920__w12,123,39
4a_duration_estimator,4a_duration_estimator__d1920__w12,124,21
4a_duration_estimator,4a_duration_estimator__d1920__w12,125,29
4a_duration_estimator,4a_duration_estimator__d1920__w12,126,20
4a_duration_estimator,4a_duration_estimator__d1920__w12,127,25
4a_duration_estimator,4a_duration_estimator__d1920__w12,128,15
4a_duration_estimator,4a_duration_estimator__d1920__w12,129,28
4a_duration_estimator,4a_duration_estimator__d1920__w12,130,44
4a_duration_estimator,4a_duration_estimator__d1920__w12,131,32
4a_duration_estimator,4a_duration_estimator__d1920__w12,132,35
4a_duration_estimator,4a_duration_estimator__d1920__w12,133,45
4a_duration_estimator,4a_duration_estimator__d1920__w12,134,34
4a_duration_estimator,4a_duration_estimator__d1920__w12,135,56
4a_duration_estimator,4a_duration_estimator__d1920__w12,136,42
4a_duration_estimator,4a_duration_estimator__d1920__w12,137,55
4a_duration_estimator,4a_duration_estimator__d1920__w12,138,41
4a_duration_estimator,4a_duration_estimator__d1920__w12,139,35
4a_duration_estimator,4a_duration_estimator__d1920__w12,140,50
4a_duration_estimator,4a_duration_estimator__d1920__w12,141,56
4a_duration_estimator,4a_duration_estimator__d1920__w12,142,54
4a_duration_estimator,4a_duration_estimator__d1920__w12,143,46
4a_duration_estimator,4a_duration_estimator__d1920__w12,144,43
4a_duration_estimator,4a_duration_estimator__d1920__w12,145,30
4a_duration_estimator,4a_duration_estimator__d1920__w12,146,30
4a_duration_estimator,4a_duration_estimator__d1920__w12,147,21
4a_duration_estimator,4a_duration_estimator__d1920__w12,148,24
4a_duration_estimator,4a_duration_estimator__d1920__w12,149,29
4a_duration_estimator,4a_duration_estimator__d1920__w12,150,27
4a_duration_estimator,4a_duration_estimator__d1920__w12,151,21
4a_duration_estimator,4a_duration_estimator__d1920__w12,152,17
4a_duration_estimator,4a_duration_estimator__d1920__w12,153,30
4a_duration_estimator,4a_duration_estimator__d1920__w12,154,25
4a_duration_estimator,4a_duration_estimator__d1920__w12,155,41
4a_duration_estimator,4a_duration_estimator__d1920__w12,156,34
4a_duration_estimator,4a_duration_estimator__d1920__w12,157,43
4a_duration_estimator,4a_duration_estimator__d1920__w12,158,38
4a_duration_estimator,4a_duration_estimator__d1920__w12,159,29
4a_duration_estimator,4a_duration_estimator__d1920__w12,160,35
4a_duration_estimator,4a_duration_estimator__d1920__w12,161,59
4a_duration_estimator,4a_duration_estimator__d1920__w12,162,52
4a_duration_estimator,4a_duration_estimator__d1920__w12,163,60
4a_duration_estimator,4a_duration_estimator__d1920__w12,164,52
4a_duration_estimator,4a_duration_estimator__d1920__w12,165,44
4a_duration_estimator,4a_duration_estimator__d1920__w12,166,59
4a_duration_estimator,4a_duration_estimator__d1920__w12,167,40
4a_duration_estimator,4a_duration_estimator__d3840__w12,0,33
4a_duration_estimator,4a_duration_estimator__d3840__w12,1,32
4a_duration_estimator,4a_duration_estimator__d3840__w12,2,34
4a_duration_estimator,4a_duration_estimator__d3840__w12,3,30
4a_duration_estimator,4a_duration_estimator__d3840__w12,4,34
4a_duration_estimator,4a_duration_estimator__d3840__w12,5,37
4a_duration_estimator,4a_duration_estimator__d3840__w12,6,45
4a_duration_estimator,4a_duration_estimator__d3840__w12,7,47
4a_duration_estimator,4a_duration_estimator__d3840__w12,8,62
4a_duration_estimator,4a_duration_estimator__d3840__w12,9,72
4a_duration_estimator,4a_duration_estimator__d3840__w12,10,90
4a_duration_estimator,4a_duration_estimator__d3840__w12,11,80
4a_duration_estimator,4a_duration_estimator__d3840__w12,12,70
4a_duration_estimator,4a_duration_estimator__d3840__w12,13,90
4a_duration_estimator,4a_duration_estimator__d3840__w12,14,104
4a_duration_estimator,4a_duration_estimator__d3840__w12,15,107
4a_duration_estimator,4a_duration_estimator__d3840__w12,16,118
4a_duration_estimator,4a_duration_estimator__d3840__w12,17,117
4a_duration_estimator,4a_duration_estimator__d3840__w12,18,94
4a_duration_estimator,4a_duration_estimator__d3840__w12,19,107
4a_duration_estimator,4a_duration_estimator__d3840__w12,20,115
4a_duration_estimator,4a_duration_estimator__d3840__w12,21,115
4a_duration_estimator,4a_duration_estimator__d3840__w12,22,101
4a_duration_estimator,4a_duration_estimator__d3840__w12,23,91
4a_duration_estimator,4a_duration_estimator__d3840__w12,24,82
4a_duration_estimator,4a_duration_estimator__d3840__w12,25,73
4a_duration_estimator,4a_duration_estimator__d3840__w12,26,42
4a_duration_estimator,4a_duration_estimator__d3840__w12,27,32
4a_duration_estimator,4a_duration_estimator__d3840__w12,28,45
4a_duration_estimator,4a_duration_estimator__d3840__w12,29,38
4a_duration_estimator,4a_duration_estimator__d3840__w12,30,55
4a_duration_estimator,4a_duration_estimator__d3840__w12,31,50
4a_duration_estimator,4a_duration_estimator__d3840__w12,32,77
4a_duration_estimator,4a_duration_estimator__d3840__w12,33,81
4a_duration_estimator,4a_duration_estimator__d3840__w12,34,69
4a_duration_estimator,4a_duration_estimator__d3840__w12,35,76
4a_duration_estimator,4a_duration_estimator__d3840__w12,36,83
4a_duration_estimator,4a_duration_estimator__d3840__w12,37,92
4a_duration_estimator,4a_duration_estimator__d3840__w12,38,113
4a_duration_estimator,4a_duration_estimator__d3840__w12,39,113
4a_duration_estimator,4a_duration_estimator__d3840__w12,40,115
4a_duration_estimator,4a_duration_estimator__d3840__w12,41,123
4a_duration_estimator,4a_duration_estimator__d3840__w12,42,124
4a_duration_estimator,4a_duration_estimator__d3840__w12,43,124
4a_duration_estimator,4a_duration_estimator__d3840__w12,44,133
4a_duration_estimator,4a_duration_estimator__d3840__w12,45,139
4a_duration_estimator,4a_duration_estimator__d3840__w12,46,106
4a_duration_estimator,4a_duration_estimator__d3840__w12,47,109
4a_duration_estimator,4a_duration_estimator__d3840__w12,48,83
4a_duration_estimator,4a_duration_estimator__d3840__w12,49,66
4a_duration_estimator,4a_duration_estimator__d3840__w12,50,46
4a_duration_estimator,4a_duration_estimator__d3840__w12,51,47
4a_duration_estimator,4a_duration_estimator__d3840__w12,52,39
4a_duration_estimator,4a_duration_estimator__d3840__w12,53,46
4a_duration_estimator,4a_duration_estimator__d3840__w12,54,51
4a_duration_estimator,4a_duration_estimator__d3840__w12,55,68
4a_duration_estimator,4a_duration_estimator__d3840__w12,56,64
4a_duration_estimator,4a_duration_estimator__d3840__w12,57,67
4a_duration_estimator,4a_duration_estimator__d3840__w12,58,66
4a_duration_estimator,4a_duration_estimator__d3840__w12,59,75
4a_duration_estimator,4a_duration_estimator__d3840__w12,60,79
4a_duration_estimator,4a_duration_estimator__d3840__w12,61,82
4a_duration_estimator,4a_duration_estimator__d3840__w12,62,90
4a_duration_estimator,4a_duration_estimator__d3840__w12,63,107
4a_duration_estimator,4a_duration_estimator__d3840__w12,64,114
4a_duration_estimator,4a_duration_estimator__d3840__w12,65,132
4a_duration_estimator,4a_duration_estimator__d3840__w12,66,131
4a_duration_estimator,4a_duration_estimator__d3840__w12,67,136
4a_duration_estimator,4a_duration_estimator__d3840__w12,68,121
4a_duration_estimator,4a_duration_estimator__d3840__w12,69,121
4a_duration_estimator,4a_duration_estimator__d3840__w12,70,106
4a_duration_estimator,4a_duration_estimator__d3840__w12,71,103
4a_duration_estimator,4a_duration_estimator__d3840__w12,72,90
4a_duration_estimator,4a_duration_estimator__d3840__w12,73,62
4a_duration_estimator,4a_duration_estimator__d3840__w12,74,60
4a_duration_estimator,4a_duration_estimator__d3840__w12,75,38
4a_duration_estimator,4a_duration_estimator__d3840__w12,76,49
4a_duration_estimator,4a_duration_estimator__d3840__w12,77,51
4a_duration_estimator,4a_duration_estimator__d3840__w12,78,71
4a_duration_estimator,4a_duration_estimator__d3840__w12,79,57
4a_duration_estimator,4a_duration_estimator__d3840__w12,80,74
4a_duration_estimator,4a_duration_estimator__d3840__w12,81,67
4a_duration_estimator,4a_duration_estimator__d3840__w12,82,71
4a_duration_estimator,4a_duration_estimator__d3840__w12,83,77
4a_duration_estimator,4a_duration_estimator__d3840__w12,84,84
4a_duration_estimator,4a_duration_estimator__d3840__w12,85,102
4a_duration_estimator,4a_duration_estimator__d3840__w12,86,109
4a_duration_estimator,4a_duration_estimator__d3840__w12,87,106
4a_duration_estimator,4a_duration_estimator__d3840__w12,88,122
4a_duration_estimator,4a_duration_estimator__d3840__w12,89,122
4a_duration_estimator,4a_duration_estimator__d3840__w12,90,121
4a_duration_estimator,4a_duration_estimator__d3840__w12,91,117
4a_duration_estimator,4a_duration_estimator__d3840__w12,92,120
4a_duration_estimator,4a_duration_estimator__d3840__w12,93,131
4a_duration_estimator,4a_duration_estimator__d3840__w12,94,124
4a_duration_estimator,4a_duration_estimator__d3840__w12,95,96
4a_duration_estimator,4a_duration_estimator__d3840__w12,96,77
4a_duration_estimator,4a_duration_estimator__d3840__w12,97,72
4a_duration_estimator,4a_duration_estimator__d3840__w12,98,47
4a_duration_estimator,4a_duration_estimator__d3840__w12,99,37
4a_duration_estimator,4a_duration_estimator__d3840__w12,100,30
4a_duration_estimator,4a_duration_estimator__d3840__w12,101,42
4a_duration_estimator,4a_duration_estimator__d3840__w12,102,51
4a_duration_estimator,4a_duration_estimator__d3840__w12,103,53
4a_duration_estimator,4a_duration_estimator__d3840__w12,104,62
4a_duration_estimator,4a_duration_estimator__d3840__w12,105,89
4a_duration_estimator,4a_duration_estimator__d3840__w12,106,76
4a_duration_estimator,4a_duration_estimator__d3840__w12,107,75
4a_duration_estimator,4a_duration_estimator__d3840__w12,108,73
4a_duration_estimator,4a_duration_estimator__d3840__w12,109,97
4a_duration_estimator,4a_duration_estimator__d3840__w12,110,110
4a_duration_estimator,4a_duration_estimator__d3840__w12,111,129
4a_duration_estimator,4a_duration_estimator__d3840__w12,112,128
4a_duration_estimator,4a_duration_estimator__d3840__w12,113,125
4a_duration_estimator,4a_duration_estimator__d3840__w12,114,128
4a_duration_estimator,4a_duration_estimator__d3840__w12,115,116
4a_duration_estimator,4a_duration_estimator__d3840__w12,116,114
4a_duration_estimator,4a_duration_estimator__d3840__w12,117,128
4a_duration_estimator,4a_duration_estimator__d3840__w12,118,128
4a_duration_estimator,4a_duration_estimator__d3840__w12,119,88
4a_duration_estimator,4a_duration_estimator__d3840__w12,120,79
4a_duration_estimator,4a_duration_estimator__d3840__w12,121,69
4a_duration_estimator,4a_duration_estimator__d3840__w12,122,40
4a_duration_estimator,4a_duration_estimator__d3840__w12,123,24
4a_duration_estimator,4a_duration_estimator__d3840__w12,124,21
4a_duration_estimator,4a_duration_estimator__d3840__w12,125,29
4a_duration_estimator,4a_duration_estimator__d3840__w12,126,20
4a_duration_estimator,4a_duration_estimator__d3840__w12,127,25
4a_duration_estimator,4a_duration_estimator__d3840__w12,128,15
4a_duration_estimator,4a_duration_estimator__d3840__w12,129,29
4a_duration_estimator,4a_duration_estimator__d3840__w12,130,41
4a_duration_estimator,4a_duration_estimator__d3840__w12,131,29
4a_duration_estimator,4a_duration_estimator__d3840__w12,132,27
4a_duration_estimator,4a_duration_estimator__d3840__w12,133,45
4a_duration_estimator,4a_duration_estimator__d3840__w12,134,34
4a_duration_estimator,4a_duration_estimator__d3840__w12,135,56
4a_duration_estimator,4a_duration_estimator__d3840__w12,136,42
4a_duration_estimator,4a_duration_estimator__d3840__w12,137,55
4a_duration_estimator,4a_duration_estimator__d3840__w12,138,41
4a_duration_estimator,4a_duration_estimator__d3840__w12,139,35
4a_duration_estimator,4a_duration_estimator__d3840__w12,140,50
4a_duration_estimator,4a_duration_estimator__d3840__w12,141,56
4a_duration_estimator,4a_duration_estimator__d3840__w12,142,54
4a_duration_estimator,4a_duration_estimator__d3840__w12,143,47
4a_duration_estimator,4a_duration_estimator__d3840__w12,144,43
4a_duration_estimator,4a_duration_estimator__d3840__w12,145,30
4a_duration_estimator,4a_duration_estimator__d3840__w12,146,30
4a_duration_estimator,4a_duration_estimator__d3840__w12,147,21
4a_duration_estimator,4a_duration_estimator__d3840__w12,148,24
4a_duration_estimator,4a_duration_estimator__d3840__w12,149,29
4a_duration_estimator,4a_duration_estimator__d3840__w12,150,27
4a_duration_estimator,4a_duration_estimator__d3840__w12,151,21
4a_duration_estimator,4a_duration_estimator__d3840__w12,152,18
4a_duration_estimator,4a_duration_estimator__d3840__w12,153,30
4a_duration_estimator,4a_duration_estimator__d3840__w12,154,25
4a_duration_estimator,4a_duration_estimator__d3840__w12,155,39
4a_duration_estimator,4a_duration_estimator__d3840__w12,156,34
4a_duration_estimator,4a_duration_estimator__d3840__w12,157,43
4a_duration_estimator,4a_duration_estimator__d3840__w12,158,38
4a_duration_estimator,4a_duration_estimator__d3840__w12,159,29
4a_duration_estimator,4a_duration_estimator__d3840__w12,160,35
4a_duration_estimator,4a_duration_estimator__d3840__w12,161,59
4a_duration_estimator,4a_duration_estimator__d3840__w12,162,52
4a_duration_estimator,4a_duration_estimator__d3840__w12,163,60
4a_duration_estimator,4a_duration_estimator__d3840__w12,164,52
4a_duration_estimator,4a_duration_estimator__d3840__w12,165,44
4a_duration_estimator,4a_duration_estimator__d3840__w12,166,59
4a_duration_estimator,4a_duration_estimator__d3840__w12,167,40
4a_duration_estimator,4a_duration_estimator__d7680__w12,0,33
4a_duration_estimator,4a_duration_estimator__d7680__w12,1,32
4a_duration_estimator,4a_duration_estimator__d7680__w12,2,34
4a_duration_estimator,4a_duration_estimator__d7680__w12,3,30
4a_duration_estimator,4a_duration_estimator__d7680__w12,4,34
4a_duration_estimator,4a_duration_estimator__d7680__w12,5,37
4a_duration_estimator,4a_duration_estimator__d7680__w12,6,45
4a_duration_estimator,4a_duration_estimator__d7680__w12,7,47
4a_duration_estimator,4a_duration_estimator__d7680__w12,8,62
4a_duration_estimator,4a_duration_estimator__d7680__w12,9,72
4a_duration_estimator,4a_duration_estimator__d7680__w12,10,90
4a_duration_estimator,4a_duration_estimator__d7680__w12,11,80
4a_duration_estimator,4a_duration_estimator__d7680__w12,12,70
4a_duration_estimator,4a_duration_estimator__d7680__w12,13,90
4a_duration_estimator,4a_duration_estimator__d7680__w12,14,104
4a_duration_estimator,4a_duration_estimator__d7680__w12,15,107
4a_duration_estimator,4a_duration_estimator__d7680__w12,16,118
4a_duration_estimator,4a_duration_estimator__d7680__w12,17,117
4a_duration_estimator,4a_duration_estimator__d7680__w12,18,94
4a_duration_estimator,4a_duration_estimator__d7680__w12,19,107
4a_duration_estimator,4a_duration_estimator__d7680__w12,20,115
4a_duration_estimator,4a_duration_estimator__d7680__w12,21,115
4a_duration_estimator,4a_duration_estimator__d7680__w12,22,101
4a_duration_estimator,4a_duration_estimator__d7680__w12,23,91
4a_duration_estimator,4a_duration_estimator__d7680__w12,24,82
4a_duration_estimator,4a_duration_estimator__d7680__w12,25,73
4a_duration_estimator,4a_duration_estimator__d7680__w12,26,42
4a_duration_estimator,4a_duration_estimator__d7680__w12,27,32
4a_duration_estimator,4a_duration_estimator__d7680__w12,28,45
4a_duration_estimator,4a_duration_estimator__d7680__w12,29,38
4a_duration_estimator,4a_duration_estimator__d7680__w12,30,55
4a_duration_estimator,4a_duration_estimator__d7680__w12,31,50
4a_duration_estimator,4a_duration_estimator__d7680__w12,32,77
4a_duration_estimator,4a_duration_estimator__d7680__w12,33,81
4a_duration_estimator,4a_duration_estimator__d7680__w12,34,69
4a_duration_estimator,4a_duration_estimator__d7680__w12,35,76
4a_duration_estimator,4a_duration_estimator__d7680__w12,36,83
4a_duration_estimator,4a_duration_estimator__d7680__w12,37,92
4a_duration_estimator,4a_duration_estimator__d7680__w12,38,113
4a_duration_estimator,4a_duration_estimator__d7680__w12,39,113
4a_duration_estimator,4a_duration_estimator__d7680__w12,40,115
4a_duration_estimator,4a_duration_estimator__d7680__w12,41,123
4a_duration_estimator,4a_duration_estimator__d7680__w12,42,124
4a_duration_estimator,4a_duration_estimator__d7680__w12,43,124
4a_duration_estimator,4a_duration_estimator__d7680__w12,44,133
4a_duration_estimator,4a_duration_estimator__d7680__w12,45,139
4a_duration_estimator,4a_duration_estimator__d7680__w12,46,106
4a_duration_estimator,4a_duration_estimator__d7680__w12,47,109
4a_duration_estimator,4a_duration_estimator__d7680__w12,48,83
4a_duration_estimator,4a_duration_estimator__d7680__w12,49,66
4a_duration_estimator,4a_duration_estimator__d7680__w12,50,46
4a_duration_estimator,4a_duration_estimator__d7680__w12,51,47
4a_duration_estimator,4a_duration_estimator__d7680__w12,52,39
4a_duration_estimator,4a_duration_estimator__d7680__w12,53,46
4a_duration_estimator,4a_duration_estimator__d7680__w12,54,51
4a_duration_estimator,4a_duration_estimator__d7680__w12,55,68
4a_duration_estimator,4a_duration_estimator__d7680__w12,56,64
4a_duration_estimator,4a_duration_estimator__d7680__w12,57,67
4a_duration_estimator,4a_duration_estimator__d7680__w12,58,66
4a_duration_estimator,4a_duration_estimator__d7680__w12,59,75
4a_duration_estimator,4a_duration_estimator__d7680__w12,60,79
4a_duration_estimator,4a_duration_estimator__d7680__w12,61,82
4a_duration_estimator,4a_duration_estimator__d7680__w12,62,90
4a_duration_estimator,4a_duration_estimator__d7680__w12,63,107
4a_duration_estimator,4a_duration_estimator__d7680__w12,64,114
4a_duration_estimator,4a_duration_estimator__d7680__w12,65,132
4a_duration_estimator,4a_duration_estimator__d7680__w12,66,131
4a_duration_estimator,4a_duration_estimator__d7680__w12,67,136
4a_duration_estimator,4a_duration_estimator__d7680__w12,68,121
4a_duration_estimator,4a_duration_estimator__d7680__w12,69,121
4a_duration_estimator,4a_duration_estimator__d7680__w12,70,106
4a_duration_estimator,4a_duration_estimator__d7680__w12,71,103
4a_duration_estimator,4a_duration_estimator__d7680__w12,72,90
4a_duration_estimator,4a_duration_estimator__d7680__w12,73,62
4a_duration_estimator,4a_duration_estimator__d7680__w12,74,60
4a_duration_estimator,4a_duration_estimator__d7680__w12,75,38
4a_duration_estimator,4a_duration_estimator__d7680__w12,76,49
4a_duration_estimator,4a_duration_estimator__d7680__w12,77,51
4a_duration_estimator,4a_duration_estimator__d7680__w12,78,71
4a_duration_estimator,4a_duration_estimator__d7680__w12,79,57
4a_duration_estimator,4a_duration_estimator__d7680__w12,80,74
4a_duration_estimator,4a_duration_estimator__d7680__w12,81,67
4a_duration_estimator,4a_duration_estimator__d7680__w12,82,71
4a_duration_estimator,4a_duration_estimator__d7680__w12,83,77
4a_duration_estimator,4a_duration_estimator__d7680__w12,84,84
4a_duration_estimator,4a_duration_estimator__d7680__w12,85,102
4a_duration_estimator,4a_duration_estimator__d7680__w12,86,109
4a_duration_estimator,4a_duration_estimator__d7680__w12,87,106
4a_duration_estimator,4a_duration_estimator__d7680__w12,88,122
4a_duration_estimator,4a_duration_estimator__d7680__w12,89,122
4a_duration_estimator,4a_duration_estimator__d7680__w12,90,121
4a_duration_estimator,4a_duration_estimator__d7680__w12,91,117
4a_duration_estimator,4a_duration_estimator__d7680__w12,92,120
4a_duration_estimator,4a_duration_estimator__d7680__w12,93,131
4a_duration_estimator,4a_duration_estimator__d7680__w12,94,124
4a_duration_estimator,4a_duration_estimator__d7680__w12,95,96
4a_duration_estimator,4a_duration_estimator__d7680__w12,96,77
4a_duration_estimator,4a_duration_estimator__d7680__w12,97,72
4a_duration_estimator,4a_duration_estimator__d7680__w12,98,47
4a_duration_estimator,4a_duration_estimator__d7680__w12,99,37
4a_duration_estimator,4a_duration_estimator__d7680__w12,100,30
4a_duration_estimator,4a_duration_estimator__d7680__w12,101,42
4a_duration_estimator,4a_duration_estimator__d7680__w12,102,51
4a_duration_estimator,4a_duration_estimator__d7680__w12,103,53
4a_duration_estimator,4a_duration_estimator__d7680__w12,104,62
4a_duration_estimator,4a_duration_estimator__d7680__w12,105,89
4a_duration_estimator,4a_duration_estimator__d7680__w12,106,76
4a_duration_estimator,4a_duration_estimator__d7680__w12,107,75
4a_duration_estimator,4a_duration_estimator__d7680__w12,108,73
4a_duration_estimator,4a_duration_estimator__d7680__w12,109,97
4a_duration_estimator,4a_duration_estimator__d7680__w12,110,110
4a_duration_estimator,4a_duration_estimator__d7680__w12,111,129
4a_duration_estimator,4a_duration_estimator__d7680__w12,112,128
4a_duration_estimator,4a_duration_estimator__d7680__w12,113,125
4a_duration_estimator,4a_duration_estimator__d7680__w12,114,128
4a_duration_estimator,4a_duration_estimator__d7680__w12,115,116
4a_duration_estimator,4a_duration_estimator__d7680__w12,116,114
4a_duration_estimator,4a_duration_estimator__d7680__w12,117,128
4a_duration_estimator,4a_duration_estimator__d7680__w12,118,128
4a_duration_estimator,4a_duration_estimator__d7680__w12,119,88
4a_duration_estimator,4a_duration_estimator__d7680__w12,120,79
4a_duration_estimator,4a_duration_estimator__d7680__w12,121,69
4a_duration_estimator,4a_duration_estimator__d7680__w12,122,40
4a_duration_estimator,4a_duration_estimator__d7680__w12,123,24
4a_duration_estimator,4a_duration_estimator__d7680__w12,124,21
4a_duration_estimator,4a_duration_estimator__d7680__w12,125,29
4a_duration_estimator,4a_duration_estimator__d7680__w12,126,20
4a_duration_estimator,4a_duration_estimator__d7680__w12,127,25
4a_duration_estimator,4a_duration_estimator__d7680__w12,128,15
4a_duration_estimator,4a_duration_estimator__d7680__w12,129,29
4a_duration_estimator,4a_duration_estimator__d7680__w12,130,41
4a_duration_estimator,4a_duration_estimator__d7680__w12,131,29
4a_duration_estimator,4a_duration_estimator__d7680__w12,132,27
4a_duration_estimator,4a_duration_estimator__d7680__w12,133,45
4a_duration_estimator,4a_duration_estimator__d7680__w12,134,34
4a_duration_estimator,4a_duration_estimator__d7680__w12,135,56
4a_duration_estimator,4a_duration_estimator__d7680__w12,136,42
4a_duration_estimator,4a_duration_estimator__d7680__w12,137,55
4a_duration_estimator,4a_duration_estimator__d7680__w12,138,41
4a_duration_estimator,4a_duration_estimator__d7680__w12,139,35
4a_duration_estimator,4a_duration_estimator__d7680__w12,140,50
4a_duration_estimator,4a_duration_estimator__d7680__w12,141,56
4a_duration_estimator,4a_duration_estimator__d7680__w12,142,54
4a_duration_estimator,4a_duration_estimator__d7680__w12,143,47
4a_duration_estimator,4a_duration_estimator__d7680__w12,144,43
4a_duration_estimator,4a_duration_estimator__d7680__w12,145,30
4a_duration_estimator,4a_duration_estimator__d7680__w12,146,30
4a_duration_estimator,4a_duration_estimator__d7680__w12,147,21
4a_duration_estimator,4a_duration_estimator__d7680__w12,148,24
4a_duration_estimator,4a_duration_estimator__d7680__w12,149,29
4a_duration_estimator,4a_duration_estimator__d7680__w12,150,27
4a_duration_estimator,4a_duration_estimator__d7680__w12,151,21
4a_duration_estimator,4a_duration_estimator__d7680__w12,152,18
4a_duration_estimator,4a_duration_estimator__d7680__w12,153,30
4a_duration_estimator,4a_duration_estimator__d7680__w12,154,25
4a_duration_estimator,4a_duration_estimator__d7680__w12,155,39
4a_duration_estimator,4a_duration_estimator__d7680__w12,156,34
4a_duration_estimator,4a_duration_estimator__d7680__w12,157,43
4a_duration_estimator,4a_duration_estimator__d7680__w12,158,38
4a_duration_estimator,4a_duration_estimator__d7680__w12,159,29
4a_duration_estimator,4a_duration_estimator__d7680__w12,160,35
4a_duration_estimator,4a_duration_estimator__d7680__w12,161,59
4a_duration_estimator,4a_duration_estimator__d7680__w12,162,52
4a_duration_estimator,4a_duration_estimator__d7680__w12,163,60
4a_duration_estimator,4a_duration_estimator__d7680__w12,164,52
4a_duration_estimator,4a_duration_estimator__d7680__w12,165,44
4a_duration_estimator,4a_duration_estimator__d7680__w12,166,59
4a_duration_estimator,4a_duration_estimator__d7680__w12,167,40
4a_duration_estimator,4a_duration_estimator__d15360__w12,0,33
4a_duration_estimator,4a_duration_estimator__d15360__w12,1,32
4a_duration_estimator,4a_duration_estimator__d15360__w12,2,34
4a_duration_estimator,4a_duration_estimator__d15360__w12,3,30
4a_duration_estimator,4a_duration_estimator__d15360__w12,4,34
4a_duration_estimator,4a_duration_estimator__d15360__w12,5,37
4a_duration_estimator,4a_duration_estimator__d15360__w12,6,45
4a_duration_estimator,4a_duration_estimator__d15360__w12,7,47
4a_duration_estimator,4a_duration_estimator__d15360__w12,8,62
4a_duration_estimator,4a_duration_estimator__d15360__w12,9,72
4a_duration_estimator,4a_duration_estimator__d15360__w12,10,90
4a_duration_estimator,4a_duration_estimator__d15360__w12,11,80
4a_duration_estimator,4a_duration_estimator__d15360__w12,12,70
4a_duration_estimator,4a_duration_estimator__d15360__w12,13,90
4a_duration_estimator,4a_duration_estimator__d15360__w12,14,104
4a_duration_estimator,4a_duration_estimator__d15360__w12,15,107
4a_duration_estimator,4a_duration_estimator__d15360__w12,16,118
4a_duration_estimator,4a_duration_estimator__d15360__w12,17,117
4a_duration_estimator,4a_duration_estimator__d15360__w12,18,94
4a_duration_estimator,4a_duration_estimator__d15360__w12,19,107
4a_duration_estimator,4a_duration_estimator__d15360__w12,20,115
4a_duration_estimator,4a_duration_estimator__d15360__w12,21,115
4a_duration_estimator,4a_duration_estimator__d15360__w12,22,101
4a_duration_estimator,4a_duration_estimator__d15360__w12,23,91
4a_duration_estimator,4a_duration_estimator__d15360__w12,24,82
4a_duration_estimator,4a_duration_estimator__d15360__w12,25,73
4a_duration_estimator,4a_duration_estimator__d15360__w12,26,42
4a_duration_estimator,4a_duration_estimator__d15360__w12,27,32
4a_duration_estimator,4a_duration_estimator__d15360__w12,28,45
4a_duration_estimator,4a_duration_estimator__d15360__w12,29,38
4a_duration_estimator,4a_duration_estimator__d15360__w12,30,55
4a_duration_estimator,4a_duration_estimator__d15360__w12,31,50
4a_duration_estimator,4a_duration_estimator__d15360__w12,32,77
4a_duration_estimator,4a_duration_estimator__d15360__w12,33,81
4a_duration_estimator,4a_duration_estimator__d15360__w12,34,69
4a_duration_estimator,4a_duration_estimator__d15360__w12,35,76
4a_duration_estimator,4a_duration_estimator__d15360__w12,36,83
4a_duration_estimator,4a_duration_estimator__d15360__w12,37,92
4a_duration_estimator,4a_duration_estimator__d15360__w12,38,113
4a_duration_estimator,4a_duration_estimator__d15360__w12,39,113
4a_duration_estimator,4a_duration_estimator__d15360__w12,40,115
4a_duration_estimator,4a_duration_estimator__d15360__w12,41,123
4a_duration_estimator,4a_duration_estimator__d15360__w12,42,124
4a_duration_estimator,4a_duration_estimator__d15360__w12,43,124
4a_duration_estimator,4a_duration_estimator__d15360__w12,44,133
4a_duration_estimator,4a_duration_estimator__d15360__w12,45,139
4a_duration_estimator,4a_duration_estimator__d15360__w12,46,106
4a_duration_estimator,4a_duration_estimator__d15360__w12,47,109
4a_duration_estimator,4a_duration_estimator__d15360__w12,48,83
4a_duration_estimator,4a_duration_estimator__d15360__w12,49,66
4a_duration_estimator,4a_duration_estimator__d15360__w12,50,46
4a_duration_estimator,4a_duration_estimator__d15360__w12,51,47
4a_duration_estimator,4a_duration_estimator__d15360__w12,52,39
4a_duration_estimator,4a_duration_estimator__d15360__w12,53,46
4a_duration_estimator,4a_duration_estimator__d15360__w12,54,51
4a_duration_estimator,4a_duration_estimator__d15360__w12,55,68
4a_duration_estimator,4a_duration_estimator__d15360__w12,56,64
4a_duration_estimator,4a_duration_estimator__d15360__w12,57,67
4a_duration_estimator,4a_duration_estimator__d15360__w12,58,66
4a_duration_estimator,4a_duration_estimator__d15360__w12,59,75
4a_duration_estimator,4a_duration_estimator__d15360__w12,60,79
4a_duration_estimator,4a_duration_estimator__d15360__w12,61,82
4a_duration_estimator,4a_duration_estimator__d15360__w12,62,90
4a_duration_estimator,4a_duration_estimator__d15360__w12,63,107
4a_duration_estimator,4a_duration_estimator__d15360__w12,64,114
4a_duration_estimator,4a_duration_estimator__d15360__w12,65,132
4a_duration_estimator,4a_duration_estimator__d15360__w12,66,131
4a_duration_estimator,4a_duration_estimator__d15360__w12,67,136
4a_duration_estimator,4a_duration_estimator__d15360__w12,68,121
4a_duration_estimator,4a_duration_estimator__d15360__w12,69,121
4a_duration_estimator,4a_duration_estimator__d15360__w12,70,106
4a_duration_estimator,4a_duration_estimator__d15360__w12,71,103
4a_duration_estimator,4a_duration_estimator__d15360__w12,72,90
4a_duration_estimator,4a_duration_estimator__d15360__w12,73,62
4a_duration_estimator,4a_duration_estimator__d15360__w12,74,60
4a_duration_estimator,4a_duration_estimator__d15360__w12,75,38
4a_duration_estimator,4a_duration_estimator__d15360__w12,76,49
4a_duration_estimator,4a_duration_estimator__d15360__w12,77,51
4a_duration_estimator,4a_duration_estimator__d15360__w12,78,71
4a_duration_estimator,4a_duration_estimator__d15360__w12,79,57
4a_duration_estimator,4a_duration_estimator__d15360__w12,80,74
4a_duration_estimator,4a_duration_estimator__d15360__w12,81,67
4a_duration_estimator,4a_duration_estimator__d15360__w12,82,71
4a_duration_estimator,4a_duration_estimator__d15360__w12,83,77
4a_duration_estimator,4a_duration_estimator__d15360__w12,84,84
4a_duration_estimator,4a_duration_estimator__d15360__w12,85,102
4a_duration_estimator,4a_duration_estimator__d15360__w12,86,109
4a_duration_estimator,4a_duration_estimator__d15360__w12,87,106
4a_duration_estimator,4a_duration_estimator__d15360__w12,88,122
4a_duration_estimator,4a_duration_estimator__d15360__w12,89,122
4a_duration_estimator,4a_duration_estimator__d15360__w12,90,121
4a_duration_estimator,4a_duration_estimator__d15360__w12,91,117
4a_duration_estimator,4a_duration_estimator__d15360__w12,92,120
4a_duration_estimator,4a_duration_estimator__d15360__w12,93,131
4a_duration_estimator,4a_duration_estimator__d15360__w12,94,124
4a_duration_estimator,4a_duration_estimator__d15360__w12,95,96
4a_duration_estimator,4a_duration_estimator__d15360__w12,96,77
4a_duration_estimator,4a_duration_estimator__d15360__w12,97,72
4a_duration_estimator,4a_duration_estimator__d15360__w12,98,47
4a_duration_estimator,4a_duration_estimator__d15360__w12,99,37
4a_duration_estimator,4a_duration_estimator__d15360__w12,100,30
4a_duration_estimator,4a_duration_estimator__d15360__w12,101,42
4a_duration_estimator,4a_duration_estimator__d15360__w12,102,51
4a_duration_estimator,4a_duration_estimator__d15360__w12,103,53
4a_duration_estimator,4a_duration_estimator__d15360__w12,104,62
4a_duration_estimator,4a_duration_estimator__d15360__w12,105,89
4a_duration_estimator,4a_duration_estimator__d15360__w12,106,76
4a_duration_estimator,4a_duration_estimator__d15360__w12,107,75
4a_duration_estimator,4a_duration_estimator__d15360__w12,108,73
4a_duration_estimator,4a_duration_estimator__d15360__w12,109,97
4a_duration_estimator,4a_duration_estimator__d15360__w12,110,110
4a_duration_estimator,4a_duration_estimator__d15360__w12,111,129
4a_duration_estimator,4a_duration_estimator__d15360__w12,112,128
4a_duration_estimator,4a_duration_estimator__d15360__w12,113,125
4a_duration_estimator,4a_duration_estimator__d15360__w12,114,128
4a_duration_estimator,4a_duration_estimator__d15360__w12,115,116
4a_duration_estimator,4a_duration_estimator__d15360__w12,116,114
4a_duration_estimator,4a_duration_estimator__d15360__w12,117,128
4a_duration_estimator,4a_duration_estimator__d15360__w12,118,128
4a_duration_estimator,4a_duration_estimator__d15360__w12,119,88
4a_duration_estimator,4a_duration_estimator__d15360__w12,120,79
4a_duration_estimator,4a_duration_estimator__d15360__w12,121,69
4a_duration_estimator,4a_duration_estimator__d15360__w12,122,40
4a_duration_estimator,4a_duration_estimator__d15360__w12,123,24
4a_duration_estimator,4a_duration_estimator__d15360__w12,124,21
4a_duration_estimator,4a_duration_estimator__d15360__w12,125,29
4a_duration_estimator,4a_duration_estimator__d15360__w12,126,20
4a_duration_estimator,4a_duration_estimator__d15360__w12,127,25
4a_duration_estimator,4a_duration_estimator__d15360__w12,128,15
4a_duration_estimator,4a_duration_estimator__d15360__w12,129,29
4a_duration_estimator,4a_duration_estimator__d15360__w12,130,41
4a_duration_estimator,4a_duration_estimator__d15360__w12,131,29
4a_duration_estimator,4a_duration_estimator__d15360__w12,132,27
4a_duration_estimator,4a_duration_estimator__d15360__w12,133,45
4a_duration_estimator,4a_duration_estimator__d15360__w12,134,34
4a_duration_estimator,4a_duration_estimator__d15360__w12,135,56
4a_duration_estimator,4a_duration_estimator__d15360__w12,136,42
4a_duration_estimator,4a_duration_estimator__d15360__w12,137,55
4a_duration_estimator,4a_duration_estimator__d15360__w12,138,41
4a_duration_estimator,4a_duration_estimator__d15360__w12,139,35
4a_duration_estimator,4a_duration_estimator__d15360__w12,140,50
4a_duration_estimator,4a_duration_estimator__d15360__w12,141,56
4a_duration_estimator,4a_duration_estimator__d15360__w12,142,54
4a_duration_estimator,4a_duration_estimator__d15360__w12,143,47
4a_duration_estimator,4a_duration_estimator__d15360__w12,144,43
4a_duration_estimator,4a_duration_estimator__d15360__w12,145,30
4a_duration_estimator,4a_duration_estimator__d15360__w12,146,30
4a_duration_estimator,4a_duration_estimator__d15360__w12,147,21
4a_duration_estimator,4a_duration_estimator__d15360__w12,148,24
4a_duration_estimator,4a_duration_estimator__d15360__w12,149,29
4a_duration_estimator,4a_duration_estimator__d15360__w12,150,27
4a_duration_estimator,4a_duration_estimator__d15360__w12,151,21
4a_duration_estimator,4a_duration_estimator__d15360__w12,152,18
4a_duration_estimator,4a_duration_estimator__d15360__w12,153,30
4a_duration_estimator,4a_duration_estimator__d15360__w12,154,25
4a_duration_estimator,4a_duration_estimator__d15360__w12,155,39
4a_duration_estimator,4a_duration_estimator__d15360__w12,156,34
4a_duration_estimator,4a_duration_estimator__d15360__w12,157,43
4a_duration_estimator,4a_duration_estimator__d15360__w12,158,38
4a_duration_estimator,4a_duration_estimator__d15360__w12,159,29
4a_duration_estimator,4a_duration_estimator__d15360__w12,160,35
4a_duration_estimator,4a_duration_estimator__d15360__w12,161,59
4a_duration_estimator,4a_duration_estimator__d15360__w12,162,52
4a_duration_estimator,4a_duration_estimator__d15360__w12,163,60
4a_duration_estimator,4a_duration_estimator__d15360__w12,164,52
4a_duration_estimator,4a_duration_estimator__d15360__w12,165,44
4a_duration_estimator,4a_duration_estimator__d15360__w12,166,59
4a_duration_estimator,4a_duration_estimator__d15360__w12,167,40
4a_duration_estimator,4a_duration_estimator__d0__w24,0,22
4a_duration_estimator,4a_duration_estimator__d0__w24,1,111
4a_duration_estimator,4a_duration_estimator__d0__w24,2,34
4a_duration_estimator,4a_duration_estimator__d0__w24,3,30
4a_duration_estimator,4a_duration_estimator__d0__w24,4,28
4a_duration_estimator,4a_duration_estimator__d0__w24,5,26
4a_duration_estimator,4a_duration_estimator__d0__w24,6,31
4a_duration_estimator,4a_duration_estimator__d0__w24,7,35
4a_duration_estimator,4a_duration_estimator__d0__w24,8,45
4a_duration_estimator,4a_duration_estimator__d0__w24,9,52
4a_duration_estimator,4a_duration_estimator__d0__w24,10,61
4a_duration_estimator,4a_duration_estimator__d0__w24,11,64
4a_duration_estimator,4a_duration_estimator__d0__w24,12,50
4a_duration_estimator,4a_duration_estimator__d0__w24,13,60
4a_duration_estimator,4a_duration_estimator__d0__w24,14,82
4a_duration_estimator,4a_duration_estimator__d0__w24,15,83
4a_duration_estimator,4a_duration_estimator__d0__w24,16,93
4a_duration_estimator,4a_duration_estimator__d0__w24,17,94
4a_duration_estimator,4a_duration_estimator__d0__w24,18,76
4a_duration_estimator,4a_duration_estimator__d0__w24,19,84
4a_duration_estimator,4a_duration_estimator__d0__w24,20,88
4a_duration_estimator,4a_duration_estimator__d0__w24,21,83
4a_duration_estimator,4a_duration_estimator__d0__w24,22,84
4a_duration_estimator,4a_duration_estimator__d0__w24,23,76
4a_duration_estimator,4a_duration_estimator__d0__w24,24,62
4a_duration_estimator,4a_duration_estimator__d0__w24,25,65
4a_duration_estimator,4a_duration_estimator__d0__w24,26,471
4a_duration_estimator,4a_duration_estimator__d0__w24,27,32
4a_duration_estimator,4a_duration_estimator__d0__w24,28,45
4a_duration_estimator,4a_duration_estimator__d0__w24,29,27
4a_duration_estimator,4a_duration_estimator__d0__w24,30,36
4a_duration_estimator,4a_duration_estimator__d0__w24,31,40
4a_duration_estimator,4a_duration_estimator__d0__w24,32,63
4a_duration_estimator,4a_duration_estimator__d0__w24,33,52
4a_duration_estimator,4a_duration_estimator__d0__w24,34,53
4a_duration_estimator,4a_duration_estimator__d0__w24,35,56
4a_duration_estimator,4a_duration_estimator__d0__w24,36,202
4a_duration_estimator,4a_duration_estimator__d0__w24,37,69
4a_duration_estimator,4a_duration_estimator__d0__w24,38,88
4a_duration_estimator,4a_duration_estimator__d0__w24,39,87
4a_duration_estimator,4a_duration_estimator__d0__w24,40,87
4a_duration_estimator,4a_duration_estimator__d0__w24,41,99
4a_duration_estimator,4a_duration_estimator__d0__w24,42,102
4a_duration_estimator,4a_duration_estimator__d0__w24,43,96
4a_duration_estimator,4a_duration_estimator__d0__w24,44,111
4a_duration_estimator,4a_duration_estimator__d0__w24,45,111
4a_duration_estimator,4a_duration_estimator__d0__w24,46,83
4a_duration_estimator,4a_duration_estimator__d0__w24,47,87
4a_duration_estimator,4a_duration_estimator__d0__w24,48,60
4a_duration_estimator,4a_duration_estimator__d0__w24,49,51
4a_duration_estimator,4a_duration_estimator__d0__w24,50,261
4a_duration_estimator,4a_duration_estimator__d0__w24,51,40
4a_duration_estimator,4a_duration_estimator__d0__w24,52,31
4a_duration_estimator,4a_duration_estimator__d0__w24,53,35
4a_duration_estimator,4a_duration_estimator__d0__w24,54,38
4a_duration_estimator,4a_duration_estimator__d0__w24,55,47
4a_duration_estimator,4a_duration_estimator__d0__w24,56,46
4a_duration_estimator,4a_duration_estimator__d0__w24,57,45
4a_duration_estimator,4a_duration_estimator__d0__w24,58,48
4a_duration_estimator,4a_duration_estimator__d0__w24,59,50
4a_duration_estimator,4a_duration_estimator__d0__w24,60,61
4a_duration_estimator,4a_duration_estimator__d0__w24,61,61
4a_duration_estimator,4a_duration_estimator__d0__w24,62,62
4a_duration_estimator,4a_duration_estimator__d0__w24,63,78
4a_duration_estimator,4a_duration_estimator__d0__w24,64,90
4a_duration_estimator,4a_duration_estimator__d0__w24,65,107
4a_duration_estimator,4a_duration_estimator__d0__w24,66,102
4a_duration_estimator,4a_duration_estimator__d0__w24,67,102
4a_duration_estimator,4a_duration_estimator__d0__w24,68,93
4a_duration_estimator,4a_duration_estimator__d0__w24,69,94
4a_duration_estimator,4a_duration_estimator__d0__w24,70,103
4a_duration_estimator,4a_duration_estimator__d0__w24,71,98
4a_duration_estimator,4a_duration_estimator__d0__w24,72,90
4a_duration_estimator,4a_duration_estimator__d0__w24,73,64
4a_duration_estimator,4a_duration_estimator__d0__w24,74,491
4a_duration_estimator,4a_duration_estimator__d0__w24,75,33
4a_duration_estimator,4a_duration_estimator__d0__w24,76,39
4a_duration_estimator,4a_duration_estimator__d0__w24,77,36
4a_duration_estimator,4a_duration_estimator__d0__w24,78,47
4a_duration_estimator,4a_duration_estimator__d0__w24,79,38
4a_duration_estimator,4a_duration_estimator__d0__w24,80,53
4a_duration_estimator,4a_duration_estimator__d0__w24,81,48
4a_duration_estimator,4a_duration_estimator__d0__w24,82,47
4a_duration_estimator,4a_duration_estimator__d0__w24,83,55
4a_duration_estimator,4a_duration_estimator__d0__w24,84,68
4a_duration_estimator,4a_duration_estimator__d0__w24,85,81
4a_duration_estimator,4a_duration_estimator__d0__w24,86,69
4a_duration_estimator,4a_duration_estimator__d0__w24,87,85
4a_duration_estimator,4a_duration_estimator__d0__w24,88,97
4a_duration_estimator,4a_duration_estimator__d0__w24,89,100
4a_duration_estimator,4a_duration_estimator__d0__w24,90,92
4a_duration_estimator,4a_duration_estimator__d0__w24,91,100
4a_duration_estimator,4a_duration_estimator__d0__w24,92,88
4a_duration_estimator,4a_duration_estimator__d0__w24,93,102
4a_duration_estimator,4a_duration_estimator__d0__w24,94,102
4a_duration_estimator,4a_duration_estimator__d0__w24,95,134
4a_duration_estimator,4a_duration_estimator__d0__w24,96,52
4a_duration_estimator,4a_duration_estimator__d0__w24,97,71
4a_duration_estimator,4a_duration_estimator__d0__w24,98,522
4a_duration_estimator,4a_duration_estimator__d0__w24,99,30
4a_duration_estimator,4a_duration_estimator__d0__w24,100,23
4a_duration_estimator,4a_duration_estimator__d0__w24,101,33
4a_duration_estimator,4a_duration_estimator__d0__w24,102,40
4a_duration_estimator,4a_duration_estimator__d0__w24,103,40
4a_duration_estimator,4a_duration_estimator__d0__w24,104,44
4a_duration_estimator,4a_duration_estimator__d0__w24,105,54
4a_duration_estimator,4a_duration_estimator__d0__w24,106,59
4a_duration_estimator,4a_duration_estimator__d0__w24,107,56
4a_duration_estimator,4a_duration_estimator__d0__w24,108,50
4a_duration_estimator,4a_duration_estimator__d0__w24,109,72
4a_duration_estimator,4a_duration_estimator__d0__w24,110,84
4a_duration_estimator,4a_duration_estimator__d0__w24,111,106
4a_duration_estimator,4a_duration_estimator__d0__w24,112,95
4a_duration_estimator,4a_duration_estimator__d0__w24,113,110
4a_duration_estimator,4a_duration_estimator__d0__w24,114,103
4a_duration_estimator,4a_duration_estimator__d0__w24,115,91
4a_duration_estimator,4a_duration_estimator__d0__w24,116,91
4a_duration_estimator,4a_duration_estimator__d0__w24,117,103
4a_duration_estimator,4a_duration_estimator__d0__w24,118,105
4a_duration_estimator,4a_duration_estimator__d0__w24,119,73
4a_duration_estimator,4a_duration_estimator__d0__w24,120,60
4a_duration_estimator,4a_duration_estimator__d0__w24,121,74
4a_duration_estimator,4a_duration_estimator__d0__w24,122,41
4a_duration_estimator,4a_duration_estimator__d0__w24,123,119
4a_duration_estimator,4a_duration_estimator__d0__w24,124,17
4a_duration_estimator,4a_duration_estimator__d0__w24,125,26
4a_duration_estimator,4a_duration_estimator__d0__w24,126,14
4a_duration_estimator,4a_duration_estimator__d0__w24,127,18
4a_duration_estimator,4a_duration_estimator__d0__w24,128,12
4a_duration_estimator,4a_duration_estimator__d0__w24,129,21
4a_duration_estimator,4a_duration_estimator__d0__w24,130,55
4a_duration_estimator,4a_duration_estimator__d0__w24,131,39
4a_duration_estimator,4a_duration_estimator__d0__w24,132,322
4a_duration_estimator,4a_duration_estimator__d0__w24,133,41
4a_duration_estimator,4a_duration_estimator__d0__w24,134,29
4a_duration_estimator,4a_duration_estimator__d0__w24,135,50
4a_duration_estimator,4a_duration_estimator__d0__w24,136,36
4a_duration_estimator,4a_duration_estimator__d0__w24,137,45
4a_duration_estimator,4a_duration_estimator__d0__w24,138,33
4a_duration_estimator,4a_duration_estimator__d0__w24,139,30
4a_duration_estimator,4a_duration_estimator__d0__w24,140,44
4a_duration_estimator,4a_duration_estimator__d0__w24,141,43
4a_duration_estimator,4a_duration_estimator__d0__w24,142,48
4a_duration_estimator,4a_duration_estimator__d0__w24,143,38
4a_duration_estimator,4a_duration_estimator__d0__w24,144,32
4a_duration_estimator,4a_duration_estimator__d0__w24,145,34
4a_duration_estimator,4a_duration_estimator__d0__w24,146,31
4a_duration_estimator,4a_duration_estimator__d0__w24,147,48
4a_duration_estimator,4a_duration_estimator__d0__w24,148,22
4a_duration_estimator,4a_duration_estimator__d0__w24,149,25
4a_duration_estimator,4a_duration_estimator__d0__w24,150,23
4a_duration_estimator,4a_duration_estimator__d0__w24,151,13
4a_duration_estimator,4a_duration_estimator__d0__w24,152,13
4a_duration_estimator,4a_duration_estimator__d0__w24,153,34
4a_duration_estimator,4a_duration_estimator__d0__w24,154,23
4a_duration_estimator,4a_duration_estimator__d0__w24,155,185
4a_duration_estimator,4a_duration_estimator__d0__w24,156,34
4a_duration_estimator,4a_duration_estimator__d0__w24,157,43
4a_duration_estimator,4a_duration_estimator__d0__w24,158,28
4a_duration_estimator,4a_duration_estimator__d0__w24,159,26
4a_duration_estimator,4a_duration_estimator__d0__w24,160,30
4a_duration_estimator,4a_duration_estimator__d0__w24,161,54
4a_duration_estimator,4a_duration_estimator__d0__w24,162,45
4a_duration_estimator,4a_duration_estimator__d0__w24,163,50
4a_duration_estimator,4a_duration_estimator__d0__w24,164,45
4a_duration_estimator,4a_duration_estimator__d0__w24,165,34
4a_duration_estimator,4a_duration_estimator__d0__w24,166,54
4a_duration_estimator,4a_duration_estimator__d0__w24,167,34
4a_duration_estimator,4a_duration_estimator__d60__w24,0,23
4a_duration_estimator,4a_duration_estimator__d60__w24,1,108
4a_duration_estimator,4a_duration_estimator__d60__w24,2,34
4a_duration_estimator,4a_duration_estimator__d60__w24,3,30
4a_duration_estimator,4a_duration_estimator__d60__w24,4,29
4a_duration_estimator,4a_duration_estimator__d60__w24,5,27
4a_duration_estimator,4a_duration_estimator__d60__w24,6,32
4a_duration_estimator,4a_duration_estimator__d60__w24,7,38
4a_duration_estimator,4a_duration_estimator__d60__w24,8,47
4a_duration_estimator,4a_duration_estimator__d60__w24,9,53
4a_duration_estimator,4a_duration_estimator__d60__w24,10,62
4a_duration_estimator,4a_duration_estimator__d60__w24,11,65
4a_duration_estimator,4a_duration_estimator__d60__w24,12,52
4a_duration_estimator,4a_duration_estimator__d60__w24,13,60
4a_duration_estimator,4a_duration_estimator__d60__w24,14,82
4a_duration_estimator,4a_duration_estimator__d60__w24,15,83
4a_duration_estimator,4a_duration_estimator__d60__w24,16,93
4a_duration_estimator,4a_duration_estimator__d60__w24,17,94
4a_duration_estimator,4a_duration_estimator__d60__w24,18,76
4a_duration_estimator,4a_duration_estimator__d60__w24,19,86
4a_duration_estimator,4a_duration_estimator__d60__w24,20,88
4a_duration_estimator,4a_duration_estimator__d60__w24,21,83
4a_duration_estimator,4a_duration_estimator__d60__w24,22,84
4a_duration_estimator,4a_duration_estimator__d60__w24,23,76
4a_duration_estimator,4a_duration_estimator__d60__w24,24,63
4a_duration_estimator,4a_duration_estimator__d60__w24,25,65
4a_duration_estimator,4a_duration_estimator__d60__w24,26,455
4a_duration_estimator,4a_duration_estimator__d60__w24,27,32
4a_duration_estimator,4a_duration_estimator__d60__w24,28,45
4a_duration_estimator,4a_duration_estimator__d60__w24,29,27
4a_duration_estimator,4a_duration_estimator__d60__w24,30,38
4a_duration_estimator,4a_duration_estimator__d60__w24,31,40
4a_duration_estimator,4a_duration_estimator__d60__w24,32,63
4a_duration_estimator,4a_duration_estimator__d60__w24,33,54
4a_duration_estimator,4a_duration_estimator__d60__w24,34,53
4a_duration_estimator,4a_duration_estimator__d60__w24,35,57
4a_duration_estimator,4a_duration_estimator__d60__w24,36,197
4a_duration_estimator,4a_duration_estimator__d60__w24,37,69
4a_duration_estimator,4a_duration_estimator__d60__w24,38,88
4a_duration_estimator,4a_duration_estimator__d60__w24,39,87
4a_duration_estimator,4a_duration_estimator__d60__w24,40,87
4a_duration_estimator,4a_duration_estimator__d60__w24,41,99
4a_duration_estimator,4a_duration_estimator__d60__w24,42,102
4a_duration_estimator,4a_duration_estimator__d60__w24,43,96
4a_duration_estimator,4a_duration_estimator__d60__w24,44,111
4a_duration_estimator,4a_duration_estimator__d60__w24,45,112
4a_duration_estimator,4a_duration_estimator__d60__w24,46,83
4a_duration_estimator,4a_duration_estimator__d60__w24,47,87
4a_duration_estimator,4a_duration_estimator__d60__w24,48,60
4a_duration_estimator,4a_duration_estimator__d60__w24,49,53
4a_duration_estimator,4a_duration_estimator__d60__w24,50,262
4a_duration_estimator,4a_duration_estimator__d60__w24,51,41
4a_duration_estimator,4a_duration_estimator__d60__w24,52,32
4a_duration_estimator,4a_duration_estimator__d60__w24,53,36
4a_duration_estimator,4a_duration_estimator__d60__w24,54,39
4a_duration_estimator,4a_duration_estimator__d60__w24,55,50
4a_duration_estimator,4a_duration_estimator__d60__w24,56,47
4a_duration_estimator,4a_duration_estimator__d60__w24,57,46
4a_duration_estimator,4a_duration_estimator__d60__w24,58,49
4a_duration_estimator,4a_duration_estimator__d60__w24,59,51
4a_duration_estimator,4a_duration_estimator__d60__w24,60,61
4a_duration_estimator,4a_duration_estimator__d60__w24,61,61
4a_duration_estimator,4a_duration_estimator__d60__w24,62,62
4a_duration_estimator,4a_duration_estimator__d60__w24,63,78
4a_duration_estimator,4a_duration_estimator__d60__w24,64,90
4a_duration_estimator,4a_duration_estimator__d60__w24,65,107
4a_duration_estimator,4a_duration_estimator__d60__w24,66,102
4a_duration_estimator,4a_duration_estimator__d60__w24,67,102
4a_duration_estimator,4a_duration_estimator__d60__w24,68,93
4a_duration_estimator,4a_duration_estimator__d60__w24,69,94
4a_duration_estimator,4a_duration_estimator__d60__w24,70,103
4a_duration_estimator,4a_duration_estimator__d60__w24,71,99
4a_duration_estimator,4a_duration_estimator__d60__w24,72,90
4a_duration_estimator,4a_duration_estimator__d60__w24,73,63
4a_duration_estimator,4a_duration_estimator__d60__w24,74,479
4a_duration_estimator,4a_duration_estimator__d60__w24,75,34
4a_duration_estimator,4a_duration_estimator__d60__w24,76,40
4a_duration_estimator,4a_duration_estimator__d60__w24,77,37
4a_duration_estimator,4a_duration_estimator__d60__w24,78,48
4a_duration_estimator,4a_duration_estimator__d60__w24,79,39
4a_duration_estimator,4a_duration_estimator__d60__w24,80,53
4a_duration_estimator,4a_duration_estimator__d60__w24,81,50
4a_duration_estimator,4a_duration_estimator__d60__w24,82,47
4a_duration_estimator,4a_duration_estimator__d60__w24,83,55
4a_duration_estimator,4a_duration_estimator__d60__w24,84,68
4a_duration_estimator,4a_duration_estimator__d60__w24,85,81
4a_duration_estimator,4a_duration_estimator__d60__w24,86,69
4a_duration_estimator,4a_duration_estimator__d60__w24,87,85
4a_duration_estimator,4a_duration_estimator__d60__w24,88,98
4a_duration_estimator,4a_duration_estimator__d60__w24,89,100
4a_duration_estimator,4a_duration_estimator__d60__w24,90,92
4a_duration_estimator,4a_duration_estimator__d60__w24,91,100
4a_duration_estimator,4a_duration_estimator__d60__w24,92,88
4a_duration_estimator,4a_duration_estimator__d60__w24,93,102
4a_duration_estimator,4a_duration_estimator__d60__w24,94,102
4a_duration_estimator,4a_duration_estimator__d60__w24,95,133
4a_duration_estimator,4a_duration_estimator__d60__w24,96,52
4a_duration_estimator,4a_duration_estimator__d60__w24,97,72
4a_duration_estimator,4a_duration_estimator__d60__w24,98,514
4a_duration_estimator,4a_duration_estimator__d60__w24,99,30
4a_duration_estimator,4a_duration_estimator__d60__w24,100,24
4a_duration_estimator,4a_duration_estimator__d60__w24,101,35
4a_duration_estimator,4a_duration_estimator__d60__w24,102,42
4a_duration_estimator,4a_duration_estimator__d60__w24,103,40
4a_duration_estimator,4a_duration_estimator__d60__w24,104,45
4a_duration_estimator,4a_duration_estimator__d60__w24,105,55
4a_duration_estimator,4a_duration_estimator__d60__w24,106,60
4a_duration_estimator,4a_duration_estimator__d60__w24,107,56
4a_duration_estimator,4a_duration_estimator__d60__w24,108,50
4a_duration_estimator,4a_duration_estimator__d60__w24,109,73
4a_duration_estimator,4a_duration_estimator__d60__w24,110,84
4a_duration_estimator,4a_duration_estimator__d60__w24,111,106
4a_duration_estimator,4a_duration_estimator__d60__w24,112,97
4a_duration_estimator,4a_duration_estimator__d60__w24,113,110
4a_duration_estimator,4a_duration_estimator__d60__w24,114,103
4a_duration_estimator,4a_duration_estimator__d60__w24,115,91
4a_duration_estimator,4a_duration_estimator__d60__w24,116,91
4a_duration_estimator,4a_duration_estimator__d60__w24,117,103
4a_duration_estimator,4a_duration_estimator__d60__w24,118,106
4a_duration_estimator,4a_duration_estimator__d60__w24,119,73
4a_duration_estimator,4a_duration_estimator__d60__w24,120,61
4a_duration_estimator,4a_duration_estimator__d60__w24,121,72
4a_duration_estimator,4a_duration_estimator__d60__w24,122,40
4a_duration_estimator,4a_duration_estimator__d60__w24,123,113
4a_duration_estimator,4a_duration_estimator__d60__w24,124,17
4a_duration_estimator,4a_duration_estimator__d60__w24,125,27
4a_duration_estimator,4a_duration_estimator__d60__w24,126,14
4a_duration_estimator,4a_duration_estimator__d60__w24,127,18
4a_duration_estimator,4a_duration_estimator__d60__w24,128,12
4a_duration_estimator,4a_duration_estimator__d60__w24,129,22
4a_duration_estimator,4a_duration_estimator__d60__w24,130,54
4a_duration_estimator,4a_duration_estimator__d60__w24,131,39
4a_duration_estimator,4a_duration_estimator__d60__w24,132,317
4a_duration_estimator,4a_duration_estimator__d60__w24,133,41
4a_duration_estimator,4a_duration_estimator__d60__w24,134,29
4a_duration_estimator,4a_duration_estimator__d60__w24,135,50
4a_duration_estimator,4a_duration_estimator__d60__w24,136,37
4a_duration_estimator,4a_duration_estimator__d60__w24,137,45
4a_duration_estimator,4a_duration_estimator__d60__w24,138,33
4a_duration_estimator,4a_duration_estimator__d60__w24,139,30
4a_duration_estimator,4a_duration_estimator__d60__w24,140,44
4a_duration_estimator,4a_duration_estimator__d60__w24,141,43
4a_duration_estimator,4a_duration_estimator__d60__w24,142,48
4a_duration_estimator,4a_duration_estimator__d60__w24,143,38
4a_duration_estimator,4a_duration_estimator__d60__w24,144,32
4a_duration_estimator,4a_duration_estimator__d60__w24,145,34
4a_duration_estimator,4a_duration_estimator__d60__w24,146,32
4a_duration_estimator,4a_duration_estimator__d60__w24,147,46
4a_duration_estimator,4a_duration_estimator__d60__w24,148,22
4a_duration_estimator,4a_duration_estimator__d60__w24,149,26
4a_duration_estimator,4a_duration_estimator__d60__w24,150,24
4a_duration_estimator,4a_duration_estimator__d60__w24,151,13
4a_duration_estimator,4a_duration_estimator__d60__w24,152,13
4a_duration_estimator,4a_duration_estimator__d60__w24,153,33
4a_duration_estimator,4a_duration_estimator__d60__w24,154,23
4a_duration_estimator,4a_duration_estimator__d60__w24,155,181
4a_duration_estimator,4a_duration_estimator__d60__w24,156,34
4a_duration_estimator,4a_duration_estimator__d60__w24,157,43
4a_duration_estimator,4a_duration_estimator__d60__w24,158,28
4a_duration_estimator,4a_duration_estimator__d60__w24,159,26
4a_duration_estimator,4a_duration_estimator__d60__w24,160,31
4a_duration_estimator,4a_duration_estimator__d60__w24,161,54
4a_duration_estimator,4a_duration_estimator__d60__w24,162,45
4a_duration_estimator,4a_duration_estimator__d60__w24,163,51
4a_duration_estimator,4a_duration_estimator__d60__w24,164,45
4a_duration_estimator,4a_duration_estimator__d60__w24,165,34
4a_duration_estimator,4a_duration_estimator__d60__w24,166,54
4a_duration_estimator,4a_duration_estimator__d60__w24,167,34
4a_duration_estimator,4a_duration_estimator__d120__w24,0,23
4a_duration_estimator,4a_duration_estimator__d120__w24,1,104
4a_duration_estimator,4a_duration_estimator__d120__w24,2,34
4a_duration_estimator,4a_duration_estimator__d120__w24,3,30
4a_duration_estimator,4a_duration_estimator__d120__w24,4,29
4a_duration_estimator,4a_duration_estimator__d120__w24,5,27
4a_duration_estimator,4a_duration_estimator__d120__w24,6,32
4a_duration_estimator,4a_duration_estimator__d120__w24,7,39
4a_duration_estimator,4a_duration_estimator__d120__w24,8,47
4a_duration_estimator,4a_duration_estimator__d120__w24,9,53
4a_duration_estimator,4a_duration_estimator__d120__w24,10,63
4a_duration_estimator,4a_duration_estimator__d120__w24,11,65
4a_duration_estimator,4a_duration_estimator__d120__w24,12,54
4a_duration_estimator,4a_duration_estimator__d120__w24,13,60
4a_duration_estimator,4a_duration_estimator__d120__w24,14,83
4a_duration_estimator,4a_duration_estimator__d120__w24,15,83
4a_duration_estimator,4a_duration_estimator__d120__w24,16,93
4a_duration_estimator,4a_duration_estimator__d120__w24,17,95
4a_duration_estimator,4a_duration_estimator__d120__w24,18,76
4a_duration_estimator,4a_duration_estimator__d120__w24,19,86
4a_duration_estimator,4a_duration_estimator__d120__w24,20,88
4a_duration_estimator,4a_duration_estimator__d120__w24,21,83
4a_duration_estimator,4a_duration_estimator__d120__w24,22,84
4a_duration_estimator,4a_duration_estimator__d120__w24,23,76
4a_duration_estimator,4a_duration_estimator__d120__w24,24,63
4a_duration_estimator,4a_duration_estimator__d120__w24,25,67
4a_duration_estimator,4a_duration_estimator__d120__w24,26,447
4a_duration_estimator,4a_duration_estimator__d120__w24,27,32
4a_duration_estimator,4a_duration_estimator__d120__w24,28,45
4a_duration_estimator,4a_duration_estimator__d120__w24,29,28
4a_duration_estimator,4a_duration_estimator__d120__w24,30,40
4a_duration_estimator,4a_duration_estimator__d120__w24,31,40
4a_duration_estimator,4a_duration_estimator__d120__w24,32,64
4a_duration_estimator,4a_duration_estimator__d120__w24,33,54
4a_duration_estimator,4a_duration_estimator__d120__w24,34,54
4a_duration_estimator,4a_duration_estimator__d120__w24,35,59
4a_duration_estimator,4a_duration_estimator__d120__w24,36,190
4a_duration_estimator,4a_duration_estimator__d120__w24,37,70
4a_duration_estimator,4a_duration_estimator__d120__w24,38,89
4a_duration_estimator,4a_duration_estimator__d120__w24,39,88
4a_duration_estimator,4a_duration_estimator__d120__w24,40,87
4a_duration_estimator,4a_duration_estimator__d120__w24,41,100
4a_duration_estimator,4a_duration_estimator__d120__w24,42,102
4a_duration_estimator,4a_duration_estimator__d120__w24,43,97
4a_duration_estimator,4a_duration_estimator__d120__w24,44,111
4a_duration_estimator,4a_duration_estimator__d120__w24,45,112
4a_duration_estimator,4a_duration_estimator__d120__w24,46,84
4a_duration_estimator,4a_duration_estimator__d120__w24,47,88
4a_duration_estimator,4a_duration_estimator__d120__w24,48,60
4a_duration_estimator,4a_duration_estimator__d120__w24,49,53
4a_duration_estimator,4a_duration_estimator__d120__w24,50,258
4a_duration_estimator,4a_duration_estimator__d120__w24,51,44
4a_duration_estimator,4a_duration_estimator__d120__w24,52,34
4a_duration_estimator,4a_duration_estimator__d120__w24,53,36
4a_duration_estimator,4a_duration_estimator__d120__w24,54,39
4a_duration_estimator,4a_duration_estimator__d120__w24,55,50
4a_duration_estimator,4a_duration_estimator__d120__w24,56,47
4a_duration_estimator,4a_duration_estimator__d120__w24,57,46
4a_duration_estimator,4a_duration_estimator__d120__w24,58,49
4a_duration_estimator,4a_duration_estimator__d120__w24,59,51
4a_duration_estimator,4a_duration_estimator__d120__w24,60,62
4a_duration_estimator,4a_duration_estimator__d120__w24,61,62
4a_duration_estimator,4a_duration_estimator__d120__w24,62,64
4a_duration_estimator,4a_duration_estimator__d120__w24,63,78
4a_duration_estimator,4a_duration_estimator__d120__w24,64,92
4a_duration_estimator,4a_duration_estimator__d120__w24,65,108
4a_duration_estimator,4a_duration_estimator__d120__w24,66,102
4a_duration_estimator,4a_duration_estimator__d120__w24,67,104
4a_duration_estimator,4a_duration_estimator__d120__w24,68,95
4a_duration_estimator,4a_duration_estimator__d120__w24,69,95
4a_duration_estimator,4a_duration_estimator__d120__w24,70,104
4a_duration_estimator,4a_duration_estimator__d120__w24,71,99
4a_duration_estimator,4a_duration_estimator__d120__w24,72,91
4a_duration_estimator,4a_duration_estimator__d120__w24,73,64
4a_duration_estimator,4a_duration_estimator__d120__w24,74,459
4a_duration_estimator,4a_duration_estimator__d120__w24,75,34
4a_duration_estimator,4a_duration_estimator__d120__w24,76,41
4a_duration_estimator,4a_duration_estimator__d120__w24,77,37
4a_duration_estimator,4a_duration_estimator__d120__w24,78,48
4a_duration_estimator,4a_duration_estimator__d120__w24,79,39
4a_duration_estimator,4a_duration_estimator__d120__w24,80,55
4a_duration_estimator,4a_duration_estimator__d120__w24,81,50
4a_duration_estimator,4a_duration_estimator__d120__w24,82,47
4a_duration_estimator,4a_duration_estimator__d120__w24,83,55
4a_duration_estimator,4a_duration_estimator__d120__w24,84,68
4a_duration_estimator,4a_duration_estimator__d120__w24,85,81
4a_duration_estimator,4a_duration_estimator__d120__w24,86,69
4a_duration_estimator,4a_duration_estimator__d120__w24,87,85
4a_duration_estimator,4a_duration_estimator__d120__w24,88,99
4a_duration_estimator,4a_duration_estimator__d120__w24,89,100
4a_duration_estimator,4a_duration_estimator__d120__w24,90,93
4a_duration_estimator,4a_duration_estimator__d120__w24,91,101
4a_duration_estimator,4a_duration_estimator__d120__w24,92,88
4a_duration_estimator,4a_duration_estimator__d120__w24,93,103
4a_duration_estimator,4a_duration_estimator__d120__w24,94,102
4a_duration_estimator,4a_duration_estimator__d120__w24,95,131
4a_duration_estimator,4a_duration_estimator__d120__w24,96,53
4a_duration_estimator,4a_duration_estimator__d120__w24,97,71
4a_duration_estimator,4a_duration_estimator__d120__w24,98,506
4a_duration_estimator,4a_duration_estimator__d120__w24,99,30
4a_duration_estimator,4a_duration_estimator__d120__w24,100,24
4a_duration_estimator,4a_duration_estimator__d120__w24,101,36
4a_duration_estimator,4a_duration_estimator__d120__w24,102,42
4a_duration_estimator,4a_duration_estimator__d120__w24,103,40
4a_duration_estimator,4a_duration_estimator__d120__w24,104,46
4a_duration_estimator,4a_duration_estimator__d120__w24,105,58
4a_duration_estimator,4a_duration_estimator__d120__w24,106,60
4a_duration_estimator,4a_duration_estimator__d120__w24,107,56
4a_duration_estimator,4a_duration_estimator__d120__w24,108,50
4a_duration_estimator,4a_duration_estimator__d120__w24,109,75
4a_duration_estimator,4a_duration_estimator__d120__w24,110,85
4a_duration_estimator,4a_duration_estimator__d120__w24,111,108
4a_duration_estimator,4a_duration_estimator__d120__w24,112,98
4a_duration_estimator,4a_duration_estimator__d120__w24,113,110
4a_duration_estimator,4a_duration_estimator__d120__w24,114,105
4a_duration_estimator,4a_duration_estimator__d120__w24,115,91
4a_duration_estimator,4a_duration_estimator__d120__w24,116,93
4a_duration_estimator,4a_duration_estimator__d120__w24,117,104
4a_duration_estimator,4a_duration_estimator__d120__w24,118,106
4a_duration_estimator,4a_duration_estimator__d120__w24,119,73
4a_duration_estimator,4a_duration_estimator__d120__w24,120,61
4a_duration_estimator,4a_duration_estimator__d120__w24,121,73
4a_duration_estimator,4a_duration_estimator__d120__w24,122,41
4a_duration_estimator,4a_duration_estimator__d120__w24,123,108
4a_duration_estimator,4a_duration_estimator__d120__w24,124,17
4a_duration_estimator,4a_duration_estimator__d120__w24,125,28
4a_duration_estimator,4a_duration_estimator__d120__w24,126,14
4a_duration_estimator,4a_duration_estimator__d120__w24,127,18
4a_duration_estimator,4a_duration_estimator__d120__w24,128,12
4a_duration_estimator,4a_duration_estimator__d120__w24,129,22
4a_duration_estimator,4a_duration_estimator__d120__w24,130,55
4a_duration_estimator,4a_duration_estimator__d120__w24,131,39
4a_duration_estimator,4a_duration_estimator__d120__w24,132,307
4a_duration_estimator,4a_duration_estimator__d120__w24,133,41
4a_duration_estimator,4a_duration_estimator__d120__w24,134,29
4a_duration_estimator,4a_duration_estimator__d120__w24,135,51
4a_duration_estimator,4a_duration_estimator__d120__w24,136,37
4a_duration_estimator,4a_duration_estimator__d120__w24,137,45
4a_duration_estimator,4a_duration_estimator__d120__w24,138,33
4a_duration_estimator,4a_duration_estimator__d120__w24,139,31
4a_duration_estimator,4a_duration_estimator__d120__w24,140,44
4a_duration_estimator,4a_duration_estimator__d120__w24,141,43
4a_duration_estimator,4a_duration_estimator__d120__w24,142,48
4a_duration_estimator,4a_duration_estimator__d120__w24,143,38
4a_duration_estimator,4a_duration_estimator__d120__w24,144,32
4a_duration_estimator,4a_duration_estimator__d120__w24,145,33
4a_duration_estimator,4a_duration_estimator__d120__w24,146,31
4a_duration_estimator,4a_duration_estimator__d120__w24,147,45
4a_duration_estimator,4a_duration_estimator__d120__w24,148,22
4a_duration_estimator,4a_duration_estimator__d120__w24,149,26
4a_duration_estimator,4a_duration_estimator__d120__w24,150,24
4a_duration_estimator,4a_duration_estimator__d120__w24,151,14
4a_duration_estimator,4a_duration_estimator__d120__w24,152,13
4a_duration_estimator,4a_duration_estimator__d120__w24,153,33
4a_duration_estimator,4a_duration_estimator__d120__w24,154,22
4a_duration_estimator,4a_duration_estimator__d120__w24,155,177
4a_duration_estimator,4a_duration_estimator__d120__w24,156,34
4a_duration_estimator,4a_duration_estimator__d120__w24,157,43
4a_duration_estimator,4a_duration_estimator__d120__w24,158,29
4a_duration_estimator,4a_duration_estimator__d120__w24,159,26
4a_duration_estimator,4a_duration_estimator__d120__w24,160,31
4a_duration_estimator,4a_duration_estimator__d120__w24,161,55
4a_duration_estimator,4a_duration_estimator__d120__w24,162,46
4a_duration_estimator,4a_duration_estimator__d120__w24,163,51
4a_duration_estimator,4a_duration_estimator__d120__w24,164,45
4a_duration_estimator,4a_duration_estimator__d120__w24,165,34
4a_duration_estimator,4a_duration_estimator__d120__w24,166,55
4a_duration_estimator,4a_duration_estimator__d120__w24,167,34
4a_duration_estimator,4a_duration_estimator__d240__w24,0,23
4a_duration_estimator,4a_duration_estimator__d240__w24,1,90
4a_duration_estimator,4a_duration_estimator__d240__w24,2,34
4a_duration_estimator,4a_duration_estimator__d240__w24,3,30
4a_duration_estimator,4a_duration_estimator__d240__w24,4,29
4a_duration_estimator,4a_duration_estimator__d240__w24,5,28
4a_duration_estimator,4a_duration_estimator__d240__w24,6,35
4a_duration_estimator,4a_duration_estimator__d240__w24,7,40
4a_duration_estimator,4a_duration_estimator__d240__w24,8,47
4a_duration_estimator,4a_duration_estimator__d240__w24,9,55
4a_duration_estimator,4a_duration_estimator__d240__w24,10,65
4a_duration_estimator,4a_duration_estimator__d240__w24,11,65
4a_duration_estimator,4a_duration_estimator__d240__w24,12,54
4a_duration_estimator,4a_duration_estimator__d240__w24,13,62
4a_duration_estimator,4a_duration_estimator__d240__w24,14,85
4a_duration_estimator,4a_duration_estimator__d240__w24,15,86
4a_duration_estimator,4a_duration_estimator__d240__w24,16,97
4a_duration_estimator,4a_duration_estimator__d240__w24,17,96
4a_duration_estimator,4a_duration_estimator__d240__w24,18,81
4a_duration_estimator,4a_duration_estimator__d240__w24,19,89
4a_duration_estimator,4a_duration_estimator__d240__w24,20,89
4a_duration_estimator,4a_duration_estimator__d240__w24,21,85
4a_duration_estimator,4a_duration_estimator__d240__w24,22,84
4a_duration_estimator,4a_duration_estimator__d240__w24,23,76
4a_duration_estimator,4a_duration_estimator__d240__w24,24,66
4a_duration_estimator,4a_duration_estimator__d240__w24,25,69
4a_duration_estimator,4a_duration_estimator__d240__w24,26,410
4a_duration_estimator,4a_duration_estimator__d240__w24,27,32
4a_duration_estimator,4a_duration_estimator__d240__w24,28,45
4a_duration_estimator,4a_duration_estimator__d240__w24,29,28
4a_duration_estimator,4a_duration_estimator__d240__w24,30,41
4a_duration_estimator,4a_duration_estimator__d240__w24,31,41
4a_duration_estimator,4a_duration_estimator__d240__w24,32,64
4a_duration_estimator,4a_duration_estimator__d240__w24,33,56
4a_duration_estimator,4a_duration_estimator__d240__w24,34,55
4a_duration_estimator,4a_duration_estimator__d240__w24,35,60
4a_duration_estimator,4a_duration_estimator__d240__w24,36,184
4a_duration_estimator,4a_duration_estimator__d240__w24,37,71
4a_duration_estimator,4a_duration_estimator__d240__w24,38,92
4a_duration_estimator,4a_duration_estimator__d240__w24,39,89
4a_duration_estimator,4a_duration_estimator__d240__w24,40,88
4a_duration_estimator,4a_duration_estimator__d240__w24,41,107
4a_duration_estimator,4a_duration_estimator__d240__w24,42,105
4a_duration_estimator,4a_duration_estimator__d240__w24,43,101
4a_duration_estimator,4a_duration_estimator__d240__w24,44,114
4a_duration_estimator,4a_duration_estimator__d240__w24,45,113
4a_duration_estimator,4a_duration_estimator__d240__w24,46,85
4a_duration_estimator,4a_duration_estimator__d240__w24,47,89
4a_duration_estimator,4a_duration_estimator__d240__w24,48,63
4a_duration_estimator,4a_duration_estimator__d240__w24,49,54
4a_duration_estimator,4a_duration_estimator__d240__w24,50,239
4a_duration_estimator,4a_duration_estimator__d240__w24,51,44
4a_duration_estimator,4a_duration_estimator__d240__w24,52,35
4a_duration_estimator,4a_duration_estimator__d240__w24,53,37
4a_duration_estimator,4a_duration_estimator__d240__w24,54,41
4a_duration_estimator,4a_duration_estimator__d240__w24,55,51
4a_duration_estimator,4a_duration_estimator__d240__w24,56,47
4a_duration_estimator,4a_duration_estimator__d240__w24,57,46
4a_duration_estimator,4a_duration_estimator__d240__w24,58,52
4a_duration_estimator,4a_duration_estimator__d240__w24,59,52
4a_duration_estimator,4a_duration_estimator__d240__w24,60,63
4a_duration_estimator,4a_duration_estimator__d240__w24,61,64
4a_duration_estimator,4a_duration_estimator__d240__w24,62,66
4a_duration_estimator,4a_duration_estimator__d240__w24,63,78
4a_duration_estimator,4a_duration_estimator__d240__w24,64,95
4a_duration_estimator,4a_duration_estimator__d240__w24,65,109
4a_duration_estimator,4a_duration_estimator__d240__w24,66,105
4a_duration_estimator,4a_duration_estimator__d240__w24,67,109
4a_duration_estimator,4a_duration_estimator__d240__w24,68,96
4a_duration_estimator,4a_duration_estimator__d240__w24,69,100
4a_duration_estimator,4a_duration_estimator__d240__w24,70,105
4a_duration_estimator,4a_duration_estimator__d240__w24,71,103
4a_duration_estimator,4a_duration_estimator__d240__w24,72,89
4a_duration_estimator,4a_duration_estimator__d240__w24,73,64
4a_duration_estimator,4a_duration_estimator__d240__w24,74,421
4a_duration_estimator,4a_duration_estimator__d240__w24,75,34
4a_duration_estimator,4a_duration_estimator__d240__w24,76,43
4a_duration_estimator,4a_duration_estimator__d240__w24,77,37
4a_duration_estimator,4a_duration_estimator__d240__w24,78,49
4a_duration_estimator,4a_duration_estimator__d240__w24,79,41
4a_duration_estimator,4a_duration_estimator__d240__w24,80,55
4a_duration_estimator,4a_duration_estimator__d240__w24,81,53
4a_duration_estimator,4a_duration_estimator__d240__w24,82,49
4a_duration_estimator,4a_duration_estimator__d240__w24,83,56
4a_duration_estimator,4a_duration_estimator__d240__w24,84,68
4a_duration_estimator,4a_duration_estimator__d240__w24,85,81
4a_duration_estimator,4a_duration_estimator__d240__w24,86,70
4a_duration_estimator,4a_duration_estimator__d240__w24,87,86
4a_duration_estimator,4a_duration_estimator__d240__w24,88,101
4a_duration_estimator,4a_duration_estimator__d240__w24,89,101
4a_duration_estimator,4a_duration_estimator__d240__w24,90,94
4a_duration_estimator,4a_duration_estimator__d240__w24,91,101
4a_duration_estimator,4a_duration_estimator__d240__w24,92,90
4a_duration_estimator,4a_duration_estimator__d240__w24,93,105
4a_duration_estimator,4a_duration_estimator__d240__w24,94,106
4a_duration_estimator,4a_duration_estimator__d240__w24,95,126
4a_duration_estimator,4a_duration_estimator__d240__w24,96,54
4a_duration_estimator,4a_duration_estimator__d240__w24,97,73
4a_duration_estimator,4a_duration_estimator__d240__w24,98,478
4a_duration_estimator,4a_duration_estimator__d240__w24,99,32
4a_duration_estimator,4a_duration_estimator__d240__w24,100,25
4a_duration_estimator,4a_duration_estimator__d240__w24,101,36
4a_duration_estimator,4a_duration_estimator__d240__w24,102,42
4a_duration_estimator,4a_duration_estimator__d240__w24,103,41
4a_duration_estimator,4a_duration_estimator__d240__w24,104,48
4a_duration_estimator,4a_duration_estimator__d240__w24,105,60
4a_duration_estimator,4a_duration_estimator__d240__w24,106,60
4a_duration_estimator,4a_duration_estimator__d240__w24,107,57
4a_duration_estimator,4a_duration_estimator__d240__w24,108,50
4a_duration_estimator,4a_duration_estimator__d240__w24,109,77
4a_duration_estimator,4a_duration_estimator__d240__w24,110,87
4a_duration_estimator,4a_duration_estimator__d240__w24,111,110
4a_duration_estimator,4a_duration_estimator__d240__w24,112,99
4a_duration_estimator,4a_duration_estimator__d240__w24,113,112
4a_duration_estimator,4a_duration_estimator__d240__w24,114,109
4a_duration_estimator,4a_duration_estimator__d240__w24,115,95
4a_duration_estimator,4a_duration_estimator__d240__w24,116,93
4a_duration_estimator,4a_duration_estimator__d240__w24,117,107
4a_duration_estimator,4a_duration_estimator__d240__w24,118,107
4a_duration_estimator,4a_duration_estimator__d240__w24,119,75
4a_duration_estimator,4a_duration_estimator__d240__w24,120,66
4a_duration_estimator,4a_duration_estimator__d240__w24,121,71
4a_duration_estimator,4a_duration_estimator__d240__w24,122,41
4a_duration_estimator,4a_duration_estimator__d240__w24,123,102
4a_duration_estimator,4a_duration_estimator__d240__w24,124,18
4a_duration_estimator,4a_duration_estimator__d240__w24,125,28
4a_duration_estimator,4a_duration_estimator__d240__w24,126,15
4a_duration_estimator,4a_duration_estimator__d240__w24,127,22
4a_duration_estimator,4a_duration_estimator__d240__w24,128,12
4a_duration_estimator,4a_duration_estimator__d240__w24,129,23
4a_duration_estimator,4a_duration_estimator__d240__w24,130,55
4a_duration_estimator,4a_duration_estimator__d240__w24,131,42
4a_duration_estimator,4a_duration_estimator__d240__w24,132,280
4a_duration_estimator,4a_duration_estimator__d240__w24,133,42
4a_duration_estimator,4a_duration_estimator__d240__w24,134,29
4a_duration_estimator,4a_duration_estimator__d240__w24,135,51
4a_duration_estimator,4a_duration_estimator__d240__w24,136,37
4a_duration_estimator,4a_duration_estimator__d240__w24,137,46
4a_duration_estimator,4a_duration_estimator__d240__w24,138,33
4a_duration_estimator,4a_duration_estimator__d240__w24,139,32
4a_duration_estimator,4a_duration_estimator__d240__w24,140,45
4a_duration_estimator,4a_duration_estimator__d240__w24,141,45
4a_duration_estimator,4a_duration_estimator__d240__w24,142,48
4a_duration_estimator,4a_duration_estimator__d240__w24,143,41
4a_duration_estimator,4a_duration_estimator__d240__w24,144,34
4a_duration_estimator,4a_duration_estimator__d240__w24,145,33
4a_duration_estimator,4a_duration_estimator__d240__w24,146,32
4a_duration_estimator,4a_duration_estimator__d240__w24,147,37
4a_duration_estimator,4a_duration_estimator__d240__w24,148,22
4a_duration_estimator,4a_duration_estimator__d240__w24,149,27
4a_duration_estimator,4a_duration_estimator__d240__w24,150,25
4a_duration_estimator,4a_duration_estimator__d240__w24,151,15
4a_duration_estimator,4a_duration_estimator__d240__w24,152,15
4a_duration_estimator,4a_duration_estimator__d240__w24,153,32
4a_duration_estimator,4a_duration_estimator__d240__w24,154,24
4a_duration_estimator,4a_duration_estimator__d240__w24,155,152
4a_duration_estimator,4a_duration_estimator__d240__w24,156,34
4a_duration_estimator,4a_duration_estimator__d240__w24,157,43
4a_duration_estimator,4a_duration_estimator__d240__w24,158,31
4a_duration_estimator,4a_duration_estimator__d240__w24,159,26
4a_duration_estimator,4a_duration_estimator__d240__w24,160,32
4a_duration_estimator,4a_duration_estimator__d240__w24,161,55
4a_duration_estimator,4a_duration_estimator__d240__w24,162,47
4a_duration_estimator,4a_duration_estimator__d240__w24,163,52
4a_duration_estimator,4a_duration_estimator__d240__w24,164,46
4a_duration_estimator,4a_duration_estimator__d240__w24,165,38
4a_duration_estimator,4a_duration_estimator__d240__w24,166,58
4a_duration_estimator,4a_duration_estimator__d240__w24,167,35
4a_duration_estimator,4a_duration_estimator__d480__w24,0,27
4a_duration_estimator,4a_duration_estimator__d480__w24,1,64
4a_duration_estimator,4a_duration_estimator__d480__w24,2,34
4a_duration_estimator,4a_duration_estimator__d480__w24,3,30
4a_duration_estimator,4a_duration_estimator__d480__w24,4,33
4a_duration_estimator,4a_duration_estimator__d480__w24,5,30
4a_duration_estimator,4a_duration_estimator__d480__w24,6,37
4a_duration_estimator,4a_duration_estimator__d480__w24,7,42
4a_duration_estimator,4a_duration_estimator__d480__w24,8,53
4a_duration_estimator,4a_duration_estimator__d480__w24,9,58
4a_duration_estimator,4a_duration_estimator__d480__w24,10,74
4a_duration_estimator,4a_duration_estimator__d480__w24,11,71
4a_duration_estimator,4a_duration_estimator__d480__w24,12,60
4a_duration_estimator,4a_duration_estimator__d480__w24,13,72
4a_duration_estimator,4a_duration_estimator__d480__w24,14,92
4a_duration_estimator,4a_duration_estimator__d480__w24,15,92
4a_duration_estimator,4a_duration_estimator__d480__w24,16,101
4a_duration_estimator,4a_duration_estimator__d480__w24,17,102
4a_duration_estimator,4a_duration_estimator__d480__w24,18,86
4a_duration_estimator,4a_duration_estimator__d480__w24,19,94
4a_duration_estimator,4a_duration_estimator__d480__w24,20,97
4a_duration_estimator,4a_duration_estimator__d480__w24,21,95
4a_duration_estimator,4a_duration_estimator__d480__w24,22,92
4a_duration_estimator,4a_duration_estimator__d480__w24,23,78
4a_duration_estimator,4a_duration_estimator__d480__w24,24,70
4a_duration_estimator,4a_duration_estimator__d480__w24,25,70
4a_duration_estimator,4a_duration_estimator__d480__w24,26,294
4a_duration_estimator,4a_duration_estimator__d480__w24,27,32
4a_duration_estimator,4a_duration_estimator__d480__w24,28,45
4a_duration_estimator,4a_duration_estimator__d480__w24,29,34
4a_duration_estimator,4a_duration_estimator__d480__w24,30,46
4a_duration_estimator,4a_duration_estimator__d480__w24,31,42
4a_duration_estimator,4a_duration_estimator__d480__w24,32,67
4a_duration_estimator,4a_duration_estimator__d480__w24,33,63
4a_duration_estimator,4a_duration_estimator__d480__w24,34,60
4a_duration_estimator,4a_duration_estimator__d480__w24,35,66
4a_duration_estimator,4a_duration_estimator__d480__w24,36,151
4a_duration_estimator,4a_duration_estimator__d480__w24,37,78
4a_duration_estimator,4a_duration_estimator__d480__w24,38,99
4a_duration_estimator,4a_duration_estimator__d480__w24,39,97
4a_duration_estimator,4a_duration_estimator__d480__w24,40,100
4a_duration_estimator,4a_duration_estimator__d480__w24,41,110
4a_duration_estimator,4a_duration_estimator__d480__w24,42,112
4a_duration_estimator,4a_duration_estimator__d480__w24,43,106
4a_duration_estimator,4a_duration_estimator__d480__w24,44,124
4a_duration_estimator,4a_duration_estimator__d480__w24,45,120
4a_duration_estimator,4a_duration_estimator__d480__w24,46,90
4a_duration_estimator,4a_duration_estimator__d480__w24,47,91
4a_duration_estimator,4a_duration_estimator__d480__w24,48,67
4a_duration_estimator,4a_duration_estimator__d480__w24,49,62
4a_duration_estimator,4a_duration_estimator__d480__w24,50,174
4a_duration_estimator,4a_duration_estimator__d480__w24,51,44
4a_duration_estimator,4a_duration_estimator__d480__w24,52,39
4a_duration_estimator,4a_duration_estimator__d480__w24,53,41
4a_duration_estimator,4a_duration_estimator__d480__w24,54,43
4a_duration_estimator,4a_duration_estimator__d480__w24,55,56
4a_duration_estimator,4a_duration_estimator__d480__w24,56,54
4a_duration_estimator,4a_duration_estimator__d480__w24,57,50
4a_duration_estimator,4a_duration_estimator__d480__w24,58,58
4a_duration_estimator,4a_duration_estimator__d480__w24,59,58
4a_duration_estimator,4a_duration_estimator__d480__w24,60,69
4a_duration_estimator,4a_duration_estimator__d480__w24,61,72
4a_duration_estimator,4a_duration_estimator__d480__w24,62,71
4a_duration_estimator,4a_duration_estimator__d480__w24,63,82
4a_duration_estimator,4a_duration_estimator__d480__w24,64,99
4a_duration_estimator,4a_duration_estimator__d480__w24,65,114
4a_duration_estimator,4a_duration_estimator__d480__w24,66,112
4a_duration_estimator,4a_duration_estimator__d480__w24,67,116
4a_duration_estimator,4a_duration_estimator__d480__w24,68,103
4a_duration_estimator,4a_duration_estimator__d480__w24,69,105
4a_duration_estimator,4a_duration_estimator__d480__w24,70,110
4a_duration_estimator,4a_duration_estimator__d480__w24,71,110
4a_duration_estimator,4a_duration_estimator__d480__w24,72,90
4a_duration_estimator,4a_duration_estimator__d480__w24,73,58
4a_duration_estimator,4a_duration_estimator__d480__w24,74,317
4a_duration_estimator,4a_duration_estimator__d480__w24,75,35
4a_duration_estimator,4a_duration_estimator__d480__w24,76,44
4a_duration_estimator,4a_duration_estimator__d480__w24,77,44
4a_duration_estimator,4a_duration_estimator__d480__w24,78,57
4a_duration_estimator,4a_duration_estimator__d480__w24,79,46
4a_duration_estimator,4a_duration_estimator__d480__w24,80,59
4a_duration_estimator,4a_duration_estimator__d480__w24,81,54
4a_duration_estimator,4a_duration_estimator__d480__w24,82,55
4a_duration_estimator,4a_duration_estimator__d480__w24,83,62
4a_duration_estimator,4a_duration_estimator__d480__w24,84,74
4a_duration_estimator,4a_duration_estimator__d480__w24,85,85
4a_duration_estimator,4a_duration_estimator__d480__w24,86,83
4a_duration_estimator,4a_duration_estimator__d480__w24,87,90
4a_duration_estimator,4a_duration_estimator__d480__w24,88,107
4a_duration_estimator,4a_duration_estimator__d480__w24,89,105
4a_duration_estimator,4a_duration_estimator__d480__w24,90,99
4a_duration_estimator,4a_duration_estimator__d480__w24,91,109
4a_duration_estimator,4a_duration_estimator__d480__w24,92,95
4a_duration_estimator,4a_duration_estimator__d480__w24,93,113
4a_duration_estimator,4a_duration_estimator__d480__w24,94,111
4a_duration_estimator,4a_duration_estimator__d480__w24,95,117
4a_duration_estimator,4a_duration_estimator__d480__w24,96,63
4a_duration_estimator,4a_duration_estimator__d480__w24,97,72
4a_duration_estimator,4a_duration_estimator__d480__w24,98,356
4a_duration_estimator,4a_duration_estimator__d480__w24,99,33
4a_duration_estimator,4a_duration_estimator__d480__w24,100,26
4a_duration_estimator,4a_duration_estimator__d480__w24,101,38
4a_duration_estimator,4a_duration_estimator__d480__w24,102,47
4a_duration_estimator,4a_duration_estimator__d480__w24,103,45
4a_duration_estimator,4a_duration_estimator__d480__w24,104,53
4a_duration_estimator,4a_duration_estimator__d480__w24,105,69
4a_duration_estimator,4a_duration_estimator__d480__w24,106,64
4a_duration_estimator,4a_duration_estimator__d480__w24,107,64
4a_duration_estimator,4a_duration_estimator__d480__w24,108,56
4a_duration_estimator,4a_duration_estimator__d480__w24,109,84
4a_duration_estimator,4a_duration_estimator__d480__w24,110,90
4a_duration_estimator,4a_duration_estimator__d480__w24,111,115
4a_duration_estimator,4a_duration_estimator__d480__w24,112,108
4a_duration_estimator,4a_duration_estimator__d480__w24,113,118
4a_duration_estimator,4a_duration_estimator__d480__w24,114,112
4a_duration_estimator,4a_duration_estimator__d480__w24,115,100
4a_duration_estimator,4a_duration_estimator__d480__w24,116,98
4a_duration_estimator,4a_duration_estimator__d480__w24,117,112
4a_duration_estimator,4a_duration_estimator__d480__w24,118,113
4a_duration_estimator,4a_duration_estimator__d480__w24,119,79
4a_duration_estimator,4a_duration_estimator__d480__w24,120,69
4a_duration_estimator,4a_duration_estimator__d480__w24,121,72
4a_duration_estimator,4a_duration_estimator__d480__w24,122,40
4a_duration_estimator,4a_duration_estimator__d480__w24,123,76
4a_duration_estimator,4a_duration_estimator__d480__w24,124,20
4a_duration_estimator,4a_duration_estimator__d480__w24,125,28
4a_duration_estimator,4a_duration_estimator__d480__w24,126,16
4a_duration_estimator,4a_duration_estimator__d480__w24,127,23
4a_duration_estimator,4a_duration_estimator__d480__w24,128,13
4a_duration_estimator,4a_duration_estimator__d480__w24,129,24
4a_duration_estimator,4a_duration_estimator__d480__w24,130,53
4a_duration_estimator,4a_duration_estimator__d480__w24,131,35
4a_duration_estimator,4a_duration_estimator__d480__w24,132,214
4a_duration_estimator,4a_duration_estimator__d480__w24,133,43
4a_duration_estimator,4a_duration_estimator__d480__w24,134,33
4a_duration_estimator,4a_duration_estimator__d480__w24,135,54
4a_duration_estimator,4a_duration_estimator__d480__w24,136,40
4a_duration_estimator,4a_duration_estimator__d480__w24,137,50
4a_duration_estimator,4a_duration_estimator__d480__w24,138,38
4a_duration_estimator,4a_duration_estimator__d480__w24,139,34
4a_duration_estimator,4a_duration_estimator__d480__w24,140,47
4a_duration_estimator,4a_duration_estimator__d480__w24,141,53
4a_duration_estimator,4a_duration_estimator__d480__w24,142,53
4a_duration_estimator,4a_duration_estimator__d480__w24,143,46
4a_duration_estimator,4a_duration_estimator__d480__w24,144,37
4a_duration_estimator,4a_duration_estimator__d480__w24,145,33
4a_duration_estimator,4a_duration_estimator__d480__w24,146,32
4a_duration_estimator,4a_duration_estimator__d480__w24,147,31
4a_duration_estimator,4a_duration_estimator__d480__w24,148,22
4a_duration_estimator,4a_duration_estimator__d480__w24,149,28
4a_duration_estimator,4a_duration_estimator__d480__w24,150,27
4a_duration_estimator,4a_duration_estimator__d480__w24,151,20
4a_duration_estimator,4a_duration_estimator__d480__w24,152,16
4a_duration_estimator,4a_duration_estimator__d480__w24,153,34
4a_duration_estimator,4a_duration_estimator__d480__w24,154,25
4a_duration_estimator,4a_duration_estimator__d480__w24,155,88
4a_duration_estimator,4a_duration_estimator__d480__w24,156,34
4a_duration_estimator,4a_duration_estimator__d480__w24,157,43
4a_duration_estimator,4a_duration_estimator__d480__w24,158,36
4a_duration_estimator,4a_duration_estimator__d480__w24,159,28
4a_duration_estimator,4a_duration_estimator__d480__w24,160,33
4a_duration_estimator,4a_duration_estimator__d480__w24,161,56
4a_duration_estimator,4a_duration_estimator__d480__w24,162,50
4a_duration_estimator,4a_duration_estimator__d480__w24,163,58
4a_duration_estimator,4a_duration_estimator__d480__w24,164,46
4a_duration_estimator,4a_duration_estimator__d480__w24,165,41
4a_duration_estimator,4a_duration_estimator__d480__w24,166,58
4a_duration_estimator,4a_duration_estimator__d480__w24,167,36
4a_duration_estimator,4a_duration_estimator__d960__w24,0,30
4a_duration_estimator,4a_duration_estimator__d960__w24,1,41
4a_duration_estimator,4a_duration_estimator__d960__w24,2,34
4a_duration_estimator,4a_duration_estimator__d960__w24,3,30
4a_duration_estimator,4a_duration_estimator__d960__w24,4,34
4a_duration_estimator,4a_duration_estimator__d960__w24,5,33
4a_duration_estimator,4a_duration_estimator__d960__w24,6,40
4a_duration_estimator,4a_duration_estimator__d960__w24,7,43
4a_duration_estimator,4a_duration_estimator__d960__w24,8,55
4a_duration_estimator,4a_duration_estimator__d960__w24,9,62
4a_duration_estimator,4a_duration_estimator__d960__w24,10,84
4a_duration_estimator,4a_duration_estimator__d960__w24,11,74
4a_duration_estimator,4a_duration_estimator__d960__w24,12,61
4a_duration_estimator,4a_duration_estimator__d960__w24,13,83
4a_duration_estimator,4a_duration_estimator__d960__w24,14,102
4a_duration_estimator,4a_duration_estimator__d960__w24,15,96
4a_duration_estimator,4a_duration_estimator__d960__w24,16,106
4a_duration_estimator,4a_duration_estimator__d960__w24,17,109
4a_duration_estimator,4a_duration_estimator__d960__w24,18,91
4a_duration_estimator,4a_duration_estimator__d960__w24,19,101
4a_duration_estimator,4a_duration_estimator__d960__w24,20,104
4a_duration_estimator,4a_duration_estimator__d960__w24,21,106
4a_duration_estimator,4a_duration_estimator__d960__w24,22,97
4a_duration_estimator,4a_duration_estimator__d960__w24,23,83
4a_duration_estimator,4a_duration_estimator__d960__w24,24,73
4a_duration_estimator,4a_duration_estimator__d960__w24,25,71
4a_duration_estimator,4a_duration_estimator__d960__w24,26,185
4a_duration_estimator,4a_duration_estimator__d960__w24,27,32
4a_duration_estimator,4a_duration_estimator__d960__w24,28,45
4a_duration_estimator,4a_duration_estimator__d960__w24,29,35
4a_duration_estimator,4a_duration_estimator__d960__w24,30,52
4a_duration_estimator,4a_duration_estimator__d960__w24,31,47
4a_duration_estimator,4a_duration_estimator__d960__w24,32,71
4a_duration_estimator,4a_duration_estimator__d960__w24,33,67
4a_duration_estimator,4a_duration_estimator__d960__w24,34,62
4a_duration_estimator,4a_duration_estimator__d960__w24,35,68
4a_duration_estimator,4a_duration_estimator__d960__w24,36,127
4a_duration_estimator,4a_duration_estimator__d960__w24,37,86
4a_duration_estimator,4a_duration_estimator__d960__w24,38,104
4a_duration_estimator,4a_duration_estimator__d960__w24,39,106
4a_duration_estimator,4a_duration_estimator__d960__w24,40,107
4a_duration_estimator,4a_duration_estimator__d960__w24,41,114
4a_duration_estimator,4a_duration_estimator__d960__w24,42,119
4a_duration_estimator,4a_duration_estimator__d960__w24,43,117
4a_duration_estimator,4a_duration_estimator__d960__w24,44,128
4a_duration_estimator,4a_duration_estimator__d960__w24,45,129
4a_duration_estimator,4a_duration_estimator__d960__w24,46,98
4a_duration_estimator,4a_duration_estimator__d960__w24,47,98
4a_duration_estimator,4a_duration_estimator__d960__w24,48,69
4a_duration_estimator,4a_duration_estimator__d960__w24,49,64
4a_duration_estimator,4a_duration_estimator__d960__w24,50,110
4a_duration_estimator,4a_duration_estimator__d960__w24,51,45
4a_duration_estimator,4a_duration_estimator__d960__w24,52,39
4a_duration_estimator,4a_duration_estimator__d960__w24,53,43
4a_duration_estimator,4a_duration_estimator__d960__w24,54,47
4a_duration_estimator,4a_duration_estimator__d960__w24,55,61
4a_duration_estimator,4a_duration_estimator__d960__w24,56,57
4a_duration_estimator,4a_duration_estimator__d960__w24,57,57
4a_duration_estimator,4a_duration_estimator__d960__w24,58,63
4a_duration_estimator,4a_duration_estimator__d960__w24,59,63
4a_duration_estimator,4a_duration_estimator__d960__w24,60,73
4a_duration_estimator,4a_duration_estimator__d960__w24,61,79
4a_duration_estimator,4a_duration_estimator__d960__w24,62,76
4a_duration_estimator,4a_duration_estimator__d960__w24,63,95
4a_duration_estimator,4a_duration_estimator__d960__w24,64,105
4a_duration_estimator,4a_duration_estimator__d960__w24,65,117
4a_duration_estimator,4a_duration_estimator__d960__w24,66,118
4a_duration_estimator,4a_duration_estimator__d960__w24,67,126
4a_duration_estimator,4a_duration_estimator__d960__w24,68,113
4a_duration_estimator,4a_duration_estimator__d960__w24,69,113
4a_duration_estimator,4a_duration_estimator__d960__w24,70,109
4a_duration_estimator,4a_duration_estimator__d960__w24,71,107
4a_duration_estimator,4a_duration_estimator__d960__w24,72,92
4a_duration_estimator,4a_duration_estimator__d960__w24,73,60
4a_duration_estimator,4a_duration_estimator__d960__w24,74,208
4a_duration_estimator,4a_duration_estimator__d960__w24,75,35
4a_duration_estimator,4a_duration_estimator__d960__w24,76,46
4a_duration_estimator,4a_duration_estimator__d960__w24,77,46
4a_duration_estimator,4a_duration_estimator__d960__w24,78,63
4a_duration_estimator,4a_duration_estimator__d960__w24,79,49
4a_duration_estimator,4a_duration_estimator__d960__w24,80,66
4a_duration_estimator,4a_duration_estimator__d960__w24,81,62
4a_duration_estimator,4a_duration_estimator__d960__w24,82,62
4a_duration_estimator,4a_duration_estimator__d960__w24,83,65
4a_duration_estimator,4a_duration_estimator__d960__w24,84,79
4a_duration_estimator,4a_duration_estimator__d960__w24,85,93
4a_duration_estimator,4a_duration_estimator__d960__w24,86,96
4a_duration_estimator,4a_duration_estimator__d960__w24,87,100
4a_duration_estimator,4a_duration_estimator__d960__w24,88,115
4a_duration_estimator,4a_duration_estimator__d960__w24,89,112
4a_duration_estimator,4a_duration_estimator__d960__w24,90,111
4a_duration_estimator,4a_duration_estimator__d960__w24,91,112
4a_duration_estimator,4a_duration_estimator__d960__w24,92,110
4a_duration_estimator,4a_duration_estimator__d960__w24,93,122
4a_duration_estimator,4a_duration_estimator__d960__w24,94,118
4a_duration_estimator,4a_duration_estimator__d960__w24,95,112
4a_duration_estimator,4a_duration_estimator__d960__w24,96,67
4a_duration_estimator,4a_duration_estimator__d960__w24,97,69
4a_duration_estimator,4a_duration_estimator__d960__w24,98,212
4a_duration_estimator,4a_duration_estimator__d960__w24,99,34
4a_duration_estimator,4a_duration_estimator__d960__w24,100,28
4a_duration_estimator,4a_duration_estimator__d960__w24,101,40
4a_duration_estimator,4a_duration_estimator__d960__w24,102,47
4a_duration_estimator,4a_duration_estimator__d960__w24,103,47
4a_duration_estimator,4a_duration_estimator__d960__w24,104,55
4a_duration_estimator,4a_duration_estimator__d960__w24,105,75
4a_duration_estimator,4a_duration_estimator__d960__w24,106,70
4a_duration_estimator,4a_duration_estimator__d960__w24,107,68
4a_duration_estimator,4a_duration_estimator__d960__w24,108,64
4a_duration_estimator,4a_duration_estimator__d960__w24,109,89
4a_duration_estimator,4a_duration_estimator__d960__w24,110,100
4a_duration_estimator,4a_duration_estimator__d960__w24,111,125
4a_duration_estimator,4a_duration_estimator__d960__w24,112,116
4a_duration_estimator,4a_duration_estimator__d960__w24,113,120
4a_duration_estimator,4a_duration_estimator__d960__w24,114,121
4a_duration_estimator,4a_duration_estimator__d960__w24,115,109
4a_duration_estimator,4a_duration_estimator__d960__w24,116,105
4a_duration_estimator,4a_duration_estimator__d960__w24,117,119
4a_duration_estimator,4a_duration_estimator__d960__w24,118,120
4a_duration_estimator,4a_duration_estimator__d960__w24,119,83
4a_duration_estimator,4a_duration_estimator__d960__w24,120,71
4a_duration_estimator,4a_duration_estimator__d960__w24,121,73
4a_duration_estimator,4a_duration_estimator__d960__w24,122,42
4a_duration_estimator,4a_duration_estimator__d960__w24,123,61
4a_duration_estimator,4a_duration_estimator__d960__w24,124,20
4a_duration_estimator,4a_duration_estimator__d960__w24,125,29
4a_duration_estimator,4a_duration_estimator__d960__w24,126,18
4a_duration_estimator,4a_duration_estimator__d960__w24,127,25
4a_duration_estimator,4a_duration_estimator__d960__w24,128,13
4a_duration_estimator,4a_duration_estimator__d960__w24,129,25
4a_duration_estimator,4a_duration_estimator__d960__w24,130,47
4a_duration_estimator,4a_duration_estimator__d960__w24,131,34
4a_duration_estimator,4a_duration_estimator__d960__w24,132,128
4a_duration_estimator,4a_duration_estimator__d960__w24,133,43
4a_duration_estimator,4a_duration_estimator__d960__w24,134,34
4a_duration_estimator,4a_duration_estimator__d960__w24,135,56
4a_duration_estimator,4a_duration_estimator__d960__w24,136,42
4a_duration_estimator,4a_duration_estimator__d960__w24,137,55
4a_duration_estimator,4a_duration_estimator__d960__w24,138,39
4a_duration_estimator,4a_duration_estimator__d960__w24,139,34
4a_duration_estimator,4a_duration_estimator__d960__w24,140,49
4a_duration_estimator,4a_duration_estimator__d960__w24,141,54
4a_duration_estimator,4a_duration_estimator__d960__w24,142,54
4a_duration_estimator,4a_duration_estimator__d960__w24,143,46
4a_duration_estimator,4a_duration_estimator__d960__w24,144,40
4a_duration_estimator,4a_duration_estimator__d960__w24,145,31
4a_duration_estimator,4a_duration_estimator__d960__w24,146,32
4a_duration_estimator,4a_duration_estimator__d960__w24,147,26
4a_duration_estimator,4a_duration_estimator__d960__w24,148,24
4a_duration_estimator,4a_duration_estimator__d960__w24,149,29
4a_duration_estimator,4a_duration_estimator__d960__w24,150,27
4a_duration_estimator,4a_duration_estimator__d960__w24,151,20
4a_duration_estimator,4a_duration_estimator__d960__w24,152,17
4a_duration_estimator,4a_duration_estimator__d960__w24,153,34
4a_duration_estimator,4a_duration_estimator__d960__w24,154,25
4a_duration_estimator,4a_duration_estimator__d960__w24,155,58
4a_duration_estimator,4a_duration_estimator__d960__w24,156,34
4a_duration_estimator,4a_duration_estimator__d960__w24,157,43
4a_duration_estimator,4a_duration_estimator__d960__w24,158,38
4a_duration_estimator,4a_duration_estimator__d960__w24,159,29
4a_duration_estimator,4a_duration_estimator__d960__w24,160,34
4a_duration_estimator,4a_duration_estimator__d960__w24,161,58
4a_duration_estimator,4a_duration_estimator__d960__w24,162,52
4a_duration_estimator,4a_duration_estimator__d960__w24,163,60
4a_duration_estimator,4a_duration_estimator__d960__w24,164,51
4a_duration_estimator,4a_duration_estimator__d960__w24,165,42
4a_duration_estimator,4a_duration_estimator__d960__w24,166,59
4a_duration_estimator,4a_duration_estimator__d960__w24,167,39
4a_duration_estimator,4a_duration_estimator__d1920__w24,0,33
4a_duration_estimator,4a_duration_estimator__d1920__w24,1,32
4a_duration_estimator,4a_duration_estimator__d1920__w24,2,34
4a_duration_estimator,4a_duration_estimator__d1920__w24,3,30
4a_duration_estimator,4a_duration_estimator__d1920__w24,4,34
4a_duration_estimator,4a_duration_estimator__d1920__w24,5,37
4a_duration_estimator,4a_duration_estimator__d1920__w24,6,45
4a_duration_estimator,4a_duration_estimator__d1920__w24,7,46
4a_duration_estimator,4a_duration_estimator__d1920__w24,8,60
4a_duration_estimator,4a_duration_estimator__d1920__w24,9,72
4a_duration_estimator,4a_duration_estimator__d1920__w24,10,89
4a_duration_estimator,4a_duration_estimator__d1920__w24,11,79
4a_duration_estimator,4a_duration_estimator__d1920__w24,12,68
4a_duration_estimator,4a_duration_estimator__d1920__w24,13,89
4a_duration_estimator,4a_duration_estimator__d1920__w24,14,104
4a_duration_estimator,4a_duration_estimator__d1920__w24,15,105
4a_duration_estimator,4a_duration_estimator__d1920__w24,16,116
4a_duration_estimator,4a_duration_estimator__d1920__w24,17,113
4a_duration_estimator,4a_duration_estimator__d1920__w24,18,94
4a_duration_estimator,4a_duration_estimator__d1920__w24,19,102
4a_duration_estimator,4a_duration_estimator__d1920__w24,20,109
4a_duration_estimator,4a_duration_estimator__d1920__w24,21,112
4a_duration_estimator,4a_duration_estimator__d1920__w24,22,98
4a_duration_estimator,4a_duration_estimator__d1920__w24,23,89
4a_duration_estimator,4a_duration_estimator__d1920__w24,24,75
4a_duration_estimator,4a_duration_estimator__d1920__w24,25,72
4a_duration_estimator,4a_duration_estimator__d1920__w24,26,85
4a_duration_estimator,4a_duration_estimator__d1920__w24,27,32
4a_duration_estimator,4a_duration_estimator__d1920__w24,28,45
4a_duration_estimator,4a_duration_estimator__d1920__w24,29,38
4a_duration_estimator,4a_duration_estimator__d1920__w24,30,54
4a_duration_estimator,4a_duration_estimator__d1920__w24,31,48
4a_duration_estimator,4a_duration_estimator__d1920__w24,32,77
4a_duration_estimator,4a_duration_estimator__d1920__w24,33,79
4a_duration_estimator,4a_duration_estimator__d1920__w24,34,68
4a_duration_estimator,4a_duration_estimator__d1920__w24,35,76
4a_duration_estimator,4a_duration_estimator__d1920__w24,36,89
4a_duration_estimator,4a_duration_estimator__d1920__w24,37,90
4a_duration_estimator,4a_duration_estimator__d1920__w24,38,110
4a_duration_estimator,4a_duration_estimator__d1920__w24,39,113
4a_duration_estimator,4a_duration_estimator__d1920__w24,40,114
4a_duration_estimator,4a_duration_estimator__d1920__w24,41,120
4a_duration_estimator,4a_duration_estimator__d1920__w24,42,122
4a_duration_estimator,4a_duration_estimator__d1920__w24,43,122
4a_duration_estimator,4a_duration_estimator__d1920__w24,44,131
4a_duration_estimator,4a_duration_estimator__d1920__w24,45,133
4a_duration_estimator,4a_duration_estimator__d1920__w24,46,101
4a_duration_estimator,4a_duration_estimator__d1920__w24,47,105
4a_duration_estimator,4a_duration_estimator__d1920__w24,48,74
4a_duration_estimator,4a_duration_estimator__d1920__w24,49,65
4a_duration_estimator,4a_duration_estimator__d1920__w24,50,66
4a_duration_estimator,4a_duration_estimator__d1920__w24,51,47
4a_duration_estimator,4a_duration_estimator__d1920__w24,52,39
4a_duration_estimator,4a_duration_estimator__d1920__w24,53,46
4a_duration_estimator,4a_duration_estimator__d1920__w24,54,49
4a_duration_estimator,4a_duration_estimator__d1920__w24,55,66
4a_duration_estimator,4a_duration_estimator__d1920__w24,56,63
4a_duration_estimator,4a_duration_estimator__d1920__w24,57,65
4a_duration_estimator,4a_duration_estimator__d1920__w24,58,66
4a_duration_estimator,4a_duration_estimator__d1920__w24,59,72
4a_duration_estimator,4a_duration_estimator__d1920__w24,60,77
4a_duration_estimator,4a_duration_estimator__d1920__w24,61,82
4a_duration_estimator,4a_duration_estimator__d1920__w24,62,85
4a_duration_estimator,4a_duration_estimator__d1920__w24,63,106
4a_duration_estimator,4a_duration_estimator__d1920__w24,64,112
4a_duration_estimator,4a_duration_estimator__d1920__w24,65,126
4a_duration_estimator,4a_duration_estimator__d1920__w24,66,124
4a_duration_estimator,4a_duration_estimator__d1920__w24,67,130
4a_duration_estimator,4a_duration_estimator__d1920__w24,68,119
4a_duration_estimator,4a_duration_estimator__d1920__w24,69,114
4a_duration_estimator,4a_duration_estimator__d1920__w24,70,108
4a_duration_estimator,4a_duration_estimator__d1920__w24,71,106
4a_duration_estimator,4a_duration_estimator__d1920__w24,72,95
4a_duration_estimator,4a_duration_estimator__d1920__w24,73,63
4a_duration_estimator,4a_duration_estimator__d1920__w24,74,110
4a_duration_estimator,4a_duration_estimator__d1920__w24,75,36
4a_duration_estimator,4a_duration_estimator__d1920__w24,76,48
4a_duration_estimator,4a_duration_estimator__d1920__w24,77,50
4a_duration_estimator,4a_duration_estimator__d1920__w24,78,70
4a_duration_estimator,4a_duration_estimator__d1920__w24,79,57
4a_duration_estimator,4a_duration_estimator__d1920__w24,80,73
4a_duration_estimator,4a_duration_estimator__d1920__w24,81,66
4a_duration_estimator,4a_duration_estimator__d1920__w24,82,69
4a_duration_estimator,4a_duration_estimator__d1920__w24,83,75
4a_duration_estimator,4a_duration_estimator__d1920__w24,84,83
4a_duration_estimator,4a_duration_estimator__d1920__w24,85,99
4a_duration_estimator,4a_duration_estimator__d1920__w24,86,108
4a_duration_estimator,4a_duration_estimator__d1920__w24,87,105
4a_duration_estimator,4a_duration_estimator__d1920__w24,88,120
4a_duration_estimator,4a_duration_estimator__d1920__w24,89,120
4a_duration_estimator,4a_duration_estimator__d1920__w24,90,118
4a_duration_estimator,4a_duration_estimator__d1920__w24,91,112
4a_duration_estimator,4a_duration_estimator__d1920__w24,92,119
4a_duration_estimator,4a_duration_estimator__d1920__w24,93,129
4a_duration_estimator,4a_duration_estimator__d1920__w24,94,122
4a_duration_estimator,4a_duration_estimator__d1920__w24,95,100
4a_duration_estimator,4a_duration_estimator__d1920__w24,96,74
4a_duration_estimator,4a_duration_estimator__d1920__w24,97,70
4a_duration_estimator,4a_duration_estimator__d1920__w24,98,85
4a_duration_estimator,4a_duration_estimator__d1920__w24,99,37
4a_duration_estimator,4a_duration_estimator__d1920__w24,100,30
4a_duration_estimator,4a_duration_estimator__d1920__w24,101,42
4a_duration_estimator,4a_duration_estimator__d1920__w24,102,50
4a_duration_estimator,4a_duration_estimator__d1920__w24,103,53
4a_duration_estimator,4a_duration_estimator__d1920__w24,104,60
4a_duration_estimator,4a_duration_estimator__d1920__w24,105,84
4a_duration_estimator,4a_duration_estimator__d1920__w24,106,74
4a_duration_estimator,4a_duration_estimator__d1920__w24,107,75
4a_duration_estimator,4a_duration_estimator__d1920__w24,108,71
4a_duration_estimator,4a_duration_estimator__d1920__w24,109,96
4a_duration_estimator,4a_duration_estimator__d1920__w24,110,108
4a_duration_estimator,4a_duration_estimator__d1920__w24,111,128
4a_duration_estimator,4a_duration_estimator__d1920__w24,112,123
4a_duration_estimator,4a_duration_estimator__d1920__w24,113,122
4a_duration_estimator,4a_duration_estimator__d1920__w24,114,128
4a_duration_estimator,4a_duration_estimator__d1920__w24,115,112
4a_duration_estimator,4a_duration_estimator__d1920__w24,116,112
4a_duration_estimator,4a_duration_estimator__d1920__w24,117,128
4a_duration_estimator,4a_duration_estimator__d1920__w24,118,125
4a_duration_estimator,4a_duration_estimator__d1920__w24,119,85
4a_duration_estimator,4a_duration_estimator__d1920__w24,120,75
4a_duration_estimator,4a_duration_estimator__d1920__w24,121,69
4a_duration_estimator,4a_duration_estimator__d1920__w24,122,41
4a_duration_estimator,4a_duration_estimator__d1920__w24,123,32
4a_duration_estimator,4a_duration_estimator__d1920__w24,124,21
4a_duration_estimator,4a_duration_estimator__d1920__w24,125,29
4a_duration_estimator,4a_duration_estimator__d1920__w24,126,20
4a_duration_estimator,4a_duration_estimator__d1920__w24,127,25
4a_duration_estimator,4a_duration_estimator__d1920__w24,128,15
4a_duration_estimator,4a_duration_estimator__d1920__w24,129,28
4a_duration_estimator,4a_duration_estimator__d1920__w24,130,43
4a_duration_estimator,4a_duration_estimator__d1920__w24,131,29
4a_duration_estimator,4a_duration_estimator__d1920__w24,132,57
4a_duration_estimator,4a_duration_estimator__d1920__w24,133,45
4a_duration_estimator,4a_duration_estimator__d1920__w24,134,34
4a_duration_estimator,4a_duration_estimator__d1920__w24,135,56
4a_duration_estimator,4a_duration_estimator__d1920__w24,136,42
4a_duration_estimator,4a_duration_estimator__d1920__w24,137,55
4a_duration_estimator,4a_duration_estimator__d1920__w24,138,41
4a_duration_estimator,4a_duration_estimator__d1920__w24,139,35
4a_duration_estimator,4a_duration_estimator__d1920__w24,140,50
4a_duration_estimator,4a_duration_estimator__d1920__w24,141,56
4a_duration_estimator,4a_duration_estimator__d1920__w24,142,54
4a_duration_estimator,4a_duration_estimator__d1920__w24,143,46
4a_duration_estimator,4a_duration_estimator__d1920__w24,144,43
4a_duration_estimator,4a_duration_estimator__d1920__w24,145,32
4a_duration_estimator,4a_duration_estimator__d1920__w24,146,31
4a_duration_estimator,4a_duration_estimator__d1920__w24,147,21
4a_duration_estimator,4a_duration_estimator__d1920__w24,148,24
4a_duration_estimator,4a_duration_estimator__d1920__w24,149,29
4a_duration_estimator,4a_duration_estimator__d1920__w24,150,27
4a_duration_estimator,4a_duration_estimator__d1920__w24,151,21
4a_duration_estimator,4a_duration_estimator__d1920__w24,152,17
4a_duration_estimator,4a_duration_estimator__d1920__w24,153,31
4a_duration_estimator,4a_duration_estimator__d1920__w24,154,25
4a_duration_estimator,4a_duration_estimator__d1920__w24,155,41
4a_duration_estimator,4a_duration_estimator__d1920__w24,156,34
4a_duration_estimator,4a_duration_estimator__d1920__w24,157,43
4a_duration_estimator,4a_duration_estimator__d1920__w24,158,38
4a_duration_estimator,4a_duration_estimator__d1920__w24,159,29
4a_duration_estimator,4a_duration_estimator__d1920__w24,160,35
4a_duration_estimator,4a_duration_estimator__d1920__w24,161,59
4a_duration_estimator,4a_duration_estimator__d1920__w24,162,52
4a_duration_estimator,4a_duration_estimator__d1920__w24,163,60
4a_duration_estimator,4a_duration_estimator__d1920__w24,164,52
4a_duration_estimator,4a_duration_estimator__d1920__w24,165,44
4a_duration_estimator,4a_duration_estimator__d1920__w24,166,59
4a_duration_estimator,4a_duration_estimator__d1920__w24,167,40
4a_duration_estimator,4a_duration_estimator__d3840__w24,0,33
4a_duration_estimator,4a_duration_estimator__d3840__w24,1,32
4a_duration_estimator,4a_duration_estimator__d3840__w24,2,34
4a_duration_estimator,4a_duration_estimator__d3840__w24,3,30
4a_duration_estimator,4a_duration_estimator__d3840__w24,4,34
4a_duration_estimator,4a_duration_estimator__d3840__w24,5,37
4a_duration_estimator,4a_duration_estimator__d3840__w24,6,45
4a_duration_estimator,4a_duration_estimator__d3840__w24,7,47
4a_duration_estimator,4a_duration_estimator__d3840__w24,8,62
4a_duration_estimator,4a_duration_estimator__d3840__w24,9,72
4a_duration_estimator,4a_duration_estimator__d3840__w24,10,90
4a_duration_estimator,4a_duration_estimator__d3840__w24,11,80
4a_duration_estimator,4a_duration_estimator__d3840__w24,12,70
4a_duration_estimator,4a_duration_estimator__d3840__w24,13,90
4a_duration_estimator,4a_duration_estimator__d3840__w24,14,104
4a_duration_estimator,4a_duration_estimator__d3840__w24,15,107
4a_duration_estimator,4a_duration_estimator__d3840__w24,16,118
4a_duration_estimator,4a_duration_estimator__d3840__w24,17,117
4a_duration_estimator,4a_duration_estimator__d3840__w24,18,94
4a_duration_estimator,4a_duration_estimator__d3840__w24,19,107
4a_duration_estimator,4a_duration_estimator__d3840__w24,20,115
4a_duration_estimator,4a_duration_estimator__d3840__w24,21,115
4a_duration_estimator,4a_duration_estimator__d3840__w24,22,101
4a_duration_estimator,4a_duration_estimator__d3840__w24,23,91
4a_duration_estimator,4a_duration_estimator__d3840__w24,24,82
4a_duration_estimator,4a_duration_estimator__d3840__w24,25,73
4a_duration_estimator,4a_duration_estimator__d3840__w24,26,42
4a_duration_estimator,4a_duration_estimator__d3840__w24,27,32
4a_duration_estimator,4a_duration_estimator__d3840__w24,28,45
4a_duration_estimator,4a_duration_estimator__d3840__w24,29,38
4a_duration_estimator,4a_duration_estimator__d3840__w24,30,55
4a_duration_estimator,4a_duration_estimator__d3840__w24,31,50
4a_duration_estimator,4a_duration_estimator__d3840__w24,32,77
4a_duration_estimator,4a_duration_estimator__d3840__w24,33,81
4a_duration_estimator,4a_duration_estimator__d3840__w24,34,69
4a_duration_estimator,4a_duration_estimator__d3840__w24,35,76
4a_duration_estimator,4a_duration_estimator__d3840__w24,36,83
4a_duration_estimator,4a_duration_estimator__d3840__w24,37,92
4a_duration_estimator,4a_duration_estimator__d3840__w24,38,113
4a_duration_estimator,4a_duration_estimator__d3840__w24,39,113
4a_duration_estimator,4a_duration_estimator__d3840__w24,40,115
4a_duration_estimator,4a_duration_estimator__d3840__w24,41,123
4a_duration_estimator,4a_duration_estimator__d3840__w24,42,124
4a_duration_estimator,4a_duration_estimator__d3840__w24,43,124
4a_duration_estimator,4a_duration_estimator__d3840__w24,44,133
4a_duration_estimator,4a_duration_estimator__d3840__w24,45,139
4a_duration_estimator,4a_duration_estimator__d3840__w24,46,106
4a_duration_estimator,4a_duration_estimator__d3840__w24,47,109
4a_duration_estimator,4a_duration_estimator__d3840__w24,48,83
4a_duration_estimator,4a_duration_estimator__d3840__w24,49,66
4a_duration_estimator,4a_duration_estimator__d3840__w24,50,46
4a_duration_estimator,4a_duration_estimator__d3840__w24,51,47
4a_duration_estimator,4a_duration_estimator__d3840__w24,52,39
4a_duration_estimator,4a_duration_estimator__d3840__w24,53,46
4a_duration_estimator,4a_duration_estimator__d3840__w24,54,51
4a_duration_estimator,4a_duration_estimator__d3840__w24,55,68
4a_duration_estimator,4a_duration_estimator__d3840__w24,56,64
4a_duration_estimator,4a_duration_estimator__d3840__w24,57,67
4a_duration_estimator,4a_duration_estimator__d3840__w24,58,66
4a_duration_estimator,4a_duration_estimator__d3840__w24,59,75
4a_duration_estimator,4a_duration_estimator__d3840__w24,60,79
4a_duration_estimator,4a_duration_estimator__d3840__w24,61,82
4a_duration_estimator,4a_duration_estimator__d3840__w24,62,90
4a_duration_estimator,4a_duration_estimator__d3840__w24,63,107
4a_duration_estimator,4a_duration_estimator__d3840__w24,64,114
4a_duration_estimator,4a_duration_estimator__d3840__w24,65,132
4a_duration_estimator,4a_duration_estimator__d3840__w24,66,131
4a_duration_estimator,4a_duration_estimator__d3840__w24,67,136
4a_duration_estimator,4a_duration_estimator__d3840__w24,68,121
4a_duration_estimator,4a_duration_estimator__d3840__w24,69,121
4a_duration_estimator,4a_duration_estimator__d3840__w24,70,106
4a_duration_estimator,4a_duration_estimator__d3840__w24,71,103
4a_duration_estimator,4a_duration_estimator__d3840__w24,72,90
4a_duration_estimator,4a_duration_estimator__d3840__w24,73,62
4a_duration_estimator,4a_duration_estimator__d3840__w24,74,60
4a_duration_estimator,4a_duration_estimator__d3840__w24,75,38
4a_duration_estimator,4a_duration_estimator__d3840__w24,76,49
4a_duration_estimator,4a_duration_estimator__d3840__w24,77,51
4a_duration_estimator,4a_duration_estimator__d3840__w24,78,71
4a_duration_estimator,4a_duration_estimator__d3840__w24,79,57
4a_duration_estimator,4a_duration_estimator__d3840__w24,80,74
4a_duration_estimator,4a_duration_estimator__d3840__w24,81,67
4a_duration_estimator,4a_duration_estimator__d3840__w24,82,71
4a_duration_estimator,4a_duration_estimator__d3840__w24,83,77
4a_duration_estimator,4a_duration_estimator__d3840__w24,84,84
4a_duration_estimator,4a_duration_estimator__d3840__w24,85,102
4a_duration_estimator,4a_duration_estimator__d3840__w24,86,109
4a_duration_estimator,4a_duration_estimator__d3840__w24,87,106
4a_duration_estimator,4a_duration_estimator__d3840__w24,88,122
4a_duration_estimator,4a_duration_estimator__d3840__w24,89,122
4a_duration_estimator,4a_duration_estimator__d3840__w24,90,121
4a_duration_estimator,4a_duration_estimator__d3840__w24,91,117
4a_duration_estimator,4a_duration_estimator__d3840__w24,92,120
4a_duration_estimator,4a_duration_estimator__d3840__w24,93,131
4a_duration_estimator,4a_duration_estimator__d3840__w24,94,124
4a_duration_estimator,4a_duration_estimator__d3840__w24,95,96
4a_duration_estimator,4a_duration_estimator__d3840__w24,96,77
4a_duration_estimator,4a_duration_estimator__d3840__w24,97,72
4a_duration_estimator,4a_duration_estimator__d3840__w24,98,47
4a_duration_estimator,4a_duration_estimator__d3840__w24,99,37
4a_duration_estimator,4a_duration_estimator__d3840__w24,100,30
4a_duration_estimator,4a_duration_estimator__d3840__w24,101,42
4a_duration_estimator,4a_duration_estimator__d3840__w24,102,51
4a_duration_estimator,4a_duration_estimator__d3840__w24,103,53
4a_duration_estimator,4a_duration_estimator__d3840__w24,104,62
4a_duration_estimator,4a_duration_estimator__d3840__w24,105,89
4a_duration_estimator,4a_duration_estimator__d3840__w24,106,76
4a_duration_estimator,4a_duration_estimator__d3840__w24,107,75
4a_duration_estimator,4a_duration_estimator__d3840__w24,108,73
4a_duration_estimator,4a_duration_estimator__d3840__w24,109,97
4a_duration_estimator,4a_duration_estimator__d3840__w24,110,110
4a_duration_estimator,4a_duration_estimator__d3840__w24,111,129
4a_duration_estimator,4a_duration_estimator__d3840__w24,112,128
4a_duration_estimator,4a_duration_estimator__d3840__w24,113,125
4a_duration_estimator,4a_duration_estimator__d3840__w24,114,128
4a_duration_estimator,4a_duration_estimator__d3840__w24,115,116
4a_duration_estimator,4a_duration_estimator__d3840__w24,116,114
4a_duration_estimator,4a_duration_estimator__d3840__w24,117,128
4a_duration_estimator,4a_duration_estimator__d3840__w24,118,128
4a_duration_estimator,4a_duration_estimator__d3840__w24,119,88
4a_duration_estimator,4a_duration_estimator__d3840__w24,120,79
4a_duration_estimator,4a_duration_estimator__d3840__w24,121,69
4a_duration_estimator,4a_duration_estimator__d3840__w24,122,40
4a_duration_estimator,4a_duration_estimator__d3840__w24,123,24
4a_duration_estimator,4a_duration_estimator__d3840__w24,124,21
4a_duration_estimator,4a_duration_estimator__d3840__w24,125,29
4a_duration_estimator,4a_duration_estimator__d3840__w24,126,20
4a_duration_estimator,4a_duration_estimator__d3840__w24,127,25
4a_duration_estimator,4a_duration_estimator__d3840__w24,128,15
4a_duration_estimator,4a_duration_estimator__d3840__w24,129,29
4a_duration_estimator,4a_duration_estimator__d3840__w24,130,41
4a_duration_estimator,4a_duration_estimator__d3840__w24,131,29
4a_duration_estimator,4a_duration_estimator__d3840__w24,132,27
4a_duration_estimator,4a_duration_estimator__d3840__w24,133,45
4a_duration_estimator,4a_duration_estimator__d3840__w24,134,34
4a_duration_estimator,4a_duration_estimator__d3840__w24,135,56
4a_duration_estimator,4a_duration_estimator__d3840__w24,136,42
4a_duration_estimator,4a_duration_estimator__d3840__w24,137,55
4a_duration_estimator,4a_duration_estimator__d3840__w24,138,41
4a_duration_estimator,4a_duration_estimator__d3840__w24,139,35
4a_duration_estimator,4a_duration_estimator__d3840__w24,140,50
4a_duration_estimator,4a_duration_estimator__d3840__w24,141,56
4a_duration_estimator,4a_duration_estimator__d3840__w24,142,54
4a_duration_estimator,4a_duration_estimator__d3840__w24,143,47
4a_duration_estimator,4a_duration_estimator__d3840__w24,144,43
4a_duration_estimator,4a_duration_estimator__d3840__w24,145,30
4a_duration_estimator,4a_duration_estimator__d3840__w24,146,30
4a_duration_estimator,4a_duration_estimator__d3840__w24,147,21
4a_duration_estimator,4a_duration_estimator__d3840__w24,148,24
4a_duration_estimator,4a_duration_estimator__d3840__w24,149,29
4a_duration_estimator,4a_duration_estimator__d3840__w24,150,27
4a_duration_estimator,4a_duration_estimator__d3840__w24,151,21
4a_duration_estimator,4a_duration_estimator__d3840__w24,152,18
4a_duration_estimator,4a_duration_estimator__d3840__w24,153,30
4a_duration_estimator,4a_duration_estimator__d3840__w24,154,25
4a_duration_estimator,4a_duration_estimator__d3840__w24,155,39
4a_duration_estimator,4a_duration_estimator__d3840__w24,156,34
4a_duration_estimator,4a_duration_estimator__d3840__w24,157,43
4a_duration_estimator,4a_duration_estimator__d3840__w24,158,38
4a_duration_estimator,4a_duration_estimator__d3840__w24,159,29
4a_duration_estimator,4a_duration_estimator__d3840__w24,160,35
4a_duration_estimator,4a_duration_estimator__d3840__w24,161,59
4a_duration_estimator,4a_duration_estimator__d3840__w24,162,52
4a_duration_estimator,4a_duration_estimator__d3840__w24,163,60
4a_duration_estimator,4a_duration_estimator__d3840__w24,164,52
4a_duration_estimator,4a_duration_estimator__d3840__w24,165,44
4a_duration_estimator,4a_duration_estimator__d3840__w24,166,59
4a_duration_estimator,4a_duration_estimator__d3840__w24,167,40
4a_duration_estimator,4a_duration_estimator__d7680__w24,0,33
4a_duration_estimator,4a_duration_estimator__d7680__w24,1,32
4a_duration_estimator,4a_duration_estimator__d7680__w24,2,34
4a_duration_estimator,4a_duration_estimator__d7680__w24,3,30
4a_duration_estimator,4a_duration_estimator__d7680__w24,4,34
4a_duration_estimator,4a_duration_estimator__d7680__w24,5,37
4a_duration_estimator,4a_duration_estimator__d7680__w24,6,45
4a_duration_estimator,4a_duration_estimator__d7680__w24,7,47
4a_duration_estimator,4a_duration_estimator__d7680__w24,8,62
4a_duration_estimator,4a_duration_estimator__d7680__w24,9,72
4a_duration_estimator,4a_duration_estimator__d7680__w24,10,90
4a_duration_estimator,4a_duration_estimator__d7680__w24,11,80
4a_duration_estimator,4a_duration_estimator__d7680__w24,12,70
4a_duration_estimator,4a_duration_estimator__d7680__w24,13,90
4a_duration_estimator,4a_duration_estimator__d7680__w24,14,104
4a_duration_estimator,4a_duration_estimator__d7680__w24,15,107
4a_duration_estimator,4a_duration_estimator__d7680__w24,16,118
4a_duration_estimator,4a_duration_estimator__d7680__w24,17,117
4a_duration_estimator,4a_duration_estimator__d7680__w24,18,94
4a_duration_estimator,4a_duration_estimator__d7680__w24,19,107
4a_duration_estimator,4a_duration_estimator__d7680__w24,20,115
4a_duration_estimator,4a_duration_estimator__d7680__w24,21,115
4a_duration_estimator,4a_duration_estimator__d7680__w24,22,101
4a_duration_estimator,4a_duration_estimator__d7680__w24,23,91
4a_duration_estimator,4a_duration_estimator__d7680__w24,24,82
4a_duration_estimator,4a_duration_estimator__d7680__w24,25,73
4a_duration_estimator,4a_duration_estimator__d7680__w24,26,42
4a_duration_estimator,4a_duration_estimator__d7680__w24,27,32
4a_duration_estimator,4a_duration_estimator__d7680__w24,28,45
4a_duration_estimator,4a_duration_estimator__d7680__w24,29,38
4a_duration_estimator,4a_duration_estimator__d7680__w24,30,55
4a_duration_estimator,4a_duration_estimator__d7680__w24,31,50
4a_duration_estimator,4a_duration_estimator__d7680__w24,32,77
4a_duration_estimator,4a_duration_estimator__d7680__w24,33,81
4a_duration_estimator,4a_duration_estimator__d7680__w24,34,69
4a_duration_estimator,4a_duration_estimator__d7680__w24,35,76
4a_duration_estimator,4a_duration_estimator__d7680__w24,36,83
4a_duration_estimator,4a_duration_estimator__d7680__w24,37,92
4a_duration_estimator,4a_duration_estimator__d7680__w24,38,113
4a_duration_estimator,4a_duration_estimator__d7680__w24,39,113
4a_duration_estimator,4a_duration_estimator__d7680__w24,40,115
4a_duration_estimator,4a_duration_estimator__d7680__w24,41,123
4a_duration_estimator,4a_duration_estimator__d7680__w24,42,124
4a_duration_estimator,4a_duration_estimator__d7680__w24,43,124
4a_duration_estimator,4a_duration_estimator__d7680__w24,44,133
4a_duration_estimator,4a_duration_estimator__d7680__w24,45,139
4a_duration_estimator,4a_duration_estimator__d7680__w24,46,106
4a_duration_estimator,4a_duration_estimator__d7680__w24,47,109
4a_duration_estimator,4a_duration_estimator__d7680__w24,48,83
4a_duration_estimator,4a_duration_estimator__d7680__w24,49,66
4a_duration_estimator,4a_duration_estimator__d7680__w24,50,46
4a_duration_estimator,4a_duration_estimator__d7680__w24,51,47
4a_duration_estimator,4a_duration_estimator__d7680__w24,52,39
4a_duration_estimator,4a_duration_estimator__d7680__w24,53,46
4a_duration_estimator,4a_duration_estimator__d7680__w24,54,51
4a_duration_estimator,4a_duration_estimator__d7680__w24,55,68
4a_duration_estimator,4a_duration_estimator__d7680__w24,56,64
4a_duration_estimator,4a_duration_estimator__d7680__w24,57,67
4a_duration_estimator,4a_duration_estimator__d7680__w24,58,66
4a_duration_estimator,4a_duration_estimator__d7680__w24,59,75
4a_duration_estimator,4a_duration_estimator__d7680__w24,60,79
4a_duration_estimator,4a_duration_estimator__d7680__w24,61,82
4a_duration_estimator,4a_duration_estimator__d7680__w24,62,90
4a_duration_estimator,4a_duration_estimator__d7680__w24,63,107
4a_duration_estimator,4a_duration_estimator__d7680__w24,64,114
4a_duration_estimator,4a_duration_estimator__d7680__w24,65,132
4a_duration_estimator,4a_duration_estimator__d7680__w24,66,131
4a_duration_estimator,4a_duration_estimator__d7680__w24,67,136
4a_duration_estimator,4a_duration_estimator__d7680__w24,68,121
4a_duration_estimator,4a_duration_estimator__d7680__w24,69,121
4a_duration_estimator,4a_duration_estimator__d7680__w24,70,106
4a_duration_estimator,4a_duration_estimator__d7680__w24,71,103
4a_duration_estimator,4a_duration_estimator__d7680__w24,72,90
4a_duration_estimator,4a_duration_estimator__d7680__w24,73,62
4a_duration_estimator,4a_duration_estimator__d7680__w24,74,60
4a_duration_estimator,4a_duration_estimator__d7680__w24,75,38
4a_duration_estimator,4a_duration_estimator__d7680__w24,76,49
4a_duration_estimator,4a_duration_estimator__d7680__w24,77,51
4a_duration_estimator,4a_duration_estimator__d7680__w24,78,71
4a_duration_estimator,4a_duration_estimator__d7680__w24,79,57
4a_duration_estimator,4a_duration_estimator__d7680__w24,80,74
4a_duration_estimator,4a_duration_estimator__d7680__w24,81,67
4a_duration_estimator,4a_duration_estimator__d7680__w24,82,71
4a_duration_estimator,4a_duration_estimator__d7680__w24,83,77
4a_duration_estimator,4a_duration_estimator__d7680__w24,84,84
4a_duration_estimator,4a_duration_estimator__d7680__w24,85,102
4a_duration_estimator,4a_duration_estimator__d7680__w24,86,109
4a_duration_estimator,4a_duration_estimator__d7680__w24,87,106
4a_duration_estimator,4a_duration_estimator__d7680__w24,88,122
4a_duration_estimator,4a_duration_estimator__d7680__w24,89,122
4a_duration_estimator,4a_duration_estimator__d7680__w24,90,121
4a_duration_estimator,4a_duration_estimator__d7680__w24,91,117
4a_duration_estimator,4a_duration_estimator__d7680__w24,92,120
4a_duration_estimator,4a_duration_estimator__d7680__w24,93,131
4a_duration_estimator,4a_duration_estimator__d7680__w24,94,124
4a_duration_estimator,4a_duration_estimator__d7680__w24,95,96
4a_duration_estimator,4a_duration_estimator__d7680__w24,96,77
4a_duration_estimator,4a_duration_estimator__d7680__w24,97,72
4a_duration_estimator,4a_duration_estimator__d7680__w24,98,47
4a_duration_estimator,4a_duration_estimator__d7680__w24,99,37
4a_duration_estimator,4a_duration_estimator__d7680__w24,100,30
4a_duration_estimator,4a_duration_estimator__d7680__w24,101,42
4a_duration_estimator,4a_duration_estimator__d7680__w24,102,51
4a_duration_estimator,4a_duration_estimator__d7680__w24,103,53
4a_duration_estimator,4a_duration_estimator__d7680__w24,104,62
4a_duration_estimator,4a_duration_estimator__d7680__w24,105,89
4a_duration_estimator,4a_duration_estimator__d7680__w24,106,76
4a_duration_estimator,4a_duration_estimator__d7680__w24,107,75
4a_duration_estimator,4a_duration_estimator__d7680__w24,108,73
4a_duration_estimator,4a_duration_estimator__d7680__w24,109,97
4a_duration_estimator,4a_duration_estimator__d7680__w24,110,110
4a_duration_estimator,4a_duration_estimator__d7680__w24,111,129
4a_duration_estimator,4a_duration_estimator__d7680__w24,112,128
4a_duration_estimator,4a_duration_estimator__d7680__w24,113,125
4a_duration_estimator,4a_duration_estimator__d7680__w24,114,128
4a_duration_estimator,4a_duration_estimator__d7680__w24,115,116
4a_duration_estimator,4a_duration_estimator__d7680__w24,116,114
4a_duration_estimator,4a_duration_estimator__d7680__w24,117,128
4a_duration_estimator,4a_duration_estimator__d7680__w24,118,128
4a_duration_estimator,4a_duration_estimator__d7680__w24,119,88
4a_duration_estimator,4a_duration_estimator__d7680__w24,120,79
4a_duration_estimator,4a_duration_estimator__d7680__w24,121,69
4a_duration_estimator,4a_duration_estimator__d7680__w24,122,40
4a_duration_estimator,4a_duration_estimator__d7680__w24,123,24
4a_duration_estimator,4a_duration_estimator__d7680__w24,124,21
4a_duration_estimator,4a_duration_estimator__d7680__w24,125,29
4a_duration_estimator,4a_duration_estimator__d7680__w24,126,20
4a_duration_estimator,4a_duration_estimator__d7680__w24,127,25
4a_duration_estimator,4a_duration_estimator__d7680__w24,128,15
4a_duration_estimator,4a_duration_estimator__d7680__w24,129,29
4a_duration_estimator,4a_duration_estimator__d7680__w24,130,41
4a_duration_estimator,4a_duration_estimator__d7680__w24,131,29
4a_duration_estimator,4a_duration_estimator__d7680__w24,132,27
4a_duration_estimator,4a_duration_estimator__d7680__w24,133,45
4a_duration_estimator,4a_duration_estimator__d7680__w24,134,34
4a_duration_estimator,4a_duration_estimator__d7680__w24,135,56
4a_duration_estimator,4a_duration_estimator__d7680__w24,136,42
4a_duration_estimator,4a_duration_estimator__d7680__w24,137,55
4a_duration_estimator,4a_duration_estimator__d7680__w24,138,41
4a_duration_estimator,4a_duration_estimator__d7680__w24,139,35
4a_duration_estimator,4a_duration_estimator__d7680__w24,140,50
4a_duration_estimator,4a_duration_estimator__d7680__w24,141,56
4a_duration_estimator,4a_duration_estimator__d7680__w24,142,54
4a_duration_estimator,4a_duration_estimator__d7680__w24,143,47
4a_duration_estimator,4a_duration_estimator__d7680__w24,144,43
4a_duration_estimator,4a_duration_estimator__d7680__w24,145,30
4a_duration_estimator,4a_duration_estimator__d7680__w24,146,30
4a_duration_estimator,4a_duration_estimator__d7680__w24,147,21
4a_duration_estimator,4a_duration_estimator__d7680__w24,148,24
4a_duration_estimator,4a_duration_estimator__d7680__w24,149,29
4a_duration_estimator,4a_duration_estimator__d7680__w24,150,27
4a_duration_estimator,4a_duration_estimator__d7680__w24,151,21
4a_duration_estimator,4a_duration_estimator__d7680__w24,152,18
4a_duration_estimator,4a_duration_estimator__d7680__w24,153,30
4a_duration_estimator,4a_duration_estimator__d7680__w24,154,25
4a_duration_estimator,4a_duration_estimator__d7680__w24,155,39
4a_duration_estimator,4a_duration_estimator__d7680__w24,156,34
4a_duration_estimator,4a_duration_estimator__d7680__w24,157,43
4a_duration_estimator,4a_duration_estimator__d7680__w24,158,38
4a_duration_estimator,4a_duration_estimator__d7680__w24,159,29
4a_duration_estimator,4a_duration_estimator__d7680__w24,160,35
4a_duration_estimator,4a_duration_estimator__d7680__w24,161,59
4a_duration_estimator,4a_duration_estimator__d7680__w24,162,52
4a_duration_estimator,4a_duration_estimator__d7680__w24,163,60
4a_duration_estimator,4a_duration_estimator__d7680__w24,164,52
4a_duration_estimator,4a_duration_estimator__d7680__w24,165,44
4a_duration_estimator,4a_duration_estimator__d7680__w24,166,59
4a_duration_estimator,4a_duration_estimator__d7680__w24,167,40
4a_duration_estimator,4a_duration_estimator__d15360__w24,0,33
4a_duration_estimator,4a_duration_estimator__d15360__w24,1,32
4a_duration_estimator,4a_duration_estimator__d15360__w24,2,34
4a_duration_estimator,4a_duration_estimator__d15360__w24,3,30
4a_duration_estimator,4a_duration_estimator__d15360__w24,4,34
4a_duration_estimator,4a_duration_estimator__d15360__w24,5,37
4a_duration_estimator,4a_duration_estimator__d15360__w24,6,45
4a_duration_estimator,4a_duration_estimator__d15360__w24,7,47
4a_duration_estimator,4a_duration_estimator__d15360__w24,8,62
4a_duration_estimator,4a_duration_estimator__d15360__w24,9,72
4a_duration_estimator,4a_duration_estimator__d15360__w24,10,90
4a_duration_estimator,4a_duration_estimator__d15360__w24,11,80
4a_duration_estimator,4a_duration_estimator__d15360__w24,12,70
4a_duration_estimator,4a_duration_estimator__d15360__w24,13,90
4a_duration_estimator,4a_duration_estimator__d15360__w24,14,104
4a_duration_estimator,4a_duration_estimator__d15360__w24,15,107
4a_duration_estimator,4a_duration_estimator__d15360__w24,16,118
4a_duration_estimator,4a_duration_estimator__d15360__w24,17,117
4a_duration_estimator,4a_duration_estimator__d15360__w24,18,94
4a_duration_estimator,4a_duration_estimator__d15360__w24,19,107
4a_duration_estimator,4a_duration_estimator__d15360__w24,20,115
4a_duration_estimator,4a_duration_estimator__d15360__w24,21,115
4a_duration_estimator,4a_duration_estimator__d15360__w24,22,101
4a_duration_estimator,4a_duration_estimator__d15360__w24,23,91
4a_duration_estimator,4a_duration_estimator__d15360__w24,24,82
4a_duration_estimator,4a_duration_estimator__d15360__w24,25,73
4a_duration_estimator,4a_duration_estimator__d15360__w24,26,42
4a_duration_estimator,4a_duration_estimator__d15360__w24,27,32
4a_duration_estimator,4a_duration_estimator__d15360__w24,28,45
4a_duration_estimator,4a_duration_estimator__d15360__w24,29,38
4a_duration_estimator,4a_duration_estimator__d15360__w24,30,55
4a_duration_estimator,4a_duration_estimator__d15360__w24,31,50
4a_duration_estimator,4a_duration_estimator__d15360__w24,32,77
4a_duration_estimator,4a_duration_estimator__d15360__w24,33,81
4a_duration_estimator,4a_duration_estimator__d15360__w24,34,69
4a_duration_estimator,4a_duration_estimator__d15360__w24,35,76
4a_duration_estimator,4a_duration_estimator__d15360__w24,36,83
4a_duration_estimator,4a_duration_estimator__d15360__w24,37,92
4a_duration_estimator,4a_duration_estimator__d15360__w24,38,113
4a_duration_estimator,4a_duration_estimator__d15360__w24,39,113
4a_duration_estimator,4a_duration_estimator__d15360__w24,40,115
4a_duration_estimator,4a_duration_estimator__d15360__w24,41,123
4a_duration_estimator,4a_duration_estimator__d15360__w24,42,124
4a_duration_estimator,4a_duration_estimator__d15360__w24,43,124
4a_duration_estimator,4a_duration_estimator__d15360__w24,44,133
4a_duration_estimator,4a_duration_estimator__d15360__w24,45,139
4a_duration_estimator,4a_duration_estimator__d15360__w24,46,106
4a_duration_estimator,4a_duration_estimator__d15360__w24,47,109
4a_duration_estimator,4a_duration_estimator__d15360__w24,48,83
4a_duration_estimator,4a_duration_estimator__d15360__w24,49,66
4a_duration_estimator,4a_duration_estimator__d15360__w24,50,46
4a_duration_estimator,4a_duration_estimator__d15360__w24,51,47
4a_duration_estimator,4a_duration_estimator__d15360__w24,52,39
4a_duration_estimator,4a_duration_estimator__d15360__w24,53,46
4a_duration_estimator,4a_duration_estimator__d15360__w24,54,51
4a_duration_estimator,4a_duration_estimator__d15360__w24,55,68
4a_duration_estimator,4a_duration_estimator__d15360__w24,56,64
4a_duration_estimator,4a_duration_estimator__d15360__w24,57,67
4a_duration_estimator,4a_duration_estimator__d15360__w24,58,66
4a_duration_estimator,4a_duration_estimator__d15360__w24,59,75
4a_duration_estimator,4a_duration_estimator__d15360__w24,60,79
4a_duration_estimator,4a_duration_estimator__d15360__w24,61,82
4a_duration_estimator,4a_duration_estimator__d15360__w24,62,90
4a_duration_estimator,4a_duration_estimator__d15360__w24,63,107
4a_duration_estimator,4a_duration_estimator__d15360__w24,64,114
4a_duration_estimator,4a_duration_estimator__d15360__w24,65,132
4a_duration_estimator,4a_duration_estimator__d15360__w24,66,131
4a_duration_estimator,4a_duration_estimator__d15360__w24,67,136
4a_duration_estimator,4a_duration_estimator__d15360__w24,68,121
4a_duration_estimator,4a_duration_estimator__d15360__w24,69,121
4a_duration_estimator,4a_duration_estimator__d15360__w24,70,106
4a_duration_estimator,4a_duration_estimator__d15360__w24,71,103
4a_duration_estimator,4a_duration_estimator__d15360__w24,72,90
4a_duration_estimator,4a_duration_estimator__d15360__w24,73,62
4a_duration_estimator,4a_duration_estimator__d15360__w24,74,60
4a_duration_estimator,4a_duration_estimator__d15360__w24,75,38
4a_duration_estimator,4a_duration_estimator__d15360__w24,76,49
4a_duration_estimator,4a_duration_estimator__d15360__w24,77,51
4a_duration_estimator,4a_duration_estimator__d15360__w24,78,71
4a_duration_estimator,4a_duration_estimator__d15360__w24,79,57
4a_duration_estimator,4a_duration_estimator__d15360__w24,80,74
4a_duration_estimator,4a_duration_estimator__d15360__w24,81,67
4a_duration_estimator,4a_duration_estimator__d15360__w24,82,71
4a_duration_estimator,4a_duration_estimator__d15360__w24,83,77
4a_duration_estimator,4a_duration_estimator__d15360__w24,84,84
4a_duration_estimator,4a_duration_estimator__d15360__w24,85,102
4a_duration_estimator,4a_duration_estimator__d15360__w24,86,109
4a_duration_estimator,4a_duration_estimator__d15360__w24,87,106
4a_duration_estimator,4a_duration_estimator__d15360__w24,88,122
4a_duration_estimator,4a_duration_estimator__d15360__w24,89,122
4a_duration_estimator,4a_duration_estimator__d15360__w24,90,121
4a_duration_estimator,4a_duration_estimator__d15360__w24,91,117
4a_duration_estimator,4a_duration_estimator__d15360__w24,92,120
4a_duration_estimator,4a_duration_estimator__d15360__w24,93,131
4a_duration_estimator,4a_duration_estimator__d15360__w24,94,124
4a_duration_estimator,4a_duration_estimator__d15360__w24,95,96
4a_duration_estimator,4a_duration_estimator__d15360__w24,96,77
4a_duration_estimator,4a_duration_estimator__d15360__w24,97,72
4a_duration_estimator,4a_duration_estimator__d15360__w24,98,47
4a_duration_estimator,4a_duration_estimator__d15360__w24,99,37
4a_duration_estimator,4a_duration_estimator__d15360__w24,100,30
4a_duration_estimator,4a_duration_estimator__d15360__w24,101,42
4a_duration_estimator,4a_duration_estimator__d15360__w24,102,51
4a_duration_estimator,4a_duration_estimator__d15360__w24,103,53
4a_duration_estimator,4a_duration_estimator__d15360__w24,104,62
4a_duration_estimator,4a_duration_estimator__d15360__w24,105,89
4a_duration_estimator,4a_duration_estimator__d15360__w24,106,76
4a_duration_estimator,4a_duration_estimator__d15360__w24,107,75
4a_duration_estimator,4a_duration_estimator__d15360__w24,108,73
4a_duration_estimator,4a_duration_estimator__d15360__w24,109,97
4a_duration_estimator,4a_duration_estimator__d15360__w24,110,110
4a_duration_estimator,4a_duration_estimator__d15360__w24,111,129
4a_duration_estimator,4a_duration_estimator__d15360__w24,112,128
4a_duration_estimator,4a_duration_estimator__d15360__w24,113,125
4a_duration_estimator,4a_duration_estimator__d15360__w24,114,128
4a_duration_estimator,4a_duration_estimator__d15360__w24,115,116
4a_duration_estimator,4a_duration_estimator__d15360__w24,116,114
4a_duration_estimator,4a_duration_estimator__d15360__w24,117,128
4a_duration_estimator,4a_duration_estimator__d15360__w24,118,128
4a_duration_estimator,4a_duration_estimator__d15360__w24,119,88
4a_duration_estimator,4a_duration_estimator__d15360__w24,120,79
4a_duration_estimator,4a_duration_estimator__d15360__w24,121,69
4a_duration_estimator,4a_duration_estimator__d15360__w24,122,40
4a_duration_estimator,4a_duration_estimator__d15360__w24,123,24
4a_duration_estimator,4a_duration_estimator__d15360__w24,124,21
4a_duration_estimator,4a_duration_estimator__d15360__w24,125,29
4a_duration_estimator,4a_duration_estimator__d15360__w24,126,20
4a_duration_estimator,4a_duration_estimator__d15360__w24,127,25
4a_duration_estimator,4a_duration_estimator__d15360__w24,128,15
4a_duration_estimator,4a_duration_estimator__d15360__w24,129,29
4a_duration_estimator,4a_duration_estimator__d15360__w24,130,41
4a_duration_estimator,4a_duration_estimator__d15360__w24,131,29
4a_duration_estimator,4a_duration_estimator__d15360__w24,132,27
4a_duration_estimator,4a_duration_estimator__d15360__w24,133,45
4a_duration_estimator,4a_duration_estimator__d15360__w24,134,34
4a_duration_estimator,4a_duration_estimator__d15360__w24,135,56
4a_duration_estimator,4a_duration_estimator__d15360__w24,136,42
4a_duration_estimator,4a_duration_estimator__d15360__w24,137,55
4a_duration_estimator,4a_duration_estimator__d15360__w24,138,41
4a_duration_estimator,4a_duration_estimator__d15360__w24,139,35
4a_duration_estimator,4a_duration_estimator__d15360__w24,140,50
4a_duration_estimator,4a_duration_estimator__d15360__w24,141,56
4a_duration_estimator,4a_duration_estimator__d15360__w24,142,54
4a_duration_estimator,4a_duration_estimator__d15360__w24,143,47
4a_duration_estimator,4a_duration_estimator__d15360__w24,144,43
4a_duration_estimator,4a_duration_estimator__d15360__w24,145,30
4a_duration_estimator,4a_duration_estimator__d15360__w24,146,30
4a_duration_estimator,4a_duration_estimator__d15360__w24,147,21
4a_duration_estimator,4a_duration_estimator__d15360__w24,148,24
4a_duration_estimator,4a_duration_estimator__d15360__w24,149,29
4a_duration_estimator,4a_duration_estimator__d15360__w24,150,27
4a_duration_estimator,4a_duration_estimator__d15360__w24,151,21
4a_duration_estimator,4a_duration_estimator__d15360__w24,152,18
4a_duration_estimator,4a_duration_estimator__d15360__w24,153,30
4a_duration_estimator,4a_duration_estimator__d15360__w24,154,25
4a_duration_estimator,4a_duration_estimator__d15360__w24,155,39
4a_duration_estimator,4a_duration_estimator__d15360__w24,156,34
4a_duration_estimator,4a_duration_estimator__d15360__w24,157,43
4a_duration_estimator,4a_duration_estimator__d15360__w24,158,38
4a_duration_estimator,4a_duration_estimator__d15360__w24,159,29
4a_duration_estimator,4a_duration_estimator__d15360__w24,160,35
4a_duration_estimator,4a_duration_estimator__d15360__w24,161,59
4a_duration_estimator,4a_duration_estimator__d15360__w24,162,52
4a_duration_estimator,4a_duration_estimator__d15360__w24,163,60
4a_duration_estimator,4a_duration_estimator__d15360__w24,164,52
4a_duration_estimator,4a_duration_estimator__d15360__w24,165,44
4a_duration_estimator,4a_duration_estimator__d15360__w24,166,59
4a_duration_estimator,4a_duration_estimator__d15360__w24,167,40
4b_duration_prior,4b_duration_prior__d0__w6,0,22
4b_duration_prior,4b_duration_prior__d0__w6,1,81
4b_duration_prior,4b_duration_prior__d0__w6,2,34
4b_duration_prior,4b_duration_prior__d0__w6,3,30
4b_duration_prior,4b_duration_prior__d0__w6,4,34
4b_duration_prior,4b_duration_prior__d0__w6,5,26
4b_duration_prior,4b_duration_prior__d0__w6,6,31
4b_duration_prior,4b_duration_prior__d0__w6,7,35
4b_duration_prior,4b_duration_prior__d0__w6,8,45
4b_duration_prior,4b_duration_prior__d0__w6,9,52
4b_duration_prior,4b_duration_prior__d0__w6,10,61
4b_duration_prior,4b_duration_prior__d0__w6,11,75
4b_duration_prior,4b_duration_prior__d0__w6,12,178
4b_duration_prior,4b_duration_prior__d0__w6,13,90
4b_duration_prior,4b_duration_prior__d0__w6,14,104
4b_duration_prior,4b_duration_prior__d0__w6,15,83
4b_duration_prior,4b_duration_prior__d0__w6,16,93
4b_duration_prior,4b_duration_prior__d0__w6,17,94
4b_duration_prior,4b_duration_prior__d0__w6,18,76
4b_duration_prior,4b_duration_prior__d0__w6,19,84
4b_duration_prior,4b_duration_prior__d0__w6,20,88
4b_duration_prior,4b_duration_prior__d0__w6,21,107
4b_duration_prior,4b_duration_prior__d0__w6,22,109
4b_duration_prior,4b_duration_prior__d0__w6,23,99
4b_duration_prior,4b_duration_prior__d0__w6,24,80
4b_duration_prior,4b_duration_prior__d0__w6,25,88
4b_duration_prior,4b_duration_prior__d0__w6,26,161
4b_duration_prior,4b_duration_prior__d0__w6,27,32
4b_duration_prior,4b_duration_prior__d0__w6,28,45
4b_duration_prior,4b_duration_prior__d0__w6,29,27
4b_duration_prior,4b_duration_prior__d0__w6,30,36
4b_duration_prior,4b_duration_prior__d0__w6,31,40
4b_duration_prior,4b_duration_prior__d0__w6,32,63
4b_duration_prior,4b_duration_prior__d0__w6,33,52
4b_duration_prior,4b_duration_prior__d0__w6,34,53
4b_duration_prior,4b_duration_prior__d0__w6,35,67
4b_duration_prior,4b_duration_prior__d0__w6,36,191
4b_duration_prior,4b_duration_prior__d0__w6,37,92
4b_duration_prior,4b_duration_prior__d0__w6,38,113
4b_duration_prior,4b_duration_prior__d0__w6,39,87
4b_duration_prior,4b_duration_prior__d0__w6,40,87
4b_duration_prior,4b_duration_prior__d0__w6,41,99
4b_duration_prior,4b_duration_prior__d0__w6,42,102
4b_duration_prior,4b_duration_prior__d0__w6,43,96
4b_duration_prior,4b_duration_prior__d0__w6,44,111
4b_duration_prior,4b_duration_prior__d0__w6,45,137
4b_duration_prior,4b_duration_prior__d0__w6,46,111
4b_duration_prior,4b_duration_prior__d0__w6,47,133
4b_duration_prior,4b_duration_prior__d0__w6,48,60
4b_duration_prior,4b_duration_prior__d0__w6,49,79
4b_duration_prior,4b_duration_prior__d0__w6,50,179
4b_duration_prior,4b_duration_prior__d0__w6,51,47
4b_duration_prior,4b_duration_prior__d0__w6,52,31
4b_duration_prior,4b_duration_prior__d0__w6,53,35
4b_duration_prior,4b_duration_prior__d0__w6,54,38
4b_duration_prior,4b_duration_prior__d0__w6,55,47
4b_duration_prior,4b_duration_prior__d0__w6,56,46
4b_duration_prior,4b_duration_prior__d0__w6,57,45
4b_duration_prior,4b_duration_prior__d0__w6,58,56
4b_duration_prior,4b_duration_prior__d0__w6,59,61
4b_duration_prior,4b_duration_prior__d0__w6,60,196
4b_duration_prior,4b_duration_prior__d0__w6,61,82
4b_duration_prior,4b_duration_prior__d0__w6,62,90
4b_duration_prior,4b_duration_prior__d0__w6,63,78
4b_duration_prior,4b_duration_prior__d0__w6,64,90
4b_duration_prior,4b_duration_prior__d0__w6,65,107
4b_duration_prior,4b_duration_prior__d0__w6,66,102
4b_duration_prior,4b_duration_prior__d0__w6,67,102
4b_duration_prior,4b_duration_prior__d0__w6,68,93
4b_duration_prior,4b_duration_prior__d0__w6,69,123
4b_duration_prior,4b_duration_prior__d0__w6,70,104
4b_duration_prior,4b_duration_prior__d0__w6,71,101
4b_duration_prior,4b_duration_prior__d0__w6,72,96
4b_duration_prior,4b_duration_prior__d0__w6,73,83
4b_duration_prior,4b_duration_prior__d0__w6,74,204
4b_duration_prior,4b_duration_prior__d0__w6,75,38
4b_duration_prior,4b_duration_prior__d0__w6,76,39
4b_duration_prior,4b_duration_prior__d0__w6,77,36
4b_duration_prior,4b_duration_prior__d0__w6,78,47
4b_duration_prior,4b_duration_prior__d0__w6,79,38
4b_duration_prior,4b_duration_prior__d0__w6,80,53
4b_duration_prior,4b_duration_prior__d0__w6,81,48
4b_duration_prior,4b_duration_prior__d0__w6,82,57
4b_duration_prior,4b_duration_prior__d0__w6,83,70
4b_duration_prior,4b_duration_prior__d0__w6,84,213
4b_duration_prior,4b_duration_prior__d0__w6,85,102
4b_duration_prior,4b_duration_prior__d0__w6,86,109
4b_duration_prior,4b_duration_prior__d0__w6,87,85
4b_duration_prior,4b_duration_prior__d0__w6,88,97
4b_duration_prior,4b_duration_prior__d0__w6,89,100
4b_duration_prior,4b_duration_prior__d0__w6,90,92
4b_duration_prior,4b_duration_prior__d0__w6,91,100
4b_duration_prior,4b_duration_prior__d0__w6,92,88
4b_duration_prior,4b_duration_prior__d0__w6,93,123
4b_duration_prior,4b_duration_prior__d0__w6,94,127
4b_duration_prior,4b_duration_prior__d0__w6,95,135
4b_duration_prior,4b_duration_prior__d0__w6,96,52
4b_duration_prior,4b_duration_prior__d0__w6,97,75
4b_duration_prior,4b_duration_prior__d0__w6,98,181
4b_duration_prior,4b_duration_prior__d0__w6,99,37
4b_duration_prior,4b_duration_prior__d0__w6,100,23
4b_duration_prior,4b_duration_prior__d0__w6,101,33
4b_duration_prior,4b_duration_prior__d0__w6,102,40
4b_duration_prior,4b_duration_prior__d0__w6,103,40
4b_duration_prior,4b_duration_prior__d0__w6,104,44
4b_duration_prior,4b_duration_prior__d0__w6,105,54
4b_duration_prior,4b_duration_prior__d0__w6,106,66
4b_duration_prior,4b_duration_prior__d0__w6,107,65
4b_duration_prior,4b_duration_prior__d0__w6,108,186
4b_duration_prior,4b_duration_prior__d0__w6,109,97
4b_duration_prior,4b_duration_prior__d0__w6,110,110
4b_duration_prior,4b_duration_prior__d0__w6,111,129
4b_duration_prior,4b_duration_prior__d0__w6,112,95
4b_duration_prior,4b_duration_prior__d0__w6,113,110
4b_duration_prior,4b_duration_prior__d0__w6,114,103
4b_duration_prior,4b_duration_prior__d0__w6,115,91
4b_duration_prior,4b_duration_prior__d0__w6,116,91
4b_duration_prior,4b_duration_prior__d0__w6,117,103
4b_duration_prior,4b_duration_prior__d0__w6,118,138
4b_duration_prior,4b_duration_prior__d0__w6,119,88
4b_duration_prior,4b_duration_prior__d0__w6,120,85
4b_duration_prior,4b_duration_prior__d0__w6,121,85
4b_duration_prior,4b_duration_prior__d0__w6,122,57
4b_duration_prior,4b_duration_prior__d0__w6,123,121
4b_duration_prior,4b_duration_prior__d0__w6,124,17
4b_duration_prior,4b_duration_prior__d0__w6,125,26
4b_duration_prior,4b_duration_prior__d0__w6,126,14
4b_duration_prior,4b_duration_prior__d0__w6,127,18
4b_duration_prior,4b_duration_prior__d0__w6,128,12
4b_duration_prior,4b_duration_prior__d0__w6,129,21
4b_duration_prior,4b_duration_prior__d0__w6,130,42
4b_duration_prior,4b_duration_prior__d0__w6,131,23
4b_duration_prior,4b_duration_prior__d0__w6,132,63
4b_duration_prior,4b_duration_prior__d0__w6,133,45
4b_duration_prior,4b_duration_prior__d0__w6,134,34
4b_duration_prior,4b_duration_prior__d0__w6,135,56
4b_duration_prior,4b_duration_prior__d0__w6,136,36
4b_duration_prior,4b_duration_prior__d0__w6,137,45
4b_duration_prior,4b_duration_prior__d0__w6,138,33
4b_duration_prior,4b_duration_prior__d0__w6,139,30
4b_duration_prior,4b_duration_prior__d0__w6,140,44
4b_duration_prior,4b_duration_prior__d0__w6,141,43
4b_duration_prior,4b_duration_prior__d0__w6,142,54
4b_duration_prior,4b_duration_prior__d0__w6,143,56
4b_duration_prior,4b_duration_prior__d0__w6,144,32
4b_duration_prior,4b_duration_prior__d0__w6,145,30
4b_duration_prior,4b_duration_prior__d0__w6,146,31
4b_duration_prior,4b_duration_prior__d0__w6,147,69
4b_duration_prior,4b_duration_prior__d0__w6,148,22
4b_duration_prior,4b_duration_prior__d0__w6,149,25
4b_duration_prior,4b_duration_prior__d0__w6,150,23
4b_duration_prior,4b_duration_prior__d0__w6,151,13
4b_duration_prior,4b_duration_prior__d0__w6,152,13
4b_duration_prior,4b_duration_prior__d0__w6,153,27
4b_duration_prior,4b_duration_prior__d0__w6,154,22
4b_duration_prior,4b_duration_prior__d0__w6,155,69
4b_duration_prior,4b_duration_prior__d0__w6,156,34
4b_duration_prior,4b_duration_prior__d0__w6,157,43
4b_duration_prior,4b_duration_prior__d0__w6,158,38
4b_duration_prior,4b_duration_prior__d0__w6,159,29
4b_duration_prior,4b_duration_prior__d0__w6,160,30
4b_duration_prior,4b_duration_prior__d0__w6,161,54
4b_duration_prior,4b_duration_prior__d0__w6,162,45
4b_duration_prior,4b_duration_prior__d0__w6,163,50
4b_duration_prior,4b_duration_prior__d0__w6,164,45
4b_duration_prior,4b_duration_prior__d0__w6,165,34
4b_duration_prior,4b_duration_prior__d0__w6,166,59
4b_duration_prior,4b_duration_prior__d0__w6,167,46
4b_duration_prior,4b_duration_prior__d60__w6,0,22
4b_duration_prior,4b_duration_prior__d60__w6,1,79
4b_duration_prior,4b_duration_prior__d60__w6,2,34
4b_duration_prior,4b_duration_prior__d60__w6,3,30
4b_duration_prior,4b_duration_prior__d60__w6,4,34
4b_duration_prior,4b_duration_prior__d60__w6,5,26
4b_duration_prior,4b_duration_prior__d60__w6,6,33
4b_duration_prior,4b_duration_prior__d60__w6,7,36
4b_duration_prior,4b_duration_prior__d60__w6,8,45
4b_duration_prior,4b_duration_prior__d60__w6,9,52
4b_duration_prior,4b_duration_prior__d60__w6,10,62
4b_duration_prior,4b_duration_prior__d60__w6,11,75
4b_duration_prior,4b_duration_prior__d60__w6,12,174
4b_duration_prior,4b_duration_prior__d60__w6,13,90
4b_duration_prior,4b_duration_prior__d60__w6,14,104
4b_duration_prior,4b_duration_prior__d60__w6,15,83
4b_duration_prior,4b_duration_prior__d60__w6,16,93
4b_duration_prior,4b_duration_prior__d60__w6,17,96
4b_duration_prior,4b_duration_prior__d60__w6,18,76
4b_duration_prior,4b_duration_prior__d60__w6,19,88
4b_duration_prior,4b_duration_prior__d60__w6,20,88
4b_duration_prior,4b_duration_prior__d60__w6,21,107
4b_duration_prior,4b_duration_prior__d60__w6,22,110
4b_duration_prior,4b_duration_prior__d60__w6,23,97
4b_duration_prior,4b_duration_prior__d60__w6,24,82
4b_duration_prior,4b_duration_prior__d60__w6,25,84
4b_duration_prior,4b_duration_prior__d60__w6,26,158
4b_duration_prior,4b_duration_prior__d60__w6,27,32
4b_duration_prior,4b_duration_prior__d60__w6,28,45
4b_duration_prior,4b_duration_prior__d60__w6,29,28
4b_duration_prior,4b_duration_prior__d60__w6,30,36
4b_duration_prior,4b_duration_prior__d60__w6,31,40
4b_duration_prior,4b_duration_prior__d60__w6,32,63
4b_duration_prior,4b_duration_prior__d60__w6,33,55
4b_duration_prior,4b_duration_prior__d60__w6,34,55
4b_duration_prior,4b_duration_prior__d60__w6,35,66
4b_duration_prior,4b_duration_prior__d60__w6,36,186
4b_duration_prior,4b_duration_prior__d60__w6,37,92
4b_duration_prior,4b_duration_prior__d60__w6,38,113
4b_duration_prior,4b_duration_prior__d60__w6,39,88
4b_duration_prior,4b_duration_prior__d60__w6,40,87
4b_duration_prior,4b_duration_prior__d60__w6,41,100
4b_duration_prior,4b_duration_prior__d60__w6,42,102
4b_duration_prior,4b_duration_prior__d60__w6,43,96
4b_duration_prior,4b_duration_prior__d60__w6,44,111
4b_duration_prior,4b_duration_prior__d60__w6,45,136
4b_duration_prior,4b_duration_prior__d60__w6,46,113
4b_duration_prior,4b_duration_prior__d60__w6,47,132
4b_duration_prior,4b_duration_prior__d60__w6,48,60
4b_duration_prior,4b_duration_prior__d60__w6,49,79
4b_duration_prior,4b_duration_prior__d60__w6,50,177
4b_duration_prior,4b_duration_prior__d60__w6,51,47
4b_duration_prior,4b_duration_prior__d60__w6,52,31
4b_duration_prior,4b_duration_prior__d60__w6,53,36
4b_duration_prior,4b_duration_prior__d60__w6,54,38
4b_duration_prior,4b_duration_prior__d60__w6,55,48
4b_duration_prior,4b_duration_prior__d60__w6,56,46
4b_duration_prior,4b_duration_prior__d60__w6,57,45
4b_duration_prior,4b_duration_prior__d60__w6,58,57
4b_duration_prior,4b_duration_prior__d60__w6,59,61
4b_duration_prior,4b_duration_prior__d60__w6,60,193
4b_duration_prior,4b_duration_prior__d60__w6,61,82
4b_duration_prior,4b_duration_prior__d60__w6,62,90
4b_duration_prior,4b_duration_prior__d60__w6,63,78
4b_duration_prior,4b_duration_prior__d60__w6,64,91
4b_duration_prior,4b_duration_prior__d60__w6,65,107
4b_duration_prior,4b_duration_prior__d60__w6,66,102
4b_duration_prior,4b_duration_prior__d60__w6,67,105
4b_duration_prior,4b_duration_prior__d60__w6,68,93
4b_duration_prior,4b_duration_prior__d60__w6,69,125
4b_duration_prior,4b_duration_prior__d60__w6,70,105
4b_duration_prior,4b_duration_prior__d60__w6,71,105
4b_duration_prior,4b_duration_prior__d60__w6,72,96
4b_duration_prior,4b_duration_prior__d60__w6,73,80
4b_duration_prior,4b_duration_prior__d60__w6,74,196
4b_duration_prior,4b_duration_prior__d60__w6,75,38
4b_duration_prior,4b_duration_prior__d60__w6,76,39
4b_duration_prior,4b_duration_prior__d60__w6,77,36
4b_duration_prior,4b_duration_prior__d60__w6,78,50
4b_duration_prior,4b_duration_prior__d60__w6,79,39
4b_duration_prior,4b_duration_prior__d60__w6,80,53
4b_duration_prior,4b_duration_prior__d60__w6,81,48
4b_duration_prior,4b_duration_prior__d60__w6,82,58
4b_duration_prior,4b_duration_prior__d60__w6,83,71
4b_duration_prior,4b_duration_prior__d60__w6,84,207
4b_duration_prior,4b_duration_prior__d60__w6,85,102
4b_duration_prior,4b_duration_prior__d60__w6,86,109
4b_duration_prior,4b_duration_prior__d60__w6,87,85
4b_duration_prior,4b_duration_prior__d60__w6,88,99
4b_duration_prior,4b_duration_prior__d60__w6,89,100
4b_duration_prior,4b_duration_prior__d60__w6,90,93
4b_duration_prior,4b_duration_prior__d60__w6,91,100
4b_duration_prior,4b_duration_prior__d60__w6,92,89
4b_duration_prior,4b_duration_prior__d60__w6,93,124
4b_duration_prior,4b_duration_prior__d60__w6,94,125
4b_duration_prior,4b_duration_prior__d60__w6,95,135
4b_duration_prior,4b_duration_prior__d60__w6,96,54
4b_duration_prior,4b_duration_prior__d60__w6,97,75
4b_duration_prior,4b_duration_prior__d60__w6,98,176
4b_duration_prior,4b_duration_prior__d60__w6,99,37
4b_duration_prior,4b_duration_prior__d60__w6,100,23
4b_duration_prior,4b_duration_prior__d60__w6,101,34
4b_duration_prior,4b_duration_prior__d60__w6,102,43
4b_duration_prior,4b_duration_prior__d60__w6,103,42
4b_duration_prior,4b_duration_prior__d60__w6,104,45
4b_duration_prior,4b_duration_prior__d60__w6,105,57
4b_duration_prior,4b_duration_prior__d60__w6,106,67
4b_duration_prior,4b_duration_prior__d60__w6,107,64
4b_duration_prior,4b_duration_prior__d60__w6,108,176
4b_duration_prior,4b_duration_prior__d60__w6,109,97
4b_duration_prior,4b_duration_prior__d60__w6,110,110
4b_duration_prior,4b_duration_prior__d60__w6,111,129
4b_duration_prior,4b_duration_prior__d60__w6,112,97
4b_duration_prior,4b_duration_prior__d60__w6,113,111
4b_duration_prior,4b_duration_prior__d60__w6,114,105
4b_duration_prior,4b_duration_prior__d60__w6,115,92
4b_duration_prior,4b_duration_prior__d60__w6,116,94
4b_duration_prior,4b_duration_prior__d60__w6,117,103
4b_duration_prior,4b_duration_prior__d60__w6,118,137
4b_duration_prior,4b_duration_prior__d60__w6,119,88
4b_duration_prior,4b_duration_prior__d60__w6,120,85
4b_duration_prior,4b_duration_prior__d60__w6,121,84
4b_duration_prior,4b_duration_prior__d60__w6,122,54
4b_duration_prior,4b_duration_prior__d60__w6,123,117
4b_duration_prior,4b_duration_prior__d60__w6,124,17
4b_duration_prior,4b_duration_prior__d60__w6,125,26
4b_duration_prior,4b_duration_prior__d60__w6,126,14
4b_duration_prior,4b_duration_prior__d60__w6,127,19
4b_duration_prior,4b_duration_prior__d60__w6,128,12
4b_duration_prior,4b_duration_prior__d60__w6,129,22
4b_duration_prior,4b_duration_prior__d60__w6,130,42
4b_duration_prior,4b_duration_prior__d60__w6,131,23
4b_duration_prior,4b_duration_prior__d60__w6,132,61
4b_duration_prior,4b_duration_prior__d60__w6,133,45
4b_duration_prior,4b_duration_prior__d60__w6,134,34
4b_duration_prior,4b_duration_prior__d60__w6,135,56
4b_duration_prior,4b_duration_prior__d60__w6,136,36
4b_duration_prior,4b_duration_prior__d60__w6,137,45
4b_duration_prior,4b_duration_prior__d60__w6,138,33
4b_duration_prior,4b_duration_prior__d60__w6,139,31
4b_duration_prior,4b_duration_prior__d60__w6,140,44
4b_duration_prior,4b_duration_prior__d60__w6,141,45
4b_duration_prior,4b_duration_prior__d60__w6,142,54
4b_duration_prior,4b_duration_prior__d60__w6,143,58
4b_duration_prior,4b_duration_prior__d60__w6,144,32
4b_duration_prior,4b_duration_prior__d60__w6,145,29
4b_duration_prior,4b_duration_prior__d60__w6,146,31
4b_duration_prior,4b_duration_prior__d60__w6,147,65
4b_duration_prior,4b_duration_prior__d60__w6,148,22
4b_duration_prior,4b_duration_prior__d60__w6,149,25
4b_duration_prior,4b_duration_prior__d60__w6,150,24
4b_duration_prior,4b_duration_prior__d60__w6,151,14
4b_duration_prior,4b_duration_prior__d60__w6,152,14
4b_duration_prior,4b_duration_prior__d60__w6,153,27
4b_duration_prior,4b_duration_prior__d60__w6,154,22
4b_duration_prior,4b_duration_prior__d60__w6,155,66
4b_duration_prior,4b_duration_prior__d60__w6,156,34
4b_duration_prior,4b_duration_prior__d60__w6,157,43
4b_duration_prior,4b_duration_prior__d60__w6,158,38
4b_duration_prior,4b_duration_prior__d60__w6,159,29
4b_duration_prior,4b_duration_prior__d60__w6,160,31
4b_duration_prior,4b_duration_prior__d60__w6,161,54
4b_duration_prior,4b_duration_prior__d60__w6,162,46
4b_duration_prior,4b_duration_prior__d60__w6,163,50
4b_duration_prior,4b_duration_prior__d60__w6,164,46
4b_duration_prior,4b_duration_prior__d60__w6,165,35
4b_duration_prior,4b_duration_prior__d60__w6,166,58
4b_duration_prior,4b_duration_prior__d60__w6,167,45
4b_duration_prior,4b_duration_prior__d120__w6,0,23
4b_duration_prior,4b_duration_prior__d120__w6,1,75
4b_duration_prior,4b_duration_prior__d120__w6,2,34
4b_duration_prior,4b_duration_prior__d120__w6,3,30
4b_duration_prior,4b_duration_prior__d120__w6,4,34
4b_duration_prior,4b_duration_prior__d120__w6,5,26
4b_duration_prior,4b_duration_prior__d120__w6,6,33
4b_duration_prior,4b_duration_prior__d120__w6,7,38
4b_duration_prior,4b_duration_prior__d120__w6,8,45
4b_duration_prior,4b_duration_prior__d120__w6,9,54
4b_duration_prior,4b_duration_prior__d120__w6,10,62
4b_duration_prior,4b_duration_prior__d120__w6,11,75
4b_duration_prior,4b_duration_prior__d120__w6,12,170
4b_duration_prior,4b_duration_prior__d120__w6,13,90
4b_duration_prior,4b_duration_prior__d120__w6,14,104
4b_duration_prior,4b_duration_prior__d120__w6,15,83
4b_duration_prior,4b_duration_prior__d120__w6,16,93
4b_duration_prior,4b_duration_prior__d120__w6,17,98
4b_duration_prior,4b_duration_prior__d120__w6,18,78
4b_duration_prior,4b_duration_prior__d120__w6,19,89
4b_duration_prior,4b_duration_prior__d120__w6,20,89
4b_duration_prior,4b_duration_prior__d120__w6,21,107
4b_duration_prior,4b_duration_prior__d120__w6,22,110
4b_duration_prior,4b_duration_prior__d120__w6,23,95
4b_duration_prior,4b_duration_prior__d120__w6,24,80
4b_duration_prior,4b_duration_prior__d120__w6,25,83
4b_duration_prior,4b_duration_prior__d120__w6,26,157
4b_duration_prior,4b_duration_prior__d120__w6,27,32
4b_duration_prior,4b_duration_prior__d120__w6,28,45
4b_duration_prior,4b_duration_prior__d120__w6,29,31
4b_duration_prior,4b_duration_prior__d120__w6,30,37
4b_duration_prior,4b_duration_prior__d120__w6,31,40
4b_duration_prior,4b_duration_prior__d120__w6,32,64
4b_duration_prior,4b_duration_prior__d120__w6,33,56
4b_duration_prior,4b_duration_prior__d120__w6,34,55
4b_duration_prior,4b_duration_prior__d120__w6,35,65
4b_duration_prior,4b_duration_prior__d120__w6,36,181
4b_duration_prior,4b_duration_prior__d120__w6,37,92
4b_duration_prior,4b_duration_prior__d120__w6,38,113
4b_duration_prior,4b_duration_prior__d120__w6,39,90
4b_duration_prior,4b_duration_prior__d120__w6,40,87
4b_duration_prior,4b_duration_prior__d120__w6,41,102
4b_duration_prior,4b_duration_prior__d120__w6,42,102
4b_duration_prior,4b_duration_prior__d120__w6,43,98
4b_duration_prior,4b_duration_prior__d120__w6,44,114
4b_duration_prior,4b_duration_prior__d120__w6,45,135
4b_duration_prior,4b_duration_prior__d120__w6,46,113
4b_duration_prior,4b_duration_prior__d120__w6,47,131
4b_duration_prior,4b_duration_prior__d120__w6,48,60
4b_duration_prior,4b_duration_prior__d120__w6,49,77
4b_duration_prior,4b_duration_prior__d120__w6,50,172
4b_duration_prior,4b_duration_prior__d120__w6,51,47
4b_duration_prior,4b_duration_prior__d120__w6,52,31
4b_duration_prior,4b_duration_prior__d120__w6,53,36
4b_duration_prior,4b_duration_prior__d120__w6,54,39
4b_duration_prior,4b_duration_prior__d120__w6,55,48
4b_duration_prior,4b_duration_prior__d120__w6,56,47
4b_duration_prior,4b_duration_prior__d120__w6,57,45
4b_duration_prior,4b_duration_prior__d120__w6,58,58
4b_duration_prior,4b_duration_prior__d120__w6,59,61
4b_duration_prior,4b_duration_prior__d120__w6,60,190
4b_duration_prior,4b_duration_prior__d120__w6,61,82
4b_duration_prior,4b_duration_prior__d120__w6,62,90
4b_duration_prior,4b_duration_prior__d120__w6,63,78
4b_duration_prior,4b_duration_prior__d120__w6,64,91
4b_duration_prior,4b_duration_prior__d120__w6,65,107
4b_duration_prior,4b_duration_prior__d120__w6,66,104
4b_duration_prior,4b_duration_prior__d120__w6,67,105
4b_duration_prior,4b_duration_prior__d120__w6,68,94
4b_duration_prior,4b_duration_prior__d120__w6,69,126
4b_duration_prior,4b_duration_prior__d120__w6,70,106
4b_duration_prior,4b_duration_prior__d120__w6,71,105
4b_duration_prior,4b_duration_prior__d120__w6,72,94
4b_duration_prior,4b_duration_prior__d120__w6,73,81
4b_duration_prior,4b_duration_prior__d120__w6,74,192
4b_duration_prior,4b_duration_prior__d120__w6,75,38
4b_duration_prior,4b_duration_prior__d120__w6,76,39
4b_duration_prior,4b_duration_prior__d120__w6,77,36
4b_duration_prior,4b_duration_prior__d120__w6,78,50
4b_duration_prior,4b_duration_prior__d120__w6,79,39
4b_duration_prior,4b_duration_prior__d120__w6,80,53
4b_duration_prior,4b_duration_prior__d120__w6,81,49
4b_duration_prior,4b_duration_prior__d120__w6,82,60
4b_duration_prior,4b_duration_prior__d120__w6,83,71
4b_duration_prior,4b_duration_prior__d120__w6,84,204
4b_duration_prior,4b_duration_prior__d120__w6,85,102
4b_duration_prior,4b_duration_prior__d120__w6,86,109
4b_duration_prior,4b_duration_prior__d120__w6,87,86
4b_duration_prior,4b_duration_prior__d120__w6,88,100
4b_duration_prior,4b_duration_prior__d120__w6,89,100
4b_duration_prior,4b_duration_prior__d120__w6,90,93
4b_duration_prior,4b_duration_prior__d120__w6,91,103
4b_duration_prior,4b_duration_prior__d120__w6,92,89
4b_duration_prior,4b_duration_prior__d120__w6,93,123
4b_duration_prior,4b_duration_prior__d120__w6,94,125
4b_duration_prior,4b_duration_prior__d120__w6,95,135
4b_duration_prior,4b_duration_prior__d120__w6,96,55
4b_duration_prior,4b_duration_prior__d120__w6,97,72
4b_duration_prior,4b_duration_prior__d120__w6,98,174
4b_duration_prior,4b_duration_prior__d120__w6,99,37
4b_duration_prior,4b_duration_prior__d120__w6,100,23
4b_duration_prior,4b_duration_prior__d120__w6,101,34
4b_duration_prior,4b_duration_prior__d120__w6,102,44
4b_duration_prior,4b_duration_prior__d120__w6,103,42
4b_duration_prior,4b_duration_prior__d120__w6,104,45
4b_duration_prior,4b_duration_prior__d120__w6,105,58
4b_duration_prior,4b_duration_prior__d120__w6,106,67
4b_duration_prior,4b_duration_prior__d120__w6,107,65
4b_duration_prior,4b_duration_prior__d120__w6,108,173
4b_duration_prior,4b_duration_prior__d120__w6,109,97
4b_duration_prior,4b_duration_prior__d120__w6,110,110
4b_duration_prior,4b_duration_prior__d120__w6,111,129
4b_duration_prior,4b_duration_prior__d120__w6,112,98
4b_duration_prior,4b_duration_prior__d120__w6,113,113
4b_duration_prior,4b_duration_prior__d120__w6,114,106
4b_duration_prior,4b_duration_prior__d120__w6,115,92
4b_duration_prior,4b_duration_prior__d120__w6,116,95
4b_duration_prior,4b_duration_prior__d120__w6,117,105
4b_duration_prior,4b_duration_prior__d120__w6,118,138
4b_duration_prior,4b_duration_prior__d120__w6,119,86
4b_duration_prior,4b_duration_prior__d120__w6,120,84
4b_duration_prior,4b_duration_prior__d120__w6,121,84
4b_duration_prior,4b_duration_prior__d120__w6,122,53
4b_duration_prior,4b_duration_prior__d120__w6,123,113
4b_duration_prior,4b_duration_prior__d120__w6,124,18
4b_duration_prior,4b_duration_prior__d120__w6,125,26
4b_duration_prior,4b_duration_prior__d120__w6,126,14
4b_duration_prior,4b_duration_prior__d120__w6,127,19
4b_duration_prior,4b_duration_prior__d120__w6,128,12
4b_duration_prior,4b_duration_prior__d120__w6,129,22
4b_duration_prior,4b_duration_prior__d120__w6,130,42
4b_duration_prior,4b_duration_prior__d120__w6,131,23
4b_duration_prior,4b_duration_prior__d120__w6,132,60
4b_duration_prior,4b_duration_prior__d120__w6,133,45
4b_duration_prior,4b_duration_prior__d120__w6,134,34
4b_duration_prior,4b_duration_prior__d120__w6,135,56
4b_duration_prior,4b_duration_prior__d120__w6,136,37
4b_duration_prior,4b_duration_prior__d120__w6,137,46
4b_duration_prior,4b_duration_prior__d120__w6,138,33
4b_duration_prior,4b_duration_prior__d120__w6,139,31
4b_duration_prior,4b_duration_prior__d120__w6,140,44
4b_duration_prior,4b_duration_prior__d120__w6,141,45
4b_duration_prior,4b_duration_prior__d120__w6,142,54
4b_duration_prior,4b_duration_prior__d120__w6,143,57
4b_duration_prior,4b_duration_prior__d120__w6,144,33
4b_duration_prior,4b_duration_prior__d120__w6,145,29
4b_duration_prior,4b_duration_prior__d120__w6,146,32
4b_duration_prior,4b_duration_prior__d120__w6,147,62
4b_duration_prior,4b_duration_prior__d120__w6,148,22
4b_duration_prior,4b_duration_prior__d120__w6,149,26
4b_duration_prior,4b_duration_prior__d120__w6,150,24
4b_duration_prior,4b_duration_prior__d120__w6,151,14
4b_duration_prior,4b_duration_prior__d120__w6,152,14
4b_duration_prior,4b_duration_prior__d120__w6,153,27
4b_duration_prior,4b_duration_prior__d120__w6,154,24
4b_duration_prior,4b_duration_prior__d120__w6,155,63
4b_duration_prior,4b_duration_prior__d120__w6,156,34
4b_duration_prior,4b_duration_prior__d120__w6,157,43
4b_duration_prior,4b_duration_prior__d120__w6,158,38
4b_duration_prior,4b_duration_prior__d120__w6,159,29
4b_duration_prior,4b_duration_prior__d120__w6,160,31
4b_duration_prior,4b_duration_prior__d120__w6,161,56
4b_duration_prior,4b_duration_prior__d120__w6,162,46
4b_duration_prior,4b_duration_prior__d120__w6,163,53
4b_duration_prior,4b_duration_prior__d120__w6,164,46
4b_duration_prior,4b_duration_prior__d120__w6,165,35
4b_duration_prior,4b_duration_prior__d120__w6,166,58
4b_duration_prior,4b_duration_prior__d120__w6,167,43
4b_duration_prior,4b_duration_prior__d240__w6,0,26
4b_duration_prior,4b_duration_prior__d240__w6,1,63
4b_duration_prior,4b_duration_prior__d240__w6,2,34
4b_duration_prior,4b_duration_prior__d240__w6,3,30
4b_duration_prior,4b_duration_prior__d240__w6,4,34
4b_duration_prior,4b_duration_prior__d240__w6,5,27
4b_duration_prior,4b_duration_prior__d240__w6,6,35
4b_duration_prior,4b_duration_prior__d240__w6,7,40
4b_duration_prior,4b_duration_prior__d240__w6,8,48
4b_duration_prior,4b_duration_prior__d240__w6,9,55
4b_duration_prior,4b_duration_prior__d240__w6,10,69
4b_duration_prior,4b_duration_prior__d240__w6,11,80
4b_duration_prior,4b_duration_prior__d240__w6,12,149
4b_duration_prior,4b_duration_prior__d240__w6,13,90
4b_duration_prior,4b_duration_prior__d240__w6,14,104
4b_duration_prior,4b_duration_prior__d240__w6,15,87
4b_duration_prior,4b_duration_prior__d240__w6,16,97
4b_duration_prior,4b_duration_prior__d240__w6,17,100
4b_duration_prior,4b_duration_prior__d240__w6,18,83
4b_duration_prior,4b_duration_prior__d240__w6,19,94
4b_duration_prior,4b_duration_prior__d240__w6,20,96
4b_duration_prior,4b_duration_prior__d240__w6,21,110
4b_duration_prior,4b_duration_prior__d240__w6,22,111
4b_duration_prior,4b_duration_prior__d240__w6,23,94
4b_duration_prior,4b_duration_prior__d240__w6,24,76
4b_duration_prior,4b_duration_prior__d240__w6,25,81
4b_duration_prior,4b_duration_prior__d240__w6,26,133
4b_duration_prior,4b_duration_prior__d240__w6,27,32
4b_duration_prior,4b_duration_prior__d240__w6,28,45
4b_duration_prior,4b_duration_prior__d240__w6,29,33
4b_duration_prior,4b_duration_prior__d240__w6,30,44
4b_duration_prior,4b_duration_prior__d240__w6,31,40
4b_duration_prior,4b_duration_prior__d240__w6,32,66
4b_duration_prior,4b_duration_prior__d240__w6,33,59
4b_duration_prior,4b_duration_prior__d240__w6,34,58
4b_duration_prior,4b_duration_prior__d240__w6,35,67
4b_duration_prior,4b_duration_prior__d240__w6,36,162
4b_duration_prior,4b_duration_prior__d240__w6,37,92
4b_duration_prior,4b_duration_prior__d240__w6,38,113
4b_duration_prior,4b_duration_prior__d240__w6,39,94
4b_duration_prior,4b_duration_prior__d240__w6,40,94
4b_duration_prior,4b_duration_prior__d240__w6,41,107
4b_duration_prior,4b_duration_prior__d240__w6,42,109
4b_duration_prior,4b_duration_prior__d240__w6,43,101
4b_duration_prior,4b_duration_prior__d240__w6,44,121
4b_duration_prior,4b_duration_prior__d240__w6,45,137
4b_duration_prior,4b_duration_prior__d240__w6,46,110
4b_duration_prior,4b_duration_prior__d240__w6,47,121
4b_duration_prior,4b_duration_prior__d240__w6,48,60
4b_duration_prior,4b_duration_prior__d240__w6,49,85
4b_duration_prior,4b_duration_prior__d240__w6,50,142
4b_duration_prior,4b_duration_prior__d240__w6,51,47
4b_duration_prior,4b_duration_prior__d240__w6,52,36
4b_duration_prior,4b_duration_prior__d240__w6,53,39
4b_duration_prior,4b_duration_prior__d240__w6,54,41
4b_duration_prior,4b_duration_prior__d240__w6,55,54
4b_duration_prior,4b_duration_prior__d240__w6,56,51
4b_duration_prior,4b_duration_prior__d240__w6,57,53
4b_duration_prior,4b_duration_prior__d240__w6,58,58
4b_duration_prior,4b_duration_prior__d240__w6,59,63
4b_duration_prior,4b_duration_prior__d240__w6,60,160
4b_duration_prior,4b_duration_prior__d240__w6,61,82
4b_duration_prior,4b_duration_prior__d240__w6,62,90
4b_duration_prior,4b_duration_prior__d240__w6,63,83
4b_duration_prior,4b_duration_prior__d240__w6,64,95
4b_duration_prior,4b_duration_prior__d240__w6,65,112
4b_duration_prior,4b_duration_prior__d240__w6,66,109
4b_duration_prior,4b_duration_prior__d240__w6,67,111
4b_duration_prior,4b_duration_prior__d240__w6,68,96
4b_duration_prior,4b_duration_prior__d240__w6,69,125
4b_duration_prior,4b_duration_prior__d240__w6,70,110
4b_duration_prior,4b_duration_prior__d240__w6,71,108
4b_duration_prior,4b_duration_prior__d240__w6,72,93
4b_duration_prior,4b_duration_prior__d240__w6,73,79
4b_duration_prior,4b_duration_prior__d240__w6,74,162
4b_duration_prior,4b_duration_prior__d240__w6,75,38
4b_duration_prior,4b_duration_prior__d240__w6,76,42
4b_duration_prior,4b_duration_prior__d240__w6,77,41
4b_duration_prior,4b_duration_prior__d240__w6,78,55
4b_duration_prior,4b_duration_prior__d240__w6,79,43
4b_duration_prior,4b_duration_prior__d240__w6,80,57
4b_duration_prior,4b_duration_prior__d240__w6,81,51
4b_duration_prior,4b_duration_prior__d240__w6,82,60
4b_duration_prior,4b_duration_prior__d240__w6,83,68
4b_duration_prior,4b_duration_prior__d240__w6,84,184
4b_duration_prior,4b_duration_prior__d240__w6,85,102
4b_duration_prior,4b_duration_prior__d240__w6,86,109
4b_duration_prior,4b_duration_prior__d240__w6,87,91
4b_duration_prior,4b_duration_prior__d240__w6,88,107
4b_duration_prior,4b_duration_prior__d240__w6,89,103
4b_duration_prior,4b_duration_prior__d240__w6,90,95
4b_duration_prior,4b_duration_prior__d240__w6,91,107
4b_duration_prior,4b_duration_prior__d240__w6,92,95
4b_duration_prior,4b_duration_prior__d240__w6,93,126
4b_duration_prior,4b_duration_prior__d240__w6,94,122
4b_duration_prior,4b_duration_prior__d240__w6,95,133
4b_duration_prior,4b_duration_prior__d240__w6,96,56
4b_duration_prior,4b_duration_prior__d240__w6,97,71
4b_duration_prior,4b_duration_prior__d240__w6,98,149
4b_duration_prior,4b_duration_prior__d240__w6,99,37
4b_duration_prior,4b_duration_prior__d240__w6,100,25
4b_duration_prior,4b_duration_prior__d240__w6,101,37
4b_duration_prior,4b_duration_prior__d240__w6,102,46
4b_duration_prior,4b_duration_prior__d240__w6,103,44
4b_duration_prior,4b_duration_prior__d240__w6,104,51
4b_duration_prior,4b_duration_prior__d240__w6,105,62
4b_duration_prior,4b_duration_prior__d240__w6,106,71
4b_duration_prior,4b_duration_prior__d240__w6,107,68
4b_duration_prior,4b_duration_prior__d240__w6,108,147
4b_duration_prior,4b_duration_prior__d240__w6,109,97
4b_duration_prior,4b_duration_prior__d240__w6,110,110
4b_duration_prior,4b_duration_prior__d240__w6,111,129
4b_duration_prior,4b_duration_prior__d240__w6,112,107
4b_duration_prior,4b_duration_prior__d240__w6,113,116
4b_duration_prior,4b_duration_prior__d240__w6,114,108
4b_duration_prior,4b_duration_prior__d240__w6,115,97
4b_duration_prior,4b_duration_prior__d240__w6,116,98
4b_duration_prior,4b_duration_prior__d240__w6,117,106
4b_duration_prior,4b_duration_prior__d240__w6,118,133
4b_duration_prior,4b_duration_prior__d240__w6,119,85
4b_duration_prior,4b_duration_prior__d240__w6,120,86
4b_duration_prior,4b_duration_prior__d240__w6,121,81
4b_duration_prior,4b_duration_prior__d240__w6,122,51
4b_duration_prior,4b_duration_prior__d240__w6,123,99
4b_duration_prior,4b_duration_prior__d240__w6,124,19
4b_duration_prior,4b_duration_prior__d240__w6,125,27
4b_duration_prior,4b_duration_prior__d240__w6,126,14
4b_duration_prior,4b_duration_prior__d240__w6,127,20
4b_duration_prior,4b_duration_prior__d240__w6,128,12
4b_duration_prior,4b_duration_prior__d240__w6,129,23
4b_duration_prior,4b_duration_prior__d240__w6,130,42
4b_duration_prior,4b_duration_prior__d240__w6,131,22
4b_duration_prior,4b_duration_prior__d240__w6,132,57
4b_duration_prior,4b_duration_prior__d240__w6,133,45
4b_duration_prior,4b_duration_prior__d240__w6,134,34
4b_duration_prior,4b_duration_prior__d240__w6,135,56
4b_duration_prior,4b_duration_prior__d240__w6,136,38
4b_duration_prior,4b_duration_prior__d240__w6,137,51
4b_duration_prior,4b_duration_prior__d240__w6,138,37
4b_duration_prior,4b_duration_prior__d240__w6,139,33
4b_duration_prior,4b_duration_prior__d240__w6,140,45
4b_duration_prior,4b_duration_prior__d240__w6,141,48
4b_duration_prior,4b_duration_prior__d240__w6,142,56
4b_duration_prior,4b_duration_prior__d240__w6,143,52
4b_duration_prior,4b_duration_prior__d240__w6,144,33
4b_duration_prior,4b_duration_prior__d240__w6,145,28
4b_duration_prior,4b_duration_prior__d240__w6,146,34
4b_duration_prior,4b_duration_prior__d240__w6,147,48
4b_duration_prior,4b_duration_prior__d240__w6,148,22
4b_duration_prior,4b_duration_prior__d240__w6,149,27
4b_duration_prior,4b_duration_prior__d240__w6,150,25
4b_duration_prior,4b_duration_prior__d240__w6,151,18
4b_duration_prior,4b_duration_prior__d240__w6,152,14
4b_duration_prior,4b_duration_prior__d240__w6,153,28
4b_duration_prior,4b_duration_prior__d240__w6,154,25
4b_duration_prior,4b_duration_prior__d240__w6,155,55
4b_duration_prior,4b_duration_prior__d240__w6,156,34
4b_duration_prior,4b_duration_prior__d240__w6,157,43
4b_duration_prior,4b_duration_prior__d240__w6,158,38
4b_duration_prior,4b_duration_prior__d240__w6,159,29
4b_duration_prior,4b_duration_prior__d240__w6,160,31
4b_duration_prior,4b_duration_prior__d240__w6,161,56
4b_duration_prior,4b_duration_prior__d240__w6,162,48
4b_duration_prior,4b_duration_prior__d240__w6,163,56
4b_duration_prior,4b_duration_prior__d240__w6,164,47
4b_duration_prior,4b_duration_prior__d240__w6,165,38
4b_duration_prior,4b_duration_prior__d240__w6,166,59
4b_duration_prior,4b_duration_prior__d240__w6,167,42
4b_duration_prior,4b_duration_prior__d480__w6,0,28
4b_duration_prior,4b_duration_prior__d480__w6,1,56
4b_duration_prior,4b_duration_prior__d480__w6,2,34
4b_duration_prior,4b_duration_prior__d480__w6,3,30
4b_duration_prior,4b_duration_prior__d480__w6,4,34
4b_duration_prior,4b_duration_prior__d480__w6,5,30
4b_duration_prior,4b_duration_prior__d480__w6,6,38
4b_duration_prior,4b_duration_prior__d480__w6,7,42
4b_duration_prior,4b_duration_prior__d480__w6,8,53
4b_duration_prior,4b_duration_prior__d480__w6,9,61
4b_duration_prior,4b_duration_prior__d480__w6,10,82
4b_duration_prior,4b_duration_prior__d480__w6,11,80
4b_duration_prior,4b_duration_prior__d480__w6,12,117
4b_duration_prior,4b_duration_prior__d480__w6,13,90
4b_duration_prior,4b_duration_prior__d480__w6,14,104
4b_duration_prior,4b_duration_prior__d480__w6,15,92
4b_duration_prior,4b_duration_prior__d480__w6,16,100
4b_duration_prior,4b_duration_prior__d480__w6,17,106
4b_duration_prior,4b_duration_prior__d480__w6,18,85
4b_duration_prior,4b_duration_prior__d480__w6,19,95
4b_duration_prior,4b_duration_prior__d480__w6,20,98
4b_duration_prior,4b_duration_prior__d480__w6,21,114
4b_duration_prior,4b_duration_prior__d480__w6,22,111
4b_duration_prior,4b_duration_prior__d480__w6,23,92
4b_duration_prior,4b_duration_prior__d480__w6,24,78
4b_duration_prior,4b_duration_prior__d480__w6,25,82
4b_duration_prior,4b_duration_prior__d480__w6,26,109
4b_duration_prior,4b_duration_prior__d480__w6,27,32
4b_duration_prior,4b_duration_prior__d480__w6,28,45
4b_duration_prior,4b_duration_prior__d480__w6,29,33
4b_duration_prior,4b_duration_prior__d480__w6,30,48
4b_duration_prior,4b_duration_prior__d480__w6,31,44
4b_duration_prior,4b_duration_prior__d480__w6,32,70
4b_duration_prior,4b_duration_prior__d480__w6,33,67
4b_duration_prior,4b_duration_prior__d480__w6,34,61
4b_duration_prior,4b_duration_prior__d480__w6,35,72
4b_duration_prior,4b_duration_prior__d480__w6,36,134
4b_duration_prior,4b_duration_prior__d480__w6,37,92
4b_duration_prior,4b_duration_prior__d480__w6,38,113
4b_duration_prior,4b_duration_prior__d480__w6,39,100
4b_duration_prior,4b_duration_prior__d480__w6,40,97
4b_duration_prior,4b_duration_prior__d480__w6,41,109
4b_duration_prior,4b_duration_prior__d480__w6,42,114
4b_duration_prior,4b_duration_prior__d480__w6,43,103
4b_duration_prior,4b_duration_prior__d480__w6,44,123
4b_duration_prior,4b_duration_prior__d480__w6,45,137
4b_duration_prior,4b_duration_prior__d480__w6,46,110
4b_duration_prior,4b_duration_prior__d480__w6,47,118
4b_duration_prior,4b_duration_prior__d480__w6,48,66
4b_duration_prior,4b_duration_prior__d480__w6,49,84
4b_duration_prior,4b_duration_prior__d480__w6,50,120
4b_duration_prior,4b_duration_prior__d480__w6,51,47
4b_duration_prior,4b_duration_prior__d480__w6,52,38
4b_duration_prior,4b_duration_prior__d480__w6,53,41
4b_duration_prior,4b_duration_prior__d480__w6,54,44
4b_duration_prior,4b_duration_prior__d480__w6,55,59
4b_duration_prior,4b_duration_prior__d480__w6,56,54
4b_duration_prior,4b_duration_prior__d480__w6,57,57
4b_duration_prior,4b_duration_prior__d480__w6,58,62
4b_duration_prior,4b_duration_prior__d480__w6,59,66
4b_duration_prior,4b_duration_prior__d480__w6,60,134
4b_duration_prior,4b_duration_prior__d480__w6,61,82
4b_duration_prior,4b_duration_prior__d480__w6,62,90
4b_duration_prior,4b_duration_prior__d480__w6,63,86
4b_duration_prior,4b_duration_prior__d480__w6,64,96
4b_duration_prior,4b_duration_prior__d480__w6,65,114
4b_duration_prior,4b_duration_prior__d480__w6,66,113
4b_duration_prior,4b_duration_prior__d480__w6,67,117
4b_duration_prior,4b_duration_prior__d480__w6,68,101
4b_duration_prior,4b_duration_prior__d480__w6,69,126
4b_duration_prior,4b_duration_prior__d480__w6,70,114
4b_duration_prior,4b_duration_prior__d480__w6,71,108
4b_duration_prior,4b_duration_prior__d480__w6,72,90
4b_duration_prior,4b_duration_prior__d480__w6,73,74
4b_duration_prior,4b_duration_prior__d480__w6,74,144
4b_duration_prior,4b_duration_prior__d480__w6,75,38
4b_duration_prior,4b_duration_prior__d480__w6,76,43
4b_duration_prior,4b_duration_prior__d480__w6,77,43
4b_duration_prior,4b_duration_prior__d480__w6,78,59
4b_duration_prior,4b_duration_prior__d480__w6,79,49
4b_duration_prior,4b_duration_prior__d480__w6,80,65
4b_duration_prior,4b_duration_prior__d480__w6,81,60
4b_duration_prior,4b_duration_prior__d480__w6,82,66
4b_duration_prior,4b_duration_prior__d480__w6,83,72
4b_duration_prior,4b_duration_prior__d480__w6,84,144
4b_duration_prior,4b_duration_prior__d480__w6,85,102
4b_duration_prior,4b_duration_prior__d480__w6,86,109
4b_duration_prior,4b_duration_prior__d480__w6,87,94
4b_duration_prior,4b_duration_prior__d480__w6,88,108
4b_duration_prior,4b_duration_prior__d480__w6,89,106
4b_duration_prior,4b_duration_prior__d480__w6,90,99
4b_duration_prior,4b_duration_prior__d480__w6,91,109
4b_duration_prior,4b_duration_prior__d480__w6,92,101
4b_duration_prior,4b_duration_prior__d480__w6,93,130
4b_duration_prior,4b_duration_prior__d480__w6,94,129
4b_duration_prior,4b_duration_prior__d480__w6,95,129
4b_duration_prior,4b_duration_prior__d480__w6,96,61
4b_duration_prior,4b_duration_prior__d480__w6,97,71
4b_duration_prior,4b_duration_prior__d480__w6,98,118
4b_duration_prior,4b_duration_prior__d480__w6,99,37
4b_duration_prior,4b_duration_prior__d480__w6,100,25
4b_duration_prior,4b_duration_prior__d480__w6,101,39
4b_duration_prior,4b_duration_prior__d480__w6,102,47
4b_duration_prior,4b_duration_prior__d480__w6,103,45
4b_duration_prior,4b_duration_prior__d480__w6,104,52
4b_duration_prior,4b_duration_prior__d480__w6,105,73
4b_duration_prior,4b_duration_prior__d480__w6,106,75
4b_duration_prior,4b_duration_prior__d480__w6,107,68
4b_duration_prior,4b_duration_prior__d480__w6,108,127
4b_duration_prior,4b_duration_prior__d480__w6,109,97
4b_duration_prior,4b_duration_prior__d480__w6,110,110
4b_duration_prior,4b_duration_prior__d480__w6,111,129
4b_duration_prior,4b_duration_prior__d480__w6,112,110
4b_duration_prior,4b_duration_prior__d480__w6,113,118
4b_duration_prior,4b_duration_prior__d480__w6,114,114
4b_duration_prior,4b_duration_prior__d480__w6,115,100
4b_duration_prior,4b_duration_prior__d480__w6,116,102
4b_duration_prior,4b_duration_prior__d480__w6,117,110
4b_duration_prior,4b_duration_prior__d480__w6,118,135
4b_duration_prior,4b_duration_prior__d480__w6,119,84
4b_duration_prior,4b_duration_prior__d480__w6,120,81
4b_duration_prior,4b_duration_prior__d480__w6,121,81
4b_duration_prior,4b_duration_prior__d480__w6,122,49
4b_duration_prior,4b_duration_prior__d480__w6,123,83
4b_duration_prior,4b_duration_prior__d480__w6,124,20
4b_duration_prior,4b_duration_prior__d480__w6,125,27
4b_duration_prior,4b_duration_prior__d480__w6,126,15
4b_duration_prior,4b_duration_prior__d480__w6,127,21
4b_duration_prior,4b_duration_prior__d480__w6,128,12
4b_duration_prior,4b_duration_prior__d480__w6,129,23
4b_duration_prior,4b_duration_prior__d480__w6,130,41
4b_duration_prior,4b_duration_prior__d480__w6,131,26
4b_duration_prior,4b_duration_prior__d480__w6,132,51
4b_duration_prior,4b_duration_prior__d480__w6,133,45
4b_duration_prior,4b_duration_prior__d480__w6,134,34
4b_duration_prior,4b_duration_prior__d480__w6,135,56
4b_duration_prior,4b_duration_prior__d480__w6,136,38
4b_duration_prior,4b_duration_prior__d480__w6,137,53
4b_duration_prior,4b_duration_prior__d480__w6,138,37
4b_duration_prior,4b_duration_prior__d480__w6,139,33
4b_duration_prior,4b_duration_prior__d480__w6,140,45
4b_duration_prior,4b_duration_prior__d480__w6,141,52
4b_duration_prior,4b_duration_prior__d480__w6,142,56
4b_duration_prior,4b_duration_prior__d480__w6,143,50
4b_duration_prior,4b_duration_prior__d480__w6,144,35
4b_duration_prior,4b_duration_prior__d480__w6,145,29
4b_duration_prior,4b_duration_prior__d480__w6,146,34
4b_duration_prior,4b_duration_prior__d480__w6,147,41
4b_duration_prior,4b_duration_prior__d480__w6,148,22
4b_duration_prior,4b_duration_prior__d480__w6,149,27
4b_duration_prior,4b_duration_prior__d480__w6,150,26
4b_duration_prior,4b_duration_prior__d480__w6,151,19
4b_duration_prior,4b_duration_prior__d480__w6,152,16
4b_duration_prior,4b_duration_prior__d480__w6,153,31
4b_duration_prior,4b_duration_prior__d480__w6,154,27
4b_duration_prior,4b_duration_prior__d480__w6,155,46
4b_duration_prior,4b_duration_prior__d480__w6,156,34
4b_duration_prior,4b_duration_prior__d480__w6,157,43
4b_duration_prior,4b_duration_prior__d480__w6,158,38
4b_duration_prior,4b_duration_prior__d480__w6,159,29
4b_duration_prior,4b_duration_prior__d480__w6,160,33
4b_duration_prior,4b_duration_prior__d480__w6,161,57
4b_duration_prior,4b_duration_prior__d480__w6,162,50
4b_duration_prior,4b_duration_prior__d480__w6,163,57
4b_duration_prior,4b_duration_prior__d480__w6,164,48
4b_duration_prior,4b_duration_prior__d480__w6,165,39
4b_duration_prior,4b_duration_prior__d480__w6,166,57
4b_duration_prior,4b_duration_prior__d480__w6,167,41
4b_duration_prior,4b_duration_prior__d960__w6,0,30
4b_duration_prior,4b_duration_prior__d960__w6,1,45
4b_duration_prior,4b_duration_prior__d960__w6,2,34
4b_duration_prior,4b_duration_prior__d960__w6,3,30
4b_duration_prior,4b_duration_prior__d960__w6,4,34
4b_duration_prior,4b_duration_prior__d960__w6,5,36
4b_duration_prior,4b_duration_prior__d960__w6,6,43
4b_duration_prior,4b_duration_prior__d960__w6,7,42
4b_duration_prior,4b_duration_prior__d960__w6,8,58
4b_duration_prior,4b_duration_prior__d960__w6,9,63
4b_duration_prior,4b_duration_prior__d960__w6,10,85
4b_duration_prior,4b_duration_prior__d960__w6,11,76
4b_duration_prior,4b_duration_prior__d960__w6,12,100
4b_duration_prior,4b_duration_prior__d960__w6,13,90
4b_duration_prior,4b_duration_prior__d960__w6,14,104
4b_duration_prior,4b_duration_prior__d960__w6,15,98
4b_duration_prior,4b_duration_prior__d960__w6,16,104
4b_duration_prior,4b_duration_prior__d960__w6,17,110
4b_duration_prior,4b_duration_prior__d960__w6,18,91
4b_duration_prior,4b_duration_prior__d960__w6,19,97
4b_duration_prior,4b_duration_prior__d960__w6,20,108
4b_duration_prior,4b_duration_prior__d960__w6,21,112
4b_duration_prior,4b_duration_prior__d960__w6,22,108
4b_duration_prior,4b_duration_prior__d960__w6,23,92
4b_duration_prior,4b_duration_prior__d960__w6,24,73
4b_duration_prior,4b_duration_prior__d960__w6,25,82
4b_duration_prior,4b_duration_prior__d960__w6,26,87
4b_duration_prior,4b_duration_prior__d960__w6,27,32
4b_duration_prior,4b_duration_prior__d960__w6,28,45
4b_duration_prior,4b_duration_prior__d960__w6,29,35
4b_duration_prior,4b_duration_prior__d960__w6,30,51
4b_duration_prior,4b_duration_prior__d960__w6,31,47
4b_duration_prior,4b_duration_prior__d960__w6,32,70
4b_duration_prior,4b_duration_prior__d960__w6,33,69
4b_duration_prior,4b_duration_prior__d960__w6,34,63
4b_duration_prior,4b_duration_prior__d960__w6,35,72
4b_duration_prior,4b_duration_prior__d960__w6,36,122
4b_duration_prior,4b_duration_prior__d960__w6,37,92
4b_duration_prior,4b_duration_prior__d960__w6,38,113
4b_duration_prior,4b_duration_prior__d960__w6,39,103
4b_duration_prior,4b_duration_prior__d960__w6,40,98
4b_duration_prior,4b_duration_prior__d960__w6,41,113
4b_duration_prior,4b_duration_prior__d960__w6,42,116
4b_duration_prior,4b_duration_prior__d960__w6,43,118
4b_duration_prior,4b_duration_prior__d960__w6,44,127
4b_duration_prior,4b_duration_prior__d960__w6,45,138
4b_duration_prior,4b_duration_prior__d960__w6,46,114
4b_duration_prior,4b_duration_prior__d960__w6,47,115
4b_duration_prior,4b_duration_prior__d960__w6,48,70
4b_duration_prior,4b_duration_prior__d960__w6,49,70
4b_duration_prior,4b_duration_prior__d960__w6,50,99
4b_duration_prior,4b_duration_prior__d960__w6,51,47
4b_duration_prior,4b_duration_prior__d960__w6,52,38
4b_duration_prior,4b_duration_prior__d960__w6,53,43
4b_duration_prior,4b_duration_prior__d960__w6,54,48
4b_duration_prior,4b_duration_prior__d960__w6,55,63
4b_duration_prior,4b_duration_prior__d960__w6,56,55
4b_duration_prior,4b_duration_prior__d960__w6,57,59
4b_duration_prior,4b_duration_prior__d960__w6,58,64
4b_duration_prior,4b_duration_prior__d960__w6,59,65
4b_duration_prior,4b_duration_prior__d960__w6,60,120
4b_duration_prior,4b_duration_prior__d960__w6,61,82
4b_duration_prior,4b_duration_prior__d960__w6,62,90
4b_duration_prior,4b_duration_prior__d960__w6,63,94
4b_duration_prior,4b_duration_prior__d960__w6,64,101
4b_duration_prior,4b_duration_prior__d960__w6,65,118
4b_duration_prior,4b_duration_prior__d960__w6,66,120
4b_duration_prior,4b_duration_prior__d960__w6,67,124
4b_duration_prior,4b_duration_prior__d960__w6,68,111
4b_duration_prior,4b_duration_prior__d960__w6,69,122
4b_duration_prior,4b_duration_prior__d960__w6,70,113
4b_duration_prior,4b_duration_prior__d960__w6,71,110
4b_duration_prior,4b_duration_prior__d960__w6,72,87
4b_duration_prior,4b_duration_prior__d960__w6,73,68
4b_duration_prior,4b_duration_prior__d960__w6,74,115
4b_duration_prior,4b_duration_prior__d960__w6,75,38
4b_duration_prior,4b_duration_prior__d960__w6,76,47
4b_duration_prior,4b_duration_prior__d960__w6,77,48
4b_duration_prior,4b_duration_prior__d960__w6,78,63
4b_duration_prior,4b_duration_prior__d960__w6,79,52
4b_duration_prior,4b_duration_prior__d960__w6,80,69
4b_duration_prior,4b_duration_prior__d960__w6,81,61
4b_duration_prior,4b_duration_prior__d960__w6,82,67
4b_duration_prior,4b_duration_prior__d960__w6,83,72
4b_duration_prior,4b_duration_prior__d960__w6,84,122
4b_duration_prior,4b_duration_prior__d960__w6,85,102
4b_duration_prior,4b_duration_prior__d960__w6,86,109
4b_duration_prior,4b_duration_prior__d960__w6,87,98
4b_duration_prior,4b_duration_prior__d960__w6,88,114
4b_duration_prior,4b_duration_prior__d960__w6,89,111
4b_duration_prior,4b_duration_prior__d960__w6,90,103
4b_duration_prior,4b_duration_prior__d960__w6,91,111
4b_duration_prior,4b_duration_prior__d960__w6,92,110
4b_duration_prior,4b_duration_prior__d960__w6,93,131
4b_duration_prior,4b_duration_prior__d960__w6,94,125
4b_duration_prior,4b_duration_prior__d960__w6,95,123
4b_duration_prior,4b_duration_prior__d960__w6,96,65
4b_duration_prior,4b_duration_prior__d960__w6,97,70
4b_duration_prior,4b_duration_prior__d960__w6,98,94
4b_duration_prior,4b_duration_prior__d960__w6,99,37
4b_duration_prior,4b_duration_prior__d960__w6,100,25
4b_duration_prior,4b_duration_prior__d960__w6,101,40
4b_duration_prior,4b_duration_prior__d960__w6,102,49
4b_duration_prior,4b_duration_prior__d960__w6,103,51
4b_duration_prior,4b_duration_prior__d960__w6,104,55
4b_duration_prior,4b_duration_prior__d960__w6,105,76
4b_duration_prior,4b_duration_prior__d960__w6,106,76
4b_duration_prior,4b_duration_prior__d960__w6,107,71
4b_duration_prior,4b_duration_prior__d960__w6,108,108
4b_duration_prior,4b_duration_prior__d960__w6,109,97
4b_duration_prior,4b_duration_prior__d960__w6,110,110
4b_duration_prior,4b_duration_prior__d960__w6,111,129
4b_duration_prior,4b_duration_prior__d960__w6,112,115
4b_duration_prior,4b_duration_prior__d960__w6,113,120
4b_duration_prior,4b_duration_prior__d960__w6,114,118
4b_duration_prior,4b_duration_prior__d960__w6,115,106
4b_duration_prior,4b_duration_prior__d960__w6,116,106
4b_duration_prior,4b_duration_prior__d960__w6,117,120
4b_duration_prior,4b_duration_prior__d960__w6,118,137
4b_duration_prior,4b_duration_prior__d960__w6,119,87
4b_duration_prior,4b_duration_prior__d960__w6,120,80
4b_duration_prior,4b_duration_prior__d960__w6,121,76
4b_duration_prior,4b_duration_prior__d960__w6,122,47
4b_duration_prior,4b_duration_prior__d960__w6,123,55
4b_duration_prior,4b_duration_prior__d960__w6,124,21
4b_duration_prior,4b_duration_prior__d960__w6,125,27
4b_duration_prior,4b_duration_prior__d960__w6,126,17
4b_duration_prior,4b_duration_prior__d960__w6,127,24
4b_duration_prior,4b_duration_prior__d960__w6,128,15
4b_duration_prior,4b_duration_prior__d960__w6,129,26
4b_duration_prior,4b_duration_prior__d960__w6,130,41
4b_duration_prior,4b_duration_prior__d960__w6,131,27
4b_duration_prior,4b_duration_prior__d960__w6,132,38
4b_duration_prior,4b_duration_prior__d960__w6,133,45
4b_duration_prior,4b_duration_prior__d960__w6,134,34
4b_duration_prior,4b_duration_prior__d960__w6,135,56
4b_duration_prior,4b_duration_prior__d960__w6,136,39
4b_duration_prior,4b_duration_prior__d960__w6,137,54
4b_duration_prior,4b_duration_prior__d960__w6,138,38
4b_duration_prior,4b_duration_prior__d960__w6,139,33
4b_duration_prior,4b_duration_prior__d960__w6,140,47
4b_duration_prior,4b_duration_prior__d960__w6,141,54
4b_duration_prior,4b_duration_prior__d960__w6,142,57
4b_duration_prior,4b_duration_prior__d960__w6,143,50
4b_duration_prior,4b_duration_prior__d960__w6,144,38
4b_duration_prior,4b_duration_prior__d960__w6,145,31
4b_duration_prior,4b_duration_prior__d960__w6,146,32
4b_duration_prior,4b_duration_prior__d960__w6,147,31
4b_duration_prior,4b_duration_prior__d960__w6,148,22
4b_duration_prior,4b_duration_prior__d960__w6,149,28
4b_duration_prior,4b_duration_prior__d960__w6,150,27
4b_duration_prior,4b_duration_prior__d960__w6,151,21
4b_duration_prior,4b_duration_prior__d960__w6,152,17
4b_duration_prior,4b_duration_prior__d960__w6,153,30
4b_duration_prior,4b_duration_prior__d960__w6,154,27
4b_duration_prior,4b_duration_prior__d960__w6,155,41
4b_duration_prior,4b_duration_prior__d960__w6,156,34
4b_duration_prior,4b_duration_prior__d960__w6,157,43
4b_duration_prior,4b_duration_prior__d960__w6,158,38
4b_duration_prior,4b_duration_prior__d960__w6,159,29
4b_duration_prior,4b_duration_prior__d960__w6,160,35
4b_duration_prior,4b_duration_prior__d960__w6,161,59
4b_duration_prior,4b_duration_prior__d960__w6,162,50
4b_duration_prior,4b_duration_prior__d960__w6,163,59
4b_duration_prior,4b_duration_prior__d960__w6,164,49
4b_duration_prior,4b_duration_prior__d960__w6,165,41
4b_duration_prior,4b_duration_prior__d960__w6,166,57
4b_duration_prior,4b_duration_prior__d960__w6,167,41
4b_duration_prior,4b_duration_prior__d1920__w6,0,30
4b_duration_prior,4b_duration_prior__d1920__w6,1,41
4b_duration_prior,4b_duration_prior__d1920__w6,2,34
4b_duration_prior,4b_duration_prior__d1920__w6,3,30
4b_duration_prior,4b_duration_prior__d1920__w6,4,34
4b_duration_prior,4b_duration_prior__d1920__w6,5,37
4b_duration_prior,4b_duration_prior__d1920__w6,6,43
4b_duration_prior,4b_duration_prior__d1920__w6,7,43
4b_duration_prior,4b_duration_prior__d1920__w6,8,58
4b_duration_prior,4b_duration_prior__d1920__w6,9,63
4b_duration_prior,4b_duration_prior__d1920__w6,10,85
4b_duration_prior,4b_duration_prior__d1920__w6,11,75
4b_duration_prior,4b_duration_prior__d1920__w6,12,99
4b_duration_prior,4b_duration_prior__d1920__w6,13,90
4b_duration_prior,4b_duration_prior__d1920__w6,14,104
4b_duration_prior,4b_duration_prior__d1920__w6,15,102
4b_duration_prior,4b_duration_prior__d1920__w6,16,111
4b_duration_prior,4b_duration_prior__d1920__w6,17,112
4b_duration_prior,4b_duration_prior__d1920__w6,18,92
4b_duration_prior,4b_duration_prior__d1920__w6,19,100
4b_duration_prior,4b_duration_prior__d1920__w6,20,109
4b_duration_prior,4b_duration_prior__d1920__w6,21,114
4b_duration_prior,4b_duration_prior__d1920__w6,22,102
4b_duration_prior,4b_duration_prior__d1920__w6,23,93
4b_duration_prior,4b_duration_prior__d1920__w6,24,73
4b_duration_prior,4b_duration_prior__d1920__w6,25,79
4b_duration_prior,4b_duration_prior__d1920__w6,26,75
4b_duration_prior,4b_duration_prior__d1920__w6,27,32
4b_duration_prior,4b_duration_prior__d1920__w6,28,45
4b_duration_prior,4b_duration_prior__d1920__w6,29,36
4b_duration_prior,4b_duration_prior__d1920__w6,30,51
4b_duration_prior,4b_duration_prior__d1920__w6,31,47
4b_duration_prior,4b_duration_prior__d1920__w6,32,71
4b_duration_prior,4b_duration_prior__d1920__w6,33,69
4b_duration_prior,4b_duration_prior__d1920__w6,34,64
4b_duration_prior,4b_duration_prior__d1920__w6,35,71
4b_duration_prior,4b_duration_prior__d1920__w6,36,120
4b_duration_prior,4b_duration_prior__d1920__w6,37,92
4b_duration_prior,4b_duration_prior__d1920__w6,38,113
4b_duration_prior,4b_duration_prior__d1920__w6,39,107
4b_duration_prior,4b_duration_prior__d1920__w6,40,106
4b_duration_prior,4b_duration_prior__d1920__w6,41,115
4b_duration_prior,4b_duration_prior__d1920__w6,42,118
4b_duration_prior,4b_duration_prior__d1920__w6,43,121
4b_duration_prior,4b_duration_prior__d1920__w6,44,129
4b_duration_prior,4b_duration_prior__d1920__w6,45,139
4b_duration_prior,4b_duration_prior__d1920__w6,46,108
4b_duration_prior,4b_duration_prior__d1920__w6,47,117
4b_duration_prior,4b_duration_prior__d1920__w6,48,70
4b_duration_prior,4b_duration_prior__d1920__w6,49,67
4b_duration_prior,4b_duration_prior__d1920__w6,50,84
4b_duration_prior,4b_duration_prior__d1920__w6,51,47
4b_duration_prior,4b_duration_prior__d1920__w6,52,39
4b_duration_prior,4b_duration_prior__d1920__w6,53,43
4b_duration_prior,4b_duration_prior__d1920__w6,54,49
4b_duration_prior,4b_duration_prior__d1920__w6,55,64
4b_duration_prior,4b_duration_prior__d1920__w6,56,56
4b_duration_prior,4b_duration_prior__d1920__w6,57,60
4b_duration_prior,4b_duration_prior__d1920__w6,58,65
4b_duration_prior,4b_duration_prior__d1920__w6,59,66
4b_duration_prior,4b_duration_prior__d1920__w6,60,113
4b_duration_prior,4b_duration_prior__d1920__w6,61,82
4b_duration_prior,4b_duration_prior__d1920__w6,62,90
4b_duration_prior,4b_duration_prior__d1920__w6,63,98
4b_duration_prior,4b_duration_prior__d1920__w6,64,106
4b_duration_prior,4b_duration_prior__d1920__w6,65,119
4b_duration_prior,4b_duration_prior__d1920__w6,66,123
4b_duration_prior,4b_duration_prior__d1920__w6,67,125
4b_duration_prior,4b_duration_prior__d1920__w6,68,115
4b_duration_prior,4b_duration_prior__d1920__w6,69,119
4b_duration_prior,4b_duration_prior__d1920__w6,70,109
4b_duration_prior,4b_duration_prior__d1920__w6,71,110
4b_duration_prior,4b_duration_prior__d1920__w6,72,86
4b_duration_prior,4b_duration_prior__d1920__w6,73,68
4b_duration_prior,4b_duration_prior__d1920__w6,74,105
4b_duration_prior,4b_duration_prior__d1920__w6,75,38
4b_duration_prior,4b_duration_prior__d1920__w6,76,48
4b_duration_prior,4b_duration_prior__d1920__w6,77,49
4b_duration_prior,4b_duration_prior__d1920__w6,78,67
4b_duration_prior,4b_duration_prior__d1920__w6,79,53
4b_duration_prior,4b_duration_prior__d1920__w6,80,69
4b_duration_prior,4b_duration_prior__d1920__w6,81,61
4b_duration_prior,4b_duration_prior__d1920__w6,82,66
4b_duration_prior,4b_duration_prior__d1920__w6,83,72
4b_duration_prior,4b_duration_prior__d1920__w6,84,116
4b_duration_prior,4b_duration_prior__d1920__w6,85,102
4b_duration_prior,4b_duration_prior__d1920__w6,86,109
4b_duration_prior,4b_duration_prior__d1920__w6,87,102
4b_duration_prior,4b_duration_prior__d1920__w6,88,117
4b_duration_prior,4b_duration_prior__d1920__w6,89,117
4b_duration_prior,4b_duration_prior__d1920__w6,90,109
4b_duration_prior,4b_duration_prior__d1920__w6,91,111
4b_duration_prior,4b_duration_prior__d1920__w6,92,113
4b_duration_prior,4b_duration_prior__d1920__w6,93,129
4b_duration_prior,4b_duration_prior__d1920__w6,94,125
4b_duration_prior,4b_duration_prior__d1920__w6,95,112
4b_duration_prior,4b_duration_prior__d1920__w6,96,70
4b_duration_prior,4b_duration_prior__d1920__w6,97,74
4b_duration_prior,4b_duration_prior__d1920__w6,98,76
4b_duration_prior,4b_duration_prior__d1920__w6,99,37
4b_duration_prior,4b_duration_prior__d1920__w6,100,28
4b_duration_prior,4b_duration_prior__d1920__w6,101,40
4b_duration_prior,4b_duration_prior__d1920__w6,102,49
4b_duration_prior,4b_duration_prior__d1920__w6,103,51
4b_duration_prior,4b_duration_prior__d1920__w6,104,55
4b_duration_prior,4b_duration_prior__d1920__w6,105,77
4b_duration_prior,4b_duration_prior__d1920__w6,106,73
4b_duration_prior,4b_duration_prior__d1920__w6,107,72
4b_duration_prior,4b_duration_prior__d1920__w6,108,106
4b_duration_prior,4b_duration_prior__d1920__w6,109,97
4b_duration_prior,4b_duration_prior__d1920__w6,110,110
4b_duration_prior,4b_duration_prior__d1920__w6,111,129
4b_duration_prior,4b_duration_prior__d1920__w6,112,119
4b_duration_prior,4b_duration_prior__d1920__w6,113,120
4b_duration_prior,4b_duration_prior__d1920__w6,114,120
4b_duration_prior,4b_duration_prior__d1920__w6,115,111
4b_duration_prior,4b_duration_prior__d1920__w6,116,106
4b_duration_prior,4b_duration_prior__d1920__w6,117,123
4b_duration_prior,4b_duration_prior__d1920__w6,118,135
4b_duration_prior,4b_duration_prior__d1920__w6,119,87
4b_duration_prior,4b_duration_prior__d1920__w6,120,82
4b_duration_prior,4b_duration_prior__d1920__w6,121,72
4b_duration_prior,4b_duration_prior__d1920__w6,122,47
4b_duration_prior,4b_duration_prior__d1920__w6,123,45
4b_duration_prior,4b_duration_prior__d1920__w6,124,21
4b_duration_prior,4b_duration_prior__d1920__w6,125,28
4b_duration_prior,4b_duration_prior__d1920__w6,126,20
4b_duration_prior,4b_duration_prior__d1920__w6,127,25
4b_duration_prior,4b_duration_prior__d1920__w6,128,15
4b_duration_prior,4b_duration_prior__d1920__w6,129,26
4b_duration_prior,4b_duration_prior__d1920__w6,130,41
4b_duration_prior,4b_duration_prior__d1920__w6,131,28
4b_duration_prior,4b_duration_prior__d1920__w6,132,32
4b_duration_prior,4b_duration_prior__d1920__w6,133,45
4b_duration_prior,4b_duration_prior__d1920__w6,134,34
4b_duration_prior,4b_duration_prior__d1920__w6,135,56
4b_duration_prior,4b_duration_prior__d1920__w6,136,41
4b_duration_prior,4b_duration_prior__d1920__w6,137,54
4b_duration_prior,4b_duration_prior__d1920__w6,138,39
4b_duration_prior,4b_duration_prior__d1920__w6,139,33
4b_duration_prior,4b_duration_prior__d1920__w6,140,48
4b_duration_prior,4b_duration_prior__d1920__w6,141,55
4b_duration_prior,4b_duration_prior__d1920__w6,142,55
4b_duration_prior,4b_duration_prior__d1920__w6,143,49
4b_duration_prior,4b_duration_prior__d1920__w6,144,39
4b_duration_prior,4b_duration_prior__d1920__w6,145,31
4b_duration_prior,4b_duration_prior__d1920__w6,146,32
4b_duration_prior,4b_duration_prior__d1920__w6,147,28
4b_duration_prior,4b_duration_prior__d1920__w6,148,23
4b_duration_prior,4b_duration_prior__d1920__w6,149,29
4b_duration_prior,4b_duration_prior__d1920__w6,150,27
4b_duration_prior,4b_duration_prior__d1920__w6,151,21
4b_duration_prior,4b_duration_prior__d1920__w6,152,17
4b_duration_prior,4b_duration_prior__d1920__w6,153,30
4b_duration_prior,4b_duration_prior__d1920__w6,154,26
4b_duration_prior,4b_duration_prior__d1920__w6,155,40
4b_duration_prior,4b_duration_prior__d1920__w6,156,34
4b_duration_prior,4b_duration_prior__d1920__w6,157,43
4b_duration_prior,4b_duration_prior__d1920__w6,158,38
4b_duration_prior,4b_duration_prior__d1920__w6,159,29
4b_duration_prior,4b_duration_prior__d1920__w6,160,35
4b_duration_prior,4b_duration_prior__d1920__w6,161,59
4b_duration_prior,4b_duration_prior__d1920__w6,162,51
4b_duration_prior,4b_duration_prior__d1920__w6,163,59
4b_duration_prior,4b_duration_prior__d1920__w6,164,52
4b_duration_prior,4b_duration_prior__d1920__w6,165,42
4b_duration_prior,4b_duration_prior__d1920__w6,166,57
4b_duration_prior,4b_duration_prior__d1920__w6,167,40
4b_duration_prior,4b_duration_prior__d3840__w6,0,30
4b_duration_prior,4b_duration_prior__d3840__w6,1,36
4b_duration_prior,4b_duration_prior__d3840__w6,2,34
4b_duration_prior,4b_duration_prior__d3840__w6,3,30
4b_duration_prior,4b_duration_prior__d3840__w6,4,34
4b_duration_prior,4b_duration_prior__d3840__w6,5,37
4b_duration_prior,4b_duration_prior__d3840__w6,6,43
4b_duration_prior,4b_duration_prior__d3840__w6,7,43
4b_duration_prior,4b_duration_prior__d3840__w6,8,58
4b_duration_prior,4b_duration_prior__d3840__w6,9,65
4b_duration_prior,4b_duration_prior__d3840__w6,10,86
4b_duration_prior,4b_duration_prior__d3840__w6,11,75
4b_duration_prior,4b_duration_prior__d3840__w6,12,96
4b_duration_prior,4b_duration_prior__d3840__w6,13,90
4b_duration_prior,4b_duration_prior__d3840__w6,14,104
4b_duration_prior,4b_duration_prior__d3840__w6,15,104
4b_duration_prior,4b_duration_prior__d3840__w6,16,112
4b_duration_prior,4b_duration_prior__d3840__w6,17,114
4b_duration_prior,4b_duration_prior__d3840__w6,18,93
4b_duration_prior,4b_duration_prior__d3840__w6,19,102
4b_duration_prior,4b_duration_prior__d3840__w6,20,110
4b_duration_prior,4b_duration_prior__d3840__w6,21,114
4b_duration_prior,4b_duration_prior__d3840__w6,22,105
4b_duration_prior,4b_duration_prior__d3840__w6,23,93
4b_duration_prior,4b_duration_prior__d3840__w6,24,74
4b_duration_prior,4b_duration_prior__d3840__w6,25,77
4b_duration_prior,4b_duration_prior__d3840__w6,26,64
4b_duration_prior,4b_duration_prior__d3840__w6,27,32
4b_duration_prior,4b_duration_prior__d3840__w6,28,45
4b_duration_prior,4b_duration_prior__d3840__w6,29,37
4b_duration_prior,4b_duration_prior__d3840__w6,30,51
4b_duration_prior,4b_duration_prior__d3840__w6,31,47
4b_duration_prior,4b_duration_prior__d3840__w6,32,71
4b_duration_prior,4b_duration_prior__d3840__w6,33,69
4b_duration_prior,4b_duration_prior__d3840__w6,34,64
4b_duration_prior,4b_duration_prior__d3840__w6,35,71
4b_duration_prior,4b_duration_prior__d3840__w6,36,119
4b_duration_prior,4b_duration_prior__d3840__w6,37,92
4b_duration_prior,4b_duration_prior__d3840__w6,38,113
4b_duration_prior,4b_duration_prior__d3840__w6,39,109
4b_duration_prior,4b_duration_prior__d3840__w6,40,110
4b_duration_prior,4b_duration_prior__d3840__w6,41,118
4b_duration_prior,4b_duration_prior__d3840__w6,42,119
4b_duration_prior,4b_duration_prior__d3840__w6,43,121
4b_duration_prior,4b_duration_prior__d3840__w6,44,131
4b_duration_prior,4b_duration_prior__d3840__w6,45,138
4b_duration_prior,4b_duration_prior__d3840__w6,46,106
4b_duration_prior,4b_duration_prior__d3840__w6,47,113
4b_duration_prior,4b_duration_prior__d3840__w6,48,70
4b_duration_prior,4b_duration_prior__d3840__w6,49,67
4b_duration_prior,4b_duration_prior__d3840__w6,50,79
4b_duration_prior,4b_duration_prior__d3840__w6,51,47
4b_duration_prior,4b_duration_prior__d3840__w6,52,39
4b_duration_prior,4b_duration_prior__d3840__w6,53,44
4b_duration_prior,4b_duration_prior__d3840__w6,54,49
4b_duration_prior,4b_duration_prior__d3840__w6,55,64
4b_duration_prior,4b_duration_prior__d3840__w6,56,57
4b_duration_prior,4b_duration_prior__d3840__w6,57,60
4b_duration_prior,4b_duration_prior__d3840__w6,58,65
4b_duration_prior,4b_duration_prior__d3840__w6,59,67
4b_duration_prior,4b_duration_prior__d3840__w6,60,110
4b_duration_prior,4b_duration_prior__d3840__w6,61,82
4b_duration_prior,4b_duration_prior__d3840__w6,62,90
4b_duration_prior,4b_duration_prior__d3840__w6,63,99
4b_duration_prior,4b_duration_prior__d3840__w6,64,111
4b_duration_prior,4b_duration_prior__d3840__w6,65,122
4b_duration_prior,4b_duration_prior__d3840__w6,66,123
4b_duration_prior,4b_duration_prior__d3840__w6,67,128
4b_duration_prior,4b_duration_prior__d3840__w6,68,118
4b_duration_prior,4b_duration_prior__d3840__w6,69,121
4b_duration_prior,4b_duration_prior__d3840__w6,70,105
4b_duration_prior,4b_duration_prior__d3840__w6,71,108
4b_duration_prior,4b_duration_prior__d3840__w6,72,89
4b_duration_prior,4b_duration_prior__d3840__w6,73,68
4b_duration_prior,4b_duration_prior__d3840__w6,74,91
4b_duration_prior,4b_duration_prior__d3840__w6,75,38
4b_duration_prior,4b_duration_prior__d3840__w6,76,48
4b_duration_prior,4b_duration_prior__d3840__w6,77,50
4b_duration_prior,4b_duration_prior__d3840__w6,78,68
4b_duration_prior,4b_duration_prior__d3840__w6,79,54
4b_duration_prior,4b_duration_prior__d3840__w6,80,69
4b_duration_prior,4b_duration_prior__d3840__w6,81,61
4b_duration_prior,4b_duration_prior__d3840__w6,82,66
4b_duration_prior,4b_duration_prior__d3840__w6,83,72
4b_duration_prior,4b_duration_prior__d3840__w6,84,113
4b_duration_prior,4b_duration_prior__d3840__w6,85,102
4b_duration_prior,4b_duration_prior__d3840__w6,86,109
4b_duration_prior,4b_duration_prior__d3840__w6,87,103
4b_duration_prior,4b_duration_prior__d3840__w6,88,118
4b_duration_prior,4b_duration_prior__d3840__w6,89,118
4b_duration_prior,4b_duration_prior__d3840__w6,90,113
4b_duration_prior,4b_duration_prior__d3840__w6,91,112
4b_duration_prior,4b_duration_prior__d3840__w6,92,115
4b_duration_prior,4b_duration_prior__d3840__w6,93,128
4b_duration_prior,4b_duration_prior__d3840__w6,94,124
4b_duration_prior,4b_duration_prior__d3840__w6,95,108
4b_duration_prior,4b_duration_prior__d3840__w6,96,71
4b_duration_prior,4b_duration_prior__d3840__w6,97,74
4b_duration_prior,4b_duration_prior__d3840__w6,98,71
4b_duration_prior,4b_duration_prior__d3840__w6,99,37
4b_duration_prior,4b_duration_prior__d3840__w6,100,28
4b_duration_prior,4b_duration_prior__d3840__w6,101,40
4b_duration_prior,4b_duration_prior__d3840__w6,102,49
4b_duration_prior,4b_duration_prior__d3840__w6,103,51
4b_duration_prior,4b_duration_prior__d3840__w6,104,56
4b_duration_prior,4b_duration_prior__d3840__w6,105,78
4b_duration_prior,4b_duration_prior__d3840__w6,106,73
4b_duration_prior,4b_duration_prior__d3840__w6,107,72
4b_duration_prior,4b_duration_prior__d3840__w6,108,104
4b_duration_prior,4b_duration_prior__d3840__w6,109,97
4b_duration_prior,4b_duration_prior__d3840__w6,110,110
4b_duration_prior,4b_duration_prior__d3840__w6,111,129
4b_duration_prior,4b_duration_prior__d3840__w6,112,123
4b_duration_prior,4b_duration_prior__d3840__w6,113,122
4b_duration_prior,4b_duration_prior__d3840__w6,114,124
4b_duration_prior,4b_duration_prior__d3840__w6,115,112
4b_duration_prior,4b_duration_prior__d3840__w6,116,109
4b_duration_prior,4b_duration_prior__d3840__w6,117,127
4b_duration_prior,4b_duration_prior__d3840__w6,118,131
4b_duration_prior,4b_duration_prior__d3840__w6,119,86
4b_duration_prior,4b_duration_prior__d3840__w6,120,79
4b_duration_prior,4b_duration_prior__d3840__w6,121,72
4b_duration_prior,4b_duration_prior__d3840__w6,122,44
4b_duration_prior,4b_duration_prior__d3840__w6,123,38
4b_duration_prior,4b_duration_prior__d3840__w6,124,21
4b_duration_prior,4b_duration_prior__d3840__w6,125,28
4b_duration_prior,4b_duration_prior__d3840__w6,126,20
4b_duration_prior,4b_duration_prior__d3840__w6,127,25
4b_duration_prior,4b_duration_prior__d3840__w6,128,15
4b_duration_prior,4b_duration_prior__d3840__w6,129,28
4b_duration_prior,4b_duration_prior__d3840__w6,130,41
4b_duration_prior,4b_duration_prior__d3840__w6,131,30
4b_duration_prior,4b_duration_prior__d3840__w6,132,28
4b_duration_prior,4b_duration_prior__d3840__w6,133,45
4b_duration_prior,4b_duration_prior__d3840__w6,134,34
4b_duration_prior,4b_duration_prior__d3840__w6,135,56
4b_duration_prior,4b_duration_prior__d3840__w6,136,41
4b_duration_prior,4b_duration_prior__d3840__w6,137,55
4b_duration_prior,4b_duration_prior__d3840__w6,138,41
4b_duration_prior,4b_duration_prior__d3840__w6,139,34
4b_duration_prior,4b_duration_prior__d3840__w6,140,49
4b_duration_prior,4b_duration_prior__d3840__w6,141,56
4b_duration_prior,4b_duration_prior__d3840__w6,142,55
4b_duration_prior,4b_duration_prior__d3840__w6,143,46
4b_duration_prior,4b_duration_prior__d3840__w6,144,39
4b_duration_prior,4b_duration_prior__d3840__w6,145,30
4b_duration_prior,4b_duration_prior__d3840__w6,146,31
4b_duration_prior,4b_duration_prior__d3840__w6,147,27
4b_duration_prior,4b_duration_prior__d3840__w6,148,23
4b_duration_prior,4b_duration_prior__d3840__w6,149,29
4b_duration_prior,4b_duration_prior__d3840__w6,150,27
4b_duration_prior,4b_duration_prior__d3840__w6,151,21
4b_duration_prior,4b_duration_prior__d3840__w6,152,17
4b_duration_prior,4b_duration_prior__d3840__w6,153,30
4b_duration_prior,4b_duration_prior__d3840__w6,154,26
4b_duration_prior,4b_duration_prior__d3840__w6,155,40
4b_duration_prior,4b_duration_prior__d3840__w6,156,34
4b_duration_prior,4b_duration_prior__d3840__w6,157,43
4b_duration_prior,4b_duration_prior__d3840__w6,158,38
4b_duration_prior,4b_duration_prior__d3840__w6,159,29
4b_duration_prior,4b_duration_prior__d3840__w6,160,35
4b_duration_prior,4b_duration_prior__d3840__w6,161,59
4b_duration_prior,4b_duration_prior__d3840__w6,162,52
4b_duration_prior,4b_duration_prior__d3840__w6,163,60
4b_duration_prior,4b_duration_prior__d3840__w6,164,52
4b_duration_prior,4b_duration_prior__d3840__w6,165,44
4b_duration_prior,4b_duration_prior__d3840__w6,166,59
4b_duration_prior,4b_duration_prior__d3840__w6,167,39
4b_duration_prior,4b_duration_prior__d7680__w6,0,30
4b_duration_prior,4b_duration_prior__d7680__w6,1,36
4b_duration_prior,4b_duration_prior__d7680__w6,2,34
4b_duration_prior,4b_duration_prior__d7680__w6,3,30
4b_duration_prior,4b_duration_prior__d7680__w6,4,34
4b_duration_prior,4b_duration_prior__d7680__w6,5,37
4b_duration_prior,4b_duration_prior__d7680__w6,6,44
4b_duration_prior,4b_duration_prior__d7680__w6,7,44
4b_duration_prior,4b_duration_prior__d7680__w6,8,58
4b_duration_prior,4b_duration_prior__d7680__w6,9,65
4b_duration_prior,4b_duration_prior__d7680__w6,10,86
4b_duration_prior,4b_duration_prior__d7680__w6,11,76
4b_duration_prior,4b_duration_prior__d7680__w6,12,93
4b_duration_prior,4b_duration_prior__d7680__w6,13,90
4b_duration_prior,4b_duration_prior__d7680__w6,14,104
4b_duration_prior,4b_duration_prior__d7680__w6,15,105
4b_duration_prior,4b_duration_prior__d7680__w6,16,114
4b_duration_prior,4b_duration_prior__d7680__w6,17,116
4b_duration_prior,4b_duration_prior__d7680__w6,18,93
4b_duration_prior,4b_duration_prior__d7680__w6,19,106
4b_duration_prior,4b_duration_prior__d7680__w6,20,114
4b_duration_prior,4b_duration_prior__d7680__w6,21,116
4b_duration_prior,4b_duration_prior__d7680__w6,22,105
4b_duration_prior,4b_duration_prior__d7680__w6,23,91
4b_duration_prior,4b_duration_prior__d7680__w6,24,81
4b_duration_prior,4b_duration_prior__d7680__w6,25,74
4b_duration_prior,4b_duration_prior__d7680__w6,26,47
4b_duration_prior,4b_duration_prior__d7680__w6,27,32
4b_duration_prior,4b_duration_prior__d7680__w6,28,45
4b_duration_prior,4b_duration_prior__d7680__w6,29,37
4b_duration_prior,4b_duration_prior__d7680__w6,30,52
4b_duration_prior,4b_duration_prior__d7680__w6,31,47
4b_duration_prior,4b_duration_prior__d7680__w6,32,71
4b_duration_prior,4b_duration_prior__d7680__w6,33,71
4b_duration_prior,4b_duration_prior__d7680__w6,34,64
4b_duration_prior,4b_duration_prior__d7680__w6,35,71
4b_duration_prior,4b_duration_prior__d7680__w6,36,116
4b_duration_prior,4b_duration_prior__d7680__w6,37,92
4b_duration_prior,4b_duration_prior__d7680__w6,38,113
4b_duration_prior,4b_duration_prior__d7680__w6,39,109
4b_duration_prior,4b_duration_prior__d7680__w6,40,111
4b_duration_prior,4b_duration_prior__d7680__w6,41,121
4b_duration_prior,4b_duration_prior__d7680__w6,42,122
4b_duration_prior,4b_duration_prior__d7680__w6,43,124
4b_duration_prior,4b_duration_prior__d7680__w6,44,133
4b_duration_prior,4b_duration_prior__d7680__w6,45,143
4b_duration_prior,4b_duration_prior__d7680__w6,46,109
4b_duration_prior,4b_duration_prior__d7680__w6,47,111
4b_duration_prior,4b_duration_prior__d7680__w6,48,76
4b_duration_prior,4b_duration_prior__d7680__w6,49,65
4b_duration_prior,4b_duration_prior__d7680__w6,50,57
4b_duration_prior,4b_duration_prior__d7680__w6,51,47
4b_duration_prior,4b_duration_prior__d7680__w6,52,39
4b_duration_prior,4b_duration_prior__d7680__w6,53,44
4b_duration_prior,4b_duration_prior__d7680__w6,54,49
4b_duration_prior,4b_duration_prior__d7680__w6,55,65
4b_duration_prior,4b_duration_prior__d7680__w6,56,57
4b_duration_prior,4b_duration_prior__d7680__w6,57,62
4b_duration_prior,4b_duration_prior__d7680__w6,58,65
4b_duration_prior,4b_duration_prior__d7680__w6,59,68
4b_duration_prior,4b_duration_prior__d7680__w6,60,106
4b_duration_prior,4b_duration_prior__d7680__w6,61,82
4b_duration_prior,4b_duration_prior__d7680__w6,62,90
4b_duration_prior,4b_duration_prior__d7680__w6,63,101
4b_duration_prior,4b_duration_prior__d7680__w6,64,111
4b_duration_prior,4b_duration_prior__d7680__w6,65,127
4b_duration_prior,4b_duration_prior__d7680__w6,66,128
4b_duration_prior,4b_duration_prior__d7680__w6,67,134
4b_duration_prior,4b_duration_prior__d7680__w6,68,119
4b_duration_prior,4b_duration_prior__d7680__w6,69,126
4b_duration_prior,4b_duration_prior__d7680__w6,70,108
4b_duration_prior,4b_duration_prior__d7680__w6,71,106
4b_duration_prior,4b_duration_prior__d7680__w6,72,87
4b_duration_prior,4b_duration_prior__d7680__w6,73,62
4b_duration_prior,4b_duration_prior__d7680__w6,74,74
4b_duration_prior,4b_duration_prior__d7680__w6,75,38
4b_duration_prior,4b_duration_prior__d7680__w6,76,49
4b_duration_prior,4b_duration_prior__d7680__w6,77,50
4b_duration_prior,4b_duration_prior__d7680__w6,78,68
4b_duration_prior,4b_duration_prior__d7680__w6,79,54
4b_duration_prior,4b_duration_prior__d7680__w6,80,69
4b_duration_prior,4b_duration_prior__d7680__w6,81,62
4b_duration_prior,4b_duration_prior__d7680__w6,82,65
4b_duration_prior,4b_duration_prior__d7680__w6,83,72
4b_duration_prior,4b_duration_prior__d7680__w6,84,112
4b_duration_prior,4b_duration_prior__d7680__w6,85,102
4b_duration_prior,4b_duration_prior__d7680__w6,86,109
4b_duration_prior,4b_duration_prior__d7680__w6,87,103
4b_duration_prior,4b_duration_prior__d7680__w6,88,120
4b_duration_prior,4b_duration_prior__d7680__w6,89,119
4b_duration_prior,4b_duration_prior__d7680__w6,90,117
4b_duration_prior,4b_duration_prior__d7680__w6,91,115
4b_duration_prior,4b_duration_prior__d7680__w6,92,116
4b_duration_prior,4b_duration_prior__d7680__w6,93,131
4b_duration_prior,4b_duration_prior__d7680__w6,94,124
4b_duration_prior,4b_duration_prior__d7680__w6,95,103
4b_duration_prior,4b_duration_prior__d7680__w6,96,74
4b_duration_prior,4b_duration_prior__d7680__w6,97,72
4b_duration_prior,4b_duration_prior__d7680__w6,98,61
4b_duration_prior,4b_duration_prior__d7680__w6,99,37
4b_duration_prior,4b_duration_prior__d7680__w6,100,28
4b_duration_prior,4b_duration_prior__d7680__w6,101,41
4b_duration_prior,4b_duration_prior__d7680__w6,102,49
4b_duration_prior,4b_duration_prior__d7680__w6,103,51
4b_duration_prior,4b_duration_prior__d7680__w6,104,57
4b_duration_prior,4b_duration_prior__d7680__w6,105,78
4b_duration_prior,4b_duration_prior__d7680__w6,106,73
4b_duration_prior,4b_duration_prior__d7680__w6,107,71
4b_duration_prior,4b_duration_prior__d7680__w6,108,103
4b_duration_prior,4b_duration_prior__d7680__w6,109,97
4b_duration_prior,4b_duration_prior__d7680__w6,110,110
4b_duration_prior,4b_duration_prior__d7680__w6,111,129
4b_duration_prior,4b_duration_prior__d7680__w6,112,126
4b_duration_prior,4b_duration_prior__d7680__w6,113,125
4b_duration_prior,4b_duration_prior__d7680__w6,114,124
4b_duration_prior,4b_duration_prior__d7680__w6,115,113
4b_duration_prior,4b_duration_prior__d7680__w6,116,109
4b_duration_prior,4b_duration_prior__d7680__w6,117,128
4b_duration_prior,4b_duration_prior__d7680__w6,118,128
4b_duration_prior,4b_duration_prior__d7680__w6,119,87
4b_duration_prior,4b_duration_prior__d7680__w6,120,82
4b_duration_prior,4b_duration_prior__d7680__w6,121,72
4b_duration_prior,4b_duration_prior__d7680__w6,122,45
4b_duration_prior,4b_duration_prior__d7680__w6,123,28
4b_duration_prior,4b_duration_prior__d7680__w6,124,21
4b_duration_prior,4b_duration_prior__d7680__w6,125,29
4b_duration_prior,4b_duration_prior__d7680__w6,126,20
4b_duration_prior,4b_duration_prior__d7680__w6,127,25
4b_duration_prior,4b_duration_prior__d7680__w6,128,15
4b_duration_prior,4b_duration_prior__d7680__w6,129,28
4b_duration_prior,4b_duration_prior__d7680__w6,130,41
4b_duration_prior,4b_duration_prior__d7680__w6,131,29
4b_duration_prior,4b_duration_prior__d7680__w6,132,28
4b_duration_prior,4b_duration_prior__d7680__w6,133,45
4b_duration_prior,4b_duration_prior__d7680__w6,134,34
4b_duration_prior,4b_duration_prior__d7680__w6,135,56
4b_duration_prior,4b_duration_prior__d7680__w6,136,42
4b_duration_prior,4b_duration_prior__d7680__w6,137,55
4b_duration_prior,4b_duration_prior__d7680__w6,138,41
4b_duration_prior,4b_duration_prior__d7680__w6,139,34
4b_duration_prior,4b_duration_prior__d7680__w6,140,49
4b_duration_prior,4b_duration_prior__d7680__w6,141,56
4b_duration_prior,4b_duration_prior__d7680__w6,142,54
4b_duration_prior,4b_duration_prior__d7680__w6,143,46
4b_duration_prior,4b_duration_prior__d7680__w6,144,40
4b_duration_prior,4b_duration_prior__d7680__w6,145,30
4b_duration_prior,4b_duration_prior__d7680__w6,146,31
4b_duration_prior,4b_duration_prior__d7680__w6,147,26
4b_duration_prior,4b_duration_prior__d7680__w6,148,24
4b_duration_prior,4b_duration_prior__d7680__w6,149,29
4b_duration_prior,4b_duration_prior__d7680__w6,150,27
4b_duration_prior,4b_duration_prior__d7680__w6,151,21
4b_duration_prior,4b_duration_prior__d7680__w6,152,17
4b_duration_prior,4b_duration_prior__d7680__w6,153,30
4b_duration_prior,4b_duration_prior__d7680__w6,154,25
4b_duration_prior,4b_duration_prior__d7680__w6,155,40
4b_duration_prior,4b_duration_prior__d7680__w6,156,34
4b_duration_prior,4b_duration_prior__d7680__w6,157,43
4b_duration_prior,4b_duration_prior__d7680__w6,158,38
4b_duration_prior,4b_duration_prior__d7680__w6,159,29
4b_duration_prior,4b_duration_prior__d7680__w6,160,35
4b_duration_prior,4b_duration_prior__d7680__w6,161,59
4b_duration_prior,4b_duration_prior__d7680__w6,162,52
4b_duration_prior,4b_duration_prior__d7680__w6,163,60
4b_duration_prior,4b_duration_prior__d7680__w6,164,52
4b_duration_prior,4b_duration_prior__d7680__w6,165,44
4b_duration_prior,4b_duration_prior__d7680__w6,166,59
4b_duration_prior,4b_duration_prior__d7680__w6,167,39
4b_duration_prior,4b_duration_prior__d15360__w6,0,33
4b_duration_prior,4b_duration_prior__d15360__w6,1,32
4b_duration_prior,4b_duration_prior__d15360__w6,2,34
4b_duration_prior,4b_duration_prior__d15360__w6,3,30
4b_duration_prior,4b_duration_prior__d15360__w6,4,34
4b_duration_prior,4b_duration_prior__d15360__w6,5,37
4b_duration_prior,4b_duration_prior__d15360__w6,6,45
4b_duration_prior,4b_duration_prior__d15360__w6,7,47
4b_duration_prior,4b_duration_prior__d15360__w6,8,62
4b_duration_prior,4b_duration_prior__d15360__w6,9,72
4b_duration_prior,4b_duration_prior__d15360__w6,10,90
4b_duration_prior,4b_duration_prior__d15360__w6,11,80
4b_duration_prior,4b_duration_prior__d15360__w6,12,70
4b_duration_prior,4b_duration_prior__d15360__w6,13,90
4b_duration_prior,4b_duration_prior__d15360__w6,14,104
4b_duration_prior,4b_duration_prior__d15360__w6,15,107
4b_duration_prior,4b_duration_prior__d15360__w6,16,118
4b_duration_prior,4b_duration_prior__d15360__w6,17,117
4b_duration_prior,4b_duration_prior__d15360__w6,18,94
4b_duration_prior,4b_duration_prior__d15360__w6,19,107
4b_duration_prior,4b_duration_prior__d15360__w6,20,115
4b_duration_prior,4b_duration_prior__d15360__w6,21,115
4b_duration_prior,4b_duration_prior__d15360__w6,22,101
4b_duration_prior,4b_duration_prior__d15360__w6,23,91
4b_duration_prior,4b_duration_prior__d15360__w6,24,82
4b_duration_prior,4b_duration_prior__d15360__w6,25,73
4b_duration_prior,4b_duration_prior__d15360__w6,26,42
4b_duration_prior,4b_duration_prior__d15360__w6,27,32
4b_duration_prior,4b_duration_prior__d15360__w6,28,45
4b_duration_prior,4b_duration_prior__d15360__w6,29,38
4b_duration_prior,4b_duration_prior__d15360__w6,30,55
4b_duration_prior,4b_duration_prior__d15360__w6,31,50
4b_duration_prior,4b_duration_prior__d15360__w6,32,77
4b_duration_prior,4b_duration_prior__d15360__w6,33,81
4b_duration_prior,4b_duration_prior__d15360__w6,34,69
4b_duration_prior,4b_duration_prior__d15360__w6,35,76
4b_duration_prior,4b_duration_prior__d15360__w6,36,83
4b_duration_prior,4b_duration_prior__d15360__w6,37,92
4b_duration_prior,4b_duration_prior__d15360__w6,38,113
4b_duration_prior,4b_duration_prior__d15360__w6,39,113
4b_duration_prior,4b_duration_prior__d15360__w6,40,115
4b_duration_prior,4b_duration_prior__d15360__w6,41,123
4b_duration_prior,4b_duration_prior__d15360__w6,42,124
4b_duration_prior,4b_duration_prior__d15360__w6,43,124
4b_duration_prior,4b_duration_prior__d15360__w6,44,133
4b_duration_prior,4b_duration_prior__d15360__w6,45,139
4b_duration_prior,4b_duration_prior__d15360__w6,46,106
4b_duration_prior,4b_duration_prior__d15360__w6,47,109
4b_duration_prior,4b_duration_prior__d15360__w6,48,83
4b_duration_prior,4b_duration_prior__d15360__w6,49,66
4b_duration_prior,4b_duration_prior__d15360__w6,50,46
4b_duration_prior,4b_duration_prior__d15360__w6,51,47
4b_duration_prior,4b_duration_prior__d15360__w6,52,39
4b_duration_prior,4b_duration_prior__d15360__w6,53,46
4b_duration_prior,4b_duration_prior__d15360__w6,54,51
4b_duration_prior,4b_duration_prior__d15360__w6,55,68
4b_duration_prior,4b_duration_prior__d15360__w6,56,64
4b_duration_prior,4b_duration_prior__d15360__w6,57,67
4b_duration_prior,4b_duration_prior__d15360__w6,58,66
4b_duration_prior,4b_duration_prior__d15360__w6,59,75
4b_duration_prior,4b_duration_prior__d15360__w6,60,79
4b_duration_prior,4b_duration_prior__d15360__w6,61,82
4b_duration_prior,4b_duration_prior__d15360__w6,62,90
4b_duration_prior,4b_duration_prior__d15360__w6,63,107
4b_duration_prior,4b_duration_prior__d15360__w6,64,114
4b_duration_prior,4b_duration_prior__d15360__w6,65,132
4b_duration_prior,4b_duration_prior__d15360__w6,66,131
4b_duration_prior,4b_duration_prior__d15360__w6,67,136
4b_duration_prior,4b_duration_prior__d15360__w6,68,121
4b_duration_prior,4b_duration_prior__d15360__w6,69,121
4b_duration_prior,4b_duration_prior__d15360__w6,70,106
4b_duration_prior,4b_duration_prior__d15360__w6,71,103
4b_duration_prior,4b_duration_prior__d15360__w6,72,90
4b_duration_prior,4b_duration_prior__d15360__w6,73,62
4b_duration_prior,4b_duration_prior__d15360__w6,74,60
4b_duration_prior,4b_duration_prior__d15360__w6,75,38
4b_duration_prior,4b_duration_prior__d15360__w6,76,49
4b_duration_prior,4b_duration_prior__d15360__w6,77,51
4b_duration_prior,4b_duration_prior__d15360__w6,78,71
4b_duration_prior,4b_duration_prior__d15360__w6,79,57
4b_duration_prior,4b_duration_prior__d15360__w6,80,74
4b_duration_prior,4b_duration_prior__d15360__w6,81,67
4b_duration_prior,4b_duration_prior__d15360__w6,82,71
4b_duration_prior,4b_duration_prior__d15360__w6,83,77
4b_duration_prior,4b_duration_prior__d15360__w6,84,84
4b_duration_prior,4b_duration_prior__d15360__w6,85,102
4b_duration_prior,4b_duration_prior__d15360__w6,86,109
4b_duration_prior,4b_duration_prior__d15360__w6,87,106
4b_duration_prior,4b_duration_prior__d15360__w6,88,122
4b_duration_prior,4b_duration_prior__d15360__w6,89,122
4b_duration_prior,4b_duration_prior__d15360__w6,90,121
4b_duration_prior,4b_duration_prior__d15360__w6,91,117
4b_duration_prior,4b_duration_prior__d15360__w6,92,120
4b_duration_prior,4b_duration_prior__d15360__w6,93,131
4b_duration_prior,4b_duration_prior__d15360__w6,94,124
4b_duration_prior,4b_duration_prior__d15360__w6,95,96
4b_duration_prior,4b_duration_prior__d15360__w6,96,77
4b_duration_prior,4b_duration_prior__d15360__w6,97,72
4b_duration_prior,4b_duration_prior__d15360__w6,98,47
4b_duration_prior,4b_duration_prior__d15360__w6,99,37
4b_duration_prior,4b_duration_prior__d15360__w6,100,30
4b_duration_prior,4b_duration_prior__d15360__w6,101,42
4b_duration_prior,4b_duration_prior__d15360__w6,102,51
4b_duration_prior,4b_duration_prior__d15360__w6,103,53
4b_duration_prior,4b_duration_prior__d15360__w6,104,62
4b_duration_prior,4b_duration_prior__d15360__w6,105,89
4b_duration_prior,4b_duration_prior__d15360__w6,106,76
4b_duration_prior,4b_duration_prior__d15360__w6,107,75
4b_duration_prior,4b_duration_prior__d15360__w6,108,73
4b_duration_prior,4b_duration_prior__d15360__w6,109,97
4b_duration_prior,4b_duration_prior__d15360__w6,110,110
4b_duration_prior,4b_duration_prior__d15360__w6,111,129
4b_duration_prior,4b_duration_prior__d15360__w6,112,128
4b_duration_prior,4b_duration_prior__d15360__w6,113,125
4b_duration_prior,4b_duration_prior__d15360__w6,114,128
4b_duration_prior,4b_duration_prior__d15360__w6,115,116
4b_duration_prior,4b_duration_prior__d15360__w6,116,114
4b_duration_prior,4b_duration_prior__d15360__w6,117,128
4b_duration_prior,4b_duration_prior__d15360__w6,118,128
4b_duration_prior,4b_duration_prior__d15360__w6,119,88
4b_duration_prior,4b_duration_prior__d15360__w6,120,79
4b_duration_prior,4b_duration_prior__d15360__w6,121,69
4b_duration_prior,4b_duration_prior__d15360__w6,122,40
4b_duration_prior,4b_duration_prior__d15360__w6,123,24
4b_duration_prior,4b_duration_prior__d15360__w6,124,21
4b_duration_prior,4b_duration_prior__d15360__w6,125,29
4b_duration_prior,4b_duration_prior__d15360__w6,126,20
4b_duration_prior,4b_duration_prior__d15360__w6,127,25
4b_duration_prior,4b_duration_prior__d15360__w6,128,15
4b_duration_prior,4b_duration_prior__d15360__w6,129,29
4b_duration_prior,4b_duration_prior__d15360__w6,130,41
4b_duration_prior,4b_duration_prior__d15360__w6,131,29
4b_duration_prior,4b_duration_prior__d15360__w6,132,27
4b_duration_prior,4b_duration_prior__d15360__w6,133,45
4b_duration_prior,4b_duration_prior__d15360__w6,134,34
4b_duration_prior,4b_duration_prior__d15360__w6,135,56
4b_duration_prior,4b_duration_prior__d15360__w6,136,42
4b_duration_prior,4b_duration_prior__d15360__w6,137,55
4b_duration_prior,4b_duration_prior__d15360__w6,138,41
4b_duration_prior,4b_duration_prior__d15360__w6,139,35
4b_duration_prior,4b_duration_prior__d15360__w6,140,50
4b_duration_prior,4b_duration_prior__d15360__w6,141,56
4b_duration_prior,4b_duration_prior__d15360__w6,142,54
4b_duration_prior,4b_duration_prior__d15360__w6,143,47
4b_duration_prior,4b_duration_prior__d15360__w6,144,43
4b_duration_prior,4b_duration_prior__d15360__w6,145,30
4b_duration_prior,4b_duration_prior__d15360__w6,146,30
4b_duration_prior,4b_duration_prior__d15360__w6,147,21
4b_duration_prior,4b_duration_prior__d15360__w6,148,24
4b_duration_prior,4b_duration_prior__d15360__w6,149,29
4b_duration_prior,4b_duration_prior__d15360__w6,150,27
4b_duration_prior,4b_duration_prior__d15360__w6,151,21
4b_duration_prior,4b_duration_prior__d15360__w6,152,18
4b_duration_prior,4b_duration_prior__d15360__w6,153,30
4b_duration_prior,4b_duration_prior__d15360__w6,154,25
4b_duration_prior,4b_duration_prior__d15360__w6,155,39
4b_duration_prior,4b_duration_prior__d15360__w6,156,34
4b_duration_prior,4b_duration_prior__d15360__w6,157,43
4b_duration_prior,4b_duration_prior__d15360__w6,158,38
4b_duration_prior,4b_duration_prior__d15360__w6,159,29
4b_duration_prior,4b_duration_prior__d15360__w6,160,35
4b_duration_prior,4b_duration_prior__d15360__w6,161,59
4b_duration_prior,4b_duration_prior__d15360__w6,162,52
4b_duration_prior,4b_duration_prior__d15360__w6,163,60
4b_duration_prior,4b_duration_prior__d15360__w6,164,52
4b_duration_prior,4b_duration_prior__d15360__w6,165,44
4b_duration_prior,4b_duration_prior__d15360__w6,166,59
4b_duration_prior,4b_duration_prior__d15360__w6,167,40
4b_duration_prior,4b_duration_prior__d0__w12,0,22
4b_duration_prior,4b_duration_prior__d0__w12,1,111
4b_duration_prior,4b_duration_prior__d0__w12,2,34
4b_duration_prior,4b_duration_prior__d0__w12,3,30
4b_duration_prior,4b_duration_prior__d0__w12,4,34
4b_duration_prior,4b_duration_prior__d0__w12,5,26
4b_duration_prior,4b_duration_prior__d0__w12,6,31
4b_duration_prior,4b_duration_prior__d0__w12,7,35
4b_duration_prior,4b_duration_prior__d0__w12,8,45
4b_duration_prior,4b_duration_prior__d0__w12,9,52
4b_duration_prior,4b_duration_prior__d0__w12,10,61
4b_duration_prior,4b_duration_prior__d0__w12,11,64
4b_duration_prior,4b_duration_prior__d0__w12,12,124
4b_duration_prior,4b_duration_prior__d0__w12,13,60
4b_duration_prior,4b_duration_prior__d0__w12,14,82
4b_duration_prior,4b_duration_prior__d0__w12,15,83
4b_duration_prior,4b_duration_prior__d0__w12,16,93
4b_duration_prior,4b_duration_prior__d0__w12,17,94
4b_duration_prior,4b_duration_prior__d0__w12,18,76
4b_duration_prior,4b_duration_prior__d0__w12,19,84
4b_duration_prior,4b_duration_prior__d0__w12,20,88
4b_duration_prior,4b_duration_prior__d0__w12,21,83
4b_duration_prior,4b_duration_prior__d0__w12,22,113
4b_duration_prior,4b_duration_prior__d0__w12,23,92
4b_duration_prior,4b_duration_prior__d0__w12,24,82
4b_duration_prior,4b_duration_prior__d0__w12,25,95
4b_duration_prior,4b_duration_prior__d0__w12,26,296
4b_duration_prior,4b_duration_prior__d0__w12,27,32
4b_duration_prior,4b_duration_prior__d0__w12,28,45
4b_duration_prior,4b_duration_prior__d0__w12,29,27
4b_duration_prior,4b_duration_prior__d0__w12,30,36
4b_duration_prior,4b_duration_prior__d0__w12,31,40
4b_duration_prior,4b_duration_prior__d0__w12,32,63
4b_duration_prior,4b_duration_prior__d0__w12,33,52
4b_duration_prior,4b_duration_prior__d0__w12,34,53
4b_duration_prior,4b_duration_prior__d0__w12,35,56
4b_duration_prior,4b_duration_prior__d0__w12,36,202
4b_duration_prior,4b_duration_prior__d0__w12,37,69
4b_duration_prior,4b_duration_prior__d0__w12,38,88
4b_duration_prior,4b_duration_prior__d0__w12,39,87
4b_duration_prior,4b_duration_prior__d0__w12,40,87
4b_duration_prior,4b_duration_prior__d0__w12,41,99
4b_duration_prior,4b_duration_prior__d0__w12,42,102
4b_duration_prior,4b_duration_prior__d0__w12,43,96
4b_duration_prior,4b_duration_prior__d0__w12,44,111
4b_duration_prior,4b_duration_prior__d0__w12,45,111
4b_duration_prior,4b_duration_prior__d0__w12,46,83
4b_duration_prior,4b_duration_prior__d0__w12,47,87
4b_duration_prior,4b_duration_prior__d0__w12,48,60
4b_duration_prior,4b_duration_prior__d0__w12,49,74
4b_duration_prior,4b_duration_prior__d0__w12,50,332
4b_duration_prior,4b_duration_prior__d0__w12,51,47
4b_duration_prior,4b_duration_prior__d0__w12,52,31
4b_duration_prior,4b_duration_prior__d0__w12,53,35
4b_duration_prior,4b_duration_prior__d0__w12,54,38
4b_duration_prior,4b_duration_prior__d0__w12,55,47
4b_duration_prior,4b_duration_prior__d0__w12,56,46
4b_duration_prior,4b_duration_prior__d0__w12,57,45
4b_duration_prior,4b_duration_prior__d0__w12,58,48
4b_duration_prior,4b_duration_prior__d0__w12,59,50
4b_duration_prior,4b_duration_prior__d0__w12,60,154
4b_duration_prior,4b_duration_prior__d0__w12,61,61
4b_duration_prior,4b_duration_prior__d0__w12,62,62
4b_duration_prior,4b_duration_prior__d0__w12,63,78
4b_duration_prior,4b_duration_prior__d0__w12,64,90
4b_duration_prior,4b_duration_prior__d0__w12,65,107
4b_duration_prior,4b_duration_prior__d0__w12,66,102
4b_duration_prior,4b_duration_prior__d0__w12,67,102
4b_duration_prior,4b_duration_prior__d0__w12,68,93
4b_duration_prior,4b_duration_prior__d0__w12,69,94
4b_duration_prior,4b_duration_prior__d0__w12,70,98
4b_duration_prior,4b_duration_prior__d0__w12,71,101
4b_duration_prior,4b_duration_prior__d0__w12,72,85
4b_duration_prior,4b_duration_prior__d0__w12,73,70
4b_duration_prior,4b_duration_prior__d0__w12,74,373
4b_duration_prior,4b_duration_prior__d0__w12,75,38
4b_duration_prior,4b_duration_prior__d0__w12,76,39
4b_duration_prior,4b_duration_prior__d0__w12,77,36
4b_duration_prior,4b_duration_prior__d0__w12,78,47
4b_duration_prior,4b_duration_prior__d0__w12,79,38
4b_duration_prior,4b_duration_prior__d0__w12,80,53
4b_duration_prior,4b_duration_prior__d0__w12,81,48
4b_duration_prior,4b_duration_prior__d0__w12,82,47
4b_duration_prior,4b_duration_prior__d0__w12,83,55
4b_duration_prior,4b_duration_prior__d0__w12,84,200
4b_duration_prior,4b_duration_prior__d0__w12,85,81
4b_duration_prior,4b_duration_prior__d0__w12,86,69
4b_duration_prior,4b_duration_prior__d0__w12,87,85
4b_duration_prior,4b_duration_prior__d0__w12,88,97
4b_duration_prior,4b_duration_prior__d0__w12,89,100
4b_duration_prior,4b_duration_prior__d0__w12,90,92
4b_duration_prior,4b_duration_prior__d0__w12,91,100
4b_duration_prior,4b_duration_prior__d0__w12,92,88
4b_duration_prior,4b_duration_prior__d0__w12,93,102
4b_duration_prior,4b_duration_prior__d0__w12,94,102
4b_duration_prior,4b_duration_prior__d0__w12,95,122
4b_duration_prior,4b_duration_prior__d0__w12,96,52
4b_duration_prior,4b_duration_prior__d0__w12,97,79
4b_duration_prior,4b_duration_prior__d0__w12,98,335
4b_duration_prior,4b_duration_prior__d0__w12,99,30
4b_duration_prior,4b_duration_prior__d0__w12,100,23
4b_duration_prior,4b_duration_prior__d0__w12,101,33
4b_duration_prior,4b_duration_prior__d0__w12,102,40
4b_duration_prior,4b_duration_prior__d0__w12,103,40
4b_duration_prior,4b_duration_prior__d0__w12,104,44
4b_duration_prior,4b_duration_prior__d0__w12,105,54
4b_duration_prior,4b_duration_prior__d0__w12,106,59
4b_duration_prior,4b_duration_prior__d0__w12,107,56
4b_duration_prior,4b_duration_prior__d0__w12,108,209
4b_duration_prior,4b_duration_prior__d0__w12,109,72
4b_duration_prior,4b_duration_prior__d0__w12,110,84
4b_duration_prior,4b_duration_prior__d0__w12,111,106
4b_duration_prior,4b_duration_prior__d0__w12,112,95
4b_duration_prior,4b_duration_prior__d0__w12,113,110
4b_duration_prior,4b_duration_prior__d0__w12,114,103
4b_duration_prior,4b_duration_prior__d0__w12,115,91
4b_duration_prior,4b_duration_prior__d0__w12,116,91
4b_duration_prior,4b_duration_prior__d0__w12,117,103
4b_duration_prior,4b_duration_prior__d0__w12,118,105
4b_duration_prior,4b_duration_prior__d0__w12,119,73
4b_duration_prior,4b_duration_prior__d0__w12,120,60
4b_duration_prior,4b_duration_prior__d0__w12,121,85
4b_duration_prior,4b_duration_prior__d0__w12,122,60
4b_duration_prior,4b_duration_prior__d0__w12,123,188
4b_duration_prior,4b_duration_prior__d0__w12,124,17
4b_duration_prior,4b_duration_prior__d0__w12,125,26
4b_duration_prior,4b_duration_prior__d0__w12,126,14
4b_duration_prior,4b_duration_prior__d0__w12,127,18
4b_duration_prior,4b_duration_prior__d0__w12,128,12
4b_duration_prior,4b_duration_prior__d0__w12,129,21
4b_duration_prior,4b_duration_prior__d0__w12,130,61
4b_duration_prior,4b_duration_prior__d0__w12,131,35
4b_duration_prior,4b_duration_prior__d0__w12,132,109
4b_duration_prior,4b_duration_prior__d0__w12,133,41
4b_duration_prior,4b_duration_prior__d0__w12,134,29
4b_duration_prior,4b_duration_prior__d0__w12,135,50
4b_duration_prior,4b_duration_prior__d0__w12,136,36
4b_duration_prior,4b_duration_prior__d0__w12,137,45
4b_duration_prior,4b_duration_prior__d0__w12,138,33
4b_duration_prior,4b_duration_prior__d0__w12,139,30
4b_duration_prior,4b_duration_prior__d0__w12,140,44
4b_duration_prior,4b_duration_prior__d0__w12,141,43
4b_duration_prior,4b_duration_prior__d0__w12,142,48
4b_duration_prior,4b_duration_prior__d0__w12,143,38
4b_duration_prior,4b_duration_prior__d0__w12,144,32
4b_duration_prior,4b_duration_prior__d0__w12,145,29
4b_duration_prior,4b_duration_prior__d0__w12,146,30
4b_duration_prior,4b_duration_prior__d0__w12,147,61
4b_duration_prior,4b_duration_prior__d0__w12,148,22
4b_duration_prior,4b_duration_prior__d0__w12,149,25
4b_duration_prior,4b_duration_prior__d0__w12,150,23
4b_duration_prior,4b_duration_prior__d0__w12,151,13
4b_duration_prior,4b_duration_prior__d0__w12,152,13
4b_duration_prior,4b_duration_prior__d0__w12,153,39
4b_duration_prior,4b_duration_prior__d0__w12,154,26
4b_duration_prior,4b_duration_prior__d0__w12,155,102
4b_duration_prior,4b_duration_prior__d0__w12,156,34
4b_duration_prior,4b_duration_prior__d0__w12,157,43
4b_duration_prior,4b_duration_prior__d0__w12,158,28
4b_duration_prior,4b_duration_prior__d0__w12,159,26
4b_duration_prior,4b_duration_prior__d0__w12,160,30
4b_duration_prior,4b_duration_prior__d0__w12,161,54
4b_duration_prior,4b_duration_prior__d0__w12,162,45
4b_duration_prior,4b_duration_prior__d0__w12,163,50
4b_duration_prior,4b_duration_prior__d0__w12,164,45
4b_duration_prior,4b_duration_prior__d0__w12,165,34
4b_duration_prior,4b_duration_prior__d0__w12,166,54
4b_duration_prior,4b_duration_prior__d0__w12,167,34
4b_duration_prior,4b_duration_prior__d60__w12,0,22
4b_duration_prior,4b_duration_prior__d60__w12,1,107
4b_duration_prior,4b_duration_prior__d60__w12,2,34
4b_duration_prior,4b_duration_prior__d60__w12,3,30
4b_duration_prior,4b_duration_prior__d60__w12,4,34
4b_duration_prior,4b_duration_prior__d60__w12,5,26
4b_duration_prior,4b_duration_prior__d60__w12,6,33
4b_duration_prior,4b_duration_prior__d60__w12,7,36
4b_duration_prior,4b_duration_prior__d60__w12,8,45
4b_duration_prior,4b_duration_prior__d60__w12,9,52
4b_duration_prior,4b_duration_prior__d60__w12,10,62
4b_duration_prior,4b_duration_prior__d60__w12,11,64
4b_duration_prior,4b_duration_prior__d60__w12,12,122
4b_duration_prior,4b_duration_prior__d60__w12,13,61
4b_duration_prior,4b_duration_prior__d60__w12,14,82
4b_duration_prior,4b_duration_prior__d60__w12,15,83
4b_duration_prior,4b_duration_prior__d60__w12,16,93
4b_duration_prior,4b_duration_prior__d60__w12,17,96
4b_duration_prior,4b_duration_prior__d60__w12,18,76
4b_duration_prior,4b_duration_prior__d60__w12,19,88
4b_duration_prior,4b_duration_prior__d60__w12,20,88
4b_duration_prior,4b_duration_prior__d60__w12,21,83
4b_duration_prior,4b_duration_prior__d60__w12,22,113
4b_duration_prior,4b_duration_prior__d60__w12,23,92
4b_duration_prior,4b_duration_prior__d60__w12,24,83
4b_duration_prior,4b_duration_prior__d60__w12,25,94
4b_duration_prior,4b_duration_prior__d60__w12,26,287
4b_duration_prior,4b_duration_prior__d60__w12,27,32
4b_duration_prior,4b_duration_prior__d60__w12,28,45
4b_duration_prior,4b_duration_prior__d60__w12,29,28
4b_duration_prior,4b_duration_prior__d60__w12,30,36
4b_duration_prior,4b_duration_prior__d60__w12,31,40
4b_duration_prior,4b_duration_prior__d60__w12,32,63
4b_duration_prior,4b_duration_prior__d60__w12,33,55
4b_duration_prior,4b_duration_prior__d60__w12,34,55
4b_duration_prior,4b_duration_prior__d60__w12,35,56
4b_duration_prior,4b_duration_prior__d60__w12,36,196
4b_duration_prior,4b_duration_prior__d60__w12,37,73
4b_duration_prior,4b_duration_prior__d60__w12,38,90
4b_duration_prior,4b_duration_prior__d60__w12,39,88
4b_duration_prior,4b_duration_prior__d60__w12,40,87
4b_duration_prior,4b_duration_prior__d60__w12,41,100
4b_duration_prior,4b_duration_prior__d60__w12,42,102
4b_duration_prior,4b_duration_prior__d60__w12,43,96
4b_duration_prior,4b_duration_prior__d60__w12,44,111
4b_duration_prior,4b_duration_prior__d60__w12,45,111
4b_duration_prior,4b_duration_prior__d60__w12,46,85
4b_duration_prior,4b_duration_prior__d60__w12,47,87
4b_duration_prior,4b_duration_prior__d60__w12,48,60
4b_duration_prior,4b_duration_prior__d60__w12,49,70
4b_duration_prior,4b_duration_prior__d60__w12,50,326
4b_duration_prior,4b_duration_prior__d60__w12,51,47
4b_duration_prior,4b_duration_prior__d60__w12,52,31
4b_duration_prior,4b_duration_prior__d60__w12,53,36
4b_duration_prior,4b_duration_prior__d60__w12,54,38
4b_duration_prior,4b_duration_prior__d60__w12,55,48
4b_duration_prior,4b_duration_prior__d60__w12,56,46
4b_duration_prior,4b_duration_prior__d60__w12,57,45
4b_duration_prior,4b_duration_prior__d60__w12,58,49
4b_duration_prior,4b_duration_prior__d60__w12,59,51
4b_duration_prior,4b_duration_prior__d60__w12,60,153
4b_duration_prior,4b_duration_prior__d60__w12,61,61
4b_duration_prior,4b_duration_prior__d60__w12,62,62
4b_duration_prior,4b_duration_prior__d60__w12,63,78
4b_duration_prior,4b_duration_prior__d60__w12,64,91
4b_duration_prior,4b_duration_prior__d60__w12,65,107
4b_duration_prior,4b_duration_prior__d60__w12,66,102
4b_duration_prior,4b_duration_prior__d60__w12,67,105
4b_duration_prior,4b_duration_prior__d60__w12,68,93
4b_duration_prior,4b_duration_prior__d60__w12,69,96
4b_duration_prior,4b_duration_prior__d60__w12,70,99
4b_duration_prior,4b_duration_prior__d60__w12,71,104
4b_duration_prior,4b_duration_prior__d60__w12,72,84
4b_duration_prior,4b_duration_prior__d60__w12,73,70
4b_duration_prior,4b_duration_prior__d60__w12,74,361
4b_duration_prior,4b_duration_prior__d60__w12,75,38
4b_duration_prior,4b_duration_prior__d60__w12,76,39
4b_duration_prior,4b_duration_prior__d60__w12,77,36
4b_duration_prior,4b_duration_prior__d60__w12,78,50
4b_duration_prior,4b_duration_prior__d60__w12,79,39
4b_duration_prior,4b_duration_prior__d60__w12,80,53
4b_duration_prior,4b_duration_prior__d60__w12,81,48
4b_duration_prior,4b_duration_prior__d60__w12,82,48
4b_duration_prior,4b_duration_prior__d60__w12,83,56
4b_duration_prior,4b_duration_prior__d60__w12,84,196
4b_duration_prior,4b_duration_prior__d60__w12,85,81
4b_duration_prior,4b_duration_prior__d60__w12,86,70
4b_duration_prior,4b_duration_prior__d60__w12,87,85
4b_duration_prior,4b_duration_prior__d60__w12,88,99
4b_duration_prior,4b_duration_prior__d60__w12,89,100
4b_duration_prior,4b_duration_prior__d60__w12,90,93
4b_duration_prior,4b_duration_prior__d60__w12,91,100
4b_duration_prior,4b_duration_prior__d60__w12,92,89
4b_duration_prior,4b_duration_prior__d60__w12,93,103
4b_duration_prior,4b_duration_prior__d60__w12,94,102
4b_duration_prior,4b_duration_prior__d60__w12,95,121
4b_duration_prior,4b_duration_prior__d60__w12,96,54
4b_duration_prior,4b_duration_prior__d60__w12,97,79
4b_duration_prior,4b_duration_prior__d60__w12,98,326
4b_duration_prior,4b_duration_prior__d60__w12,99,30
4b_duration_prior,4b_duration_prior__d60__w12,100,23
4b_duration_prior,4b_duration_prior__d60__w12,101,34
4b_duration_prior,4b_duration_prior__d60__w12,102,43
4b_duration_prior,4b_duration_prior__d60__w12,103,42
4b_duration_prior,4b_duration_prior__d60__w12,104,45
4b_duration_prior,4b_duration_prior__d60__w12,105,57
4b_duration_prior,4b_duration_prior__d60__w12,106,60
4b_duration_prior,4b_duration_prior__d60__w12,107,56
4b_duration_prior,4b_duration_prior__d60__w12,108,198
4b_duration_prior,4b_duration_prior__d60__w12,109,73
4b_duration_prior,4b_duration_prior__d60__w12,110,84
4b_duration_prior,4b_duration_prior__d60__w12,111,106
4b_duration_prior,4b_duration_prior__d60__w12,112,97
4b_duration_prior,4b_duration_prior__d60__w12,113,111
4b_duration_prior,4b_duration_prior__d60__w12,114,105
4b_duration_prior,4b_duration_prior__d60__w12,115,92
4b_duration_prior,4b_duration_prior__d60__w12,116,94
4b_duration_prior,4b_duration_prior__d60__w12,117,103
4b_duration_prior,4b_duration_prior__d60__w12,118,106
4b_duration_prior,4b_duration_prior__d60__w12,119,74
4b_duration_prior,4b_duration_prior__d60__w12,120,62
4b_duration_prior,4b_duration_prior__d60__w12,121,84
4b_duration_prior,4b_duration_prior__d60__w12,122,60
4b_duration_prior,4b_duration_prior__d60__w12,123,179
4b_duration_prior,4b_duration_prior__d60__w12,124,17
4b_duration_prior,4b_duration_prior__d60__w12,125,26
4b_duration_prior,4b_duration_prior__d60__w12,126,14
4b_duration_prior,4b_duration_prior__d60__w12,127,19
4b_duration_prior,4b_duration_prior__d60__w12,128,12
4b_duration_prior,4b_duration_prior__d60__w12,129,22
4b_duration_prior,4b_duration_prior__d60__w12,130,60
4b_duration_prior,4b_duration_prior__d60__w12,131,34
4b_duration_prior,4b_duration_prior__d60__w12,132,105
4b_duration_prior,4b_duration_prior__d60__w12,133,41
4b_duration_prior,4b_duration_prior__d60__w12,134,29
4b_duration_prior,4b_duration_prior__d60__w12,135,51
4b_duration_prior,4b_duration_prior__d60__w12,136,36
4b_duration_prior,4b_duration_prior__d60__w12,137,45
4b_duration_prior,4b_duration_prior__d60__w12,138,33
4b_duration_prior,4b_duration_prior__d60__w12,139,31
4b_duration_prior,4b_duration_prior__d60__w12,140,44
4b_duration_prior,4b_duration_prior__d60__w12,141,45
4b_duration_prior,4b_duration_prior__d60__w12,142,48
4b_duration_prior,4b_duration_prior__d60__w12,143,40
4b_duration_prior,4b_duration_prior__d60__w12,144,32
4b_duration_prior,4b_duration_prior__d60__w12,145,29
4b_duration_prior,4b_duration_prior__d60__w12,146,30
4b_duration_prior,4b_duration_prior__d60__w12,147,59
4b_duration_prior,4b_duration_prior__d60__w12,148,22
4b_duration_prior,4b_duration_prior__d60__w12,149,25
4b_duration_prior,4b_duration_prior__d60__w12,150,24
4b_duration_prior,4b_duration_prior__d60__w12,151,14
4b_duration_prior,4b_duration_prior__d60__w12,152,14
4b_duration_prior,4b_duration_prior__d60__w12,153,37
4b_duration_prior,4b_duration_prior__d60__w12,154,26
4b_duration_prior,4b_duration_prior__d60__w12,155,97
4b_duration_prior,4b_duration_prior__d60__w12,156,34
4b_duration_prior,4b_duration_prior__d60__w12,157,43
4b_duration_prior,4b_duration_prior__d60__w12,158,28
4b_duration_prior,4b_duration_prior__d60__w12,159,26
4b_duration_prior,4b_duration_prior__d60__w12,160,31
4b_duration_prior,4b_duration_prior__d60__w12,161,54
4b_duration_prior,4b_duration_prior__d60__w12,162,46
4b_duration_prior,4b_duration_prior__d60__w12,163,50
4b_duration_prior,4b_duration_prior__d60__w12,164,46
4b_duration_prior,4b_duration_prior__d60__w12,165,35
4b_duration_prior,4b_duration_prior__d60__w12,166,54
4b_duration_prior,4b_duration_prior__d60__w12,167,34
4b_duration_prior,4b_duration_prior__d120__w12,0,23
4b_duration_prior,4b_duration_prior__d120__w12,1,100
4b_duration_prior,4b_duration_prior__d120__w12,2,34
4b_duration_prior,4b_duration_prior__d120__w12,3,30
4b_duration_prior,4b_duration_prior__d120__w12,4,34
4b_duration_prior,4b_duration_prior__d120__w12,5,26
4b_duration_prior,4b_duration_prior__d120__w12,6,33
4b_duration_prior,4b_duration_prior__d120__w12,7,38
4b_duration_prior,4b_duration_prior__d120__w12,8,45
4b_duration_prior,4b_duration_prior__d120__w12,9,54
4b_duration_prior,4b_duration_prior__d120__w12,10,62
4b_duration_prior,4b_duration_prior__d120__w12,11,64
4b_duration_prior,4b_duration_prior__d120__w12,12,118
4b_duration_prior,4b_duration_prior__d120__w12,13,62
4b_duration_prior,4b_duration_prior__d120__w12,14,82
4b_duration_prior,4b_duration_prior__d120__w12,15,83
4b_duration_prior,4b_duration_prior__d120__w12,16,93
4b_duration_prior,4b_duration_prior__d120__w12,17,98
4b_duration_prior,4b_duration_prior__d120__w12,18,78
4b_duration_prior,4b_duration_prior__d120__w12,19,89
4b_duration_prior,4b_duration_prior__d120__w12,20,89
4b_duration_prior,4b_duration_prior__d120__w12,21,83
4b_duration_prior,4b_duration_prior__d120__w12,22,113
4b_duration_prior,4b_duration_prior__d120__w12,23,92
4b_duration_prior,4b_duration_prior__d120__w12,24,83
4b_duration_prior,4b_duration_prior__d120__w12,25,93
4b_duration_prior,4b_duration_prior__d120__w12,26,281
4b_duration_prior,4b_duration_prior__d120__w12,27,32
4b_duration_prior,4b_duration_prior__d120__w12,28,45
4b_duration_prior,4b_duration_prior__d120__w12,29,31
4b_duration_prior,4b_duration_prior__d120__w12,30,37
4b_duration_prior,4b_duration_prior__d120__w12,31,40
4b_duration_prior,4b_duration_prior__d120__w12,32,64
4b_duration_prior,4b_duration_prior__d120__w12,33,56
4b_duration_prior,4b_duration_prior__d120__w12,34,55
4b_duration_prior,4b_duration_prior__d120__w12,35,58
4b_duration_prior,4b_duration_prior__d120__w12,36,188
4b_duration_prior,4b_duration_prior__d120__w12,37,73
4b_duration_prior,4b_duration_prior__d120__w12,38,90
4b_duration_prior,4b_duration_prior__d120__w12,39,90
4b_duration_prior,4b_duration_prior__d120__w12,40,87
4b_duration_prior,4b_duration_prior__d120__w12,41,102
4b_duration_prior,4b_duration_prior__d120__w12,42,102
4b_duration_prior,4b_duration_prior__d120__w12,43,98
4b_duration_prior,4b_duration_prior__d120__w12,44,114
4b_duration_prior,4b_duration_prior__d120__w12,45,112
4b_duration_prior,4b_duration_prior__d120__w12,46,85
4b_duration_prior,4b_duration_prior__d120__w12,47,88
4b_duration_prior,4b_duration_prior__d120__w12,48,60
4b_duration_prior,4b_duration_prior__d120__w12,49,70
4b_duration_prior,4b_duration_prior__d120__w12,50,315
4b_duration_prior,4b_duration_prior__d120__w12,51,47
4b_duration_prior,4b_duration_prior__d120__w12,52,31
4b_duration_prior,4b_duration_prior__d120__w12,53,36
4b_duration_prior,4b_duration_prior__d120__w12,54,39
4b_duration_prior,4b_duration_prior__d120__w12,55,48
4b_duration_prior,4b_duration_prior__d120__w12,56,47
4b_duration_prior,4b_duration_prior__d120__w12,57,45
4b_duration_prior,4b_duration_prior__d120__w12,58,50
4b_duration_prior,4b_duration_prior__d120__w12,59,51
4b_duration_prior,4b_duration_prior__d120__w12,60,152
4b_duration_prior,4b_duration_prior__d120__w12,61,61
4b_duration_prior,4b_duration_prior__d120__w12,62,63
4b_duration_prior,4b_duration_prior__d120__w12,63,78
4b_duration_prior,4b_duration_prior__d120__w12,64,91
4b_duration_prior,4b_duration_prior__d120__w12,65,107
4b_duration_prior,4b_duration_prior__d120__w12,66,104
4b_duration_prior,4b_duration_prior__d120__w12,67,105
4b_duration_prior,4b_duration_prior__d120__w12,68,94
4b_duration_prior,4b_duration_prior__d120__w12,69,97
4b_duration_prior,4b_duration_prior__d120__w12,70,99
4b_duration_prior,4b_duration_prior__d120__w12,71,104
4b_duration_prior,4b_duration_prior__d120__w12,72,83
4b_duration_prior,4b_duration_prior__d120__w12,73,71
4b_duration_prior,4b_duration_prior__d120__w12,74,354
4b_duration_prior,4b_duration_prior__d120__w12,75,38
4b_duration_prior,4b_duration_prior__d120__w12,76,39
4b_duration_prior,4b_duration_prior__d120__w12,77,36
4b_duration_prior,4b_duration_prior__d120__w12,78,50
4b_duration_prior,4b_duration_prior__d120__w12,79,39
4b_duration_prior,4b_duration_prior__d120__w12,80,53
4b_duration_prior,4b_duration_prior__d120__w12,81,49
4b_duration_prior,4b_duration_prior__d120__w12,82,50
4b_duration_prior,4b_duration_prior__d120__w12,83,56
4b_duration_prior,4b_duration_prior__d120__w12,84,193
4b_duration_prior,4b_duration_prior__d120__w12,85,81
4b_duration_prior,4b_duration_prior__d120__w12,86,71
4b_duration_prior,4b_duration_prior__d120__w12,87,86
4b_duration_prior,4b_duration_prior__d120__w12,88,100
4b_duration_prior,4b_duration_prior__d120__w12,89,100
4b_duration_prior,4b_duration_prior__d120__w12,90,93
4b_duration_prior,4b_duration_prior__d120__w12,91,103
4b_duration_prior,4b_duration_prior__d120__w12,92,89
4b_duration_prior,4b_duration_prior__d120__w12,93,103
4b_duration_prior,4b_duration_prior__d120__w12,94,103
4b_duration_prior,4b_duration_prior__d120__w12,95,121
4b_duration_prior,4b_duration_prior__d120__w12,96,55
4b_duration_prior,4b_duration_prior__d120__w12,97,79
4b_duration_prior,4b_duration_prior__d120__w12,98,318
4b_duration_prior,4b_duration_prior__d120__w12,99,31
4b_duration_prior,4b_duration_prior__d120__w12,100,23
4b_duration_prior,4b_duration_prior__d120__w12,101,34
4b_duration_prior,4b_duration_prior__d120__w12,102,44
4b_duration_prior,4b_duration_prior__d120__w12,103,42
4b_duration_prior,4b_duration_prior__d120__w12,104,45
4b_duration_prior,4b_duration_prior__d120__w12,105,58
4b_duration_prior,4b_duration_prior__d120__w12,106,60
4b_duration_prior,4b_duration_prior__d120__w12,107,57
4b_duration_prior,4b_duration_prior__d120__w12,108,194
4b_duration_prior,4b_duration_prior__d120__w12,109,76
4b_duration_prior,4b_duration_prior__d120__w12,110,85
4b_duration_prior,4b_duration_prior__d120__w12,111,106
4b_duration_prior,4b_duration_prior__d120__w12,112,98
4b_duration_prior,4b_duration_prior__d120__w12,113,113
4b_duration_prior,4b_duration_prior__d120__w12,114,106
4b_duration_prior,4b_duration_prior__d120__w12,115,92
4b_duration_prior,4b_duration_prior__d120__w12,116,95
4b_duration_prior,4b_duration_prior__d120__w12,117,105
4b_duration_prior,4b_duration_prior__d120__w12,118,108
4b_duration_prior,4b_duration_prior__d120__w12,119,74
4b_duration_prior,4b_duration_prior__d120__w12,120,62
4b_duration_prior,4b_duration_prior__d120__w12,121,81
4b_duration_prior,4b_duration_prior__d120__w12,122,59
4b_duration_prior,4b_duration_prior__d120__w12,123,172
4b_duration_prior,4b_duration_prior__d120__w12,124,18
4b_duration_prior,4b_duration_prior__d120__w12,125,26
4b_duration_prior,4b_duration_prior__d120__w12,126,14
4b_duration_prior,4b_duration_prior__d120__w12,127,19
4b_duration_prior,4b_duration_prior__d120__w12,128,12
4b_duration_prior,4b_duration_prior__d120__w12,129,22
4b_duration_prior,4b_duration_prior__d120__w12,130,59
4b_duration_prior,4b_duration_prior__d120__w12,131,34
4b_duration_prior,4b_duration_prior__d120__w12,132,103
4b_duration_prior,4b_duration_prior__d120__w12,133,41
4b_duration_prior,4b_duration_prior__d120__w12,134,29
4b_duration_prior,4b_duration_prior__d120__w12,135,51
4b_duration_prior,4b_duration_prior__d120__w12,136,37
4b_duration_prior,4b_duration_prior__d120__w12,137,46
4b_duration_prior,4b_duration_prior__d120__w12,138,33
4b_duration_prior,4b_duration_prior__d120__w12,139,31
4b_duration_prior,4b_duration_prior__d120__w12,140,44
4b_duration_prior,4b_duration_prior__d120__w12,141,45
4b_duration_prior,4b_duration_prior__d120__w12,142,49
4b_duration_prior,4b_duration_prior__d120__w12,143,40
4b_duration_prior,4b_duration_prior__d120__w12,144,33
4b_duration_prior,4b_duration_prior__d120__w12,145,29
4b_duration_prior,4b_duration_prior__d120__w12,146,31
4b_duration_prior,4b_duration_prior__d120__w12,147,57
4b_duration_prior,4b_duration_prior__d120__w12,148,22
4b_duration_prior,4b_duration_prior__d120__w12,149,26
4b_duration_prior,4b_duration_prior__d120__w12,150,24
4b_duration_prior,4b_duration_prior__d120__w12,151,14
4b_duration_prior,4b_duration_prior__d120__w12,152,14
4b_duration_prior,4b_duration_prior__d120__w12,153,37
4b_duration_prior,4b_duration_prior__d120__w12,154,27
4b_duration_prior,4b_duration_prior__d120__w12,155,92
4b_duration_prior,4b_duration_prior__d120__w12,156,34
4b_duration_prior,4b_duration_prior__d120__w12,157,43
4b_duration_prior,4b_duration_prior__d120__w12,158,29
4b_duration_prior,4b_duration_prior__d120__w12,159,26
4b_duration_prior,4b_duration_prior__d120__w12,160,31
4b_duration_prior,4b_duration_prior__d120__w12,161,56
4b_duration_prior,4b_duration_prior__d120__w12,162,46
4b_duration_prior,4b_duration_prior__d120__w12,163,53
4b_duration_prior,4b_duration_prior__d120__w12,164,46
4b_duration_prior,4b_duration_prior__d120__w12,165,35
4b_duration_prior,4b_duration_prior__d120__w12,166,54
4b_duration_prior,4b_duration_prior__d120__w12,167,34
4b_duration_prior,4b_duration_prior__d240__w12,0,26
4b_duration_prior,4b_duration_prior__d240__w12,1,79
4b_duration_prior,4b_duration_prior__d240__w12,2,34
4b_duration_prior,4b_duration_prior__d240__w12,3,30
4b_duration_prior,4b_duration_prior__d240__w12,4,34
4b_duration_prior,4b_duration_prior__d240__w12,5,27
4b_duration_prior,4b_duration_prior__d240__w12,6,35
4b_duration_prior,4b_duration_prior__d240__w12,7,40
4b_duration_prior,4b_duration_prior__d240__w12,8,48
4b_duration_prior,4b_duration_prior__d240__w12,9,55
4b_duration_prior,4b_duration_prior__d240__w12,10,69
4b_duration_prior,4b_duration_prior__d240__w12,11,70
4b_duration_prior,4b_duration_prior__d240__w12,12,115
4b_duration_prior,4b_duration_prior__d240__w12,13,69
4b_duration_prior,4b_duration_prior__d240__w12,14,89
4b_duration_prior,4b_duration_prior__d240__w12,15,87
4b_duration_prior,4b_duration_prior__d240__w12,16,97
4b_duration_prior,4b_duration_prior__d240__w12,17,100
4b_duration_prior,4b_duration_prior__d240__w12,18,83
4b_duration_prior,4b_duration_prior__d240__w12,19,94
4b_duration_prior,4b_duration_prior__d240__w12,20,96
4b_duration_prior,4b_duration_prior__d240__w12,21,90
4b_duration_prior,4b_duration_prior__d240__w12,22,111
4b_duration_prior,4b_duration_prior__d240__w12,23,87
4b_duration_prior,4b_duration_prior__d240__w12,24,78
4b_duration_prior,4b_duration_prior__d240__w12,25,89
4b_duration_prior,4b_duration_prior__d240__w12,26,230
4b_duration_prior,4b_duration_prior__d240__w12,27,32
4b_duration_prior,4b_duration_prior__d240__w12,28,45
4b_duration_prior,4b_duration_prior__d240__w12,29,33
4b_duration_prior,4b_duration_prior__d240__w12,30,44
4b_duration_prior,4b_duration_prior__d240__w12,31,40
4b_duration_prior,4b_duration_prior__d240__w12,32,66
4b_duration_prior,4b_duration_prior__d240__w12,33,59
4b_duration_prior,4b_duration_prior__d240__w12,34,58
4b_duration_prior,4b_duration_prior__d240__w12,35,62
4b_duration_prior,4b_duration_prior__d240__w12,36,167
4b_duration_prior,4b_duration_prior__d240__w12,37,79
4b_duration_prior,4b_duration_prior__d240__w12,38,96
4b_duration_prior,4b_duration_prior__d240__w12,39,94
4b_duration_prior,4b_duration_prior__d240__w12,40,94
4b_duration_prior,4b_duration_prior__d240__w12,41,107
4b_duration_prior,4b_duration_prior__d240__w12,42,109
4b_duration_prior,4b_duration_prior__d240__w12,43,101
4b_duration_prior,4b_duration_prior__d240__w12,44,121
4b_duration_prior,4b_duration_prior__d240__w12,45,118
4b_duration_prior,4b_duration_prior__d240__w12,46,89
4b_duration_prior,4b_duration_prior__d240__w12,47,90
4b_duration_prior,4b_duration_prior__d240__w12,48,60
4b_duration_prior,4b_duration_prior__d240__w12,49,75
4b_duration_prior,4b_duration_prior__d240__w12,50,253
4b_duration_prior,4b_duration_prior__d240__w12,51,47
4b_duration_prior,4b_duration_prior__d240__w12,52,36
4b_duration_prior,4b_duration_prior__d240__w12,53,39
4b_duration_prior,4b_duration_prior__d240__w12,54,41
4b_duration_prior,4b_duration_prior__d240__w12,55,54
4b_duration_prior,4b_duration_prior__d240__w12,56,51
4b_duration_prior,4b_duration_prior__d240__w12,57,53
4b_duration_prior,4b_duration_prior__d240__w12,58,55
4b_duration_prior,4b_duration_prior__d240__w12,59,56
4b_duration_prior,4b_duration_prior__d240__w12,60,129
4b_duration_prior,4b_duration_prior__d240__w12,61,71
4b_duration_prior,4b_duration_prior__d240__w12,62,67
4b_duration_prior,4b_duration_prior__d240__w12,63,83
4b_duration_prior,4b_duration_prior__d240__w12,64,95
4b_duration_prior,4b_duration_prior__d240__w12,65,112
4b_duration_prior,4b_duration_prior__d240__w12,66,109
4b_duration_prior,4b_duration_prior__d240__w12,67,111
4b_duration_prior,4b_duration_prior__d240__w12,68,96
4b_duration_prior,4b_duration_prior__d240__w12,69,101
4b_duration_prior,4b_duration_prior__d240__w12,70,102
4b_duration_prior,4b_duration_prior__d240__w12,71,107
4b_duration_prior,4b_duration_prior__d240__w12,72,82
4b_duration_prior,4b_duration_prior__d240__w12,73,65
4b_duration_prior,4b_duration_prior__d240__w12,74,295
4b_duration_prior,4b_duration_prior__d240__w12,75,38
4b_duration_prior,4b_duration_prior__d240__w12,76,42
4b_duration_prior,4b_duration_prior__d240__w12,77,41
4b_duration_prior,4b_duration_prior__d240__w12,78,55
4b_duration_prior,4b_duration_prior__d240__w12,79,43
4b_duration_prior,4b_duration_prior__d240__w12,80,57
4b_duration_prior,4b_duration_prior__d240__w12,81,51
4b_duration_prior,4b_duration_prior__d240__w12,82,53
4b_duration_prior,4b_duration_prior__d240__w12,83,58
4b_duration_prior,4b_duration_prior__d240__w12,84,172
4b_duration_prior,4b_duration_prior__d240__w12,85,85
4b_duration_prior,4b_duration_prior__d240__w12,86,80
4b_duration_prior,4b_duration_prior__d240__w12,87,91
4b_duration_prior,4b_duration_prior__d240__w12,88,107
4b_duration_prior,4b_duration_prior__d240__w12,89,103
4b_duration_prior,4b_duration_prior__d240__w12,90,95
4b_duration_prior,4b_duration_prior__d240__w12,91,107
4b_duration_prior,4b_duration_prior__d240__w12,92,95
4b_duration_prior,4b_duration_prior__d240__w12,93,111
4b_duration_prior,4b_duration_prior__d240__w12,94,107
4b_duration_prior,4b_duration_prior__d240__w12,95,117
4b_duration_prior,4b_duration_prior__d240__w12,96,56
4b_duration_prior,4b_duration_prior__d240__w12,97,78
4b_duration_prior,4b_duration_prior__d240__w12,98,263
4b_duration_prior,4b_duration_prior__d240__w12,99,31
4b_duration_prior,4b_duration_prior__d240__w12,100,25
4b_duration_prior,4b_duration_prior__d240__w12,101,37
4b_duration_prior,4b_duration_prior__d240__w12,102,46
4b_duration_prior,4b_duration_prior__d240__w12,103,44
4b_duration_prior,4b_duration_prior__d240__w12,104,51
4b_duration_prior,4b_duration_prior__d240__w12,105,62
4b_duration_prior,4b_duration_prior__d240__w12,106,66
4b_duration_prior,4b_duration_prior__d240__w12,107,63
4b_duration_prior,4b_duration_prior__d240__w12,108,163
4b_duration_prior,4b_duration_prior__d240__w12,109,80
4b_duration_prior,4b_duration_prior__d240__w12,110,90
4b_duration_prior,4b_duration_prior__d240__w12,111,111
4b_duration_prior,4b_duration_prior__d240__w12,112,107
4b_duration_prior,4b_duration_prior__d240__w12,113,116
4b_duration_prior,4b_duration_prior__d240__w12,114,108
4b_duration_prior,4b_duration_prior__d240__w12,115,97
4b_duration_prior,4b_duration_prior__d240__w12,116,98
4b_duration_prior,4b_duration_prior__d240__w12,117,106
4b_duration_prior,4b_duration_prior__d240__w12,118,112
4b_duration_prior,4b_duration_prior__d240__w12,119,76
4b_duration_prior,4b_duration_prior__d240__w12,120,66
4b_duration_prior,4b_duration_prior__d240__w12,121,79
4b_duration_prior,4b_duration_prior__d240__w12,122,55
4b_duration_prior,4b_duration_prior__d240__w12,123,144
4b_duration_prior,4b_duration_prior__d240__w12,124,19
4b_duration_prior,4b_duration_prior__d240__w12,125,27
4b_duration_prior,4b_duration_prior__d240__w12,126,14
4b_duration_prior,4b_duration_prior__d240__w12,127,20
4b_duration_prior,4b_duration_prior__d240__w12,128,12
4b_duration_prior,4b_duration_prior__d240__w12,129,23
4b_duration_prior,4b_duration_prior__d240__w12,130,56
4b_duration_prior,4b_duration_prior__d240__w12,131,32
4b_duration_prior,4b_duration_prior__d240__w12,132,91
4b_duration_prior,4b_duration_prior__d240__w12,133,41
4b_duration_prior,4b_duration_prior__d240__w12,134,30
4b_duration_prior,4b_duration_prior__d240__w12,135,52
4b_duration_prior,4b_duration_prior__d240__w12,136,38
4b_duration_prior,4b_duration_prior__d240__w12,137,51
4b_duration_prior,4b_duration_prior__d240__w12,138,37
4b_duration_prior,4b_duration_prior__d240__w12,139,33
4b_duration_prior,4b_duration_prior__d240__w12,140,45
4b_duration_prior,4b_duration_prior__d240__w12,141,48
4b_duration_prior,4b_duration_prior__d240__w12,142,52
4b_duration_prior,4b_duration_prior__d240__w12,143,44
4b_duration_prior,4b_duration_prior__d240__w12,144,33
4b_duration_prior,4b_duration_prior__d240__w12,145,30
4b_duration_prior,4b_duration_prior__d240__w12,146,33
4b_duration_prior,4b_duration_prior__d240__w12,147,43
4b_duration_prior,4b_duration_prior__d240__w12,148,22
4b_duration_prior,4b_duration_prior__d240__w12,149,27
4b_duration_prior,4b_duration_prior__d240__w12,150,25
4b_duration_prior,4b_duration_prior__d240__w12,151,18
4b_duration_prior,4b_duration_prior__d240__w12,152,14
4b_duration_prior,4b_duration_prior__d240__w12,153,35
4b_duration_prior,4b_duration_prior__d240__w12,154,25
4b_duration_prior,4b_duration_prior__d240__w12,155,76
4b_duration_prior,4b_duration_prior__d240__w12,156,34
4b_duration_prior,4b_duration_prior__d240__w12,157,43
4b_duration_prior,4b_duration_prior__d240__w12,158,35
4b_duration_prior,4b_duration_prior__d240__w12,159,27
4b_duration_prior,4b_duration_prior__d240__w12,160,31
4b_duration_prior,4b_duration_prior__d240__w12,161,56
4b_duration_prior,4b_duration_prior__d240__w12,162,48
4b_duration_prior,4b_duration_prior__d240__w12,163,56
4b_duration_prior,4b_duration_prior__d240__w12,164,47
4b_duration_prior,4b_duration_prior__d240__w12,165,38
4b_duration_prior,4b_duration_prior__d240__w12,166,55
4b_duration_prior,4b_duration_prior__d240__w12,167,35
4b_duration_prior,4b_duration_prior__d480__w12,0,28
4b_duration_prior,4b_duration_prior__d480__w12,1,65
4b_duration_prior,4b_duration_prior__d480__w12,2,34
4b_duration_prior,4b_duration_prior__d480__w12,3,30
4b_duration_prior,4b_duration_prior__d480__w12,4,34
4b_duration_prior,4b_duration_prior__d480__w12,5,30
4b_duration_prior,4b_duration_prior__d480__w12,6,38
4b_duration_prior,4b_duration_prior__d480__w12,7,42
4b_duration_prior,4b_duration_prior__d480__w12,8,53
4b_duration_prior,4b_duration_prior__d480__w12,9,61
4b_duration_prior,4b_duration_prior__d480__w12,10,82
4b_duration_prior,4b_duration_prior__d480__w12,11,73
4b_duration_prior,4b_duration_prior__d480__w12,12,98
4b_duration_prior,4b_duration_prior__d480__w12,13,76
4b_duration_prior,4b_duration_prior__d480__w12,14,92
4b_duration_prior,4b_duration_prior__d480__w12,15,92
4b_duration_prior,4b_duration_prior__d480__w12,16,100
4b_duration_prior,4b_duration_prior__d480__w12,17,106
4b_duration_prior,4b_duration_prior__d480__w12,18,85
4b_duration_prior,4b_duration_prior__d480__w12,19,95
4b_duration_prior,4b_duration_prior__d480__w12,20,98
4b_duration_prior,4b_duration_prior__d480__w12,21,99
4b_duration_prior,4b_duration_prior__d480__w12,22,101
4b_duration_prior,4b_duration_prior__d480__w12,23,88
4b_duration_prior,4b_duration_prior__d480__w12,24,80
4b_duration_prior,4b_duration_prior__d480__w12,25,84
4b_duration_prior,4b_duration_prior__d480__w12,26,186
4b_duration_prior,4b_duration_prior__d480__w12,27,32
4b_duration_prior,4b_duration_prior__d480__w12,28,45
4b_duration_prior,4b_duration_prior__d480__w12,29,33
4b_duration_prior,4b_duration_prior__d480__w12,30,48
4b_duration_prior,4b_duration_prior__d480__w12,31,44
4b_duration_prior,4b_duration_prior__d480__w12,32,70
4b_duration_prior,4b_duration_prior__d480__w12,33,67
4b_duration_prior,4b_duration_prior__d480__w12,34,61
4b_duration_prior,4b_duration_prior__d480__w12,35,67
4b_duration_prior,4b_duration_prior__d480__w12,36,139
4b_duration_prior,4b_duration_prior__d480__w12,37,83
4b_duration_prior,4b_duration_prior__d480__w12,38,101
4b_duration_prior,4b_duration_prior__d480__w12,39,100
4b_duration_prior,4b_duration_prior__d480__w12,40,97
4b_duration_prior,4b_duration_prior__d480__w12,41,109
4b_duration_prior,4b_duration_prior__d480__w12,42,114
4b_duration_prior,4b_duration_prior__d480__w12,43,103
4b_duration_prior,4b_duration_prior__d480__w12,44,123
4b_duration_prior,4b_duration_prior__d480__w12,45,124
4b_duration_prior,4b_duration_prior__d480__w12,46,92
4b_duration_prior,4b_duration_prior__d480__w12,47,94
4b_duration_prior,4b_duration_prior__d480__w12,48,66
4b_duration_prior,4b_duration_prior__d480__w12,49,72
4b_duration_prior,4b_duration_prior__d480__w12,50,208
4b_duration_prior,4b_duration_prior__d480__w12,51,47
4b_duration_prior,4b_duration_prior__d480__w12,52,38
4b_duration_prior,4b_duration_prior__d480__w12,53,41
4b_duration_prior,4b_duration_prior__d480__w12,54,44
4b_duration_prior,4b_duration_prior__d480__w12,55,59
4b_duration_prior,4b_duration_prior__d480__w12,56,54
4b_duration_prior,4b_duration_prior__d480__w12,57,57
4b_duration_prior,4b_duration_prior__d480__w12,58,61
4b_duration_prior,4b_duration_prior__d480__w12,59,61
4b_duration_prior,4b_duration_prior__d480__w12,60,111
4b_duration_prior,4b_duration_prior__d480__w12,61,75
4b_duration_prior,4b_duration_prior__d480__w12,62,68
4b_duration_prior,4b_duration_prior__d480__w12,63,86
4b_duration_prior,4b_duration_prior__d480__w12,64,96
4b_duration_prior,4b_duration_prior__d480__w12,65,114
4b_duration_prior,4b_duration_prior__d480__w12,66,113
4b_duration_prior,4b_duration_prior__d480__w12,67,117
4b_duration_prior,4b_duration_prior__d480__w12,68,101
4b_duration_prior,4b_duration_prior__d480__w12,69,105
4b_duration_prior,4b_duration_prior__d480__w12,70,101
4b_duration_prior,4b_duration_prior__d480__w12,71,104
4b_duration_prior,4b_duration_prior__d480__w12,72,82
4b_duration_prior,4b_duration_prior__d480__w12,73,62
4b_duration_prior,4b_duration_prior__d480__w12,74,260
4b_duration_prior,4b_duration_prior__d480__w12,75,38
4b_duration_prior,4b_duration_prior__d480__w12,76,43
4b_duration_prior,4b_duration_prior__d480__w12,77,43
4b_duration_prior,4b_duration_prior__d480__w12,78,59
4b_duration_prior,4b_duration_prior__d480__w12,79,49
4b_duration_prior,4b_duration_prior__d480__w12,80,65
4b_duration_prior,4b_duration_prior__d480__w12,81,60
4b_duration_prior,4b_duration_prior__d480__w12,82,60
4b_duration_prior,4b_duration_prior__d480__w12,83,64
4b_duration_prior,4b_duration_prior__d480__w12,84,139
4b_duration_prior,4b_duration_prior__d480__w12,85,88
4b_duration_prior,4b_duration_prior__d480__w12,86,85
4b_duration_prior,4b_duration_prior__d480__w12,87,94
4b_duration_prior,4b_duration_prior__d480__w12,88,108
4b_duration_prior,4b_duration_prior__d480__w12,89,106
4b_duration_prior,4b_duration_prior__d480__w12,90,99
4b_duration_prior,4b_duration_prior__d480__w12,91,109
4b_duration_prior,4b_duration_prior__d480__w12,92,101
4b_duration_prior,4b_duration_prior__d480__w12,93,118
4b_duration_prior,4b_duration_prior__d480__w12,94,115
4b_duration_prior,4b_duration_prior__d480__w12,95,110
4b_duration_prior,4b_duration_prior__d480__w12,96,61
4b_duration_prior,4b_duration_prior__d480__w12,97,77
4b_duration_prior,4b_duration_prior__d480__w12,98,214
4b_duration_prior,4b_duration_prior__d480__w12,99,32
4b_duration_prior,4b_duration_prior__d480__w12,100,25
4b_duration_prior,4b_duration_prior__d480__w12,101,39
4b_duration_prior,4b_duration_prior__d480__w12,102,47
4b_duration_prior,4b_duration_prior__d480__w12,103,45
4b_duration_prior,4b_duration_prior__d480__w12,104,52
4b_duration_prior,4b_duration_prior__d480__w12,105,73
4b_duration_prior,4b_duration_prior__d480__w12,106,70
4b_duration_prior,4b_duration_prior__d480__w12,107,65
4b_duration_prior,4b_duration_prior__d480__w12,108,140
4b_duration_prior,4b_duration_prior__d480__w12,109,85
4b_duration_prior,4b_duration_prior__d480__w12,110,92
4b_duration_prior,4b_duration_prior__d480__w12,111,114
4b_duration_prior,4b_duration_prior__d480__w12,112,110
4b_duration_prior,4b_duration_prior__d480__w12,113,118
4b_duration_prior,4b_duration_prior__d480__w12,114,114
4b_duration_prior,4b_duration_prior__d480__w12,115,100
4b_duration_prior,4b_duration_prior__d480__w12,116,102
4b_duration_prior,4b_duration_prior__d480__w12,117,110
4b_duration_prior,4b_duration_prior__d480__w12,118,117
4b_duration_prior,4b_duration_prior__d480__w12,119,77
4b_duration_prior,4b_duration_prior__d480__w12,120,67
4b_duration_prior,4b_duration_prior__d480__w12,121,77
4b_duration_prior,4b_duration_prior__d480__w12,122,55
4b_duration_prior,4b_duration_prior__d480__w12,123,121
4b_duration_prior,4b_duration_prior__d480__w12,124,20
4b_duration_prior,4b_duration_prior__d480__w12,125,27
4b_duration_prior,4b_duration_prior__d480__w12,126,15
4b_duration_prior,4b_duration_prior__d480__w12,127,21
4b_duration_prior,4b_duration_prior__d480__w12,128,12
4b_duration_prior,4b_duration_prior__d480__w12,129,23
4b_duration_prior,4b_duration_prior__d480__w12,130,51
4b_duration_prior,4b_duration_prior__d480__w12,131,35
4b_duration_prior,4b_duration_prior__d480__w12,132,76
4b_duration_prior,4b_duration_prior__d480__w12,133,42
4b_duration_prior,4b_duration_prior__d480__w12,134,31
4b_duration_prior,4b_duration_prior__d480__w12,135,53
4b_duration_prior,4b_duration_prior__d480__w12,136,38
4b_duration_prior,4b_duration_prior__d480__w12,137,53
4b_duration_prior,4b_duration_prior__d480__w12,138,37
4b_duration_prior,4b_duration_prior__d480__w12,139,33
4b_duration_prior,4b_duration_prior__d480__w12,140,45
4b_duration_prior,4b_duration_prior__d480__w12,141,52
4b_duration_prior,4b_duration_prior__d480__w12,142,52
4b_duration_prior,4b_duration_prior__d480__w12,143,44
4b_duration_prior,4b_duration_prior__d480__w12,144,35
4b_duration_prior,4b_duration_prior__d480__w12,145,30
4b_duration_prior,4b_duration_prior__d480__w12,146,32
4b_duration_prior,4b_duration_prior__d480__w12,147,40
4b_duration_prior,4b_duration_prior__d480__w12,148,22
4b_duration_prior,4b_duration_prior__d480__w12,149,27
4b_duration_prior,4b_duration_prior__d480__w12,150,26
4b_duration_prior,4b_duration_prior__d480__w12,151,19
4b_duration_prior,4b_duration_prior__d480__w12,152,16
4b_duration_prior,4b_duration_prior__d480__w12,153,34
4b_duration_prior,4b_duration_prior__d480__w12,154,27
4b_duration_prior,4b_duration_prior__d480__w12,155,64
4b_duration_prior,4b_duration_prior__d480__w12,156,34
4b_duration_prior,4b_duration_prior__d480__w12,157,43
4b_duration_prior,4b_duration_prior__d480__w12,158,36
4b_duration_prior,4b_duration_prior__d480__w12,159,28
4b_duration_prior,4b_duration_prior__d480__w12,160,33
4b_duration_prior,4b_duration_prior__d480__w12,161,57
4b_duration_prior,4b_duration_prior__d480__w12,162,50
4b_duration_prior,4b_duration_prior__d480__w12,163,57
4b_duration_prior,4b_duration_prior__d480__w12,164,48
4b_duration_prior,4b_duration_prior__d480__w12,165,39
4b_duration_prior,4b_duration_prior__d480__w12,166,55
4b_duration_prior,4b_duration_prior__d480__w12,167,37
4b_duration_prior,4b_duration_prior__d960__w12,0,30
4b_duration_prior,4b_duration_prior__d960__w12,1,49
4b_duration_prior,4b_duration_prior__d960__w12,2,34
4b_duration_prior,4b_duration_prior__d960__w12,3,30
4b_duration_prior,4b_duration_prior__d960__w12,4,34
4b_duration_prior,4b_duration_prior__d960__w12,5,36
4b_duration_prior,4b_duration_prior__d960__w12,6,43
4b_duration_prior,4b_duration_prior__d960__w12,7,42
4b_duration_prior,4b_duration_prior__d960__w12,8,58
4b_duration_prior,4b_duration_prior__d960__w12,9,63
4b_duration_prior,4b_duration_prior__d960__w12,10,85
4b_duration_prior,4b_duration_prior__d960__w12,11,75
4b_duration_prior,4b_duration_prior__d960__w12,12,83
4b_duration_prior,4b_duration_prior__d960__w12,13,81
4b_duration_prior,4b_duration_prior__d960__w12,14,95
4b_duration_prior,4b_duration_prior__d960__w12,15,98
4b_duration_prior,4b_duration_prior__d960__w12,16,104
4b_duration_prior,4b_duration_prior__d960__w12,17,110
4b_duration_prior,4b_duration_prior__d960__w12,18,91
4b_duration_prior,4b_duration_prior__d960__w12,19,97
4b_duration_prior,4b_duration_prior__d960__w12,20,108
4b_duration_prior,4b_duration_prior__d960__w12,21,103
4b_duration_prior,4b_duration_prior__d960__w12,22,99
4b_duration_prior,4b_duration_prior__d960__w12,23,90
4b_duration_prior,4b_duration_prior__d960__w12,24,78
4b_duration_prior,4b_duration_prior__d960__w12,25,81
4b_duration_prior,4b_duration_prior__d960__w12,26,139
4b_duration_prior,4b_duration_prior__d960__w12,27,32
4b_duration_prior,4b_duration_prior__d960__w12,28,45
4b_duration_prior,4b_duration_prior__d960__w12,29,35
4b_duration_prior,4b_duration_prior__d960__w12,30,51
4b_duration_prior,4b_duration_prior__d960__w12,31,47
4b_duration_prior,4b_duration_prior__d960__w12,32,70
4b_duration_prior,4b_duration_prior__d960__w12,33,69
4b_duration_prior,4b_duration_prior__d960__w12,34,63
4b_duration_prior,4b_duration_prior__d960__w12,35,69
4b_duration_prior,4b_duration_prior__d960__w12,36,125
4b_duration_prior,4b_duration_prior__d960__w12,37,86
4b_duration_prior,4b_duration_prior__d960__w12,38,107
4b_duration_prior,4b_duration_prior__d960__w12,39,103
4b_duration_prior,4b_duration_prior__d960__w12,40,98
4b_duration_prior,4b_duration_prior__d960__w12,41,113
4b_duration_prior,4b_duration_prior__d960__w12,42,116
4b_duration_prior,4b_duration_prior__d960__w12,43,118
4b_duration_prior,4b_duration_prior__d960__w12,44,127
4b_duration_prior,4b_duration_prior__d960__w12,45,128
4b_duration_prior,4b_duration_prior__d960__w12,46,97
4b_duration_prior,4b_duration_prior__d960__w12,47,97
4b_duration_prior,4b_duration_prior__d960__w12,48,70
4b_duration_prior,4b_duration_prior__d960__w12,49,70
4b_duration_prior,4b_duration_prior__d960__w12,50,156
4b_duration_prior,4b_duration_prior__d960__w12,51,47
4b_duration_prior,4b_duration_prior__d960__w12,52,38
4b_duration_prior,4b_duration_prior__d960__w12,53,43
4b_duration_prior,4b_duration_prior__d960__w12,54,48
4b_duration_prior,4b_duration_prior__d960__w12,55,63
4b_duration_prior,4b_duration_prior__d960__w12,56,55
4b_duration_prior,4b_duration_prior__d960__w12,57,59
4b_duration_prior,4b_duration_prior__d960__w12,58,63
4b_duration_prior,4b_duration_prior__d960__w12,59,62
4b_duration_prior,4b_duration_prior__d960__w12,60,100
4b_duration_prior,4b_duration_prior__d960__w12,61,76
4b_duration_prior,4b_duration_prior__d960__w12,62,76
4b_duration_prior,4b_duration_prior__d960__w12,63,94
4b_duration_prior,4b_duration_prior__d960__w12,64,101
4b_duration_prior,4b_duration_prior__d960__w12,65,118
4b_duration_prior,4b_duration_prior__d960__w12,66,120
4b_duration_prior,4b_duration_prior__d960__w12,67,124
4b_duration_prior,4b_duration_prior__d960__w12,68,111
4b_duration_prior,4b_duration_prior__d960__w12,69,109
4b_duration_prior,4b_duration_prior__d960__w12,70,103
4b_duration_prior,4b_duration_prior__d960__w12,71,109
4b_duration_prior,4b_duration_prior__d960__w12,72,84
4b_duration_prior,4b_duration_prior__d960__w12,73,62
4b_duration_prior,4b_duration_prior__d960__w12,74,192
4b_duration_prior,4b_duration_prior__d960__w12,75,38
4b_duration_prior,4b_duration_prior__d960__w12,76,47
4b_duration_prior,4b_duration_prior__d960__w12,77,48
4b_duration_prior,4b_duration_prior__d960__w12,78,63
4b_duration_prior,4b_duration_prior__d960__w12,79,52
4b_duration_prior,4b_duration_prior__d960__w12,80,69
4b_duration_prior,4b_duration_prior__d960__w12,81,61
4b_duration_prior,4b_duration_prior__d960__w12,82,65
4b_duration_prior,4b_duration_prior__d960__w12,83,69
4b_duration_prior,4b_duration_prior__d960__w12,84,116
4b_duration_prior,4b_duration_prior__d960__w12,85,91
4b_duration_prior,4b_duration_prior__d960__w12,86,91
4b_duration_prior,4b_duration_prior__d960__w12,87,98
4b_duration_prior,4b_duration_prior__d960__w12,88,114
4b_duration_prior,4b_duration_prior__d960__w12,89,111
4b_duration_prior,4b_duration_prior__d960__w12,90,103
4b_duration_prior,4b_duration_prior__d960__w12,91,111
4b_duration_prior,4b_duration_prior__d960__w12,92,110
4b_duration_prior,4b_duration_prior__d960__w12,93,123
4b_duration_prior,4b_duration_prior__d960__w12,94,117
4b_duration_prior,4b_duration_prior__d960__w12,95,105
4b_duration_prior,4b_duration_prior__d960__w12,96,65
4b_duration_prior,4b_duration_prior__d960__w12,97,75
4b_duration_prior,4b_duration_prior__d960__w12,98,163
4b_duration_prior,4b_duration_prior__d960__w12,99,32
4b_duration_prior,4b_duration_prior__d960__w12,100,25
4b_duration_prior,4b_duration_prior__d960__w12,101,40
4b_duration_prior,4b_duration_prior__d960__w12,102,49
4b_duration_prior,4b_duration_prior__d960__w12,103,51
4b_duration_prior,4b_duration_prior__d960__w12,104,55
4b_duration_prior,4b_duration_prior__d960__w12,105,76
4b_duration_prior,4b_duration_prior__d960__w12,106,71
4b_duration_prior,4b_duration_prior__d960__w12,107,69
4b_duration_prior,4b_duration_prior__d960__w12,108,120
4b_duration_prior,4b_duration_prior__d960__w12,109,87
4b_duration_prior,4b_duration_prior__d960__w12,110,95
4b_duration_prior,4b_duration_prior__d960__w12,111,123
4b_duration_prior,4b_duration_prior__d960__w12,112,115
4b_duration_prior,4b_duration_prior__d960__w12,113,120
4b_duration_prior,4b_duration_prior__d960__w12,114,118
4b_duration_prior,4b_duration_prior__d960__w12,115,106
4b_duration_prior,4b_duration_prior__d960__w12,116,106
4b_duration_prior,4b_duration_prior__d960__w12,117,120
4b_duration_prior,4b_duration_prior__d960__w12,118,124
4b_duration_prior,4b_duration_prior__d960__w12,119,82
4b_duration_prior,4b_duration_prior__d960__w12,120,70
4b_duration_prior,4b_duration_prior__d960__w12,121,76
4b_duration_prior,4b_duration_prior__d960__w12,122,54
4b_duration_prior,4b_duration_prior__d960__w12,123,82
4b_duration_prior,4b_duration_prior__d960__w12,124,21
4b_duration_prior,4b_duration_prior__d960__w12,125,27
4b_duration_prior,4b_duration_prior__d960__w12,126,17
4b_duration_prior,4b_duration_prior__d960__w12,127,24
4b_duration_prior,4b_duration_prior__d960__w12,128,15
4b_duration_prior,4b_duration_prior__d960__w12,129,26
4b_duration_prior,4b_duration_prior__d960__w12,130,45
4b_duration_prior,4b_duration_prior__d960__w12,131,31
4b_duration_prior,4b_duration_prior__d960__w12,132,55
4b_duration_prior,4b_duration_prior__d960__w12,133,43
4b_duration_prior,4b_duration_prior__d960__w12,134,34
4b_duration_prior,4b_duration_prior__d960__w12,135,55
4b_duration_prior,4b_duration_prior__d960__w12,136,39
4b_duration_prior,4b_duration_prior__d960__w12,137,54
4b_duration_prior,4b_duration_prior__d960__w12,138,38
4b_duration_prior,4b_duration_prior__d960__w12,139,33
4b_duration_prior,4b_duration_prior__d960__w12,140,47
4b_duration_prior,4b_duration_prior__d960__w12,141,54
4b_duration_prior,4b_duration_prior__d960__w12,142,54
4b_duration_prior,4b_duration_prior__d960__w12,143,46
4b_duration_prior,4b_duration_prior__d960__w12,144,38
4b_duration_prior,4b_duration_prior__d960__w12,145,31
4b_duration_prior,4b_duration_prior__d960__w12,146,29
4b_duration_prior,4b_duration_prior__d960__w12,147,34
4b_duration_prior,4b_duration_prior__d960__w12,148,22
4b_duration_prior,4b_duration_prior__d960__w12,149,28
4b_duration_prior,4b_duration_prior__d960__w12,150,27
4b_duration_prior,4b_duration_prior__d960__w12,151,21
4b_duration_prior,4b_duration_prior__d960__w12,152,17
4b_duration_prior,4b_duration_prior__d960__w12,153,32
4b_duration_prior,4b_duration_prior__d960__w12,154,25
4b_duration_prior,4b_duration_prior__d960__w12,155,51
4b_duration_prior,4b_duration_prior__d960__w12,156,34
4b_duration_prior,4b_duration_prior__d960__w12,157,43
4b_duration_prior,4b_duration_prior__d960__w12,158,36
4b_duration_prior,4b_duration_prior__d960__w12,159,29
4b_duration_prior,4b_duration_prior__d960__w12,160,35
4b_duration_prior,4b_duration_prior__d960__w12,161,59
4b_duration_prior,4b_duration_prior__d960__w12,162,50
4b_duration_prior,4b_duration_prior__d960__w12,163,59
4b_duration_prior,4b_duration_prior__d960__w12,164,49
4b_duration_prior,4b_duration_prior__d960__w12,165,41
4b_duration_prior,4b_duration_prior__d960__w12,166,57
4b_duration_prior,4b_duration_prior__d960__w12,167,39
4b_duration_prior,4b_duration_prior__d1920__w12,0,30
4b_duration_prior,4b_duration_prior__d1920__w12,1,43
4b_duration_prior,4b_duration_prior__d1920__w12,2,34
4b_duration_prior,4b_duration_prior__d1920__w12,3,30
4b_duration_prior,4b_duration_prior__d1920__w12,4,34
4b_duration_prior,4b_duration_prior__d1920__w12,5,37
4b_duration_prior,4b_duration_prior__d1920__w12,6,43
4b_duration_prior,4b_duration_prior__d1920__w12,7,43
4b_duration_prior,4b_duration_prior__d1920__w12,8,58
4b_duration_prior,4b_duration_prior__d1920__w12,9,63
4b_duration_prior,4b_duration_prior__d1920__w12,10,85
4b_duration_prior,4b_duration_prior__d1920__w12,11,75
4b_duration_prior,4b_duration_prior__d1920__w12,12,82
4b_duration_prior,4b_duration_prior__d1920__w12,13,85
4b_duration_prior,4b_duration_prior__d1920__w12,14,103
4b_duration_prior,4b_duration_prior__d1920__w12,15,102
4b_duration_prior,4b_duration_prior__d1920__w12,16,111
4b_duration_prior,4b_duration_prior__d1920__w12,17,112
4b_duration_prior,4b_duration_prior__d1920__w12,18,92
4b_duration_prior,4b_duration_prior__d1920__w12,19,100
4b_duration_prior,4b_duration_prior__d1920__w12,20,109
4b_duration_prior,4b_duration_prior__d1920__w12,21,109
4b_duration_prior,4b_duration_prior__d1920__w12,22,100
4b_duration_prior,4b_duration_prior__d1920__w12,23,93
4b_duration_prior,4b_duration_prior__d1920__w12,24,78
4b_duration_prior,4b_duration_prior__d1920__w12,25,77
4b_duration_prior,4b_duration_prior__d1920__w12,26,102
4b_duration_prior,4b_duration_prior__d1920__w12,27,32
4b_duration_prior,4b_duration_prior__d1920__w12,28,45
4b_duration_prior,4b_duration_prior__d1920__w12,29,36
4b_duration_prior,4b_duration_prior__d1920__w12,30,51
4b_duration_prior,4b_duration_prior__d1920__w12,31,47
4b_duration_prior,4b_duration_prior__d1920__w12,32,71
4b_duration_prior,4b_duration_prior__d1920__w12,33,69
4b_duration_prior,4b_duration_prior__d1920__w12,34,64
4b_duration_prior,4b_duration_prior__d1920__w12,35,69
4b_duration_prior,4b_duration_prior__d1920__w12,36,122
4b_duration_prior,4b_duration_prior__d1920__w12,37,89
4b_duration_prior,4b_duration_prior__d1920__w12,38,108
4b_duration_prior,4b_duration_prior__d1920__w12,39,107
4b_duration_prior,4b_duration_prior__d1920__w12,40,106
4b_duration_prior,4b_duration_prior__d1920__w12,41,115
4b_duration_prior,4b_duration_prior__d1920__w12,42,118
4b_duration_prior,4b_duration_prior__d1920__w12,43,121
4b_duration_prior,4b_duration_prior__d1920__w12,44,129
4b_duration_prior,4b_duration_prior__d1920__w12,45,133
4b_duration_prior,4b_duration_prior__d1920__w12,46,99
4b_duration_prior,4b_duration_prior__d1920__w12,47,103
4b_duration_prior,4b_duration_prior__d1920__w12,48,70
4b_duration_prior,4b_duration_prior__d1920__w12,49,67
4b_duration_prior,4b_duration_prior__d1920__w12,50,121
4b_duration_prior,4b_duration_prior__d1920__w12,51,47
4b_duration_prior,4b_duration_prior__d1920__w12,52,39
4b_duration_prior,4b_duration_prior__d1920__w12,53,43
4b_duration_prior,4b_duration_prior__d1920__w12,54,49
4b_duration_prior,4b_duration_prior__d1920__w12,55,64
4b_duration_prior,4b_duration_prior__d1920__w12,56,56
4b_duration_prior,4b_duration_prior__d1920__w12,57,60
4b_duration_prior,4b_duration_prior__d1920__w12,58,65
4b_duration_prior,4b_duration_prior__d1920__w12,59,63
4b_duration_prior,4b_duration_prior__d1920__w12,60,96
4b_duration_prior,4b_duration_prior__d1920__w12,61,78
4b_duration_prior,4b_duration_prior__d1920__w12,62,78
4b_duration_prior,4b_duration_prior__d1920__w12,63,98
4b_duration_prior,4b_duration_prior__d1920__w12,64,106
4b_duration_prior,4b_duration_prior__d1920__w12,65,119
4b_duration_prior,4b_duration_prior__d1920__w12,66,123
4b_duration_prior,4b_duration_prior__d1920__w12,67,125
4b_duration_prior,4b_duration_prior__d1920__w12,68,115
4b_duration_prior,4b_duration_prior__d1920__w12,69,110
4b_duration_prior,4b_duration_prior__d1920__w12,70,102
4b_duration_prior,4b_duration_prior__d1920__w12,71,109
4b_duration_prior,4b_duration_prior__d1920__w12,72,85
4b_duration_prior,4b_duration_prior__d1920__w12,73,61
4b_duration_prior,4b_duration_prior__d1920__w12,74,166
4b_duration_prior,4b_duration_prior__d1920__w12,75,38
4b_duration_prior,4b_duration_prior__d1920__w12,76,48
4b_duration_prior,4b_duration_prior__d1920__w12,77,49
4b_duration_prior,4b_duration_prior__d1920__w12,78,67
4b_duration_prior,4b_duration_prior__d1920__w12,79,53
4b_duration_prior,4b_duration_prior__d1920__w12,80,69
4b_duration_prior,4b_duration_prior__d1920__w12,81,61
4b_duration_prior,4b_duration_prior__d1920__w12,82,65
4b_duration_prior,4b_duration_prior__d1920__w12,83,70
4b_duration_prior,4b_duration_prior__d1920__w12,84,109
4b_duration_prior,4b_duration_prior__d1920__w12,85,92
4b_duration_prior,4b_duration_prior__d1920__w12,86,94
4b_duration_prior,4b_duration_prior__d1920__w12,87,102
4b_duration_prior,4b_duration_prior__d1920__w12,88,117
4b_duration_prior,4b_duration_prior__d1920__w12,89,117
4b_duration_prior,4b_duration_prior__d1920__w12,90,109
4b_duration_prior,4b_duration_prior__d1920__w12,91,111
4b_duration_prior,4b_duration_prior__d1920__w12,92,113
4b_duration_prior,4b_duration_prior__d1920__w12,93,125
4b_duration_prior,4b_duration_prior__d1920__w12,94,120
4b_duration_prior,4b_duration_prior__d1920__w12,95,105
4b_duration_prior,4b_duration_prior__d1920__w12,96,70
4b_duration_prior,4b_duration_prior__d1920__w12,97,78
4b_duration_prior,4b_duration_prior__d1920__w12,98,123
4b_duration_prior,4b_duration_prior__d1920__w12,99,34
4b_duration_prior,4b_duration_prior__d1920__w12,100,28
4b_duration_prior,4b_duration_prior__d1920__w12,101,40
4b_duration_prior,4b_duration_prior__d1920__w12,102,49
4b_duration_prior,4b_duration_prior__d1920__w12,103,51
4b_duration_prior,4b_duration_prior__d1920__w12,104,55
4b_duration_prior,4b_duration_prior__d1920__w12,105,77
4b_duration_prior,4b_duration_prior__d1920__w12,106,71
4b_duration_prior,4b_duration_prior__d1920__w12,107,70
4b_duration_prior,4b_duration_prior__d1920__w12,108,113
4b_duration_prior,4b_duration_prior__d1920__w12,109,88
4b_duration_prior,4b_duration_prior__d1920__w12,110,103
4b_duration_prior,4b_duration_prior__d1920__w12,111,124
4b_duration_prior,4b_duration_prior__d1920__w12,112,119
4b_duration_prior,4b_duration_prior__d1920__w12,113,120
4b_duration_prior,4b_duration_prior__d1920__w12,114,120
4b_duration_prior,4b_duration_prior__d1920__w12,115,111
4b_duration_prior,4b_duration_prior__d1920__w12,116,106
4b_duration_prior,4b_duration_prior__d1920__w12,117,123
4b_duration_prior,4b_duration_prior__d1920__w12,118,126
4b_duration_prior,4b_duration_prior__d1920__w12,119,82
4b_duration_prior,4b_duration_prior__d1920__w12,120,74
4b_duration_prior,4b_duration_prior__d1920__w12,121,76
4b_duration_prior,4b_duration_prior__d1920__w12,122,46
4b_duration_prior,4b_duration_prior__d1920__w12,123,68
4b_duration_prior,4b_duration_prior__d1920__w12,124,21
4b_duration_prior,4b_duration_prior__d1920__w12,125,28
4b_duration_prior,4b_duration_prior__d1920__w12,126,20
4b_duration_prior,4b_duration_prior__d1920__w12,127,25
4b_duration_prior,4b_duration_prior__d1920__w12,128,15
4b_duration_prior,4b_duration_prior__d1920__w12,129,26
4b_duration_prior,4b_duration_prior__d1920__w12,130,43
4b_duration_prior,4b_duration_prior__d1920__w12,131,33
4b_duration_prior,4b_duration_prior__d1920__w12,132,42
4b_duration_prior,4b_duration_prior__d1920__w12,133,43
4b_duration_prior,4b_duration_prior__d1920__w12,134,34
4b_duration_prior,4b_duration_prior__d1920__w12,135,56
4b_duration_prior,4b_duration_prior__d1920__w12,136,41
4b_duration_prior,4b_duration_prior__d1920__w12,137,54
4b_duration_prior,4b_duration_prior__d1920__w12,138,39
4b_duration_prior,4b_duration_prior__d1920__w12,139,33
4b_duration_prior,4b_duration_prior__d1920__w12,140,48
4b_duration_prior,4b_duration_prior__d1920__w12,141,55
4b_duration_prior,4b_duration_prior__d1920__w12,142,54
4b_duration_prior,4b_duration_prior__d1920__w12,143,46
4b_duration_prior,4b_duration_prior__d1920__w12,144,39
4b_duration_prior,4b_duration_prior__d1920__w12,145,31
4b_duration_prior,4b_duration_prior__d1920__w12,146,30
4b_duration_prior,4b_duration_prior__d1920__w12,147,29
4b_duration_prior,4b_duration_prior__d1920__w12,148,23
4b_duration_prior,4b_duration_prior__d1920__w12,149,29
4b_duration_prior,4b_duration_prior__d1920__w12,150,27
4b_duration_prior,4b_duration_prior__d1920__w12,151,21
4b_duration_prior,4b_duration_prior__d1920__w12,152,17
4b_duration_prior,4b_duration_prior__d1920__w12,153,31
4b_duration_prior,4b_duration_prior__d1920__w12,154,25
4b_duration_prior,4b_duration_prior__d1920__w12,155,47
4b_duration_prior,4b_duration_prior__d1920__w12,156,34
4b_duration_prior,4b_duration_prior__d1920__w12,157,43
4b_duration_prior,4b_duration_prior__d1920__w12,158,37
4b_duration_prior,4b_duration_prior__d1920__w12,159,29
4b_duration_prior,4b_duration_prior__d1920__w12,160,35
4b_duration_prior,4b_duration_prior__d1920__w12,161,59
4b_duration_prior,4b_duration_prior__d1920__w12,162,51
4b_duration_prior,4b_duration_prior__d1920__w12,163,59
4b_duration_prior,4b_duration_prior__d1920__w12,164,52
4b_duration_prior,4b_duration_prior__d1920__w12,165,42
4b_duration_prior,4b_duration_prior__d1920__w12,166,57
4b_duration_prior,4b_duration_prior__d1920__w12,167,39
4b_duration_prior,4b_duration_prior__d3840__w12,0,30
4b_duration_prior,4b_duration_prior__d3840__w12,1,36
4b_duration_prior,4b_duration_prior__d3840__w12,2,34
4b_duration_prior,4b_duration_prior__d3840__w12,3,30
4b_duration_prior,4b_duration_prior__d3840__w12,4,34
4b_duration_prior,4b_duration_prior__d3840__w12,5,37
4b_duration_prior,4b_duration_prior__d3840__w12,6,43
4b_duration_prior,4b_duration_prior__d3840__w12,7,43
4b_duration_prior,4b_duration_prior__d3840__w12,8,58
4b_duration_prior,4b_duration_prior__d3840__w12,9,65
4b_duration_prior,4b_duration_prior__d3840__w12,10,86
4b_duration_prior,4b_duration_prior__d3840__w12,11,75
4b_duration_prior,4b_duration_prior__d3840__w12,12,82
4b_duration_prior,4b_duration_prior__d3840__w12,13,86
4b_duration_prior,4b_duration_prior__d3840__w12,14,103
4b_duration_prior,4b_duration_prior__d3840__w12,15,104
4b_duration_prior,4b_duration_prior__d3840__w12,16,112
4b_duration_prior,4b_duration_prior__d3840__w12,17,114
4b_duration_prior,4b_duration_prior__d3840__w12,18,93
4b_duration_prior,4b_duration_prior__d3840__w12,19,102
4b_duration_prior,4b_duration_prior__d3840__w12,20,110
4b_duration_prior,4b_duration_prior__d3840__w12,21,111
4b_duration_prior,4b_duration_prior__d3840__w12,22,103
4b_duration_prior,4b_duration_prior__d3840__w12,23,95
4b_duration_prior,4b_duration_prior__d3840__w12,24,78
4b_duration_prior,4b_duration_prior__d3840__w12,25,76
4b_duration_prior,4b_duration_prior__d3840__w12,26,83
4b_duration_prior,4b_duration_prior__d3840__w12,27,32
4b_duration_prior,4b_duration_prior__d3840__w12,28,45
4b_duration_prior,4b_duration_prior__d3840__w12,29,37
4b_duration_prior,4b_duration_prior__d3840__w12,30,51
4b_duration_prior,4b_duration_prior__d3840__w12,31,47
4b_duration_prior,4b_duration_prior__d3840__w12,32,71
4b_duration_prior,4b_duration_prior__d3840__w12,33,69
4b_duration_prior,4b_duration_prior__d3840__w12,34,64
4b_duration_prior,4b_duration_prior__d3840__w12,35,70
4b_duration_prior,4b_duration_prior__d3840__w12,36,120
4b_duration_prior,4b_duration_prior__d3840__w12,37,89
4b_duration_prior,4b_duration_prior__d3840__w12,38,108
4b_duration_prior,4b_duration_prior__d3840__w12,39,109
4b_duration_prior,4b_duration_prior__d3840__w12,40,110
4b_duration_prior,4b_duration_prior__d3840__w12,41,118
4b_duration_prior,4b_duration_prior__d3840__w12,42,119
4b_duration_prior,4b_duration_prior__d3840__w12,43,121
4b_duration_prior,4b_duration_prior__d3840__w12,44,131
4b_duration_prior,4b_duration_prior__d3840__w12,45,134
4b_duration_prior,4b_duration_prior__d3840__w12,46,101
4b_duration_prior,4b_duration_prior__d3840__w12,47,103
4b_duration_prior,4b_duration_prior__d3840__w12,48,70
4b_duration_prior,4b_duration_prior__d3840__w12,49,67
4b_duration_prior,4b_duration_prior__d3840__w12,50,106
4b_duration_prior,4b_duration_prior__d3840__w12,51,47
4b_duration_prior,4b_duration_prior__d3840__w12,52,39
4b_duration_prior,4b_duration_prior__d3840__w12,53,44
4b_duration_prior,4b_duration_prior__d3840__w12,54,49
4b_duration_prior,4b_duration_prior__d3840__w12,55,64
4b_duration_prior,4b_duration_prior__d3840__w12,56,57
4b_duration_prior,4b_duration_prior__d3840__w12,57,60
4b_duration_prior,4b_duration_prior__d3840__w12,58,65
4b_duration_prior,4b_duration_prior__d3840__w12,59,65
4b_duration_prior,4b_duration_prior__d3840__w12,60,95
4b_duration_prior,4b_duration_prior__d3840__w12,61,80
4b_duration_prior,4b_duration_prior__d3840__w12,62,79
4b_duration_prior,4b_duration_prior__d3840__w12,63,99
4b_duration_prior,4b_duration_prior__d3840__w12,64,111
4b_duration_prior,4b_duration_prior__d3840__w12,65,122
4b_duration_prior,4b_duration_prior__d3840__w12,66,123
4b_duration_prior,4b_duration_prior__d3840__w12,67,128
4b_duration_prior,4b_duration_prior__d3840__w12,68,118
4b_duration_prior,4b_duration_prior__d3840__w12,69,113
4b_duration_prior,4b_duration_prior__d3840__w12,70,103
4b_duration_prior,4b_duration_prior__d3840__w12,71,108
4b_duration_prior,4b_duration_prior__d3840__w12,72,87
4b_duration_prior,4b_duration_prior__d3840__w12,73,62
4b_duration_prior,4b_duration_prior__d3840__w12,74,139
4b_duration_prior,4b_duration_prior__d3840__w12,75,38
4b_duration_prior,4b_duration_prior__d3840__w12,76,48
4b_duration_prior,4b_duration_prior__d3840__w12,77,50
4b_duration_prior,4b_duration_prior__d3840__w12,78,68
4b_duration_prior,4b_duration_prior__d3840__w12,79,54
4b_duration_prior,4b_duration_prior__d3840__w12,80,69
4b_duration_prior,4b_duration_prior__d3840__w12,81,61
4b_duration_prior,4b_duration_prior__d3840__w12,82,65
4b_duration_prior,4b_duration_prior__d3840__w12,83,71
4b_duration_prior,4b_duration_prior__d3840__w12,84,106
4b_duration_prior,4b_duration_prior__d3840__w12,85,94
4b_duration_prior,4b_duration_prior__d3840__w12,86,99
4b_duration_prior,4b_duration_prior__d3840__w12,87,103
4b_duration_prior,4b_duration_prior__d3840__w12,88,118
4b_duration_prior,4b_duration_prior__d3840__w12,89,118
4b_duration_prior,4b_duration_prior__d3840__w12,90,113
4b_duration_prior,4b_duration_prior__d3840__w12,91,112
4b_duration_prior,4b_duration_prior__d3840__w12,92,115
4b_duration_prior,4b_duration_prior__d3840__w12,93,125
4b_duration_prior,4b_duration_prior__d3840__w12,94,120
4b_duration_prior,4b_duration_prior__d3840__w12,95,105
4b_duration_prior,4b_duration_prior__d3840__w12,96,71
4b_duration_prior,4b_duration_prior__d3840__w12,97,77
4b_duration_prior,4b_duration_prior__d3840__w12,98,105
4b_duration_prior,4b_duration_prior__d3840__w12,99,36
4b_duration_prior,4b_duration_prior__d3840__w12,100,28
4b_duration_prior,4b_duration_prior__d3840__w12,101,40
4b_duration_prior,4b_duration_prior__d3840__w12,102,49
4b_duration_prior,4b_duration_prior__d3840__w12,103,51
4b_duration_prior,4b_duration_prior__d3840__w12,104,56
4b_duration_prior,4b_duration_prior__d3840__w12,105,78
4b_duration_prior,4b_duration_prior__d3840__w12,106,71
4b_duration_prior,4b_duration_prior__d3840__w12,107,70
4b_duration_prior,4b_duration_prior__d3840__w12,108,109
4b_duration_prior,4b_duration_prior__d3840__w12,109,90
4b_duration_prior,4b_duration_prior__d3840__w12,110,105
4b_duration_prior,4b_duration_prior__d3840__w12,111,127
4b_duration_prior,4b_duration_prior__d3840__w12,112,123
4b_duration_prior,4b_duration_prior__d3840__w12,113,122
4b_duration_prior,4b_duration_prior__d3840__w12,114,124
4b_duration_prior,4b_duration_prior__d3840__w12,115,112
4b_duration_prior,4b_duration_prior__d3840__w12,116,109
4b_duration_prior,4b_duration_prior__d3840__w12,117,127
4b_duration_prior,4b_duration_prior__d3840__w12,118,126
4b_duration_prior,4b_duration_prior__d3840__w12,119,83
4b_duration_prior,4b_duration_prior__d3840__w12,120,75
4b_duration_prior,4b_duration_prior__d3840__w12,121,75
4b_duration_prior,4b_duration_prior__d3840__w12,122,44
4b_duration_prior,4b_duration_prior__d3840__w12,123,47
4b_duration_prior,4b_duration_prior__d3840__w12,124,21
4b_duration_prior,4b_duration_prior__d3840__w12,125,28
4b_duration_prior,4b_duration_prior__d3840__w12,126,20
4b_duration_prior,4b_duration_prior__d3840__w12,127,25
4b_duration_prior,4b_duration_prior__d3840__w12,128,15
4b_duration_prior,4b_duration_prior__d3840__w12,129,28
4b_duration_prior,4b_duration_prior__d3840__w12,130,43
4b_duration_prior,4b_duration_prior__d3840__w12,131,34
4b_duration_prior,4b_duration_prior__d3840__w12,132,36
4b_duration_prior,4b_duration_prior__d3840__w12,133,44
4b_duration_prior,4b_duration_prior__d3840__w12,134,34
4b_duration_prior,4b_duration_prior__d3840__w12,135,56
4b_duration_prior,4b_duration_prior__d3840__w12,136,41
4b_duration_prior,4b_duration_prior__d3840__w12,137,55
4b_duration_prior,4b_duration_prior__d3840__w12,138,41
4b_duration_prior,4b_duration_prior__d3840__w12,139,34
4b_duration_prior,4b_duration_prior__d3840__w12,140,49
4b_duration_prior,4b_duration_prior__d3840__w12,141,56
4b_duration_prior,4b_duration_prior__d3840__w12,142,54
4b_duration_prior,4b_duration_prior__d3840__w12,143,46
4b_duration_prior,4b_duration_prior__d3840__w12,144,39
4b_duration_prior,4b_duration_prior__d3840__w12,145,30
4b_duration_prior,4b_duration_prior__d3840__w12,146,30
4b_duration_prior,4b_duration_prior__d3840__w12,147,24
4b_duration_prior,4b_duration_prior__d3840__w12,148,23
4b_duration_prior,4b_duration_prior__d3840__w12,149,29
4b_duration_prior,4b_duration_prior__d3840__w12,150,27
4b_duration_prior,4b_duration_prior__d3840__w12,151,21
4b_duration_prior,4b_duration_prior__d3840__w12,152,17
4b_duration_prior,4b_duration_prior__d3840__w12,153,30
4b_duration_prior,4b_duration_prior__d3840__w12,154,25
4b_duration_prior,4b_duration_prior__d3840__w12,155,47
4b_duration_prior,4b_duration_prior__d3840__w12,156,34
4b_duration_prior,4b_duration_prior__d3840__w12,157,43
4b_duration_prior,4b_duration_prior__d3840__w12,158,38
4b_duration_prior,4b_duration_prior__d3840__w12,159,29
4b_duration_prior,4b_duration_prior__d3840__w12,160,35
4b_duration_prior,4b_duration_prior__d3840__w12,161,59
4b_duration_prior,4b_duration_prior__d3840__w12,162,52
4b_duration_prior,4b_duration_prior__d3840__w12,163,60
4b_duration_prior,4b_duration_prior__d3840__w12,164,52
4b_duration_prior,4b_duration_prior__d3840__w12,165,44
4b_duration_prior,4b_duration_prior__d3840__w12,166,59
4b_duration_prior,4b_duration_prior__d3840__w12,167,39
4b_duration_prior,4b_duration_prior__d7680__w12,0,30
4b_duration_prior,4b_duration_prior__d7680__w12,1,36
4b_duration_prior,4b_duration_prior__d7680__w12,2,34
4b_duration_prior,4b_duration_prior__d7680__w12,3,30
4b_duration_prior,4b_duration_prior__d7680__w12,4,34
4b_duration_prior,4b_duration_prior__d7680__w12,5,37
4b_duration_prior,4b_duration_prior__d7680__w12,6,44
4b_duration_prior,4b_duration_prior__d7680__w12,7,44
4b_duration_prior,4b_duration_prior__d7680__w12,8,58
4b_duration_prior,4b_duration_prior__d7680__w12,9,65
4b_duration_prior,4b_duration_prior__d7680__w12,10,86
4b_duration_prior,4b_duration_prior__d7680__w12,11,76
4b_duration_prior,4b_duration_prior__d7680__w12,12,80
4b_duration_prior,4b_duration_prior__d7680__w12,13,86
4b_duration_prior,4b_duration_prior__d7680__w12,14,103
4b_duration_prior,4b_duration_prior__d7680__w12,15,105
4b_duration_prior,4b_duration_prior__d7680__w12,16,114
4b_duration_prior,4b_duration_prior__d7680__w12,17,116
4b_duration_prior,4b_duration_prior__d7680__w12,18,93
4b_duration_prior,4b_duration_prior__d7680__w12,19,106
4b_duration_prior,4b_duration_prior__d7680__w12,20,114
4b_duration_prior,4b_duration_prior__d7680__w12,21,114
4b_duration_prior,4b_duration_prior__d7680__w12,22,105
4b_duration_prior,4b_duration_prior__d7680__w12,23,94
4b_duration_prior,4b_duration_prior__d7680__w12,24,85
4b_duration_prior,4b_duration_prior__d7680__w12,25,77
4b_duration_prior,4b_duration_prior__d7680__w12,26,57
4b_duration_prior,4b_duration_prior__d7680__w12,27,32
4b_duration_prior,4b_duration_prior__d7680__w12,28,45
4b_duration_prior,4b_duration_prior__d7680__w12,29,37
4b_duration_prior,4b_duration_prior__d7680__w12,30,52
4b_duration_prior,4b_duration_prior__d7680__w12,31,47
4b_duration_prior,4b_duration_prior__d7680__w12,32,71
4b_duration_prior,4b_duration_prior__d7680__w12,33,71
4b_duration_prior,4b_duration_prior__d7680__w12,34,64
4b_duration_prior,4b_duration_prior__d7680__w12,35,70
4b_duration_prior,4b_duration_prior__d7680__w12,36,117
4b_duration_prior,4b_duration_prior__d7680__w12,37,89
4b_duration_prior,4b_duration_prior__d7680__w12,38,109
4b_duration_prior,4b_duration_prior__d7680__w12,39,109
4b_duration_prior,4b_duration_prior__d7680__w12,40,111
4b_duration_prior,4b_duration_prior__d7680__w12,41,121
4b_duration_prior,4b_duration_prior__d7680__w12,42,122
4b_duration_prior,4b_duration_prior__d7680__w12,43,124
4b_duration_prior,4b_duration_prior__d7680__w12,44,133
4b_duration_prior,4b_duration_prior__d7680__w12,45,139
4b_duration_prior,4b_duration_prior__d7680__w12,46,105
4b_duration_prior,4b_duration_prior__d7680__w12,47,107
4b_duration_prior,4b_duration_prior__d7680__w12,48,76
4b_duration_prior,4b_duration_prior__d7680__w12,49,68
4b_duration_prior,4b_duration_prior__d7680__w12,50,73
4b_duration_prior,4b_duration_prior__d7680__w12,51,47
4b_duration_prior,4b_duration_prior__d7680__w12,52,39
4b_duration_prior,4b_duration_prior__d7680__w12,53,44
4b_duration_prior,4b_duration_prior__d7680__w12,54,49
4b_duration_prior,4b_duration_prior__d7680__w12,55,65
4b_duration_prior,4b_duration_prior__d7680__w12,56,57
4b_duration_prior,4b_duration_prior__d7680__w12,57,62
4b_duration_prior,4b_duration_prior__d7680__w12,58,65
4b_duration_prior,4b_duration_prior__d7680__w12,59,66
4b_duration_prior,4b_duration_prior__d7680__w12,60,93
4b_duration_prior,4b_duration_prior__d7680__w12,61,80
4b_duration_prior,4b_duration_prior__d7680__w12,62,83
4b_duration_prior,4b_duration_prior__d7680__w12,63,101
4b_duration_prior,4b_duration_prior__d7680__w12,64,111
4b_duration_prior,4b_duration_prior__d7680__w12,65,127
4b_duration_prior,4b_duration_prior__d7680__w12,66,128
4b_duration_prior,4b_duration_prior__d7680__w12,67,134
4b_duration_prior,4b_duration_prior__d7680__w12,68,119
4b_duration_prior,4b_duration_prior__d7680__w12,69,120
4b_duration_prior,4b_duration_prior__d7680__w12,70,106
4b_duration_prior,4b_duration_prior__d7680__w12,71,110
4b_duration_prior,4b_duration_prior__d7680__w12,72,89
4b_duration_prior,4b_duration_prior__d7680__w12,73,62
4b_duration_prior,4b_duration_prior__d7680__w12,74,100
4b_duration_prior,4b_duration_prior__d7680__w12,75,38
4b_duration_prior,4b_duration_prior__d7680__w12,76,49
4b_duration_prior,4b_duration_prior__d7680__w12,77,50
4b_duration_prior,4b_duration_prior__d7680__w12,78,68
4b_duration_prior,4b_duration_prior__d7680__w12,79,54
4b_duration_prior,4b_duration_prior__d7680__w12,80,69
4b_duration_prior,4b_duration_prior__d7680__w12,81,62
4b_duration_prior,4b_duration_prior__d7680__w12,82,65
4b_duration_prior,4b_duration_prior__d7680__w12,83,71
4b_duration_prior,4b_duration_prior__d7680__w12,84,105
4b_duration_prior,4b_duration_prior__d7680__w12,85,97
4b_duration_prior,4b_duration_prior__d7680__w12,86,102
4b_duration_prior,4b_duration_prior__d7680__w12,87,103
4b_duration_prior,4b_duration_prior__d7680__w12,88,120
4b_duration_prior,4b_duration_prior__d7680__w12,89,119
4b_duration_prior,4b_duration_prior__d7680__w12,90,117
4b_duration_prior,4b_duration_prior__d7680__w12,91,115
4b_duration_prior,4b_duration_prior__d7680__w12,92,116
4b_duration_prior,4b_duration_prior__d7680__w12,93,128
4b_duration_prior,4b_duration_prior__d7680__w12,94,122
4b_duration_prior,4b_duration_prior__d7680__w12,95,104
4b_duration_prior,4b_duration_prior__d7680__w12,96,74
4b_duration_prior,4b_duration_prior__d7680__w12,97,75
4b_duration_prior,4b_duration_prior__d7680__w12,98,82
4b_duration_prior,4b_duration_prior__d7680__w12,99,36
4b_duration_prior,4b_duration_prior__d7680__w12,100,28
4b_duration_prior,4b_duration_prior__d7680__w12,101,41
4b_duration_prior,4b_duration_prior__d7680__w12,102,49
4b_duration_prior,4b_duration_prior__d7680__w12,103,51
4b_duration_prior,4b_duration_prior__d7680__w12,104,57
4b_duration_prior,4b_duration_prior__d7680__w12,105,78
4b_duration_prior,4b_duration_prior__d7680__w12,106,71
4b_duration_prior,4b_duration_prior__d7680__w12,107,70
4b_duration_prior,4b_duration_prior__d7680__w12,108,107
4b_duration_prior,4b_duration_prior__d7680__w12,109,92
4b_duration_prior,4b_duration_prior__d7680__w12,110,107
4b_duration_prior,4b_duration_prior__d7680__w12,111,128
4b_duration_prior,4b_duration_prior__d7680__w12,112,126
4b_duration_prior,4b_duration_prior__d7680__w12,113,125
4b_duration_prior,4b_duration_prior__d7680__w12,114,124
4b_duration_prior,4b_duration_prior__d7680__w12,115,113
4b_duration_prior,4b_duration_prior__d7680__w12,116,109
4b_duration_prior,4b_duration_prior__d7680__w12,117,128
4b_duration_prior,4b_duration_prior__d7680__w12,118,126
4b_duration_prior,4b_duration_prior__d7680__w12,119,87
4b_duration_prior,4b_duration_prior__d7680__w12,120,78
4b_duration_prior,4b_duration_prior__d7680__w12,121,74
4b_duration_prior,4b_duration_prior__d7680__w12,122,43
4b_duration_prior,4b_duration_prior__d7680__w12,123,39
4b_duration_prior,4b_duration_prior__d7680__w12,124,21
4b_duration_prior,4b_duration_prior__d7680__w12,125,29
4b_duration_prior,4b_duration_prior__d7680__w12,126,20
4b_duration_prior,4b_duration_prior__d7680__w12,127,25
4b_duration_prior,4b_duration_prior__d7680__w12,128,15
4b_duration_prior,4b_duration_prior__d7680__w12,129,28
4b_duration_prior,4b_duration_prior__d7680__w12,130,43
4b_duration_prior,4b_duration_prior__d7680__w12,131,30
4b_duration_prior,4b_duration_prior__d7680__w12,132,29
4b_duration_prior,4b_duration_prior__d7680__w12,133,44
4b_duration_prior,4b_duration_prior__d7680__w12,134,34
4b_duration_prior,4b_duration_prior__d7680__w12,135,56
4b_duration_prior,4b_duration_prior__d7680__w12,136,42
4b_duration_prior,4b_duration_prior__d7680__w12,137,55
4b_duration_prior,4b_duration_prior__d7680__w12,138,41
4b_duration_prior,4b_duration_prior__d7680__w12,139,34
4b_duration_prior,4b_duration_prior__d7680__w12,140,49
4b_duration_prior,4b_duration_prior__d7680__w12,141,56
4b_duration_prior,4b_duration_prior__d7680__w12,142,54
4b_duration_prior,4b_duration_prior__d7680__w12,143,46
4b_duration_prior,4b_duration_prior__d7680__w12,144,40
4b_duration_prior,4b_duration_prior__d7680__w12,145,30
4b_duration_prior,4b_duration_prior__d7680__w12,146,30
4b_duration_prior,4b_duration_prior__d7680__w12,147,23
4b_duration_prior,4b_duration_prior__d7680__w12,148,24
4b_duration_prior,4b_duration_prior__d7680__w12,149,29
4b_duration_prior,4b_duration_prior__d7680__w12,150,27
4b_duration_prior,4b_duration_prior__d7680__w12,151,21
4b_duration_prior,4b_duration_prior__d7680__w12,152,17
4b_duration_prior,4b_duration_prior__d7680__w12,153,30
4b_duration_prior,4b_duration_prior__d7680__w12,154,25
4b_duration_prior,4b_duration_prior__d7680__w12,155,45
4b_duration_prior,4b_duration_prior__d7680__w12,156,34
4b_duration_prior,4b_duration_prior__d7680__w12,157,43
4b_duration_prior,4b_duration_prior__d7680__w12,158,38
4b_duration_prior,4b_duration_prior__d7680__w12,159,29
4b_duration_prior,4b_duration_prior__d7680__w12,160,35
4b_duration_prior,4b_duration_prior__d7680__w12,161,59
4b_duration_prior,4b_duration_prior__d7680__w12,162,52
4b_duration_prior,4b_duration_prior__d7680__w12,163,60
4b_duration_prior,4b_duration_prior__d7680__w12,164,52
4b_duration_prior,4b_duration_prior__d7680__w12,165,44
4b_duration_prior,4b_duration_prior__d7680__w12,166,59
4b_duration_prior,4b_duration_prior__d7680__w12,167,39
4b_duration_prior,4b_duration_prior__d15360__w12,0,33
4b_duration_prior,4b_duration_prior__d15360__w12,1,32
4b_duration_prior,4b_duration_prior__d15360__w12,2,34
4b_duration_prior,4b_duration_prior__d15360__w12,3,30
4b_duration_prior,4b_duration_prior__d15360__w12,4,34
4b_duration_prior,4b_duration_prior__d15360__w12,5,37
4b_duration_prior,4b_duration_prior__d15360__w12,6,45
4b_duration_prior,4b_duration_prior__d15360__w12,7,47
4b_duration_prior,4b_duration_prior__d15360__w12,8,62
4b_duration_prior,4b_duration_prior__d15360__w12,9,72
4b_duration_prior,4b_duration_prior__d15360__w12,10,90
4b_duration_prior,4b_duration_prior__d15360__w12,11,80
4b_duration_prior,4b_duration_prior__d15360__w12,12,70
4b_duration_prior,4b_duration_prior__d15360__w12,13,90
4b_duration_prior,4b_duration_prior__d15360__w12,14,104
4b_duration_prior,4b_duration_prior__d15360__w12,15,107
4b_duration_prior,4b_duration_prior__d15360__w12,16,118
4b_duration_prior,4b_duration_prior__d15360__w12,17,117
4b_duration_prior,4b_duration_prior__d15360__w12,18,94
4b_duration_prior,4b_duration_prior__d15360__w12,19,107
4b_duration_prior,4b_duration_prior__d15360__w12,20,115
4b_duration_prior,4b_duration_prior__d15360__w12,21,115
4b_duration_prior,4b_duration_prior__d15360__w12,22,101
4b_duration_prior,4b_duration_prior__d15360__w12,23,91
4b_duration_prior,4b_duration_prior__d15360__w12,24,82
4b_duration_prior,4b_duration_prior__d15360__w12,25,73
4b_duration_prior,4b_duration_prior__d15360__w12,26,42
4b_duration_prior,4b_duration_prior__d15360__w12,27,32
4b_duration_prior,4b_duration_prior__d15360__w12,28,45
4b_duration_prior,4b_duration_prior__d15360__w12,29,38
4b_duration_prior,4b_duration_prior__d15360__w12,30,55
4b_duration_prior,4b_duration_prior__d15360__w12,31,50
4b_duration_prior,4b_duration_prior__d15360__w12,32,77
4b_duration_prior,4b_duration_prior__d15360__w12,33,81
4b_duration_prior,4b_duration_prior__d15360__w12,34,69
4b_duration_prior,4b_duration_prior__d15360__w12,35,76
4b_duration_prior,4b_duration_prior__d15360__w12,36,83
4b_duration_prior,4b_duration_prior__d15360__w12,37,92
4b_duration_prior,4b_duration_prior__d15360__w12,38,113
4b_duration_prior,4b_duration_prior__d15360__w12,39,113
4b_duration_prior,4b_duration_prior__d15360__w12,40,115
4b_duration_prior,4b_duration_prior__d15360__w12,41,123
4b_duration_prior,4b_duration_prior__d15360__w12,42,124
4b_duration_prior,4b_duration_prior__d15360__w12,43,124
4b_duration_prior,4b_duration_prior__d15360__w12,44,133
4b_duration_prior,4b_duration_prior__d15360__w12,45,139
4b_duration_prior,4b_duration_prior__d15360__w12,46,106
4b_duration_prior,4b_duration_prior__d15360__w12,47,109
4b_duration_prior,4b_duration_prior__d15360__w12,48,83
4b_duration_prior,4b_duration_prior__d15360__w12,49,66
4b_duration_prior,4b_duration_prior__d15360__w12,50,46
4b_duration_prior,4b_duration_prior__d15360__w12,51,47
4b_duration_prior,4b_duration_prior__d15360__w12,52,39
4b_duration_prior,4b_duration_prior__d15360__w12,53,46
4b_duration_prior,4b_duration_prior__d15360__w12,54,51
4b_duration_prior,4b_duration_prior__d15360__w12,55,68
4b_duration_prior,4b_duration_prior__d15360__w12,56,64
4b_duration_prior,4b_duration_prior__d15360__w12,57,67
4b_duration_prior,4b_duration_prior__d15360__w12,58,66
4b_duration_prior,4b_duration_prior__d15360__w12,59,75
4b_duration_prior,4b_duration_prior__d15360__w12,60,79
4b_duration_prior,4b_duration_prior__d15360__w12,61,82
4b_duration_prior,4b_duration_prior__d15360__w12,62,90
4b_duration_prior,4b_duration_prior__d15360__w12,63,107
4b_duration_prior,4b_duration_prior__d15360__w12,64,114
4b_duration_prior,4b_duration_prior__d15360__w12,65,132
4b_duration_prior,4b_duration_prior__d15360__w12,66,131
4b_duration_prior,4b_duration_prior__d15360__w12,67,136
4b_duration_prior,4b_duration_prior__d15360__w12,68,121
4b_duration_prior,4b_duration_prior__d15360__w12,69,121
4b_duration_prior,4b_duration_prior__d15360__w12,70,106
4b_duration_prior,4b_duration_prior__d15360__w12,71,103
4b_duration_prior,4b_duration_prior__d15360__w12,72,90
4b_duration_prior,4b_duration_prior__d15360__w12,73,62
4b_duration_prior,4b_duration_prior__d15360__w12,74,60
4b_duration_prior,4b_duration_prior__d15360__w12,75,38
4b_duration_prior,4b_duration_prior__d15360__w12,76,49
4b_duration_prior,4b_duration_prior__d15360__w12,77,51
4b_duration_prior,4b_duration_prior__d15360__w12,78,71
4b_duration_prior,4b_duration_prior__d15360__w12,79,57
4b_duration_prior,4b_duration_prior__d15360__w12,80,74
4b_duration_prior,4b_duration_prior__d15360__w12,81,67
4b_duration_prior,4b_duration_prior__d15360__w12,82,71
4b_duration_prior,4b_duration_prior__d15360__w12,83,77
4b_duration_prior,4b_duration_prior__d15360__w12,84,84
4b_duration_prior,4b_duration_prior__d15360__w12,85,102
4b_duration_prior,4b_duration_prior__d15360__w12,86,109
4b_duration_prior,4b_duration_prior__d15360__w12,87,106
4b_duration_prior,4b_duration_prior__d15360__w12,88,122
4b_duration_prior,4b_duration_prior__d15360__w12,89,122
4b_duration_prior,4b_duration_prior__d15360__w12,90,121
4b_duration_prior,4b_duration_prior__d15360__w12,91,117
4b_duration_prior,4b_duration_prior__d15360__w12,92,120
4b_duration_prior,4b_duration_prior__d15360__w12,93,131
4b_duration_prior,4b_duration_prior__d15360__w12,94,124
4b_duration_prior,4b_duration_prior__d15360__w12,95,96
4b_duration_prior,4b_duration_prior__d15360__w12,96,77
4b_duration_prior,4b_duration_prior__d15360__w12,97,72
4b_duration_prior,4b_duration_prior__d15360__w12,98,47
4b_duration_prior,4b_duration_prior__d15360__w12,99,37
4b_duration_prior,4b_duration_prior__d15360__w12,100,30
4b_duration_prior,4b_duration_prior__d15360__w12,101,42
4b_duration_prior,4b_duration_prior__d15360__w12,102,51
4b_duration_prior,4b_duration_prior__d15360__w12,103,53
4b_duration_prior,4b_duration_prior__d15360__w12,104,62
4b_duration_prior,4b_duration_prior__d15360__w12,105,89
4b_duration_prior,4b_duration_prior__d15360__w12,106,76
4b_duration_prior,4b_duration_prior__d15360__w12,107,75
4b_duration_prior,4b_duration_prior__d15360__w12,108,73
4b_duration_prior,4b_duration_prior__d15360__w12,109,97
4b_duration_prior,4b_duration_prior__d15360__w12,110,110
4b_duration_prior,4b_duration_prior__d15360__w12,111,129
4b_duration_prior,4b_duration_prior__d15360__w12,112,128
4b_duration_prior,4b_duration_prior__d15360__w12,113,125
4b_duration_prior,4b_duration_prior__d15360__w12,114,128
4b_duration_prior,4b_duration_prior__d15360__w12,115,116
4b_duration_prior,4b_duration_prior__d15360__w12,116,114
4b_duration_prior,4b_duration_prior__d15360__w12,117,128
4b_duration_prior,4b_duration_prior__d15360__w12,118,128
4b_duration_prior,4b_duration_prior__d15360__w12,119,88
4b_duration_prior,4b_duration_prior__d15360__w12,120,79
4b_duration_prior,4b_duration_prior__d15360__w12,121,69
4b_duration_prior,4b_duration_prior__d15360__w12,122,40
4b_duration_prior,4b_duration_prior__d15360__w12,123,24
4b_duration_prior,4b_duration_prior__d15360__w12,124,21
4b_duration_prior,4b_duration_prior__d15360__w12,125,29
4b_duration_prior,4b_duration_prior__d15360__w12,126,20
4b_duration_prior,4b_duration_prior__d15360__w12,127,25
4b_duration_prior,4b_duration_prior__d15360__w12,128,15
4b_duration_prior,4b_duration_prior__d15360__w12,129,29
4b_duration_prior,4b_duration_prior__d15360__w12,130,41
4b_duration_prior,4b_duration_prior__d15360__w12,131,29
4b_duration_prior,4b_duration_prior__d15360__w12,132,27
4b_duration_prior,4b_duration_prior__d15360__w12,133,45
4b_duration_prior,4b_duration_prior__d15360__w12,134,34
4b_duration_prior,4b_duration_prior__d15360__w12,135,56
4b_duration_prior,4b_duration_prior__d15360__w12,136,42
4b_duration_prior,4b_duration_prior__d15360__w12,137,55
4b_duration_prior,4b_duration_prior__d15360__w12,138,41
4b_duration_prior,4b_duration_prior__d15360__w12,139,35
4b_duration_prior,4b_duration_prior__d15360__w12,140,50
4b_duration_prior,4b_duration_prior__d15360__w12,141,56
4b_duration_prior,4b_duration_prior__d15360__w12,142,54
4b_duration_prior,4b_duration_prior__d15360__w12,143,47
4b_duration_prior,4b_duration_prior__d15360__w12,144,43
4b_duration_prior,4b_duration_prior__d15360__w12,145,30
4b_duration_prior,4b_duration_prior__d15360__w12,146,30
4b_duration_prior,4b_duration_prior__d15360__w12,147,21
4b_duration_prior,4b_duration_prior__d15360__w12,148,24
4b_duration_prior,4b_duration_prior__d15360__w12,149,29
4b_duration_prior,4b_duration_prior__d15360__w12,150,27
4b_duration_prior,4b_duration_prior__d15360__w12,151,21
4b_duration_prior,4b_duration_prior__d15360__w12,152,18
4b_duration_prior,4b_duration_prior__d15360__w12,153,30
4b_duration_prior,4b_duration_prior__d15360__w12,154,25
4b_duration_prior,4b_duration_prior__d15360__w12,155,39
4b_duration_prior,4b_duration_prior__d15360__w12,156,34
4b_duration_prior,4b_duration_prior__d15360__w12,157,43
4b_duration_prior,4b_duration_prior__d15360__w12,158,38
4b_duration_prior,4b_duration_prior__d15360__w12,159,29
4b_duration_prior,4b_duration_prior__d15360__w12,160,35
4b_duration_prior,4b_duration_prior__d15360__w12,161,59
4b_duration_prior,4b_duration_prior__d15360__w12,162,52
4b_duration_prior,4b_duration_prior__d15360__w12,163,60
4b_duration_prior,4b_duration_prior__d15360__w12,164,52
4b_duration_prior,4b_duration_prior__d15360__w12,165,44
4b_duration_prior,4b_duration_prior__d15360__w12,166,59
4b_duration_prior,4b_duration_prior__d15360__w12,167,40
4b_duration_prior,4b_duration_prior__d0__w24,0,22
4b_duration_prior,4b_duration_prior__d0__w24,1,111
4b_duration_prior,4b_duration_prior__d0__w24,2,34
4b_duration_prior,4b_duration_prior__d0__w24,3,30
4b_duration_prior,4b_duration_prior__d0__w24,4,28
4b_duration_prior,4b_duration_prior__d0__w24,5,26
4b_duration_prior,4b_duration_prior__d0__w24,6,31
4b_duration_prior,4b_duration_prior__d0__w24,7,35
4b_duration_prior,4b_duration_prior__d0__w24,8,45
4b_duration_prior,4b_duration_prior__d0__w24,9,52
4b_duration_prior,4b_duration_prior__d0__w24,10,61
4b_duration_prior,4b_duration_prior__d0__w24,11,64
4b_duration_prior,4b_duration_prior__d0__w24,12,50
4b_duration_prior,4b_duration_prior__d0__w24,13,60
4b_duration_prior,4b_duration_prior__d0__w24,14,82
4b_duration_prior,4b_duration_prior__d0__w24,15,83
4b_duration_prior,4b_duration_prior__d0__w24,16,93
4b_duration_prior,4b_duration_prior__d0__w24,17,94
4b_duration_prior,4b_duration_prior__d0__w24,18,76
4b_duration_prior,4b_duration_prior__d0__w24,19,84
4b_duration_prior,4b_duration_prior__d0__w24,20,88
4b_duration_prior,4b_duration_prior__d0__w24,21,83
4b_duration_prior,4b_duration_prior__d0__w24,22,84
4b_duration_prior,4b_duration_prior__d0__w24,23,76
4b_duration_prior,4b_duration_prior__d0__w24,24,62
4b_duration_prior,4b_duration_prior__d0__w24,25,65
4b_duration_prior,4b_duration_prior__d0__w24,26,471
4b_duration_prior,4b_duration_prior__d0__w24,27,32
4b_duration_prior,4b_duration_prior__d0__w24,28,45
4b_duration_prior,4b_duration_prior__d0__w24,29,27
4b_duration_prior,4b_duration_prior__d0__w24,30,36
4b_duration_prior,4b_duration_prior__d0__w24,31,40
4b_duration_prior,4b_duration_prior__d0__w24,32,63
4b_duration_prior,4b_duration_prior__d0__w24,33,52
4b_duration_prior,4b_duration_prior__d0__w24,34,53
4b_duration_prior,4b_duration_prior__d0__w24,35,56
4b_duration_prior,4b_duration_prior__d0__w24,36,202
4b_duration_prior,4b_duration_prior__d0__w24,37,69
4b_duration_prior,4b_duration_prior__d0__w24,38,88
4b_duration_prior,4b_duration_prior__d0__w24,39,87
4b_duration_prior,4b_duration_prior__d0__w24,40,87
4b_duration_prior,4b_duration_prior__d0__w24,41,99
4b_duration_prior,4b_duration_prior__d0__w24,42,102
4b_duration_prior,4b_duration_prior__d0__w24,43,96
4b_duration_prior,4b_duration_prior__d0__w24,44,111
4b_duration_prior,4b_duration_prior__d0__w24,45,111
4b_duration_prior,4b_duration_prior__d0__w24,46,83
4b_duration_prior,4b_duration_prior__d0__w24,47,87
4b_duration_prior,4b_duration_prior__d0__w24,48,60
4b_duration_prior,4b_duration_prior__d0__w24,49,51
4b_duration_prior,4b_duration_prior__d0__w24,50,261
4b_duration_prior,4b_duration_prior__d0__w24,51,40
4b_duration_prior,4b_duration_prior__d0__w24,52,31
4b_duration_prior,4b_duration_prior__d0__w24,53,35
4b_duration_prior,4b_duration_prior__d0__w24,54,38
4b_duration_prior,4b_duration_prior__d0__w24,55,47
4b_duration_prior,4b_duration_prior__d0__w24,56,46
4b_duration_prior,4b_duration_prior__d0__w24,57,45
4b_duration_prior,4b_duration_prior__d0__w24,58,48
4b_duration_prior,4b_duration_prior__d0__w24,59,50
4b_duration_prior,4b_duration_prior__d0__w24,60,61
4b_duration_prior,4b_duration_prior__d0__w24,61,61
4b_duration_prior,4b_duration_prior__d0__w24,62,62
4b_duration_prior,4b_duration_prior__d0__w24,63,78
4b_duration_prior,4b_duration_prior__d0__w24,64,90
4b_duration_prior,4b_duration_prior__d0__w24,65,107
4b_duration_prior,4b_duration_prior__d0__w24,66,102
4b_duration_prior,4b_duration_prior__d0__w24,67,102
4b_duration_prior,4b_duration_prior__d0__w24,68,93
4b_duration_prior,4b_duration_prior__d0__w24,69,94
4b_duration_prior,4b_duration_prior__d0__w24,70,103
4b_duration_prior,4b_duration_prior__d0__w24,71,98
4b_duration_prior,4b_duration_prior__d0__w24,72,90
4b_duration_prior,4b_duration_prior__d0__w24,73,64
4b_duration_prior,4b_duration_prior__d0__w24,74,491
4b_duration_prior,4b_duration_prior__d0__w24,75,33
4b_duration_prior,4b_duration_prior__d0__w24,76,39
4b_duration_prior,4b_duration_prior__d0__w24,77,36
4b_duration_prior,4b_duration_prior__d0__w24,78,47
4b_duration_prior,4b_duration_prior__d0__w24,79,38
4b_duration_prior,4b_duration_prior__d0__w24,80,53
4b_duration_prior,4b_duration_prior__d0__w24,81,48
4b_duration_prior,4b_duration_prior__d0__w24,82,47
4b_duration_prior,4b_duration_prior__d0__w24,83,55
4b_duration_prior,4b_duration_prior__d0__w24,84,68
4b_duration_prior,4b_duration_prior__d0__w24,85,81
4b_duration_prior,4b_duration_prior__d0__w24,86,69
4b_duration_prior,4b_duration_prior__d0__w24,87,85
4b_duration_prior,4b_duration_prior__d0__w24,88,97
4b_duration_prior,4b_duration_prior__d0__w24,89,100
4b_duration_prior,4b_duration_prior__d0__w24,90,92
4b_duration_prior,4b_duration_prior__d0__w24,91,100
4b_duration_prior,4b_duration_prior__d0__w24,92,88
4b_duration_prior,4b_duration_prior__d0__w24,93,102
4b_duration_prior,4b_duration_prior__d0__w24,94,102
4b_duration_prior,4b_duration_prior__d0__w24,95,134
4b_duration_prior,4b_duration_prior__d0__w24,96,52
4b_duration_prior,4b_duration_prior__d0__w24,97,71
4b_duration_prior,4b_duration_prior__d0__w24,98,522
4b_duration_prior,4b_duration_prior__d0__w24,99,30
4b_duration_prior,4b_duration_prior__d0__w24,100,23
4b_duration_prior,4b_duration_prior__d0__w24,101,33
4b_duration_prior,4b_duration_prior__d0__w24,102,40
4b_duration_prior,4b_duration_prior__d0__w24,103,40
4b_duration_prior,4b_duration_prior__d0__w24,104,44
4b_duration_prior,4b_duration_prior__d0__w24,105,54
4b_duration_prior,4b_duration_prior__d0__w24,106,59
4b_duration_prior,4b_duration_prior__d0__w24,107,56
4b_duration_prior,4b_duration_prior__d0__w24,108,50
4b_duration_prior,4b_duration_prior__d0__w24,109,72
4b_duration_prior,4b_duration_prior__d0__w24,110,84
4b_duration_prior,4b_duration_prior__d0__w24,111,106
4b_duration_prior,4b_duration_prior__d0__w24,112,95
4b_duration_prior,4b_duration_prior__d0__w24,113,110
4b_duration_prior,4b_duration_prior__d0__w24,114,103
4b_duration_prior,4b_duration_prior__d0__w24,115,91
4b_duration_prior,4b_duration_prior__d0__w24,116,91
4b_duration_prior,4b_duration_prior__d0__w24,117,103
4b_duration_prior,4b_duration_prior__d0__w24,118,105
4b_duration_prior,4b_duration_prior__d0__w24,119,73
4b_duration_prior,4b_duration_prior__d0__w24,120,60
4b_duration_prior,4b_duration_prior__d0__w24,121,74
4b_duration_prior,4b_duration_prior__d0__w24,122,41
4b_duration_prior,4b_duration_prior__d0__w24,123,119
4b_duration_prior,4b_duration_prior__d0__w24,124,17
4b_duration_prior,4b_duration_prior__d0__w24,125,26
4b_duration_prior,4b_duration_prior__d0__w24,126,14
4b_duration_prior,4b_duration_prior__d0__w24,127,18
4b_duration_prior,4b_duration_prior__d0__w24,128,12
4b_duration_prior,4b_duration_prior__d0__w24,129,21
4b_duration_prior,4b_duration_prior__d0__w24,130,55
4b_duration_prior,4b_duration_prior__d0__w24,131,39
4b_duration_prior,4b_duration_prior__d0__w24,132,322
4b_duration_prior,4b_duration_prior__d0__w24,133,41
4b_duration_prior,4b_duration_prior__d0__w24,134,29
4b_duration_prior,4b_duration_prior__d0__w24,135,50
4b_duration_prior,4b_duration_prior__d0__w24,136,36
4b_duration_prior,4b_duration_prior__d0__w24,137,45
4b_duration_prior,4b_duration_prior__d0__w24,138,33
4b_duration_prior,4b_duration_prior__d0__w24,139,30
4b_duration_prior,4b_duration_prior__d0__w24,140,44
4b_duration_prior,4b_duration_prior__d0__w24,141,43
4b_duration_prior,4b_duration_prior__d0__w24,142,48
4b_duration_prior,4b_duration_prior__d0__w24,143,38
4b_duration_prior,4b_duration_prior__d0__w24,144,32
4b_duration_prior,4b_duration_prior__d0__w24,145,34
4b_duration_prior,4b_duration_prior__d0__w24,146,31
4b_duration_prior,4b_duration_prior__d0__w24,147,48
4b_duration_prior,4b_duration_prior__d0__w24,148,22
4b_duration_prior,4b_duration_prior__d0__w24,149,25
4b_duration_prior,4b_duration_prior__d0__w24,150,23
4b_duration_prior,4b_duration_prior__d0__w24,151,13
4b_duration_prior,4b_duration_prior__d0__w24,152,13
4b_duration_prior,4b_duration_prior__d0__w24,153,34
4b_duration_prior,4b_duration_prior__d0__w24,154,23
4b_duration_prior,4b_duration_prior__d0__w24,155,185
4b_duration_prior,4b_duration_prior__d0__w24,156,34
4b_duration_prior,4b_duration_prior__d0__w24,157,43
4b_duration_prior,4b_duration_prior__d0__w24,158,28
4b_duration_prior,4b_duration_prior__d0__w24,159,26
4b_duration_prior,4b_duration_prior__d0__w24,160,30
4b_duration_prior,4b_duration_prior__d0__w24,161,54
4b_duration_prior,4b_duration_prior__d0__w24,162,45
4b_duration_prior,4b_duration_prior__d0__w24,163,50
4b_duration_prior,4b_duration_prior__d0__w24,164,45
4b_duration_prior,4b_duration_prior__d0__w24,165,34
4b_duration_prior,4b_duration_prior__d0__w24,166,54
4b_duration_prior,4b_duration_prior__d0__w24,167,34
4b_duration_prior,4b_duration_prior__d60__w24,0,22
4b_duration_prior,4b_duration_prior__d60__w24,1,107
4b_duration_prior,4b_duration_prior__d60__w24,2,34
4b_duration_prior,4b_duration_prior__d60__w24,3,30
4b_duration_prior,4b_duration_prior__d60__w24,4,28
4b_duration_prior,4b_duration_prior__d60__w24,5,26
4b_duration_prior,4b_duration_prior__d60__w24,6,33
4b_duration_prior,4b_duration_prior__d60__w24,7,36
4b_duration_prior,4b_duration_prior__d60__w24,8,45
4b_duration_prior,4b_duration_prior__d60__w24,9,52
4b_duration_prior,4b_duration_prior__d60__w24,10,62
4b_duration_prior,4b_duration_prior__d60__w24,11,64
4b_duration_prior,4b_duration_prior__d60__w24,12,51
4b_duration_prior,4b_duration_prior__d60__w24,13,61
4b_duration_prior,4b_duration_prior__d60__w24,14,82
4b_duration_prior,4b_duration_prior__d60__w24,15,83
4b_duration_prior,4b_duration_prior__d60__w24,16,93
4b_duration_prior,4b_duration_prior__d60__w24,17,96
4b_duration_prior,4b_duration_prior__d60__w24,18,76
4b_duration_prior,4b_duration_prior__d60__w24,19,88
4b_duration_prior,4b_duration_prior__d60__w24,20,88
4b_duration_prior,4b_duration_prior__d60__w24,21,83
4b_duration_prior,4b_duration_prior__d60__w24,22,85
4b_duration_prior,4b_duration_prior__d60__w24,23,76
4b_duration_prior,4b_duration_prior__d60__w24,24,64
4b_duration_prior,4b_duration_prior__d60__w24,25,65
4b_duration_prior,4b_duration_prior__d60__w24,26,456
4b_duration_prior,4b_duration_prior__d60__w24,27,32
4b_duration_prior,4b_duration_prior__d60__w24,28,45
4b_duration_prior,4b_duration_prior__d60__w24,29,28
4b_duration_prior,4b_duration_prior__d60__w24,30,36
4b_duration_prior,4b_duration_prior__d60__w24,31,40
4b_duration_prior,4b_duration_prior__d60__w24,32,63
4b_duration_prior,4b_duration_prior__d60__w24,33,55
4b_duration_prior,4b_duration_prior__d60__w24,34,55
4b_duration_prior,4b_duration_prior__d60__w24,35,56
4b_duration_prior,4b_duration_prior__d60__w24,36,196
4b_duration_prior,4b_duration_prior__d60__w24,37,73
4b_duration_prior,4b_duration_prior__d60__w24,38,90
4b_duration_prior,4b_duration_prior__d60__w24,39,88
4b_duration_prior,4b_duration_prior__d60__w24,40,87
4b_duration_prior,4b_duration_prior__d60__w24,41,100
4b_duration_prior,4b_duration_prior__d60__w24,42,102
4b_duration_prior,4b_duration_prior__d60__w24,43,96
4b_duration_prior,4b_duration_prior__d60__w24,44,111
4b_duration_prior,4b_duration_prior__d60__w24,45,111
4b_duration_prior,4b_duration_prior__d60__w24,46,85
4b_duration_prior,4b_duration_prior__d60__w24,47,87
4b_duration_prior,4b_duration_prior__d60__w24,48,60
4b_duration_prior,4b_duration_prior__d60__w24,49,51
4b_duration_prior,4b_duration_prior__d60__w24,50,254
4b_duration_prior,4b_duration_prior__d60__w24,51,40
4b_duration_prior,4b_duration_prior__d60__w24,52,31
4b_duration_prior,4b_duration_prior__d60__w24,53,36
4b_duration_prior,4b_duration_prior__d60__w24,54,38
4b_duration_prior,4b_duration_prior__d60__w24,55,48
4b_duration_prior,4b_duration_prior__d60__w24,56,46
4b_duration_prior,4b_duration_prior__d60__w24,57,45
4b_duration_prior,4b_duration_prior__d60__w24,58,49
4b_duration_prior,4b_duration_prior__d60__w24,59,51
4b_duration_prior,4b_duration_prior__d60__w24,60,62
4b_duration_prior,4b_duration_prior__d60__w24,61,61
4b_duration_prior,4b_duration_prior__d60__w24,62,62
4b_duration_prior,4b_duration_prior__d60__w24,63,78
4b_duration_prior,4b_duration_prior__d60__w24,64,91
4b_duration_prior,4b_duration_prior__d60__w24,65,107
4b_duration_prior,4b_duration_prior__d60__w24,66,102
4b_duration_prior,4b_duration_prior__d60__w24,67,105
4b_duration_prior,4b_duration_prior__d60__w24,68,93
4b_duration_prior,4b_duration_prior__d60__w24,69,96
4b_duration_prior,4b_duration_prior__d60__w24,70,103
4b_duration_prior,4b_duration_prior__d60__w24,71,102
4b_duration_prior,4b_duration_prior__d60__w24,72,90
4b_duration_prior,4b_duration_prior__d60__w24,73,64
4b_duration_prior,4b_duration_prior__d60__w24,74,478
4b_duration_prior,4b_duration_prior__d60__w24,75,33
4b_duration_prior,4b_duration_prior__d60__w24,76,39
4b_duration_prior,4b_duration_prior__d60__w24,77,36
4b_duration_prior,4b_duration_prior__d60__w24,78,50
4b_duration_prior,4b_duration_prior__d60__w24,79,39
4b_duration_prior,4b_duration_prior__d60__w24,80,53
4b_duration_prior,4b_duration_prior__d60__w24,81,48
4b_duration_prior,4b_duration_prior__d60__w24,82,48
4b_duration_prior,4b_duration_prior__d60__w24,83,56
4b_duration_prior,4b_duration_prior__d60__w24,84,69
4b_duration_prior,4b_duration_prior__d60__w24,85,81
4b_duration_prior,4b_duration_prior__d60__w24,86,70
4b_duration_prior,4b_duration_prior__d60__w24,87,85
4b_duration_prior,4b_duration_prior__d60__w24,88,99
4b_duration_prior,4b_duration_prior__d60__w24,89,100
4b_duration_prior,4b_duration_prior__d60__w24,90,93
4b_duration_prior,4b_duration_prior__d60__w24,91,100
4b_duration_prior,4b_duration_prior__d60__w24,92,89
4b_duration_prior,4b_duration_prior__d60__w24,93,103
4b_duration_prior,4b_duration_prior__d60__w24,94,102
4b_duration_prior,4b_duration_prior__d60__w24,95,131
4b_duration_prior,4b_duration_prior__d60__w24,96,54
4b_duration_prior,4b_duration_prior__d60__w24,97,71
4b_duration_prior,4b_duration_prior__d60__w24,98,505
4b_duration_prior,4b_duration_prior__d60__w24,99,30
4b_duration_prior,4b_duration_prior__d60__w24,100,23
4b_duration_prior,4b_duration_prior__d60__w24,101,34
4b_duration_prior,4b_duration_prior__d60__w24,102,43
4b_duration_prior,4b_duration_prior__d60__w24,103,42
4b_duration_prior,4b_duration_prior__d60__w24,104,45
4b_duration_prior,4b_duration_prior__d60__w24,105,57
4b_duration_prior,4b_duration_prior__d60__w24,106,60
4b_duration_prior,4b_duration_prior__d60__w24,107,56
4b_duration_prior,4b_duration_prior__d60__w24,108,50
4b_duration_prior,4b_duration_prior__d60__w24,109,73
4b_duration_prior,4b_duration_prior__d60__w24,110,84
4b_duration_prior,4b_duration_prior__d60__w24,111,106
4b_duration_prior,4b_duration_prior__d60__w24,112,97
4b_duration_prior,4b_duration_prior__d60__w24,113,111
4b_duration_prior,4b_duration_prior__d60__w24,114,105
4b_duration_prior,4b_duration_prior__d60__w24,115,92
4b_duration_prior,4b_duration_prior__d60__w24,116,94
4b_duration_prior,4b_duration_prior__d60__w24,117,103
4b_duration_prior,4b_duration_prior__d60__w24,118,106
4b_duration_prior,4b_duration_prior__d60__w24,119,74
4b_duration_prior,4b_duration_prior__d60__w24,120,62
4b_duration_prior,4b_duration_prior__d60__w24,121,74
4b_duration_prior,4b_duration_prior__d60__w24,122,41
4b_duration_prior,4b_duration_prior__d60__w24,123,109
4b_duration_prior,4b_duration_prior__d60__w24,124,17
4b_duration_prior,4b_duration_prior__d60__w24,125,26
4b_duration_prior,4b_duration_prior__d60__w24,126,14
4b_duration_prior,4b_duration_prior__d60__w24,127,19
4b_duration_prior,4b_duration_prior__d60__w24,128,12
4b_duration_prior,4b_duration_prior__d60__w24,129,22
4b_duration_prior,4b_duration_prior__d60__w24,130,54
4b_duration_prior,4b_duration_prior__d60__w24,131,39
4b_duration_prior,4b_duration_prior__d60__w24,132,308
4b_duration_prior,4b_duration_prior__d60__w24,133,41
4b_duration_prior,4b_duration_prior__d60__w24,134,29
4b_duration_prior,4b_duration_prior__d60__w24,135,51
4b_duration_prior,4b_duration_prior__d60__w24,136,36
4b_duration_prior,4b_duration_prior__d60__w24,137,45
4b_duration_prior,4b_duration_prior__d60__w24,138,33
4b_duration_prior,4b_duration_prior__d60__w24,139,31
4b_duration_prior,4b_duration_prior__d60__w24,140,44
4b_duration_prior,4b_duration_prior__d60__w24,141,45
4b_duration_prior,4b_duration_prior__d60__w24,142,48
4b_duration_prior,4b_duration_prior__d60__w24,143,40
4b_duration_prior,4b_duration_prior__d60__w24,144,32
4b_duration_prior,4b_duration_prior__d60__w24,145,34
4b_duration_prior,4b_duration_prior__d60__w24,146,31
4b_duration_prior,4b_duration_prior__d60__w24,147,47
4b_duration_prior,4b_duration_prior__d60__w24,148,22
4b_duration_prior,4b_duration_prior__d60__w24,149,25
4b_duration_prior,4b_duration_prior__d60__w24,150,24
4b_duration_prior,4b_duration_prior__d60__w24,151,14
4b_duration_prior,4b_duration_prior__d60__w24,152,14
4b_duration_prior,4b_duration_prior__d60__w24,153,33
4b_duration_prior,4b_duration_prior__d60__w24,154,23
4b_duration_prior,4b_duration_prior__d60__w24,155,176
4b_duration_prior,4b_duration_prior__d60__w24,156,34
4b_duration_prior,4b_duration_prior__d60__w24,157,43
4b_duration_prior,4b_duration_prior__d60__w24,158,28
4b_duration_prior,4b_duration_prior__d60__w24,159,26
4b_duration_prior,4b_duration_prior__d60__w24,160,31
4b_duration_prior,4b_duration_prior__d60__w24,161,54
4b_duration_prior,4b_duration_prior__d60__w24,162,46
4b_duration_prior,4b_duration_prior__d60__w24,163,50
4b_duration_prior,4b_duration_prior__d60__w24,164,46
4b_duration_prior,4b_duration_prior__d60__w24,165,35
4b_duration_prior,4b_duration_prior__d60__w24,166,54
4b_duration_prior,4b_duration_prior__d60__w24,167,34
4b_duration_prior,4b_duration_prior__d120__w24,0,23
4b_duration_prior,4b_duration_prior__d120__w24,1,100
4b_duration_prior,4b_duration_prior__d120__w24,2,34
4b_duration_prior,4b_duration_prior__d120__w24,3,30
4b_duration_prior,4b_duration_prior__d120__w24,4,28
4b_duration_prior,4b_duration_prior__d120__w24,5,26
4b_duration_prior,4b_duration_prior__d120__w24,6,33
4b_duration_prior,4b_duration_prior__d120__w24,7,38
4b_duration_prior,4b_duration_prior__d120__w24,8,45
4b_duration_prior,4b_duration_prior__d120__w24,9,54
4b_duration_prior,4b_duration_prior__d120__w24,10,62
4b_duration_prior,4b_duration_prior__d120__w24,11,64
4b_duration_prior,4b_duration_prior__d120__w24,12,51
4b_duration_prior,4b_duration_prior__d120__w24,13,62
4b_duration_prior,4b_duration_prior__d120__w24,14,82
4b_duration_prior,4b_duration_prior__d120__w24,15,83
4b_duration_prior,4b_duration_prior__d120__w24,16,93
4b_duration_prior,4b_duration_prior__d120__w24,17,98
4b_duration_prior,4b_duration_prior__d120__w24,18,78
4b_duration_prior,4b_duration_prior__d120__w24,19,89
4b_duration_prior,4b_duration_prior__d120__w24,20,89
4b_duration_prior,4b_duration_prior__d120__w24,21,83
4b_duration_prior,4b_duration_prior__d120__w24,22,85
4b_duration_prior,4b_duration_prior__d120__w24,23,76
4b_duration_prior,4b_duration_prior__d120__w24,24,64
4b_duration_prior,4b_duration_prior__d120__w24,25,65
4b_duration_prior,4b_duration_prior__d120__w24,26,445
4b_duration_prior,4b_duration_prior__d120__w24,27,32
4b_duration_prior,4b_duration_prior__d120__w24,28,45
4b_duration_prior,4b_duration_prior__d120__w24,29,31
4b_duration_prior,4b_duration_prior__d120__w24,30,37
4b_duration_prior,4b_duration_prior__d120__w24,31,40
4b_duration_prior,4b_duration_prior__d120__w24,32,64
4b_duration_prior,4b_duration_prior__d120__w24,33,56
4b_duration_prior,4b_duration_prior__d120__w24,34,55
4b_duration_prior,4b_duration_prior__d120__w24,35,58
4b_duration_prior,4b_duration_prior__d120__w24,36,188
4b_duration_prior,4b_duration_prior__d120__w24,37,73
4b_duration_prior,4b_duration_prior__d120__w24,38,90
4b_duration_prior,4b_duration_prior__d120__w24,39,90
4b_duration_prior,4b_duration_prior__d120__w24,40,87
4b_duration_prior,4b_duration_prior__d120__w24,41,102
4b_duration_prior,4b_duration_prior__d120__w24,42,102
4b_duration_prior,4b_duration_prior__d120__w24,43,98
4b_duration_prior,4b_duration_prior__d120__w24,44,114
4b_duration_prior,4b_duration_prior__d120__w24,45,112
4b_duration_prior,4b_duration_prior__d120__w24,46,85
4b_duration_prior,4b_duration_prior__d120__w24,47,88
4b_duration_prior,4b_duration_prior__d120__w24,48,60
4b_duration_prior,4b_duration_prior__d120__w24,49,51
4b_duration_prior,4b_duration_prior__d120__w24,50,244
4b_duration_prior,4b_duration_prior__d120__w24,51,40
4b_duration_prior,4b_duration_prior__d120__w24,52,31
4b_duration_prior,4b_duration_prior__d120__w24,53,36
4b_duration_prior,4b_duration_prior__d120__w24,54,39
4b_duration_prior,4b_duration_prior__d120__w24,55,48
4b_duration_prior,4b_duration_prior__d120__w24,56,47
4b_duration_prior,4b_duration_prior__d120__w24,57,45
4b_duration_prior,4b_duration_prior__d120__w24,58,50
4b_duration_prior,4b_duration_prior__d120__w24,59,51
4b_duration_prior,4b_duration_prior__d120__w24,60,63
4b_duration_prior,4b_duration_prior__d120__w24,61,61
4b_duration_prior,4b_duration_prior__d120__w24,62,63
4b_duration_prior,4b_duration_prior__d120__w24,63,78
4b_duration_prior,4b_duration_prior__d120__w24,64,91
4b_duration_prior,4b_duration_prior__d120__w24,65,107
4b_duration_prior,4b_duration_prior__d120__w24,66,104
4b_duration_prior,4b_duration_prior__d120__w24,67,105
4b_duration_prior,4b_duration_prior__d120__w24,68,94
4b_duration_prior,4b_duration_prior__d120__w24,69,97
4b_duration_prior,4b_duration_prior__d120__w24,70,104
4b_duration_prior,4b_duration_prior__d120__w24,71,101
4b_duration_prior,4b_duration_prior__d120__w24,72,90
4b_duration_prior,4b_duration_prior__d120__w24,73,65
4b_duration_prior,4b_duration_prior__d120__w24,74,468
4b_duration_prior,4b_duration_prior__d120__w24,75,33
4b_duration_prior,4b_duration_prior__d120__w24,76,39
4b_duration_prior,4b_duration_prior__d120__w24,77,36
4b_duration_prior,4b_duration_prior__d120__w24,78,50
4b_duration_prior,4b_duration_prior__d120__w24,79,39
4b_duration_prior,4b_duration_prior__d120__w24,80,53
4b_duration_prior,4b_duration_prior__d120__w24,81,49
4b_duration_prior,4b_duration_prior__d120__w24,82,50
4b_duration_prior,4b_duration_prior__d120__w24,83,56
4b_duration_prior,4b_duration_prior__d120__w24,84,69
4b_duration_prior,4b_duration_prior__d120__w24,85,81
4b_duration_prior,4b_duration_prior__d120__w24,86,71
4b_duration_prior,4b_duration_prior__d120__w24,87,86
4b_duration_prior,4b_duration_prior__d120__w24,88,100
4b_duration_prior,4b_duration_prior__d120__w24,89,100
4b_duration_prior,4b_duration_prior__d120__w24,90,93
4b_duration_prior,4b_duration_prior__d120__w24,91,103
4b_duration_prior,4b_duration_prior__d120__w24,92,89
4b_duration_prior,4b_duration_prior__d120__w24,93,103
4b_duration_prior,4b_duration_prior__d120__w24,94,103
4b_duration_prior,4b_duration_prior__d120__w24,95,131
4b_duration_prior,4b_duration_prior__d120__w24,96,55
4b_duration_prior,4b_duration_prior__d120__w24,97,70
4b_duration_prior,4b_duration_prior__d120__w24,98,494
4b_duration_prior,4b_duration_prior__d120__w24,99,31
4b_duration_prior,4b_duration_prior__d120__w24,100,23
4b_duration_prior,4b_duration_prior__d120__w24,101,34
4b_duration_prior,4b_duration_prior__d120__w24,102,44
4b_duration_prior,4b_duration_prior__d120__w24,103,42
4b_duration_prior,4b_duration_prior__d120__w24,104,45
4b_duration_prior,4b_duration_prior__d120__w24,105,58
4b_duration_prior,4b_duration_prior__d120__w24,106,60
4b_duration_prior,4b_duration_prior__d120__w24,107,57
4b_duration_prior,4b_duration_prior__d120__w24,108,50
4b_duration_prior,4b_duration_prior__d120__w24,109,76
4b_duration_prior,4b_duration_prior__d120__w24,110,85
4b_duration_prior,4b_duration_prior__d120__w24,111,106
4b_duration_prior,4b_duration_prior__d120__w24,112,98
4b_duration_prior,4b_duration_prior__d120__w24,113,113
4b_duration_prior,4b_duration_prior__d120__w24,114,106
4b_duration_prior,4b_duration_prior__d120__w24,115,92
4b_duration_prior,4b_duration_prior__d120__w24,116,95
4b_duration_prior,4b_duration_prior__d120__w24,117,105
4b_duration_prior,4b_duration_prior__d120__w24,118,108
4b_duration_prior,4b_duration_prior__d120__w24,119,74
4b_duration_prior,4b_duration_prior__d120__w24,120,62
4b_duration_prior,4b_duration_prior__d120__w24,121,74
4b_duration_prior,4b_duration_prior__d120__w24,122,41
4b_duration_prior,4b_duration_prior__d120__w24,123,106
4b_duration_prior,4b_duration_prior__d120__w24,124,18
4b_duration_prior,4b_duration_prior__d120__w24,125,26
4b_duration_prior,4b_duration_prior__d120__w24,126,14
4b_duration_prior,4b_duration_prior__d120__w24,127,19
4b_duration_prior,4b_duration_prior__d120__w24,128,12
4b_duration_prior,4b_duration_prior__d120__w24,129,22
4b_duration_prior,4b_duration_prior__d120__w24,130,55
4b_duration_prior,4b_duration_prior__d120__w24,131,38
4b_duration_prior,4b_duration_prior__d120__w24,132,296
4b_duration_prior,4b_duration_prior__d120__w24,133,41
4b_duration_prior,4b_duration_prior__d120__w24,134,29
4b_duration_prior,4b_duration_prior__d120__w24,135,51
4b_duration_prior,4b_duration_prior__d120__w24,136,37
4b_duration_prior,4b_duration_prior__d120__w24,137,46
4b_duration_prior,4b_duration_prior__d120__w24,138,33
4b_duration_prior,4b_duration_prior__d120__w24,139,31
4b_duration_prior,4b_duration_prior__d120__w24,140,44
4b_duration_prior,4b_duration_prior__d120__w24,141,45
4b_duration_prior,4b_duration_prior__d120__w24,142,49
4b_duration_prior,4b_duration_prior__d120__w24,143,40
4b_duration_prior,4b_duration_prior__d120__w24,144,33
4b_duration_prior,4b_duration_prior__d120__w24,145,34
4b_duration_prior,4b_duration_prior__d120__w24,146,32
4b_duration_prior,4b_duration_prior__d120__w24,147,46
4b_duration_prior,4b_duration_prior__d120__w24,148,22
4b_duration_prior,4b_duration_prior__d120__w24,149,26
4b_duration_prior,4b_duration_prior__d120__w24,150,24
4b_duration_prior,4b_duration_prior__d120__w24,151,14
4b_duration_prior,4b_duration_prior__d120__w24,152,14
4b_duration_prior,4b_duration_prior__d120__w24,153,33
4b_duration_prior,4b_duration_prior__d120__w24,154,24
4b_duration_prior,4b_duration_prior__d120__w24,155,167
4b_duration_prior,4b_duration_prior__d120__w24,156,34
4b_duration_prior,4b_duration_prior__d120__w24,157,43
4b_duration_prior,4b_duration_prior__d120__w24,158,29
4b_duration_prior,4b_duration_prior__d120__w24,159,26
4b_duration_prior,4b_duration_prior__d120__w24,160,31
4b_duration_prior,4b_duration_prior__d120__w24,161,56
4b_duration_prior,4b_duration_prior__d120__w24,162,46
4b_duration_prior,4b_duration_prior__d120__w24,163,53
4b_duration_prior,4b_duration_prior__d120__w24,164,46
4b_duration_prior,4b_duration_prior__d120__w24,165,35
4b_duration_prior,4b_duration_prior__d120__w24,166,54
4b_duration_prior,4b_duration_prior__d120__w24,167,34
4b_duration_prior,4b_duration_prior__d240__w24,0,26
4b_duration_prior,4b_duration_prior__d240__w24,1,79
4b_duration_prior,4b_duration_prior__d240__w24,2,34
4b_duration_prior,4b_duration_prior__d240__w24,3,30
4b_duration_prior,4b_duration_prior__d240__w24,4,31
4b_duration_prior,4b_duration_prior__d240__w24,5,27
4b_duration_prior,4b_duration_prior__d240__w24,6,35
4b_duration_prior,4b_duration_prior__d240__w24,7,40
4b_duration_prior,4b_duration_prior__d240__w24,8,48
4b_duration_prior,4b_duration_prior__d240__w24,9,55
4b_duration_prior,4b_duration_prior__d240__w24,10,69
4b_duration_prior,4b_duration_prior__d240__w24,11,70
4b_duration_prior,4b_duration_prior__d240__w24,12,57
4b_duration_prior,4b_duration_prior__d240__w24,13,69
4b_duration_prior,4b_duration_prior__d240__w24,14,89
4b_duration_prior,4b_duration_prior__d240__w24,15,87
4b_duration_prior,4b_duration_prior__d240__w24,16,97
4b_duration_prior,4b_duration_prior__d240__w24,17,100
4b_duration_prior,4b_duration_prior__d240__w24,18,83
4b_duration_prior,4b_duration_prior__d240__w24,19,94
4b_duration_prior,4b_duration_prior__d240__w24,20,96
4b_duration_prior,4b_duration_prior__d240__w24,21,90
4b_duration_prior,4b_duration_prior__d240__w24,22,90
4b_duration_prior,4b_duration_prior__d240__w24,23,77
4b_duration_prior,4b_duration_prior__d240__w24,24,65
4b_duration_prior,4b_duration_prior__d240__w24,25,68
4b_duration_prior,4b_duration_prior__d240__w24,26,356
4b_duration_prior,4b_duration_prior__d240__w24,27,32
4b_duration_prior,4b_duration_prior__d240__w24,28,45
4b_duration_prior,4b_duration_prior__d240__w24,29,33
4b_duration_prior,4b_duration_prior__d240__w24,30,44
4b_duration_prior,4b_duration_prior__d240__w24,31,40
4b_duration_prior,4b_duration_prior__d240__w24,32,66
4b_duration_prior,4b_duration_prior__d240__w24,33,59
4b_duration_prior,4b_duration_prior__d240__w24,34,58
4b_duration_prior,4b_duration_prior__d240__w24,35,62
4b_duration_prior,4b_duration_prior__d240__w24,36,167
4b_duration_prior,4b_duration_prior__d240__w24,37,79
4b_duration_prior,4b_duration_prior__d240__w24,38,96
4b_duration_prior,4b_duration_prior__d240__w24,39,94
4b_duration_prior,4b_duration_prior__d240__w24,40,94
4b_duration_prior,4b_duration_prior__d240__w24,41,107
4b_duration_prior,4b_duration_prior__d240__w24,42,109
4b_duration_prior,4b_duration_prior__d240__w24,43,101
4b_duration_prior,4b_duration_prior__d240__w24,44,121
4b_duration_prior,4b_duration_prior__d240__w24,45,118
4b_duration_prior,4b_duration_prior__d240__w24,46,89
4b_duration_prior,4b_duration_prior__d240__w24,47,90
4b_duration_prior,4b_duration_prior__d240__w24,48,60
4b_duration_prior,4b_duration_prior__d240__w24,49,62
4b_duration_prior,4b_duration_prior__d240__w24,50,198
4b_duration_prior,4b_duration_prior__d240__w24,51,44
4b_duration_prior,4b_duration_prior__d240__w24,52,36
4b_duration_prior,4b_duration_prior__d240__w24,53,39
4b_duration_prior,4b_duration_prior__d240__w24,54,41
4b_duration_prior,4b_duration_prior__d240__w24,55,54
4b_duration_prior,4b_duration_prior__d240__w24,56,51
4b_duration_prior,4b_duration_prior__d240__w24,57,53
4b_duration_prior,4b_duration_prior__d240__w24,58,55
4b_duration_prior,4b_duration_prior__d240__w24,59,56
4b_duration_prior,4b_duration_prior__d240__w24,60,68
4b_duration_prior,4b_duration_prior__d240__w24,61,71
4b_duration_prior,4b_duration_prior__d240__w24,62,67
4b_duration_prior,4b_duration_prior__d240__w24,63,83
4b_duration_prior,4b_duration_prior__d240__w24,64,95
4b_duration_prior,4b_duration_prior__d240__w24,65,112
4b_duration_prior,4b_duration_prior__d240__w24,66,109
4b_duration_prior,4b_duration_prior__d240__w24,67,111
4b_duration_prior,4b_duration_prior__d240__w24,68,96
4b_duration_prior,4b_duration_prior__d240__w24,69,101
4b_duration_prior,4b_duration_prior__d240__w24,70,108
4b_duration_prior,4b_duration_prior__d240__w24,71,107
4b_duration_prior,4b_duration_prior__d240__w24,72,94
4b_duration_prior,4b_duration_prior__d240__w24,73,58
4b_duration_prior,4b_duration_prior__d240__w24,74,365
4b_duration_prior,4b_duration_prior__d240__w24,75,35
4b_duration_prior,4b_duration_prior__d240__w24,76,42
4b_duration_prior,4b_duration_prior__d240__w24,77,41
4b_duration_prior,4b_duration_prior__d240__w24,78,55
4b_duration_prior,4b_duration_prior__d240__w24,79,43
4b_duration_prior,4b_duration_prior__d240__w24,80,57
4b_duration_prior,4b_duration_prior__d240__w24,81,51
4b_duration_prior,4b_duration_prior__d240__w24,82,53
4b_duration_prior,4b_duration_prior__d240__w24,83,58
4b_duration_prior,4b_duration_prior__d240__w24,84,74
4b_duration_prior,4b_duration_prior__d240__w24,85,85
4b_duration_prior,4b_duration_prior__d240__w24,86,80
4b_duration_prior,4b_duration_prior__d240__w24,87,91
4b_duration_prior,4b_duration_prior__d240__w24,88,107
4b_duration_prior,4b_duration_prior__d240__w24,89,103
4b_duration_prior,4b_duration_prior__d240__w24,90,95
4b_duration_prior,4b_duration_prior__d240__w24,91,107
4b_duration_prior,4b_duration_prior__d240__w24,92,95
4b_duration_prior,4b_duration_prior__d240__w24,93,111
4b_duration_prior,4b_duration_prior__d240__w24,94,107
4b_duration_prior,4b_duration_prior__d240__w24,95,122
4b_duration_prior,4b_duration_prior__d240__w24,96,56
4b_duration_prior,4b_duration_prior__d240__w24,97,69
4b_duration_prior,4b_duration_prior__d240__w24,98,402
4b_duration_prior,4b_duration_prior__d240__w24,99,31
4b_duration_prior,4b_duration_prior__d240__w24,100,25
4b_duration_prior,4b_duration_prior__d240__w24,101,37
4b_duration_prior,4b_duration_prior__d240__w24,102,46
4b_duration_prior,4b_duration_prior__d240__w24,103,44
4b_duration_prior,4b_duration_prior__d240__w24,104,51
4b_duration_prior,4b_duration_prior__d240__w24,105,62
4b_duration_prior,4b_duration_prior__d240__w24,106,66
4b_duration_prior,4b_duration_prior__d240__w24,107,63
4b_duration_prior,4b_duration_prior__d240__w24,108,55
4b_duration_prior,4b_duration_prior__d240__w24,109,80
4b_duration_prior,4b_duration_prior__d240__w24,110,90
4b_duration_prior,4b_duration_prior__d240__w24,111,111
4b_duration_prior,4b_duration_prior__d240__w24,112,107
4b_duration_prior,4b_duration_prior__d240__w24,113,116
4b_duration_prior,4b_duration_prior__d240__w24,114,108
4b_duration_prior,4b_duration_prior__d240__w24,115,97
4b_duration_prior,4b_duration_prior__d240__w24,116,98
4b_duration_prior,4b_duration_prior__d240__w24,117,106
4b_duration_prior,4b_duration_prior__d240__w24,118,112
4b_duration_prior,4b_duration_prior__d240__w24,119,76
4b_duration_prior,4b_duration_prior__d240__w24,120,66
4b_duration_prior,4b_duration_prior__d240__w24,121,73
4b_duration_prior,4b_duration_prior__d240__w24,122,41
4b_duration_prior,4b_duration_prior__d240__w24,123,87
4b_duration_prior,4b_duration_prior__d240__w24,124,19
4b_duration_prior,4b_duration_prior__d240__w24,125,27
4b_duration_prior,4b_duration_prior__d240__w24,126,14
4b_duration_prior,4b_duration_prior__d240__w24,127,20
4b_duration_prior,4b_duration_prior__d240__w24,128,12
4b_duration_prior,4b_duration_prior__d240__w24,129,23
4b_duration_prior,4b_duration_prior__d240__w24,130,50
4b_duration_prior,4b_duration_prior__d240__w24,131,32
4b_duration_prior,4b_duration_prior__d240__w24,132,245
4b_duration_prior,4b_duration_prior__d240__w24,133,41
4b_duration_prior,4b_duration_prior__d240__w24,134,30
4b_duration_prior,4b_duration_prior__d240__w24,135,52
4b_duration_prior,4b_duration_prior__d240__w24,136,38
4b_duration_prior,4b_duration_prior__d240__w24,137,51
4b_duration_prior,4b_duration_prior__d240__w24,138,37
4b_duration_prior,4b_duration_prior__d240__w24,139,33
4b_duration_prior,4b_duration_prior__d240__w24,140,45
4b_duration_prior,4b_duration_prior__d240__w24,141,48
4b_duration_prior,4b_duration_prior__d240__w24,142,52
4b_duration_prior,4b_duration_prior__d240__w24,143,44
4b_duration_prior,4b_duration_prior__d240__w24,144,33
4b_duration_prior,4b_duration_prior__d240__w24,145,33
4b_duration_prior,4b_duration_prior__d240__w24,146,34
4b_duration_prior,4b_duration_prior__d240__w24,147,43
4b_duration_prior,4b_duration_prior__d240__w24,148,22
4b_duration_prior,4b_duration_prior__d240__w24,149,27
4b_duration_prior,4b_duration_prior__d240__w24,150,25
4b_duration_prior,4b_duration_prior__d240__w24,151,18
4b_duration_prior,4b_duration_prior__d240__w24,152,14
4b_duration_prior,4b_duration_prior__d240__w24,153,33
4b_duration_prior,4b_duration_prior__d240__w24,154,24
4b_duration_prior,4b_duration_prior__d240__w24,155,129
4b_duration_prior,4b_duration_prior__d240__w24,156,34
4b_duration_prior,4b_duration_prior__d240__w24,157,43
4b_duration_prior,4b_duration_prior__d240__w24,158,35
4b_duration_prior,4b_duration_prior__d240__w24,159,27
4b_duration_prior,4b_duration_prior__d240__w24,160,31
4b_duration_prior,4b_duration_prior__d240__w24,161,56
4b_duration_prior,4b_duration_prior__d240__w24,162,48
4b_duration_prior,4b_duration_prior__d240__w24,163,56
4b_duration_prior,4b_duration_prior__d240__w24,164,47
4b_duration_prior,4b_duration_prior__d240__w24,165,38
4b_duration_prior,4b_duration_prior__d240__w24,166,55
4b_duration_prior,4b_duration_prior__d240__w24,167,35
4b_duration_prior,4b_duration_prior__d480__w24,0,28
4b_duration_prior,4b_duration_prior__d480__w24,1,65
4b_duration_prior,4b_duration_prior__d480__w24,2,34
4b_duration_prior,4b_duration_prior__d480__w24,3,30
4b_duration_prior,4b_duration_prior__d480__w24,4,32
4b_duration_prior,4b_duration_prior__d480__w24,5,30
4b_duration_prior,4b_duration_prior__d480__w24,6,38
4b_duration_prior,4b_duration_prior__d480__w24,7,42
4b_duration_prior,4b_duration_prior__d480__w24,8,53
4b_duration_prior,4b_duration_prior__d480__w24,9,61
4b_duration_prior,4b_duration_prior__d480__w24,10,82
4b_duration_prior,4b_duration_prior__d480__w24,11,73
4b_duration_prior,4b_duration_prior__d480__w24,12,59
4b_duration_prior,4b_duration_prior__d480__w24,13,76
4b_duration_prior,4b_duration_prior__d480__w24,14,92
4b_duration_prior,4b_duration_prior__d480__w24,15,92
4b_duration_prior,4b_duration_prior__d480__w24,16,100
4b_duration_prior,4b_duration_prior__d480__w24,17,106
4b_duration_prior,4b_duration_prior__d480__w24,18,85
4b_duration_prior,4b_duration_prior__d480__w24,19,95
4b_duration_prior,4b_duration_prior__d480__w24,20,98
4b_duration_prior,4b_duration_prior__d480__w24,21,99
4b_duration_prior,4b_duration_prior__d480__w24,22,93
4b_duration_prior,4b_duration_prior__d480__w24,23,81
4b_duration_prior,4b_duration_prior__d480__w24,24,69
4b_duration_prior,4b_duration_prior__d480__w24,25,70
4b_duration_prior,4b_duration_prior__d480__w24,26,267
4b_duration_prior,4b_duration_prior__d480__w24,27,32
4b_duration_prior,4b_duration_prior__d480__w24,28,45
4b_duration_prior,4b_duration_prior__d480__w24,29,33
4b_duration_prior,4b_duration_prior__d480__w24,30,48
4b_duration_prior,4b_duration_prior__d480__w24,31,44
4b_duration_prior,4b_duration_prior__d480__w24,32,70
4b_duration_prior,4b_duration_prior__d480__w24,33,67
4b_duration_prior,4b_duration_prior__d480__w24,34,61
4b_duration_prior,4b_duration_prior__d480__w24,35,67
4b_duration_prior,4b_duration_prior__d480__w24,36,139
4b_duration_prior,4b_duration_prior__d480__w24,37,83
4b_duration_prior,4b_duration_prior__d480__w24,38,101
4b_duration_prior,4b_duration_prior__d480__w24,39,100
4b_duration_prior,4b_duration_prior__d480__w24,40,97
4b_duration_prior,4b_duration_prior__d480__w24,41,109
4b_duration_prior,4b_duration_prior__d480__w24,42,114
4b_duration_prior,4b_duration_prior__d480__w24,43,103
4b_duration_prior,4b_duration_prior__d480__w24,44,123
4b_duration_prior,4b_duration_prior__d480__w24,45,124
4b_duration_prior,4b_duration_prior__d480__w24,46,92
4b_duration_prior,4b_duration_prior__d480__w24,47,94
4b_duration_prior,4b_duration_prior__d480__w24,48,66
4b_duration_prior,4b_duration_prior__d480__w24,49,63
4b_duration_prior,4b_duration_prior__d480__w24,50,163
4b_duration_prior,4b_duration_prior__d480__w24,51,44
4b_duration_prior,4b_duration_prior__d480__w24,52,38
4b_duration_prior,4b_duration_prior__d480__w24,53,41
4b_duration_prior,4b_duration_prior__d480__w24,54,44
4b_duration_prior,4b_duration_prior__d480__w24,55,59
4b_duration_prior,4b_duration_prior__d480__w24,56,54
4b_duration_prior,4b_duration_prior__d480__w24,57,57
4b_duration_prior,4b_duration_prior__d480__w24,58,61
4b_duration_prior,4b_duration_prior__d480__w24,59,61
4b_duration_prior,4b_duration_prior__d480__w24,60,69
4b_duration_prior,4b_duration_prior__d480__w24,61,75
4b_duration_prior,4b_duration_prior__d480__w24,62,68
4b_duration_prior,4b_duration_prior__d480__w24,63,86
4b_duration_prior,4b_duration_prior__d480__w24,64,96
4b_duration_prior,4b_duration_prior__d480__w24,65,114
4b_duration_prior,4b_duration_prior__d480__w24,66,113
4b_duration_prior,4b_duration_prior__d480__w24,67,117
4b_duration_prior,4b_duration_prior__d480__w24,68,101
4b_duration_prior,4b_duration_prior__d480__w24,69,105
4b_duration_prior,4b_duration_prior__d480__w24,70,110
4b_duration_prior,4b_duration_prior__d480__w24,71,105
4b_duration_prior,4b_duration_prior__d480__w24,72,89
4b_duration_prior,4b_duration_prior__d480__w24,73,58
4b_duration_prior,4b_duration_prior__d480__w24,74,301
4b_duration_prior,4b_duration_prior__d480__w24,75,35
4b_duration_prior,4b_duration_prior__d480__w24,76,43
4b_duration_prior,4b_duration_prior__d480__w24,77,43
4b_duration_prior,4b_duration_prior__d480__w24,78,59
4b_duration_prior,4b_duration_prior__d480__w24,79,49
4b_duration_prior,4b_duration_prior__d480__w24,80,65
4b_duration_prior,4b_duration_prior__d480__w24,81,60
4b_duration_prior,4b_duration_prior__d480__w24,82,60
4b_duration_prior,4b_duration_prior__d480__w24,83,64
4b_duration_prior,4b_duration_prior__d480__w24,84,78
4b_duration_prior,4b_duration_prior__d480__w24,85,88
4b_duration_prior,4b_duration_prior__d480__w24,86,85
4b_duration_prior,4b_duration_prior__d480__w24,87,94
4b_duration_prior,4b_duration_prior__d480__w24,88,108
4b_duration_prior,4b_duration_prior__d480__w24,89,106
4b_duration_prior,4b_duration_prior__d480__w24,90,99
4b_duration_prior,4b_duration_prior__d480__w24,91,109
4b_duration_prior,4b_duration_prior__d480__w24,92,101
4b_duration_prior,4b_duration_prior__d480__w24,93,118
4b_duration_prior,4b_duration_prior__d480__w24,94,115
4b_duration_prior,4b_duration_prior__d480__w24,95,122
4b_duration_prior,4b_duration_prior__d480__w24,96,61
4b_duration_prior,4b_duration_prior__d480__w24,97,70
4b_duration_prior,4b_duration_prior__d480__w24,98,305
4b_duration_prior,4b_duration_prior__d480__w24,99,32
4b_duration_prior,4b_duration_prior__d480__w24,100,25
4b_duration_prior,4b_duration_prior__d480__w24,101,39
4b_duration_prior,4b_duration_prior__d480__w24,102,47
4b_duration_prior,4b_duration_prior__d480__w24,103,45
4b_duration_prior,4b_duration_prior__d480__w24,104,52
4b_duration_prior,4b_duration_prior__d480__w24,105,73
4b_duration_prior,4b_duration_prior__d480__w24,106,70
4b_duration_prior,4b_duration_prior__d480__w24,107,65
4b_duration_prior,4b_duration_prior__d480__w24,108,61
4b_duration_prior,4b_duration_prior__d480__w24,109,85
4b_duration_prior,4b_duration_prior__d480__w24,110,92
4b_duration_prior,4b_duration_prior__d480__w24,111,114
4b_duration_prior,4b_duration_prior__d480__w24,112,110
4b_duration_prior,4b_duration_prior__d480__w24,113,118
4b_duration_prior,4b_duration_prior__d480__w24,114,114
4b_duration_prior,4b_duration_prior__d480__w24,115,100
4b_duration_prior,4b_duration_prior__d480__w24,116,102
4b_duration_prior,4b_duration_prior__d480__w24,117,110
4b_duration_prior,4b_duration_prior__d480__w24,118,117
4b_duration_prior,4b_duration_prior__d480__w24,119,77
4b_duration_prior,4b_duration_prior__d480__w24,120,67
4b_duration_prior,4b_duration_prior__d480__w24,121,74
4b_duration_prior,4b_duration_prior__d480__w24,122,41
4b_duration_prior,4b_duration_prior__d480__w24,123,72
4b_duration_prior,4b_duration_prior__d480__w24,124,20
4b_duration_prior,4b_duration_prior__d480__w24,125,27
4b_duration_prior,4b_duration_prior__d480__w24,126,15
4b_duration_prior,4b_duration_prior__d480__w24,127,21
4b_duration_prior,4b_duration_prior__d480__w24,128,12
4b_duration_prior,4b_duration_prior__d480__w24,129,23
4b_duration_prior,4b_duration_prior__d480__w24,130,46
4b_duration_prior,4b_duration_prior__d480__w24,131,34
4b_duration_prior,4b_duration_prior__d480__w24,132,202
4b_duration_prior,4b_duration_prior__d480__w24,133,42
4b_duration_prior,4b_duration_prior__d480__w24,134,31
4b_duration_prior,4b_duration_prior__d480__w24,135,53
4b_duration_prior,4b_duration_prior__d480__w24,136,38
4b_duration_prior,4b_duration_prior__d480__w24,137,53
4b_duration_prior,4b_duration_prior__d480__w24,138,37
4b_duration_prior,4b_duration_prior__d480__w24,139,33
4b_duration_prior,4b_duration_prior__d480__w24,140,45
4b_duration_prior,4b_duration_prior__d480__w24,141,52
4b_duration_prior,4b_duration_prior__d480__w24,142,52
4b_duration_prior,4b_duration_prior__d480__w24,143,44
4b_duration_prior,4b_duration_prior__d480__w24,144,35
4b_duration_prior,4b_duration_prior__d480__w24,145,31
4b_duration_prior,4b_duration_prior__d480__w24,146,32
4b_duration_prior,4b_duration_prior__d480__w24,147,38
4b_duration_prior,4b_duration_prior__d480__w24,148,22
4b_duration_prior,4b_duration_prior__d480__w24,149,27
4b_duration_prior,4b_duration_prior__d480__w24,150,26
4b_duration_prior,4b_duration_prior__d480__w24,151,19
4b_duration_prior,4b_duration_prior__d480__w24,152,16
4b_duration_prior,4b_duration_prior__d480__w24,153,36
4b_duration_prior,4b_duration_prior__d480__w24,154,26
4b_duration_prior,4b_duration_prior__d480__w24,155,102
4b_duration_prior,4b_duration_prior__d480__w24,156,34
4b_duration_prior,4b_duration_prior__d480__w24,157,43
4b_duration_prior,4b_duration_prior__d480__w24,158,36
4b_duration_prior,4b_duration_prior__d480__w24,159,28
4b_duration_prior,4b_duration_prior__d480__w24,160,33
4b_duration_prior,4b_duration_prior__d480__w24,161,57
4b_duration_prior,4b_duration_prior__d480__w24,162,50
4b_duration_prior,4b_duration_prior__d480__w24,163,57
4b_duration_prior,4b_duration_prior__d480__w24,164,48
4b_duration_prior,4b_duration_prior__d480__w24,165,39
4b_duration_prior,4b_duration_prior__d480__w24,166,55
4b_duration_prior,4b_duration_prior__d480__w24,167,37
4b_duration_prior,4b_duration_prior__d960__w24,0,30
4b_duration_prior,4b_duration_prior__d960__w24,1,49
4b_duration_prior,4b_duration_prior__d960__w24,2,34
4b_duration_prior,4b_duration_prior__d960__w24,3,30
4b_duration_prior,4b_duration_prior__d960__w24,4,34
4b_duration_prior,4b_duration_prior__d960__w24,5,36
4b_duration_prior,4b_duration_prior__d960__w24,6,43
4b_duration_prior,4b_duration_prior__d960__w24,7,42
4b_duration_prior,4b_duration_prior__d960__w24,8,58
4b_duration_prior,4b_duration_prior__d960__w24,9,63
4b_duration_prior,4b_duration_prior__d960__w24,10,85
4b_duration_prior,4b_duration_prior__d960__w24,11,75
4b_duration_prior,4b_duration_prior__d960__w24,12,62
4b_duration_prior,4b_duration_prior__d960__w24,13,81
4b_duration_prior,4b_duration_prior__d960__w24,14,95
4b_duration_prior,4b_duration_prior__d960__w24,15,98
4b_duration_prior,4b_duration_prior__d960__w24,16,104
4b_duration_prior,4b_duration_prior__d960__w24,17,110
4b_duration_prior,4b_duration_prior__d960__w24,18,91
4b_duration_prior,4b_duration_prior__d960__w24,19,97
4b_duration_prior,4b_duration_prior__d960__w24,20,108
4b_duration_prior,4b_duration_prior__d960__w24,21,103
4b_duration_prior,4b_duration_prior__d960__w24,22,94
4b_duration_prior,4b_duration_prior__d960__w24,23,85
4b_duration_prior,4b_duration_prior__d960__w24,24,70
4b_duration_prior,4b_duration_prior__d960__w24,25,72
4b_duration_prior,4b_duration_prior__d960__w24,26,187
4b_duration_prior,4b_duration_prior__d960__w24,27,32
4b_duration_prior,4b_duration_prior__d960__w24,28,45
4b_duration_prior,4b_duration_prior__d960__w24,29,35
4b_duration_prior,4b_duration_prior__d960__w24,30,51
4b_duration_prior,4b_duration_prior__d960__w24,31,47
4b_duration_prior,4b_duration_prior__d960__w24,32,70
4b_duration_prior,4b_duration_prior__d960__w24,33,69
4b_duration_prior,4b_duration_prior__d960__w24,34,63
4b_duration_prior,4b_duration_prior__d960__w24,35,69
4b_duration_prior,4b_duration_prior__d960__w24,36,125
4b_duration_prior,4b_duration_prior__d960__w24,37,86
4b_duration_prior,4b_duration_prior__d960__w24,38,107
4b_duration_prior,4b_duration_prior__d960__w24,39,103
4b_duration_prior,4b_duration_prior__d960__w24,40,98
4b_duration_prior,4b_duration_prior__d960__w24,41,113
4b_duration_prior,4b_duration_prior__d960__w24,42,116
4b_duration_prior,4b_duration_prior__d960__w24,43,118
4b_duration_prior,4b_duration_prior__d960__w24,44,127
4b_duration_prior,4b_duration_prior__d960__w24,45,128
4b_duration_prior,4b_duration_prior__d960__w24,46,97
4b_duration_prior,4b_duration_prior__d960__w24,47,97
4b_duration_prior,4b_duration_prior__d960__w24,48,70
4b_duration_prior,4b_duration_prior__d960__w24,49,64
4b_duration_prior,4b_duration_prior__d960__w24,50,124
4b_duration_prior,4b_duration_prior__d960__w24,51,45
4b_duration_prior,4b_duration_prior__d960__w24,52,38
4b_duration_prior,4b_duration_prior__d960__w24,53,43
4b_duration_prior,4b_duration_prior__d960__w24,54,48
4b_duration_prior,4b_duration_prior__d960__w24,55,63
4b_duration_prior,4b_duration_prior__d960__w24,56,55
4b_duration_prior,4b_duration_prior__d960__w24,57,59
4b_duration_prior,4b_duration_prior__d960__w24,58,63
4b_duration_prior,4b_duration_prior__d960__w24,59,62
4b_duration_prior,4b_duration_prior__d960__w24,60,71
4b_duration_prior,4b_duration_prior__d960__w24,61,76
4b_duration_prior,4b_duration_prior__d960__w24,62,76
4b_duration_prior,4b_duration_prior__d960__w24,63,94
4b_duration_prior,4b_duration_prior__d960__w24,64,101
4b_duration_prior,4b_duration_prior__d960__w24,65,118
4b_duration_prior,4b_duration_prior__d960__w24,66,120
4b_duration_prior,4b_duration_prior__d960__w24,67,124
4b_duration_prior,4b_duration_prior__d960__w24,68,111
4b_duration_prior,4b_duration_prior__d960__w24,69,109
4b_duration_prior,4b_duration_prior__d960__w24,70,109
4b_duration_prior,4b_duration_prior__d960__w24,71,108
4b_duration_prior,4b_duration_prior__d960__w24,72,89
4b_duration_prior,4b_duration_prior__d960__w24,73,58
4b_duration_prior,4b_duration_prior__d960__w24,74,224
4b_duration_prior,4b_duration_prior__d960__w24,75,36
4b_duration_prior,4b_duration_prior__d960__w24,76,47
4b_duration_prior,4b_duration_prior__d960__w24,77,48
4b_duration_prior,4b_duration_prior__d960__w24,78,63
4b_duration_prior,4b_duration_prior__d960__w24,79,52
4b_duration_prior,4b_duration_prior__d960__w24,80,69
4b_duration_prior,4b_duration_prior__d960__w24,81,61
4b_duration_prior,4b_duration_prior__d960__w24,82,65
4b_duration_prior,4b_duration_prior__d960__w24,83,69
4b_duration_prior,4b_duration_prior__d960__w24,84,81
4b_duration_prior,4b_duration_prior__d960__w24,85,91
4b_duration_prior,4b_duration_prior__d960__w24,86,91
4b_duration_prior,4b_duration_prior__d960__w24,87,98
4b_duration_prior,4b_duration_prior__d960__w24,88,114
4b_duration_prior,4b_duration_prior__d960__w24,89,111
4b_duration_prior,4b_duration_prior__d960__w24,90,103
4b_duration_prior,4b_duration_prior__d960__w24,91,111
4b_duration_prior,4b_duration_prior__d960__w24,92,110
4b_duration_prior,4b_duration_prior__d960__w24,93,123
4b_duration_prior,4b_duration_prior__d960__w24,94,117
4b_duration_prior,4b_duration_prior__d960__w24,95,115
4b_duration_prior,4b_duration_prior__d960__w24,96,65
4b_duration_prior,4b_duration_prior__d960__w24,97,70
4b_duration_prior,4b_duration_prior__d960__w24,98,216
4b_duration_prior,4b_duration_prior__d960__w24,99,32
4b_duration_prior,4b_duration_prior__d960__w24,100,25
4b_duration_prior,4b_duration_prior__d960__w24,101,40
4b_duration_prior,4b_duration_prior__d960__w24,102,49
4b_duration_prior,4b_duration_prior__d960__w24,103,51
4b_duration_prior,4b_duration_prior__d960__w24,104,55
4b_duration_prior,4b_duration_prior__d960__w24,105,76
4b_duration_prior,4b_duration_prior__d960__w24,106,71
4b_duration_prior,4b_duration_prior__d960__w24,107,69
4b_duration_prior,4b_duration_prior__d960__w24,108,65
4b_duration_prior,4b_duration_prior__d960__w24,109,87
4b_duration_prior,4b_duration_prior__d960__w24,110,95
4b_duration_prior,4b_duration_prior__d960__w24,111,123
4b_duration_prior,4b_duration_prior__d960__w24,112,115
4b_duration_prior,4b_duration_prior__d960__w24,113,120
4b_duration_prior,4b_duration_prior__d960__w24,114,118
4b_duration_prior,4b_duration_prior__d960__w24,115,106
4b_duration_prior,4b_duration_prior__d960__w24,116,106
4b_duration_prior,4b_duration_prior__d960__w24,117,120
4b_duration_prior,4b_duration_prior__d960__w24,118,124
4b_duration_prior,4b_duration_prior__d960__w24,119,82
4b_duration_prior,4b_duration_prior__d960__w24,120,70
4b_duration_prior,4b_duration_prior__d960__w24,121,74
4b_duration_prior,4b_duration_prior__d960__w24,122,41
4b_duration_prior,4b_duration_prior__d960__w24,123,58
4b_duration_prior,4b_duration_prior__d960__w24,124,21
4b_duration_prior,4b_duration_prior__d960__w24,125,27
4b_duration_prior,4b_duration_prior__d960__w24,126,17
4b_duration_prior,4b_duration_prior__d960__w24,127,24
4b_duration_prior,4b_duration_prior__d960__w24,128,15
4b_duration_prior,4b_duration_prior__d960__w24,129,26
4b_duration_prior,4b_duration_prior__d960__w24,130,46
4b_duration_prior,4b_duration_prior__d960__w24,131,31
4b_duration_prior,4b_duration_prior__d960__w24,132,138
4b_duration_prior,4b_duration_prior__d960__w24,133,43
4b_duration_prior,4b_duration_prior__d960__w24,134,34
4b_duration_prior,4b_duration_prior__d960__w24,135,55
4b_duration_prior,4b_duration_prior__d960__w24,136,39
4b_duration_prior,4b_duration_prior__d960__w24,137,54
4b_duration_prior,4b_duration_prior__d960__w24,138,38
4b_duration_prior,4b_duration_prior__d960__w24,139,33
4b_duration_prior,4b_duration_prior__d960__w24,140,47
4b_duration_prior,4b_duration_prior__d960__w24,141,54
4b_duration_prior,4b_duration_prior__d960__w24,142,54
4b_duration_prior,4b_duration_prior__d960__w24,143,46
4b_duration_prior,4b_duration_prior__d960__w24,144,38
4b_duration_prior,4b_duration_prior__d960__w24,145,32
4b_duration_prior,4b_duration_prior__d960__w24,146,30
4b_duration_prior,4b_duration_prior__d960__w24,147,29
4b_duration_prior,4b_duration_prior__d960__w24,148,22
4b_duration_prior,4b_duration_prior__d960__w24,149,28
4b_duration_prior,4b_duration_prior__d960__w24,150,27
4b_duration_prior,4b_duration_prior__d960__w24,151,21
4b_duration_prior,4b_duration_prior__d960__w24,152,17
4b_duration_prior,4b_duration_prior__d960__w24,153,33
4b_duration_prior,4b_duration_prior__d960__w24,154,25
4b_duration_prior,4b_duration_prior__d960__w24,155,73
4b_duration_prior,4b_duration_prior__d960__w24,156,34
4b_duration_prior,4b_duration_prior__d960__w24,157,43
4b_duration_prior,4b_duration_prior__d960__w24,158,36
4b_duration_prior,4b_duration_prior__d960__w24,159,29
4b_duration_prior,4b_duration_prior__d960__w24,160,35
4b_duration_prior,4b_duration_prior__d960__w24,161,59
4b_duration_prior,4b_duration_prior__d960__w24,162,50
4b_duration_prior,4b_duration_prior__d960__w24,163,59
4b_duration_prior,4b_duration_prior__d960__w24,164,49
4b_duration_prior,4b_duration_prior__d960__w24,165,41
4b_duration_prior,4b_duration_prior__d960__w24,166,57
4b_duration_prior,4b_duration_prior__d960__w24,167,39
4b_duration_prior,4b_duration_prior__d1920__w24,0,30
4b_duration_prior,4b_duration_prior__d1920__w24,1,43
4b_duration_prior,4b_duration_prior__d1920__w24,2,34
4b_duration_prior,4b_duration_prior__d1920__w24,3,30
4b_duration_prior,4b_duration_prior__d1920__w24,4,34
4b_duration_prior,4b_duration_prior__d1920__w24,5,37
4b_duration_prior,4b_duration_prior__d1920__w24,6,43
4b_duration_prior,4b_duration_prior__d1920__w24,7,43
4b_duration_prior,4b_duration_prior__d1920__w24,8,58
4b_duration_prior,4b_duration_prior__d1920__w24,9,63
4b_duration_prior,4b_duration_prior__d1920__w24,10,85
4b_duration_prior,4b_duration_prior__d1920__w24,11,75
4b_duration_prior,4b_duration_prior__d1920__w24,12,63
4b_duration_prior,4b_duration_prior__d1920__w24,13,85
4b_duration_prior,4b_duration_prior__d1920__w24,14,103
4b_duration_prior,4b_duration_prior__d1920__w24,15,102
4b_duration_prior,4b_duration_prior__d1920__w24,16,111
4b_duration_prior,4b_duration_prior__d1920__w24,17,112
4b_duration_prior,4b_duration_prior__d1920__w24,18,92
4b_duration_prior,4b_duration_prior__d1920__w24,19,100
4b_duration_prior,4b_duration_prior__d1920__w24,20,109
4b_duration_prior,4b_duration_prior__d1920__w24,21,109
4b_duration_prior,4b_duration_prior__d1920__w24,22,95
4b_duration_prior,4b_duration_prior__d1920__w24,23,88
4b_duration_prior,4b_duration_prior__d1920__w24,24,71
4b_duration_prior,4b_duration_prior__d1920__w24,25,72
4b_duration_prior,4b_duration_prior__d1920__w24,26,143
4b_duration_prior,4b_duration_prior__d1920__w24,27,32
4b_duration_prior,4b_duration_prior__d1920__w24,28,45
4b_duration_prior,4b_duration_prior__d1920__w24,29,36
4b_duration_prior,4b_duration_prior__d1920__w24,30,51
4b_duration_prior,4b_duration_prior__d1920__w24,31,47
4b_duration_prior,4b_duration_prior__d1920__w24,32,71
4b_duration_prior,4b_duration_prior__d1920__w24,33,69
4b_duration_prior,4b_duration_prior__d1920__w24,34,64
4b_duration_prior,4b_duration_prior__d1920__w24,35,69
4b_duration_prior,4b_duration_prior__d1920__w24,36,122
4b_duration_prior,4b_duration_prior__d1920__w24,37,89
4b_duration_prior,4b_duration_prior__d1920__w24,38,108
4b_duration_prior,4b_duration_prior__d1920__w24,39,107
4b_duration_prior,4b_duration_prior__d1920__w24,40,106
4b_duration_prior,4b_duration_prior__d1920__w24,41,115
4b_duration_prior,4b_duration_prior__d1920__w24,42,118
4b_duration_prior,4b_duration_prior__d1920__w24,43,121
4b_duration_prior,4b_duration_prior__d1920__w24,44,129
4b_duration_prior,4b_duration_prior__d1920__w24,45,133
4b_duration_prior,4b_duration_prior__d1920__w24,46,99
4b_duration_prior,4b_duration_prior__d1920__w24,47,103
4b_duration_prior,4b_duration_prior__d1920__w24,48,70
4b_duration_prior,4b_duration_prior__d1920__w24,49,64
4b_duration_prior,4b_duration_prior__d1920__w24,50,94
4b_duration_prior,4b_duration_prior__d1920__w24,51,46
4b_duration_prior,4b_duration_prior__d1920__w24,52,39
4b_duration_prior,4b_duration_prior__d1920__w24,53,43
4b_duration_prior,4b_duration_prior__d1920__w24,54,49
4b_duration_prior,4b_duration_prior__d1920__w24,55,64
4b_duration_prior,4b_duration_prior__d1920__w24,56,56
4b_duration_prior,4b_duration_prior__d1920__w24,57,60
4b_duration_prior,4b_duration_prior__d1920__w24,58,65
4b_duration_prior,4b_duration_prior__d1920__w24,59,63
4b_duration_prior,4b_duration_prior__d1920__w24,60,72
4b_duration_prior,4b_duration_prior__d1920__w24,61,78
4b_duration_prior,4b_duration_prior__d1920__w24,62,78
4b_duration_prior,4b_duration_prior__d1920__w24,63,98
4b_duration_prior,4b_duration_prior__d1920__w24,64,106
4b_duration_prior,4b_duration_prior__d1920__w24,65,119
4b_duration_prior,4b_duration_prior__d1920__w24,66,123
4b_duration_prior,4b_duration_prior__d1920__w24,67,125
4b_duration_prior,4b_duration_prior__d1920__w24,68,115
4b_duration_prior,4b_duration_prior__d1920__w24,69,110
4b_duration_prior,4b_duration_prior__d1920__w24,70,108
4b_duration_prior,4b_duration_prior__d1920__w24,71,103
4b_duration_prior,4b_duration_prior__d1920__w24,72,91
4b_duration_prior,4b_duration_prior__d1920__w24,73,59
4b_duration_prior,4b_duration_prior__d1920__w24,74,190
4b_duration_prior,4b_duration_prior__d1920__w24,75,36
4b_duration_prior,4b_duration_prior__d1920__w24,76,48
4b_duration_prior,4b_duration_prior__d1920__w24,77,49
4b_duration_prior,4b_duration_prior__d1920__w24,78,67
4b_duration_prior,4b_duration_prior__d1920__w24,79,53
4b_duration_prior,4b_duration_prior__d1920__w24,80,69
4b_duration_prior,4b_duration_prior__d1920__w24,81,61
4b_duration_prior,4b_duration_prior__d1920__w24,82,65
4b_duration_prior,4b_duration_prior__d1920__w24,83,70
4b_duration_prior,4b_duration_prior__d1920__w24,84,81
4b_duration_prior,4b_duration_prior__d1920__w24,85,92
4b_duration_prior,4b_duration_prior__d1920__w24,86,94
4b_duration_prior,4b_duration_prior__d1920__w24,87,102
4b_duration_prior,4b_duration_prior__d1920__w24,88,117
4b_duration_prior,4b_duration_prior__d1920__w24,89,117
4b_duration_prior,4b_duration_prior__d1920__w24,90,109
4b_duration_prior,4b_duration_prior__d1920__w24,91,111
4b_duration_prior,4b_duration_prior__d1920__w24,92,113
4b_duration_prior,4b_duration_prior__d1920__w24,93,125
4b_duration_prior,4b_duration_prior__d1920__w24,94,120
4b_duration_prior,4b_duration_prior__d1920__w24,95,113
4b_duration_prior,4b_duration_prior__d1920__w24,96,70
4b_duration_prior,4b_duration_prior__d1920__w24,97,73
4b_duration_prior,4b_duration_prior__d1920__w24,98,171
4b_duration_prior,4b_duration_prior__d1920__w24,99,34
4b_duration_prior,4b_duration_prior__d1920__w24,100,28
4b_duration_prior,4b_duration_prior__d1920__w24,101,40
4b_duration_prior,4b_duration_prior__d1920__w24,102,49
4b_duration_prior,4b_duration_prior__d1920__w24,103,51
4b_duration_prior,4b_duration_prior__d1920__w24,104,55
4b_duration_prior,4b_duration_prior__d1920__w24,105,77
4b_duration_prior,4b_duration_prior__d1920__w24,106,71
4b_duration_prior,4b_duration_prior__d1920__w24,107,70
4b_duration_prior,4b_duration_prior__d1920__w24,108,65
4b_duration_prior,4b_duration_prior__d1920__w24,109,88
4b_duration_prior,4b_duration_prior__d1920__w24,110,103
4b_duration_prior,4b_duration_prior__d1920__w24,111,124
4b_duration_prior,4b_duration_prior__d1920__w24,112,119
4b_duration_prior,4b_duration_prior__d1920__w24,113,120
4b_duration_prior,4b_duration_prior__d1920__w24,114,120
4b_duration_prior,4b_duration_prior__d1920__w24,115,111
4b_duration_prior,4b_duration_prior__d1920__w24,116,106
4b_duration_prior,4b_duration_prior__d1920__w24,117,123
4b_duration_prior,4b_duration_prior__d1920__w24,118,126
4b_duration_prior,4b_duration_prior__d1920__w24,119,82
4b_duration_prior,4b_duration_prior__d1920__w24,120,74
4b_duration_prior,4b_duration_prior__d1920__w24,121,71
4b_duration_prior,4b_duration_prior__d1920__w24,122,41
4b_duration_prior,4b_duration_prior__d1920__w24,123,53
4b_duration_prior,4b_duration_prior__d1920__w24,124,21
4b_duration_prior,4b_duration_prior__d1920__w24,125,28
4b_duration_prior,4b_duration_prior__d1920__w24,126,20
4b_duration_prior,4b_duration_prior__d1920__w24,127,25
4b_duration_prior,4b_duration_prior__d1920__w24,128,15
4b_duration_prior,4b_duration_prior__d1920__w24,129,26
4b_duration_prior,4b_duration_prior__d1920__w24,130,46
4b_duration_prior,4b_duration_prior__d1920__w24,131,32
4b_duration_prior,4b_duration_prior__d1920__w24,132,108
4b_duration_prior,4b_duration_prior__d1920__w24,133,43
4b_duration_prior,4b_duration_prior__d1920__w24,134,34
4b_duration_prior,4b_duration_prior__d1920__w24,135,56
4b_duration_prior,4b_duration_prior__d1920__w24,136,41
4b_duration_prior,4b_duration_prior__d1920__w24,137,54
4b_duration_prior,4b_duration_prior__d1920__w24,138,39
4b_duration_prior,4b_duration_prior__d1920__w24,139,33
4b_duration_prior,4b_duration_prior__d1920__w24,140,48
4b_duration_prior,4b_duration_prior__d1920__w24,141,55
4b_duration_prior,4b_duration_prior__d1920__w24,142,54
4b_duration_prior,4b_duration_prior__d1920__w24,143,46
4b_duration_prior,4b_duration_prior__d1920__w24,144,39
4b_duration_prior,4b_duration_prior__d1920__w24,145,31
4b_duration_prior,4b_duration_prior__d1920__w24,146,31
4b_duration_prior,4b_duration_prior__d1920__w24,147,23
4b_duration_prior,4b_duration_prior__d1920__w24,148,23
4b_duration_prior,4b_duration_prior__d1920__w24,149,29
4b_duration_prior,4b_duration_prior__d1920__w24,150,27
4b_duration_prior,4b_duration_prior__d1920__w24,151,21
4b_duration_prior,4b_duration_prior__d1920__w24,152,17
4b_duration_prior,4b_duration_prior__d1920__w24,153,33
4b_duration_prior,4b_duration_prior__d1920__w24,154,25
4b_duration_prior,4b_duration_prior__d1920__w24,155,61
4b_duration_prior,4b_duration_prior__d1920__w24,156,34
4b_duration_prior,4b_duration_prior__d1920__w24,157,43
4b_duration_prior,4b_duration_prior__d1920__w24,158,37
4b_duration_prior,4b_duration_prior__d1920__w24,159,29
4b_duration_prior,4b_duration_prior__d1920__w24,160,35
4b_duration_prior,4b_duration_prior__d1920__w24,161,59
4b_duration_prior,4b_duration_prior__d1920__w24,162,51
4b_duration_prior,4b_duration_prior__d1920__w24,163,59
4b_duration_prior,4b_duration_prior__d1920__w24,164,52
4b_duration_prior,4b_duration_prior__d1920__w24,165,42
4b_duration_prior,4b_duration_prior__d1920__w24,166,57
4b_duration_prior,4b_duration_prior__d1920__w24,167,39
4b_duration_prior,4b_duration_prior__d3840__w24,0,30
4b_duration_prior,4b_duration_prior__d3840__w24,1,36
4b_duration_prior,4b_duration_prior__d3840__w24,2,34
4b_duration_prior,4b_duration_prior__d3840__w24,3,30
4b_duration_prior,4b_duration_prior__d3840__w24,4,34
4b_duration_prior,4b_duration_prior__d3840__w24,5,37
4b_duration_prior,4b_duration_prior__d3840__w24,6,43
4b_duration_prior,4b_duration_prior__d3840__w24,7,43
4b_duration_prior,4b_duration_prior__d3840__w24,8,58
4b_duration_prior,4b_duration_prior__d3840__w24,9,65
4b_duration_prior,4b_duration_prior__d3840__w24,10,86
4b_duration_prior,4b_duration_prior__d3840__w24,11,75
4b_duration_prior,4b_duration_prior__d3840__w24,12,65
4b_duration_prior,4b_duration_prior__d3840__w24,13,86
4b_duration_prior,4b_duration_prior__d3840__w24,14,103
4b_duration_prior,4b_duration_prior__d3840__w24,15,104
4b_duration_prior,4b_duration_prior__d3840__w24,16,112
4b_duration_prior,4b_duration_prior__d3840__w24,17,114
4b_duration_prior,4b_duration_prior__d3840__w24,18,93
4b_duration_prior,4b_duration_prior__d3840__w24,19,102
4b_duration_prior,4b_duration_prior__d3840__w24,20,110
4b_duration_prior,4b_duration_prior__d3840__w24,21,111
4b_duration_prior,4b_duration_prior__d3840__w24,22,99
4b_duration_prior,4b_duration_prior__d3840__w24,23,90
4b_duration_prior,4b_duration_prior__d3840__w24,24,73
4b_duration_prior,4b_duration_prior__d3840__w24,25,72
4b_duration_prior,4b_duration_prior__d3840__w24,26,118
4b_duration_prior,4b_duration_prior__d3840__w24,27,32
4b_duration_prior,4b_duration_prior__d3840__w24,28,45
4b_duration_prior,4b_duration_prior__d3840__w24,29,37
4b_duration_prior,4b_duration_prior__d3840__w24,30,51
4b_duration_prior,4b_duration_prior__d3840__w24,31,47
4b_duration_prior,4b_duration_prior__d3840__w24,32,71
4b_duration_prior,4b_duration_prior__d3840__w24,33,69
4b_duration_prior,4b_duration_prior__d3840__w24,34,64
4b_duration_prior,4b_duration_prior__d3840__w24,35,70
4b_duration_prior,4b_duration_prior__d3840__w24,36,120
4b_duration_prior,4b_duration_prior__d3840__w24,37,89
4b_duration_prior,4b_duration_prior__d3840__w24,38,108
4b_duration_prior,4b_duration_prior__d3840__w24,39,109
4b_duration_prior,4b_duration_prior__d3840__w24,40,110
4b_duration_prior,4b_duration_prior__d3840__w24,41,118
4b_duration_prior,4b_duration_prior__d3840__w24,42,119
4b_duration_prior,4b_duration_prior__d3840__w24,43,121
4b_duration_prior,4b_duration_prior__d3840__w24,44,131
4b_duration_prior,4b_duration_prior__d3840__w24,45,134
4b_duration_prior,4b_duration_prior__d3840__w24,46,101
4b_duration_prior,4b_duration_prior__d3840__w24,47,103
4b_duration_prior,4b_duration_prior__d3840__w24,48,70
4b_duration_prior,4b_duration_prior__d3840__w24,49,64
4b_duration_prior,4b_duration_prior__d3840__w24,50,82
4b_duration_prior,4b_duration_prior__d3840__w24,51,47
4b_duration_prior,4b_duration_prior__d3840__w24,52,39
4b_duration_prior,4b_duration_prior__d3840__w24,53,44
4b_duration_prior,4b_duration_prior__d3840__w24,54,49
4b_duration_prior,4b_duration_prior__d3840__w24,55,64
4b_duration_prior,4b_duration_prior__d3840__w24,56,57
4b_duration_prior,4b_duration_prior__d3840__w24,57,60
4b_duration_prior,4b_duration_prior__d3840__w24,58,65
4b_duration_prior,4b_duration_prior__d3840__w24,59,65
4b_duration_prior,4b_duration_prior__d3840__w24,60,73
4b_duration_prior,4b_duration_prior__d3840__w24,61,80
4b_duration_prior,4b_duration_prior__d3840__w24,62,79
4b_duration_prior,4b_duration_prior__d3840__w24,63,99
4b_duration_prior,4b_duration_prior__d3840__w24,64,111
4b_duration_prior,4b_duration_prior__d3840__w24,65,122
4b_duration_prior,4b_duration_prior__d3840__w24,66,123
4b_duration_prior,4b_duration_prior__d3840__w24,67,128
4b_duration_prior,4b_duration_prior__d3840__w24,68,118
4b_duration_prior,4b_duration_prior__d3840__w24,69,113
4b_duration_prior,4b_duration_prior__d3840__w24,70,107
4b_duration_prior,4b_duration_prior__d3840__w24,71,104
4b_duration_prior,4b_duration_prior__d3840__w24,72,94
4b_duration_prior,4b_duration_prior__d3840__w24,73,62
4b_duration_prior,4b_duration_prior__d3840__w24,74,163
4b_duration_prior,4b_duration_prior__d3840__w24,75,36
4b_duration_prior,4b_duration_prior__d3840__w24,76,48
4b_duration_prior,4b_duration_prior__d3840__w24,77,50
4b_duration_prior,4b_duration_prior__d3840__w24,78,68
4b_duration_prior,4b_duration_prior__d3840__w24,79,54
4b_duration_prior,4b_duration_prior__d3840__w24,80,69
4b_duration_prior,4b_duration_prior__d3840__w24,81,61
4b_duration_prior,4b_duration_prior__d3840__w24,82,65
4b_duration_prior,4b_duration_prior__d3840__w24,83,71
4b_duration_prior,4b_duration_prior__d3840__w24,84,81
4b_duration_prior,4b_duration_prior__d3840__w24,85,94
4b_duration_prior,4b_duration_prior__d3840__w24,86,99
4b_duration_prior,4b_duration_prior__d3840__w24,87,103
4b_duration_prior,4b_duration_prior__d3840__w24,88,118
4b_duration_prior,4b_duration_prior__d3840__w24,89,118
4b_duration_prior,4b_duration_prior__d3840__w24,90,113
4b_duration_prior,4b_duration_prior__d3840__w24,91,112
4b_duration_prior,4b_duration_prior__d3840__w24,92,115
4b_duration_prior,4b_duration_prior__d3840__w24,93,125
4b_duration_prior,4b_duration_prior__d3840__w24,94,120
4b_duration_prior,4b_duration_prior__d3840__w24,95,110
4b_duration_prior,4b_duration_prior__d3840__w24,96,71
4b_duration_prior,4b_duration_prior__d3840__w24,97,71
4b_duration_prior,4b_duration_prior__d3840__w24,98,147
4b_duration_prior,4b_duration_prior__d3840__w24,99,36
4b_duration_prior,4b_duration_prior__d3840__w24,100,28
4b_duration_prior,4b_duration_prior__d3840__w24,101,40
4b_duration_prior,4b_duration_prior__d3840__w24,102,49
4b_duration_prior,4b_duration_prior__d3840__w24,103,51
4b_duration_prior,4b_duration_prior__d3840__w24,104,56
4b_duration_prior,4b_duration_prior__d3840__w24,105,78
4b_duration_prior,4b_duration_prior__d3840__w24,106,71
4b_duration_prior,4b_duration_prior__d3840__w24,107,70
4b_duration_prior,4b_duration_prior__d3840__w24,108,66
4b_duration_prior,4b_duration_prior__d3840__w24,109,90
4b_duration_prior,4b_duration_prior__d3840__w24,110,105
4b_duration_prior,4b_duration_prior__d3840__w24,111,127
4b_duration_prior,4b_duration_prior__d3840__w24,112,123
4b_duration_prior,4b_duration_prior__d3840__w24,113,122
4b_duration_prior,4b_duration_prior__d3840__w24,114,124
4b_duration_prior,4b_duration_prior__d3840__w24,115,112
4b_duration_prior,4b_duration_prior__d3840__w24,116,109
4b_duration_prior,4b_duration_prior__d3840__w24,117,127
4b_duration_prior,4b_duration_prior__d3840__w24,118,126
4b_duration_prior,4b_duration_prior__d3840__w24,119,83
4b_duration_prior,4b_duration_prior__d3840__w24,120,75
4b_duration_prior,4b_duration_prior__d3840__w24,121,71
4b_duration_prior,4b_duration_prior__d3840__w24,122,40
4b_duration_prior,4b_duration_prior__d3840__w24,123,49
4b_duration_prior,4b_duration_prior__d3840__w24,124,21
4b_duration_prior,4b_duration_prior__d3840__w24,125,28
4b_duration_prior,4b_duration_prior__d3840__w24,126,20
4b_duration_prior,4b_duration_prior__d3840__w24,127,25
4b_duration_prior,4b_duration_prior__d3840__w24,128,15
4b_duration_prior,4b_duration_prior__d3840__w24,129,28
4b_duration_prior,4b_duration_prior__d3840__w24,130,46
4b_duration_prior,4b_duration_prior__d3840__w24,131,34
4b_duration_prior,4b_duration_prior__d3840__w24,132,81
4b_duration_prior,4b_duration_prior__d3840__w24,133,44
4b_duration_prior,4b_duration_prior__d3840__w24,134,34
4b_duration_prior,4b_duration_prior__d3840__w24,135,56
4b_duration_prior,4b_duration_prior__d3840__w24,136,41
4b_duration_prior,4b_duration_prior__d3840__w24,137,55
4b_duration_prior,4b_duration_prior__d3840__w24,138,41
4b_duration_prior,4b_duration_prior__d3840__w24,139,34
4b_duration_prior,4b_duration_prior__d3840__w24,140,49
4b_duration_prior,4b_duration_prior__d3840__w24,141,56
4b_duration_prior,4b_duration_prior__d3840__w24,142,54
4b_duration_prior,4b_duration_prior__d3840__w24,143,46
4b_duration_prior,4b_duration_prior__d3840__w24,144,39
4b_duration_prior,4b_duration_prior__d3840__w24,145,30
4b_duration_prior,4b_duration_prior__d3840__w24,146,31
4b_duration_prior,4b_duration_prior__d3840__w24,147,23
4b_duration_prior,4b_duration_prior__d3840__w24,148,23
4b_duration_prior,4b_duration_prior__d3840__w24,149,29
4b_duration_prior,4b_duration_prior__d3840__w24,150,27
4b_duration_prior,4b_duration_prior__d3840__w24,151,21
4b_duration_prior,4b_duration_prior__d3840__w24,152,17
4b_duration_prior,4b_duration_prior__d3840__w24,153,31
4b_duration_prior,4b_duration_prior__d3840__w24,154,25
4b_duration_prior,4b_duration_prior__d3840__w24,155,51
4b_duration_prior,4b_duration_prior__d3840__w24,156,34
4b_duration_prior,4b_duration_prior__d3840__w24,157,43
4b_duration_prior,4b_duration_prior__d3840__w24,158,38
4b_duration_prior,4b_duration_prior__d3840__w24,159,29
4b_duration_prior,4b_duration_prior__d3840__w24,160,35
4b_duration_prior,4b_duration_prior__d3840__w24,161,59
4b_duration_prior,4b_duration_prior__d3840__w24,162,52
4b_duration_prior,4b_duration_prior__d3840__w24,163,60
4b_duration_prior,4b_duration_prior__d3840__w24,164,52
4b_duration_prior,4b_duration_prior__d3840__w24,165,44
4b_duration_prior,4b_duration_prior__d3840__w24,166,59
4b_duration_prior,4b_duration_prior__d3840__w24,167,39
4b_duration_prior,4b_duration_prior__d7680__w24,0,30
4b_duration_prior,4b_duration_prior__d7680__w24,1,36
4b_duration_prior,4b_duration_prior__d7680__w24,2,34
4b_duration_prior,4b_duration_prior__d7680__w24,3,30
4b_duration_prior,4b_duration_prior__d7680__w24,4,34
4b_duration_prior,4b_duration_prior__d7680__w24,5,37
4b_duration_prior,4b_duration_prior__d7680__w24,6,44
4b_duration_prior,4b_duration_prior__d7680__w24,7,44
4b_duration_prior,4b_duration_prior__d7680__w24,8,58
4b_duration_prior,4b_duration_prior__d7680__w24,9,65
4b_duration_prior,4b_duration_prior__d7680__w24,10,86
4b_duration_prior,4b_duration_prior__d7680__w24,11,76
4b_duration_prior,4b_duration_prior__d7680__w24,12,65
4b_duration_prior,4b_duration_prior__d7680__w24,13,86
4b_duration_prior,4b_duration_prior__d7680__w24,14,103
4b_duration_prior,4b_duration_prior__d7680__w24,15,105
4b_duration_prior,4b_duration_prior__d7680__w24,16,114
4b_duration_prior,4b_duration_prior__d7680__w24,17,116
4b_duration_prior,4b_duration_prior__d7680__w24,18,93
4b_duration_prior,4b_duration_prior__d7680__w24,19,106
4b_duration_prior,4b_duration_prior__d7680__w24,20,114
4b_duration_prior,4b_duration_prior__d7680__w24,21,114
4b_duration_prior,4b_duration_prior__d7680__w24,22,101
4b_duration_prior,4b_duration_prior__d7680__w24,23,90
4b_duration_prior,4b_duration_prior__d7680__w24,24,80
4b_duration_prior,4b_duration_prior__d7680__w24,25,73
4b_duration_prior,4b_duration_prior__d7680__w24,26,89
4b_duration_prior,4b_duration_prior__d7680__w24,27,32
4b_duration_prior,4b_duration_prior__d7680__w24,28,45
4b_duration_prior,4b_duration_prior__d7680__w24,29,37
4b_duration_prior,4b_duration_prior__d7680__w24,30,52
4b_duration_prior,4b_duration_prior__d7680__w24,31,47
4b_duration_prior,4b_duration_prior__d7680__w24,32,71
4b_duration_prior,4b_duration_prior__d7680__w24,33,71
4b_duration_prior,4b_duration_prior__d7680__w24,34,64
4b_duration_prior,4b_duration_prior__d7680__w24,35,70
4b_duration_prior,4b_duration_prior__d7680__w24,36,117
4b_duration_prior,4b_duration_prior__d7680__w24,37,89
4b_duration_prior,4b_duration_prior__d7680__w24,38,109
4b_duration_prior,4b_duration_prior__d7680__w24,39,109
4b_duration_prior,4b_duration_prior__d7680__w24,40,111
4b_duration_prior,4b_duration_prior__d7680__w24,41,121
4b_duration_prior,4b_duration_prior__d7680__w24,42,122
4b_duration_prior,4b_duration_prior__d7680__w24,43,124
4b_duration_prior,4b_duration_prior__d7680__w24,44,133
4b_duration_prior,4b_duration_prior__d7680__w24,45,139
4b_duration_prior,4b_duration_prior__d7680__w24,46,105
4b_duration_prior,4b_duration_prior__d7680__w24,47,107
4b_duration_prior,4b_duration_prior__d7680__w24,48,76
4b_duration_prior,4b_duration_prior__d7680__w24,49,65
4b_duration_prior,4b_duration_prior__d7680__w24,50,65
4b_duration_prior,4b_duration_prior__d7680__w24,51,47
4b_duration_prior,4b_duration_prior__d7680__w24,52,39
4b_duration_prior,4b_duration_prior__d7680__w24,53,44
4b_duration_prior,4b_duration_prior__d7680__w24,54,49
4b_duration_prior,4b_duration_prior__d7680__w24,55,65
4b_duration_prior,4b_duration_prior__d7680__w24,56,57
4b_duration_prior,4b_duration_prior__d7680__w24,57,62
4b_duration_prior,4b_duration_prior__d7680__w24,58,65
4b_duration_prior,4b_duration_prior__d7680__w24,59,66
4b_duration_prior,4b_duration_prior__d7680__w24,60,74
4b_duration_prior,4b_duration_prior__d7680__w24,61,80
4b_duration_prior,4b_duration_prior__d7680__w24,62,83
4b_duration_prior,4b_duration_prior__d7680__w24,63,101
4b_duration_prior,4b_duration_prior__d7680__w24,64,111
4b_duration_prior,4b_duration_prior__d7680__w24,65,127
4b_duration_prior,4b_duration_prior__d7680__w24,66,128
4b_duration_prior,4b_duration_prior__d7680__w24,67,134
4b_duration_prior,4b_duration_prior__d7680__w24,68,119
4b_duration_prior,4b_duration_prior__d7680__w24,69,120
4b_duration_prior,4b_duration_prior__d7680__w24,70,106
4b_duration_prior,4b_duration_prior__d7680__w24,71,103
4b_duration_prior,4b_duration_prior__d7680__w24,72,91
4b_duration_prior,4b_duration_prior__d7680__w24,73,61
4b_duration_prior,4b_duration_prior__d7680__w24,74,125
4b_duration_prior,4b_duration_prior__d7680__w24,75,38
4b_duration_prior,4b_duration_prior__d7680__w24,76,49
4b_duration_prior,4b_duration_prior__d7680__w24,77,50
4b_duration_prior,4b_duration_prior__d7680__w24,78,68
4b_duration_prior,4b_duration_prior__d7680__w24,79,54
4b_duration_prior,4b_duration_prior__d7680__w24,80,69
4b_duration_prior,4b_duration_prior__d7680__w24,81,62
4b_duration_prior,4b_duration_prior__d7680__w24,82,65
4b_duration_prior,4b_duration_prior__d7680__w24,83,71
4b_duration_prior,4b_duration_prior__d7680__w24,84,82
4b_duration_prior,4b_duration_prior__d7680__w24,85,97
4b_duration_prior,4b_duration_prior__d7680__w24,86,102
4b_duration_prior,4b_duration_prior__d7680__w24,87,103
4b_duration_prior,4b_duration_prior__d7680__w24,88,120
4b_duration_prior,4b_duration_prior__d7680__w24,89,119
4b_duration_prior,4b_duration_prior__d7680__w24,90,117
4b_duration_prior,4b_duration_prior__d7680__w24,91,115
4b_duration_prior,4b_duration_prior__d7680__w24,92,116
4b_duration_prior,4b_duration_prior__d7680__w24,93,128
4b_duration_prior,4b_duration_prior__d7680__w24,94,122
4b_duration_prior,4b_duration_prior__d7680__w24,95,104
4b_duration_prior,4b_duration_prior__d7680__w24,96,74
4b_duration_prior,4b_duration_prior__d7680__w24,97,72
4b_duration_prior,4b_duration_prior__d7680__w24,98,116
4b_duration_prior,4b_duration_prior__d7680__w24,99,36
4b_duration_prior,4b_duration_prior__d7680__w24,100,28
4b_duration_prior,4b_duration_prior__d7680__w24,101,41
4b_duration_prior,4b_duration_prior__d7680__w24,102,49
4b_duration_prior,4b_duration_prior__d7680__w24,103,51
4b_duration_prior,4b_duration_prior__d7680__w24,104,57
4b_duration_prior,4b_duration_prior__d7680__w24,105,78
4b_duration_prior,4b_duration_prior__d7680__w24,106,71
4b_duration_prior,4b_duration_prior__d7680__w24,107,70
4b_duration_prior,4b_duration_prior__d7680__w24,108,66
4b_duration_prior,4b_duration_prior__d7680__w24,109,92
4b_duration_prior,4b_duration_prior__d7680__w24,110,107
4b_duration_prior,4b_duration_prior__d7680__w24,111,128
4b_duration_prior,4b_duration_prior__d7680__w24,112,126
4b_duration_prior,4b_duration_prior__d7680__w24,113,125
4b_duration_prior,4b_duration_prior__d7680__w24,114,124
4b_duration_prior,4b_duration_prior__d7680__w24,115,113
4b_duration_prior,4b_duration_prior__d7680__w24,116,109
4b_duration_prior,4b_duration_prior__d7680__w24,117,128
4b_duration_prior,4b_duration_prior__d7680__w24,118,126
4b_duration_prior,4b_duration_prior__d7680__w24,119,87
4b_duration_prior,4b_duration_prior__d7680__w24,120,78
4b_duration_prior,4b_duration_prior__d7680__w24,121,71
4b_duration_prior,4b_duration_prior__d7680__w24,122,41
4b_duration_prior,4b_duration_prior__d7680__w24,123,48
4b_duration_prior,4b_duration_prior__d7680__w24,124,21
4b_duration_prior,4b_duration_prior__d7680__w24,125,29
4b_duration_prior,4b_duration_prior__d7680__w24,126,20
4b_duration_prior,4b_duration_prior__d7680__w24,127,25
4b_duration_prior,4b_duration_prior__d7680__w24,128,15
4b_duration_prior,4b_duration_prior__d7680__w24,129,28
4b_duration_prior,4b_duration_prior__d7680__w24,130,46
4b_duration_prior,4b_duration_prior__d7680__w24,131,34
4b_duration_prior,4b_duration_prior__d7680__w24,132,61
4b_duration_prior,4b_duration_prior__d7680__w24,133,44
4b_duration_prior,4b_duration_prior__d7680__w24,134,34
4b_duration_prior,4b_duration_prior__d7680__w24,135,56
4b_duration_prior,4b_duration_prior__d7680__w24,136,42
4b_duration_prior,4b_duration_prior__d7680__w24,137,55
4b_duration_prior,4b_duration_prior__d7680__w24,138,41
4b_duration_prior,4b_duration_prior__d7680__w24,139,34
4b_duration_prior,4b_duration_prior__d7680__w24,140,49
4b_duration_prior,4b_duration_prior__d7680__w24,141,56
4b_duration_prior,4b_duration_prior__d7680__w24,142,54
4b_duration_prior,4b_duration_prior__d7680__w24,143,46
4b_duration_prior,4b_duration_prior__d7680__w24,144,40
4b_duration_prior,4b_duration_prior__d7680__w24,145,29
4b_duration_prior,4b_duration_prior__d7680__w24,146,30
4b_duration_prior,4b_duration_prior__d7680__w24,147,21
4b_duration_prior,4b_duration_prior__d7680__w24,148,24
4b_duration_prior,4b_duration_prior__d7680__w24,149,29
4b_duration_prior,4b_duration_prior__d7680__w24,150,27
4b_duration_prior,4b_duration_prior__d7680__w24,151,21
4b_duration_prior,4b_duration_prior__d7680__w24,152,17
4b_duration_prior,4b_duration_prior__d7680__w24,153,31
4b_duration_prior,4b_duration_prior__d7680__w24,154,25
4b_duration_prior,4b_duration_prior__d7680__w24,155,48
4b_duration_prior,4b_duration_prior__d7680__w24,156,34
4b_duration_prior,4b_duration_prior__d7680__w24,157,43
4b_duration_prior,4b_duration_prior__d7680__w24,158,38
4b_duration_prior,4b_duration_prior__d7680__w24,159,29
4b_duration_prior,4b_duration_prior__d7680__w24,160,35
4b_duration_prior,4b_duration_prior__d7680__w24,161,59
4b_duration_prior,4b_duration_prior__d7680__w24,162,52
4b_duration_prior,4b_duration_prior__d7680__w24,163,60
4b_duration_prior,4b_duration_prior__d7680__w24,164,52
4b_duration_prior,4b_duration_prior__d7680__w24,165,44
4b_duration_prior,4b_duration_prior__d7680__w24,166,59
4b_duration_prior,4b_duration_prior__d7680__w24,167,39
4b_duration_prior,4b_duration_prior__d15360__w24,0,33
4b_duration_prior,4b_duration_prior__d15360__w24,1,32
4b_duration_prior,4b_duration_prior__d15360__w24,2,34
4b_duration_prior,4b_duration_prior__d15360__w24,3,30
4b_duration_prior,4b_duration_prior__d15360__w24,4,34
4b_duration_prior,4b_duration_prior__d15360__w24,5,37
4b_duration_prior,4b_duration_prior__d15360__w24,6,45
4b_duration_prior,4b_duration_prior__d15360__w24,7,47
4b_duration_prior,4b_duration_prior__d15360__w24,8,62
4b_duration_prior,4b_duration_prior__d15360__w24,9,72
4b_duration_prior,4b_duration_prior__d15360__w24,10,90
4b_duration_prior,4b_duration_prior__d15360__w24,11,80
4b_duration_prior,4b_duration_prior__d15360__w24,12,70
4b_duration_prior,4b_duration_prior__d15360__w24,13,90
4b_duration_prior,4b_duration_prior__d15360__w24,14,104
4b_duration_prior,4b_duration_prior__d15360__w24,15,107
4b_duration_prior,4b_duration_prior__d15360__w24,16,118
4b_duration_prior,4b_duration_prior__d15360__w24,17,117
4b_duration_prior,4b_duration_prior__d15360__w24,18,94
4b_duration_prior,4b_duration_prior__d15360__w24,19,107
4b_duration_prior,4b_duration_prior__d15360__w24,20,115
4b_duration_prior,4b_duration_prior__d15360__w24,21,115
4b_duration_prior,4b_duration_prior__d15360__w24,22,101
4b_duration_prior,4b_duration_prior__d15360__w24,23,91
4b_duration_prior,4b_duration_prior__d15360__w24,24,82
4b_duration_prior,4b_duration_prior__d15360__w24,25,73
4b_duration_prior,4b_duration_prior__d15360__w24,26,42
4b_duration_prior,4b_duration_prior__d15360__w24,27,32
4b_duration_prior,4b_duration_prior__d15360__w24,28,45
4b_duration_prior,4b_duration_prior__d15360__w24,29,38
4b_duration_prior,4b_duration_prior__d15360__w24,30,55
4b_duration_prior,4b_duration_prior__d15360__w24,31,50
4b_duration_prior,4b_duration_prior__d15360__w24,32,77
4b_duration_prior,4b_duration_prior__d15360__w24,33,81
4b_duration_prior,4b_duration_prior__d15360__w24,34,69
4b_duration_prior,4b_duration_prior__d15360__w24,35,76
4b_duration_prior,4b_duration_prior__d15360__w24,36,83
4b_duration_prior,4b_duration_prior__d15360__w24,37,92
4b_duration_prior,4b_duration_prior__d15360__w24,38,113
4b_duration_prior,4b_duration_prior__d15360__w24,39,113
4b_duration_prior,4b_duration_prior__d15360__w24,40,115
4b_duration_prior,4b_duration_prior__d15360__w24,41,123
4b_duration_prior,4b_duration_prior__d15360__w24,42,124
4b_duration_prior,4b_duration_prior__d15360__w24,43,124
4b_duration_prior,4b_duration_prior__d15360__w24,44,133
4b_duration_prior,4b_duration_prior__d15360__w24,45,139
4b_duration_prior,4b_duration_prior__d15360__w24,46,106
4b_duration_prior,4b_duration_prior__d15360__w24,47,109
4b_duration_prior,4b_duration_prior__d15360__w24,48,83
4b_duration_prior,4b_duration_prior__d15360__w24,49,66
4b_duration_prior,4b_duration_prior__d15360__w24,50,46
4b_duration_prior,4b_duration_prior__d15360__w24,51,47
4b_duration_prior,4b_duration_prior__d15360__w24,52,39
4b_duration_prior,4b_duration_prior__d15360__w24,53,46
4b_duration_prior,4b_duration_prior__d15360__w24,54,51
4b_duration_prior,4b_duration_prior__d15360__w24,55,68
4b_duration_prior,4b_duration_prior__d15360__w24,56,64
4b_duration_prior,4b_duration_prior__d15360__w24,57,67
4b_duration_prior,4b_duration_prior__d15360__w24,58,66
4b_duration_prior,4b_duration_prior__d15360__w24,59,75
4b_duration_prior,4b_duration_prior__d15360__w24,60,79
4b_duration_prior,4b_duration_prior__d15360__w24,61,82
4b_duration_prior,4b_duration_prior__d15360__w24,62,90
4b_duration_prior,4b_duration_prior__d15360__w24,63,107
4b_duration_prior,4b_duration_prior__d15360__w24,64,114
4b_duration_prior,4b_duration_prior__d15360__w24,65,132
4b_duration_prior,4b_duration_prior__d15360__w24,66,131
4b_duration_prior,4b_duration_prior__d15360__w24,67,136
4b_duration_prior,4b_duration_prior__d15360__w24,68,121
4b_duration_prior,4b_duration_prior__d15360__w24,69,121
4b_duration_prior,4b_duration_prior__d15360__w24,70,106
4b_duration_prior,4b_duration_prior__d15360__w24,71,103
4b_duration_prior,4b_duration_prior__d15360__w24,72,90
4b_duration_prior,4b_duration_prior__d15360__w24,73,62
4b_duration_prior,4b_duration_prior__d15360__w24,74,60
4b_duration_prior,4b_duration_prior__d15360__w24,75,38
4b_duration_prior,4b_duration_prior__d15360__w24,76,49
4b_duration_prior,4b_duration_prior__d15360__w24,77,51
4b_duration_prior,4b_duration_prior__d15360__w24,78,71
4b_duration_prior,4b_duration_prior__d15360__w24,79,57
4b_duration_prior,4b_duration_prior__d15360__w24,80,74
4b_duration_prior,4b_duration_prior__d15360__w24,81,67
4b_duration_prior,4b_duration_prior__d15360__w24,82,71
4b_duration_prior,4b_duration_prior__d15360__w24,83,77
4b_duration_prior,4b_duration_prior__d15360__w24,84,84
4b_duration_prior,4b_duration_prior__d15360__w24,85,102
4b_duration_prior,4b_duration_prior__d15360__w24,86,109
4b_duration_prior,4b_duration_prior__d15360__w24,87,106
4b_duration_prior,4b_duration_prior__d15360__w24,88,122
4b_duration_prior,4b_duration_prior__d15360__w24,89,122
4b_duration_prior,4b_duration_prior__d15360__w24,90,121
4b_duration_prior,4b_duration_prior__d15360__w24,91,117
4b_duration_prior,4b_duration_prior__d15360__w24,92,120
4b_duration_prior,4b_duration_prior__d15360__w24,93,131
4b_duration_prior,4b_duration_prior__d15360__w24,94,124
4b_duration_prior,4b_duration_prior__d15360__w24,95,96
4b_duration_prior,4b_duration_prior__d15360__w24,96,77
4b_duration_prior,4b_duration_prior__d15360__w24,97,72
4b_duration_prior,4b_duration_prior__d15360__w24,98,47
4b_duration_prior,4b_duration_prior__d15360__w24,99,37
4b_duration_prior,4b_duration_prior__d15360__w24,100,30
4b_duration_prior,4b_duration_prior__d15360__w24,101,42
4b_duration_prior,4b_duration_prior__d15360__w24,102,51
4b_duration_prior,4b_duration_prior__d15360__w24,103,53
4b_duration_prior,4b_duration_prior__d15360__w24,104,62
4b_duration_prior,4b_duration_prior__d15360__w24,105,89
4b_duration_prior,4b_duration_prior__d15360__w24,106,76
4b_duration_prior,4b_duration_prior__d15360__w24,107,75
4b_duration_prior,4b_duration_prior__d15360__w24,108,73
4b_duration_prior,4b_duration_prior__d15360__w24,109,97
4b_duration_prior,4b_duration_prior__d15360__w24,110,110
4b_duration_prior,4b_duration_prior__d15360__w24,111,129
4b_duration_prior,4b_duration_prior__d15360__w24,112,128
4b_duration_prior,4b_duration_prior__d15360__w24,113,125
4b_duration_prior,4b_duration_prior__d15360__w24,114,128
4b_duration_prior,4b_duration_prior__d15360__w24,115,116
4b_duration_prior,4b_duration_prior__d15360__w24,116,114
4b_duration_prior,4b_duration_prior__d15360__w24,117,128
4b_duration_prior,4b_duration_prior__d15360__w24,118,128
4b_duration_prior,4b_duration_prior__d15360__w24,119,88
4b_duration_prior,4b_duration_prior__d15360__w24,120,79
4b_duration_prior,4b_duration_prior__d15360__w24,121,69
4b_duration_prior,4b_duration_prior__d15360__w24,122,40
4b_duration_prior,4b_duration_prior__d15360__w24,123,24
4b_duration_prior,4b_duration_prior__d15360__w24,124,21
4b_duration_prior,4b_duration_prior__d15360__w24,125,29
4b_duration_prior,4b_duration_prior__d15360__w24,126,20
4b_duration_prior,4b_duration_prior__d15360__w24,127,25
4b_duration_prior,4b_duration_prior__d15360__w24,128,15
4b_duration_prior,4b_duration_prior__d15360__w24,129,29
4b_duration_prior,4b_duration_prior__d15360__w24,130,41
4b_duration_prior,4b_duration_prior__d15360__w24,131,29
4b_duration_prior,4b_duration_prior__d15360__w24,132,27
4b_duration_prior,4b_duration_prior__d15360__w24,133,45
4b_duration_prior,4b_duration_prior__d15360__w24,134,34
4b_duration_prior,4b_duration_prior__d15360__w24,135,56
4b_duration_prior,4b_duration_prior__d15360__w24,136,42
4b_duration_prior,4b_duration_prior__d15360__w24,137,55
4b_duration_prior,4b_duration_prior__d15360__w24,138,41
4b_duration_prior,4b_duration_prior__d15360__w24,139,35
4b_duration_prior,4b_duration_prior__d15360__w24,140,50
4b_duration_prior,4b_duration_prior__d15360__w24,141,56
4b_duration_prior,4b_duration_prior__d15360__w24,142,54
4b_duration_prior,4b_duration_prior__d15360__w24,143,47
4b_duration_prior,4b_duration_prior__d15360__w24,144,43
4b_duration_prior,4b_duration_prior__d15360__w24,145,30
4b_duration_prior,4b_duration_prior__d15360__w24,146,30
4b_duration_prior,4b_duration_prior__d15360__w24,147,21
4b_duration_prior,4b_duration_prior__d15360__w24,148,24
4b_duration_prior,4b_duration_prior__d15360__w24,149,29
4b_duration_prior,4b_duration_prior__d15360__w24,150,27
4b_duration_prior,4b_duration_prior__d15360__w24,151,21
4b_duration_prior,4b_duration_prior__d15360__w24,152,18
4b_duration_prior,4b_duration_prior__d15360__w24,153,30
4b_duration_prior,4b_duration_prior__d15360__w24,154,25
4b_duration_prior,4b_duration_prior__d15360__w24,155,39
4b_duration_prior,4b_duration_prior__d15360__w24,156,34
4b_duration_prior,4b_duration_prior__d15360__w24,157,43
4b_duration_prior,4b_duration_prior__d15360__w24,158,38
4b_duration_prior,4b_duration_prior__d15360__w24,159,29
4b_duration_prior,4b_duration_prior__d15360__w24,160,35
4b_duration_prior,4b_duration_prior__d15360__w24,161,59
4b_duration_prior,4b_duration_prior__d15360__w24,162,52
4b_duration_prior,4b_duration_prior__d15360__w24,163,60
4b_duration_prior,4b_duration_prior__d15360__w24,164,52
4b_duration_prior,4b_duration_prior__d15360__w24,165,44
4b_duration_prior,4b_duration_prior__d15360__w24,166,59
4b_duration_prior,4b_duration_prior__d15360__w24,167,40
5_se_informed_policy,5_se_informed_policy__d0__w6,0,22
5_se_informed_policy,5_se_informed_policy__d0__w6,1,81
5_se_informed_policy,5_se_informed_policy__d0__w6,2,34
5_se_informed_policy,5_se_informed_policy__d0__w6,3,30
5_se_informed_policy,5_se_informed_policy__d0__w6,4,34
5_se_informed_policy,5_se_informed_policy__d0__w6,5,26
5_se_informed_policy,5_se_informed_policy__d0__w6,6,31
5_se_informed_policy,5_se_informed_policy__d0__w6,7,35
5_se_informed_policy,5_se_informed_policy__d0__w6,8,45
5_se_informed_policy,5_se_informed_policy__d0__w6,9,52
5_se_informed_policy,5_se_informed_policy__d0__w6,10,61
5_se_informed_policy,5_se_informed_policy__d0__w6,11,75
5_se_informed_policy,5_se_informed_policy__d0__w6,12,178
5_se_informed_policy,5_se_informed_policy__d0__w6,13,90
5_se_informed_policy,5_se_informed_policy__d0__w6,14,104
5_se_informed_policy,5_se_informed_policy__d0__w6,15,83
5_se_informed_policy,5_se_informed_policy__d0__w6,16,93
5_se_informed_policy,5_se_informed_policy__d0__w6,17,94
5_se_informed_policy,5_se_informed_policy__d0__w6,18,76
5_se_informed_policy,5_se_informed_policy__d0__w6,19,84
5_se_informed_policy,5_se_informed_policy__d0__w6,20,88
5_se_informed_policy,5_se_informed_policy__d0__w6,21,107
5_se_informed_policy,5_se_informed_policy__d0__w6,22,109
5_se_informed_policy,5_se_informed_policy__d0__w6,23,99
5_se_informed_policy,5_se_informed_policy__d0__w6,24,80
5_se_informed_policy,5_se_informed_policy__d0__w6,25,88
5_se_informed_policy,5_se_informed_policy__d0__w6,26,161
5_se_informed_policy,5_se_informed_policy__d0__w6,27,32
5_se_informed_policy,5_se_informed_policy__d0__w6,28,45
5_se_informed_policy,5_se_informed_policy__d0__w6,29,27
5_se_informed_policy,5_se_informed_policy__d0__w6,30,36
5_se_informed_policy,5_se_informed_policy__d0__w6,31,40
5_se_informed_policy,5_se_informed_policy__d0__w6,32,63
5_se_informed_policy,5_se_informed_policy__d0__w6,33,52
5_se_informed_policy,5_se_informed_policy__d0__w6,34,53
5_se_informed_policy,5_se_informed_policy__d0__w6,35,67
5_se_informed_policy,5_se_informed_policy__d0__w6,36,191
5_se_informed_policy,5_se_informed_policy__d0__w6,37,92
5_se_informed_policy,5_se_informed_policy__d0__w6,38,113
5_se_informed_policy,5_se_informed_policy__d0__w6,39,87
5_se_informed_policy,5_se_informed_policy__d0__w6,40,87
5_se_informed_policy,5_se_informed_policy__d0__w6,41,99
5_se_informed_policy,5_se_informed_policy__d0__w6,42,102
5_se_informed_policy,5_se_informed_policy__d0__w6,43,96
5_se_informed_policy,5_se_informed_policy__d0__w6,44,111
5_se_informed_policy,5_se_informed_policy__d0__w6,45,137
5_se_informed_policy,5_se_informed_policy__d0__w6,46,111
5_se_informed_policy,5_se_informed_policy__d0__w6,47,133
5_se_informed_policy,5_se_informed_policy__d0__w6,48,60
5_se_informed_policy,5_se_informed_policy__d0__w6,49,79
5_se_informed_policy,5_se_informed_policy__d0__w6,50,179
5_se_informed_policy,5_se_informed_policy__d0__w6,51,47
5_se_informed_policy,5_se_informed_policy__d0__w6,52,31
5_se_informed_policy,5_se_informed_policy__d0__w6,53,35
5_se_informed_policy,5_se_informed_policy__d0__w6,54,38
5_se_informed_policy,5_se_informed_policy__d0__w6,55,47
5_se_informed_policy,5_se_informed_policy__d0__w6,56,46
5_se_informed_policy,5_se_informed_policy__d0__w6,57,45
5_se_informed_policy,5_se_informed_policy__d0__w6,58,56
5_se_informed_policy,5_se_informed_policy__d0__w6,59,61
5_se_informed_policy,5_se_informed_policy__d0__w6,60,196
5_se_informed_policy,5_se_informed_policy__d0__w6,61,82
5_se_informed_policy,5_se_informed_policy__d0__w6,62,90
5_se_informed_policy,5_se_informed_policy__d0__w6,63,78
5_se_informed_policy,5_se_informed_policy__d0__w6,64,90
5_se_informed_policy,5_se_informed_policy__d0__w6,65,107
5_se_informed_policy,5_se_informed_policy__d0__w6,66,102
5_se_informed_policy,5_se_informed_policy__d0__w6,67,102
5_se_informed_policy,5_se_informed_policy__d0__w6,68,93
5_se_informed_policy,5_se_informed_policy__d0__w6,69,123
5_se_informed_policy,5_se_informed_policy__d0__w6,70,104
5_se_informed_policy,5_se_informed_policy__d0__w6,71,101
5_se_informed_policy,5_se_informed_policy__d0__w6,72,96
5_se_informed_policy,5_se_informed_policy__d0__w6,73,83
5_se_informed_policy,5_se_informed_policy__d0__w6,74,204
5_se_informed_policy,5_se_informed_policy__d0__w6,75,38
5_se_informed_policy,5_se_informed_policy__d0__w6,76,39
5_se_informed_policy,5_se_informed_policy__d0__w6,77,36
5_se_informed_policy,5_se_informed_policy__d0__w6,78,47
5_se_informed_policy,5_se_informed_policy__d0__w6,79,38
5_se_informed_policy,5_se_informed_policy__d0__w6,80,53
5_se_informed_policy,5_se_informed_policy__d0__w6,81,48
5_se_informed_policy,5_se_informed_policy__d0__w6,82,57
5_se_informed_policy,5_se_informed_policy__d0__w6,83,70
5_se_informed_policy,5_se_informed_policy__d0__w6,84,213
5_se_informed_policy,5_se_informed_policy__d0__w6,85,102
5_se_informed_policy,5_se_informed_policy__d0__w6,86,109
5_se_informed_policy,5_se_informed_policy__d0__w6,87,85
5_se_informed_policy,5_se_informed_policy__d0__w6,88,97
5_se_informed_policy,5_se_informed_policy__d0__w6,89,100
5_se_informed_policy,5_se_informed_policy__d0__w6,90,92
5_se_informed_policy,5_se_informed_policy__d0__w6,91,100
5_se_informed_policy,5_se_informed_policy__d0__w6,92,88
5_se_informed_policy,5_se_informed_policy__d0__w6,93,123
5_se_informed_policy,5_se_informed_policy__d0__w6,94,127
5_se_informed_policy,5_se_informed_policy__d0__w6,95,135
5_se_informed_policy,5_se_informed_policy__d0__w6,96,52
5_se_informed_policy,5_se_informed_policy__d0__w6,97,75
5_se_informed_policy,5_se_informed_policy__d0__w6,98,181
5_se_informed_policy,5_se_informed_policy__d0__w6,99,37
5_se_informed_policy,5_se_informed_policy__d0__w6,100,23
5_se_informed_policy,5_se_informed_policy__d0__w6,101,33
5_se_informed_policy,5_se_informed_policy__d0__w6,102,40
5_se_informed_policy,5_se_informed_policy__d0__w6,103,40
5_se_informed_policy,5_se_informed_policy__d0__w6,104,44
5_se_informed_policy,5_se_informed_policy__d0__w6,105,54
5_se_informed_policy,5_se_informed_policy__d0__w6,106,66
5_se_informed_policy,5_se_informed_policy__d0__w6,107,65
5_se_informed_policy,5_se_informed_policy__d0__w6,108,186
5_se_informed_policy,5_se_informed_policy__d0__w6,109,97
5_se_informed_policy,5_se_informed_policy__d0__w6,110,110
5_se_informed_policy,5_se_informed_policy__d0__w6,111,129
5_se_informed_policy,5_se_informed_policy__d0__w6,112,95
5_se_informed_policy,5_se_informed_policy__d0__w6,113,110
5_se_informed_policy,5_se_informed_policy__d0__w6,114,103
5_se_informed_policy,5_se_informed_policy__d0__w6,115,91
5_se_informed_policy,5_se_informed_policy__d0__w6,116,91
5_se_informed_policy,5_se_informed_policy__d0__w6,117,103
5_se_informed_policy,5_se_informed_policy__d0__w6,118,138
5_se_informed_policy,5_se_informed_policy__d0__w6,119,88
5_se_informed_policy,5_se_informed_policy__d0__w6,120,85
5_se_informed_policy,5_se_informed_policy__d0__w6,121,85
5_se_informed_policy,5_se_informed_policy__d0__w6,122,57
5_se_informed_policy,5_se_informed_policy__d0__w6,123,121
5_se_informed_policy,5_se_informed_policy__d0__w6,124,17
5_se_informed_policy,5_se_informed_policy__d0__w6,125,26
5_se_informed_policy,5_se_informed_policy__d0__w6,126,14
5_se_informed_policy,5_se_informed_policy__d0__w6,127,18
5_se_informed_policy,5_se_informed_policy__d0__w6,128,12
5_se_informed_policy,5_se_informed_policy__d0__w6,129,21
5_se_informed_policy,5_se_informed_policy__d0__w6,130,42
5_se_informed_policy,5_se_informed_policy__d0__w6,131,23
5_se_informed_policy,5_se_informed_policy__d0__w6,132,63
5_se_informed_policy,5_se_informed_policy__d0__w6,133,45
5_se_informed_policy,5_se_informed_policy__d0__w6,134,34
5_se_informed_policy,5_se_informed_policy__d0__w6,135,56
5_se_informed_policy,5_se_informed_policy__d0__w6,136,36
5_se_informed_policy,5_se_informed_policy__d0__w6,137,45
5_se_informed_policy,5_se_informed_policy__d0__w6,138,33
5_se_informed_policy,5_se_informed_policy__d0__w6,139,30
5_se_informed_policy,5_se_informed_policy__d0__w6,140,44
5_se_informed_policy,5_se_informed_policy__d0__w6,141,43
5_se_informed_policy,5_se_informed_policy__d0__w6,142,54
5_se_informed_policy,5_se_informed_policy__d0__w6,143,56
5_se_informed_policy,5_se_informed_policy__d0__w6,144,32
5_se_informed_policy,5_se_informed_policy__d0__w6,145,30
5_se_informed_policy,5_se_informed_policy__d0__w6,146,31
5_se_informed_policy,5_se_informed_policy__d0__w6,147,69
5_se_informed_policy,5_se_informed_policy__d0__w6,148,22
5_se_informed_policy,5_se_informed_policy__d0__w6,149,25
5_se_informed_policy,5_se_informed_policy__d0__w6,150,23
5_se_informed_policy,5_se_informed_policy__d0__w6,151,13
5_se_informed_policy,5_se_informed_policy__d0__w6,152,13
5_se_informed_policy,5_se_informed_policy__d0__w6,153,27
5_se_informed_policy,5_se_informed_policy__d0__w6,154,22
5_se_informed_policy,5_se_informed_policy__d0__w6,155,69
5_se_informed_policy,5_se_informed_policy__d0__w6,156,34
5_se_informed_policy,5_se_informed_policy__d0__w6,157,43
5_se_informed_policy,5_se_informed_policy__d0__w6,158,38
5_se_informed_policy,5_se_informed_policy__d0__w6,159,29
5_se_informed_policy,5_se_informed_policy__d0__w6,160,30
5_se_informed_policy,5_se_informed_policy__d0__w6,161,54
5_se_informed_policy,5_se_informed_policy__d0__w6,162,45
5_se_informed_policy,5_se_informed_policy__d0__w6,163,50
5_se_informed_policy,5_se_informed_policy__d0__w6,164,45
5_se_informed_policy,5_se_informed_policy__d0__w6,165,34
5_se_informed_policy,5_se_informed_policy__d0__w6,166,59
5_se_informed_policy,5_se_informed_policy__d0__w6,167,46
5_se_informed_policy,5_se_informed_policy__d60__w6,0,22
5_se_informed_policy,5_se_informed_policy__d60__w6,1,79
5_se_informed_policy,5_se_informed_policy__d60__w6,2,34
5_se_informed_policy,5_se_informed_policy__d60__w6,3,30
5_se_informed_policy,5_se_informed_policy__d60__w6,4,34
5_se_informed_policy,5_se_informed_policy__d60__w6,5,26
5_se_informed_policy,5_se_informed_policy__d60__w6,6,33
5_se_informed_policy,5_se_informed_policy__d60__w6,7,36
5_se_informed_policy,5_se_informed_policy__d60__w6,8,45
5_se_informed_policy,5_se_informed_policy__d60__w6,9,52
5_se_informed_policy,5_se_informed_policy__d60__w6,10,62
5_se_informed_policy,5_se_informed_policy__d60__w6,11,75
5_se_informed_policy,5_se_informed_policy__d60__w6,12,174
5_se_informed_policy,5_se_informed_policy__d60__w6,13,90
5_se_informed_policy,5_se_informed_policy__d60__w6,14,104
5_se_informed_policy,5_se_informed_policy__d60__w6,15,83
5_se_informed_policy,5_se_informed_policy__d60__w6,16,93
5_se_informed_policy,5_se_informed_policy__d60__w6,17,96
5_se_informed_policy,5_se_informed_policy__d60__w6,18,76
5_se_informed_policy,5_se_informed_policy__d60__w6,19,88
5_se_informed_policy,5_se_informed_policy__d60__w6,20,88
5_se_informed_policy,5_se_informed_policy__d60__w6,21,107
5_se_informed_policy,5_se_informed_policy__d60__w6,22,110
5_se_informed_policy,5_se_informed_policy__d60__w6,23,97
5_se_informed_policy,5_se_informed_policy__d60__w6,24,82
5_se_informed_policy,5_se_informed_policy__d60__w6,25,84
5_se_informed_policy,5_se_informed_policy__d60__w6,26,158
5_se_informed_policy,5_se_informed_policy__d60__w6,27,32
5_se_informed_policy,5_se_informed_policy__d60__w6,28,45
5_se_informed_policy,5_se_informed_policy__d60__w6,29,28
5_se_informed_policy,5_se_informed_policy__d60__w6,30,36
5_se_informed_policy,5_se_informed_policy__d60__w6,31,40
5_se_informed_policy,5_se_informed_policy__d60__w6,32,63
5_se_informed_policy,5_se_informed_policy__d60__w6,33,55
5_se_informed_policy,5_se_informed_policy__d60__w6,34,55
5_se_informed_policy,5_se_informed_policy__d60__w6,35,66
5_se_informed_policy,5_se_informed_policy__d60__w6,36,186
5_se_informed_policy,5_se_informed_policy__d60__w6,37,92
5_se_informed_policy,5_se_informed_policy__d60__w6,38,113
5_se_informed_policy,5_se_informed_policy__d60__w6,39,88
5_se_informed_policy,5_se_informed_policy__d60__w6,40,87
5_se_informed_policy,5_se_informed_policy__d60__w6,41,100
5_se_informed_policy,5_se_informed_policy__d60__w6,42,102
5_se_informed_policy,5_se_informed_policy__d60__w6,43,96
5_se_informed_policy,5_se_informed_policy__d60__w6,44,111
5_se_informed_policy,5_se_informed_policy__d60__w6,45,136
5_se_informed_policy,5_se_informed_policy__d60__w6,46,113
5_se_informed_policy,5_se_informed_policy__d60__w6,47,132
5_se_informed_policy,5_se_informed_policy__d60__w6,48,60
5_se_informed_policy,5_se_informed_policy__d60__w6,49,79
5_se_informed_policy,5_se_informed_policy__d60__w6,50,177
5_se_informed_policy,5_se_informed_policy__d60__w6,51,47
5_se_informed_policy,5_se_informed_policy__d60__w6,52,31
5_se_informed_policy,5_se_informed_policy__d60__w6,53,36
5_se_informed_policy,5_se_informed_policy__d60__w6,54,38
5_se_informed_policy,5_se_informed_policy__d60__w6,55,48
5_se_informed_policy,5_se_informed_policy__d60__w6,56,46
5_se_informed_policy,5_se_informed_policy__d60__w6,57,45
5_se_informed_policy,5_se_informed_policy__d60__w6,58,57
5_se_informed_policy,5_se_informed_policy__d60__w6,59,61
5_se_informed_policy,5_se_informed_policy__d60__w6,60,193
5_se_informed_policy,5_se_informed_policy__d60__w6,61,82
5_se_informed_policy,5_se_informed_policy__d60__w6,62,90
5_se_informed_policy,5_se_informed_policy__d60__w6,63,78
5_se_informed_policy,5_se_informed_policy__d60__w6,64,91
5_se_informed_policy,5_se_informed_policy__d60__w6,65,107
5_se_informed_policy,5_se_informed_policy__d60__w6,66,102
5_se_informed_policy,5_se_informed_policy__d60__w6,67,105
5_se_informed_policy,5_se_informed_policy__d60__w6,68,93
5_se_informed_policy,5_se_informed_policy__d60__w6,69,125
5_se_informed_policy,5_se_informed_policy__d60__w6,70,105
5_se_informed_policy,5_se_informed_policy__d60__w6,71,105
5_se_informed_policy,5_se_informed_policy__d60__w6,72,96
5_se_informed_policy,5_se_informed_policy__d60__w6,73,80
5_se_informed_policy,5_se_informed_policy__d60__w6,74,196
5_se_informed_policy,5_se_informed_policy__d60__w6,75,38
5_se_informed_policy,5_se_informed_policy__d60__w6,76,39
5_se_informed_policy,5_se_informed_policy__d60__w6,77,36
5_se_informed_policy,5_se_informed_policy__d60__w6,78,50
5_se_informed_policy,5_se_informed_policy__d60__w6,79,39
5_se_informed_policy,5_se_informed_policy__d60__w6,80,53
5_se_informed_policy,5_se_informed_policy__d60__w6,81,48
5_se_informed_policy,5_se_informed_policy__d60__w6,82,58
5_se_informed_policy,5_se_informed_policy__d60__w6,83,71
5_se_informed_policy,5_se_informed_policy__d60__w6,84,207
5_se_informed_policy,5_se_informed_policy__d60__w6,85,102
5_se_informed_policy,5_se_informed_policy__d60__w6,86,109
5_se_informed_policy,5_se_informed_policy__d60__w6,87,85
5_se_informed_policy,5_se_informed_policy__d60__w6,88,99
5_se_informed_policy,5_se_informed_policy__d60__w6,89,100
5_se_informed_policy,5_se_informed_policy__d60__w6,90,93
5_se_informed_policy,5_se_informed_policy__d60__w6,91,100
5_se_informed_policy,5_se_informed_policy__d60__w6,92,89
5_se_informed_policy,5_se_informed_policy__d60__w6,93,124
5_se_informed_policy,5_se_informed_policy__d60__w6,94,125
5_se_informed_policy,5_se_informed_policy__d60__w6,95,135
5_se_informed_policy,5_se_informed_policy__d60__w6,96,54
5_se_informed_policy,5_se_informed_policy__d60__w6,97,75
5_se_informed_policy,5_se_informed_policy__d60__w6,98,176
5_se_informed_policy,5_se_informed_policy__d60__w6,99,37
5_se_informed_policy,5_se_informed_policy__d60__w6,100,23
5_se_informed_policy,5_se_informed_policy__d60__w6,101,34
5_se_informed_policy,5_se_informed_policy__d60__w6,102,43
5_se_informed_policy,5_se_informed_policy__d60__w6,103,42
5_se_informed_policy,5_se_informed_policy__d60__w6,104,45
5_se_informed_policy,5_se_informed_policy__d60__w6,105,57
5_se_informed_policy,5_se_informed_policy__d60__w6,106,67
5_se_informed_policy,5_se_informed_policy__d60__w6,107,64
5_se_informed_policy,5_se_informed_policy__d60__w6,108,176
5_se_informed_policy,5_se_informed_policy__d60__w6,109,97
5_se_informed_policy,5_se_informed_policy__d60__w6,110,110
5_se_informed_policy,5_se_informed_policy__d60__w6,111,129
5_se_informed_policy,5_se_informed_policy__d60__w6,112,97
5_se_informed_policy,5_se_informed_policy__d60__w6,113,111
5_se_informed_policy,5_se_informed_policy__d60__w6,114,105
5_se_informed_policy,5_se_informed_policy__d60__w6,115,92
5_se_informed_policy,5_se_informed_policy__d60__w6,116,94
5_se_informed_policy,5_se_informed_policy__d60__w6,117,103
5_se_informed_policy,5_se_informed_policy__d60__w6,118,137
5_se_informed_policy,5_se_informed_policy__d60__w6,119,88
5_se_informed_policy,5_se_informed_policy__d60__w6,120,85
5_se_informed_policy,5_se_informed_policy__d60__w6,121,84
5_se_informed_policy,5_se_informed_policy__d60__w6,122,54
5_se_informed_policy,5_se_informed_policy__d60__w6,123,117
5_se_informed_policy,5_se_informed_policy__d60__w6,124,17
5_se_informed_policy,5_se_informed_policy__d60__w6,125,26
5_se_informed_policy,5_se_informed_policy__d60__w6,126,14
5_se_informed_policy,5_se_informed_policy__d60__w6,127,19
5_se_informed_policy,5_se_informed_policy__d60__w6,128,12
5_se_informed_policy,5_se_informed_policy__d60__w6,129,22
5_se_informed_policy,5_se_informed_policy__d60__w6,130,42
5_se_informed_policy,5_se_informed_policy__d60__w6,131,23
5_se_informed_policy,5_se_informed_policy__d60__w6,132,61
5_se_informed_policy,5_se_informed_policy__d60__w6,133,45
5_se_informed_policy,5_se_informed_policy__d60__w6,134,34
5_se_informed_policy,5_se_informed_policy__d60__w6,135,56
5_se_informed_policy,5_se_informed_policy__d60__w6,136,36
5_se_informed_policy,5_se_informed_policy__d60__w6,137,45
5_se_informed_policy,5_se_informed_policy__d60__w6,138,33
5_se_informed_policy,5_se_informed_policy__d60__w6,139,31
5_se_informed_policy,5_se_informed_policy__d60__w6,140,44
5_se_informed_policy,5_se_informed_policy__d60__w6,141,45
5_se_informed_policy,5_se_informed_policy__d60__w6,142,54
5_se_informed_policy,5_se_informed_policy__d60__w6,143,58
5_se_informed_policy,5_se_informed_policy__d60__w6,144,32
5_se_informed_policy,5_se_informed_policy__d60__w6,145,29
5_se_informed_policy,5_se_informed_policy__d60__w6,146,31
5_se_informed_policy,5_se_informed_policy__d60__w6,147,65
5_se_informed_policy,5_se_informed_policy__d60__w6,148,22
5_se_informed_policy,5_se_informed_policy__d60__w6,149,25
5_se_informed_policy,5_se_informed_policy__d60__w6,150,24
5_se_informed_policy,5_se_informed_policy__d60__w6,151,14
5_se_informed_policy,5_se_informed_policy__d60__w6,152,14
5_se_informed_policy,5_se_informed_policy__d60__w6,153,27
5_se_informed_policy,5_se_informed_policy__d60__w6,154,22
5_se_informed_policy,5_se_informed_policy__d60__w6,155,66
5_se_informed_policy,5_se_informed_policy__d60__w6,156,34
5_se_informed_policy,5_se_informed_policy__d60__w6,157,43
5_se_informed_policy,5_se_informed_policy__d60__w6,158,38
5_se_informed_policy,5_se_informed_policy__d60__w6,159,29
5_se_informed_policy,5_se_informed_policy__d60__w6,160,31
5_se_informed_policy,5_se_informed_policy__d60__w6,161,54
5_se_informed_policy,5_se_informed_policy__d60__w6,162,46
5_se_informed_policy,5_se_informed_policy__d60__w6,163,50
5_se_informed_policy,5_se_informed_policy__d60__w6,164,46
5_se_informed_policy,5_se_informed_policy__d60__w6,165,35
5_se_informed_policy,5_se_informed_policy__d60__w6,166,58
5_se_informed_policy,5_se_informed_policy__d60__w6,167,45
5_se_informed_policy,5_se_informed_policy__d120__w6,0,23
5_se_informed_policy,5_se_informed_policy__d120__w6,1,75
5_se_informed_policy,5_se_informed_policy__d120__w6,2,34
5_se_informed_policy,5_se_informed_policy__d120__w6,3,30
5_se_informed_policy,5_se_informed_policy__d120__w6,4,34
5_se_informed_policy,5_se_informed_policy__d120__w6,5,26
5_se_informed_policy,5_se_informed_policy__d120__w6,6,33
5_se_informed_policy,5_se_informed_policy__d120__w6,7,38
5_se_informed_policy,5_se_informed_policy__d120__w6,8,45
5_se_informed_policy,5_se_informed_policy__d120__w6,9,54
5_se_informed_policy,5_se_informed_policy__d120__w6,10,62
5_se_informed_policy,5_se_informed_policy__d120__w6,11,75
5_se_informed_policy,5_se_informed_policy__d120__w6,12,170
5_se_informed_policy,5_se_informed_policy__d120__w6,13,90
5_se_informed_policy,5_se_informed_policy__d120__w6,14,104
5_se_informed_policy,5_se_informed_policy__d120__w6,15,83
5_se_informed_policy,5_se_informed_policy__d120__w6,16,93
5_se_informed_policy,5_se_informed_policy__d120__w6,17,98
5_se_informed_policy,5_se_informed_policy__d120__w6,18,78
5_se_informed_policy,5_se_informed_policy__d120__w6,19,89
5_se_informed_policy,5_se_informed_policy__d120__w6,20,89
5_se_informed_policy,5_se_informed_policy__d120__w6,21,107
5_se_informed_policy,5_se_informed_policy__d120__w6,22,110
5_se_informed_policy,5_se_informed_policy__d120__w6,23,95
5_se_informed_policy,5_se_informed_policy__d120__w6,24,80
5_se_informed_policy,5_se_informed_policy__d120__w6,25,83
5_se_informed_policy,5_se_informed_policy__d120__w6,26,157
5_se_informed_policy,5_se_informed_policy__d120__w6,27,32
5_se_informed_policy,5_se_informed_policy__d120__w6,28,45
5_se_informed_policy,5_se_informed_policy__d120__w6,29,31
5_se_informed_policy,5_se_informed_policy__d120__w6,30,37
5_se_informed_policy,5_se_informed_policy__d120__w6,31,40
5_se_informed_policy,5_se_informed_policy__d120__w6,32,64
5_se_informed_policy,5_se_informed_policy__d120__w6,33,56
5_se_informed_policy,5_se_informed_policy__d120__w6,34,55
5_se_informed_policy,5_se_informed_policy__d120__w6,35,65
5_se_informed_policy,5_se_informed_policy__d120__w6,36,181
5_se_informed_policy,5_se_informed_policy__d120__w6,37,92
5_se_informed_policy,5_se_informed_policy__d120__w6,38,113
5_se_informed_policy,5_se_informed_policy__d120__w6,39,90
5_se_informed_policy,5_se_informed_policy__d120__w6,40,87
5_se_informed_policy,5_se_informed_policy__d120__w6,41,102
5_se_informed_policy,5_se_informed_policy__d120__w6,42,102
5_se_informed_policy,5_se_informed_policy__d120__w6,43,98
5_se_informed_policy,5_se_informed_policy__d120__w6,44,114
5_se_informed_policy,5_se_informed_policy__d120__w6,45,135
5_se_informed_policy,5_se_informed_policy__d120__w6,46,113
5_se_informed_policy,5_se_informed_policy__d120__w6,47,131
5_se_informed_policy,5_se_informed_policy__d120__w6,48,60
5_se_informed_policy,5_se_informed_policy__d120__w6,49,77
5_se_informed_policy,5_se_informed_policy__d120__w6,50,172
5_se_informed_policy,5_se_informed_policy__d120__w6,51,47
5_se_informed_policy,5_se_informed_policy__d120__w6,52,31
5_se_informed_policy,5_se_informed_policy__d120__w6,53,36
5_se_informed_policy,5_se_informed_policy__d120__w6,54,39
5_se_informed_policy,5_se_informed_policy__d120__w6,55,48
5_se_informed_policy,5_se_informed_policy__d120__w6,56,47
5_se_informed_policy,5_se_informed_policy__d120__w6,57,45
5_se_informed_policy,5_se_informed_policy__d120__w6,58,58
5_se_informed_policy,5_se_informed_policy__d120__w6,59,61
5_se_informed_policy,5_se_informed_policy__d120__w6,60,190
5_se_informed_policy,5_se_informed_policy__d120__w6,61,82
5_se_informed_policy,5_se_informed_policy__d120__w6,62,90
5_se_informed_policy,5_se_informed_policy__d120__w6,63,78
5_se_informed_policy,5_se_informed_policy__d120__w6,64,91
5_se_informed_policy,5_se_informed_policy__d120__w6,65,107
5_se_informed_policy,5_se_informed_policy__d120__w6,66,104
5_se_informed_policy,5_se_informed_policy__d120__w6,67,105
5_se_informed_policy,5_se_informed_policy__d120__w6,68,94
5_se_informed_policy,5_se_informed_policy__d120__w6,69,126
5_se_informed_policy,5_se_informed_policy__d120__w6,70,106
5_se_informed_policy,5_se_informed_policy__d120__w6,71,105
5_se_informed_policy,5_se_informed_policy__d120__w6,72,94
5_se_informed_policy,5_se_informed_policy__d120__w6,73,81
5_se_informed_policy,5_se_informed_policy__d120__w6,74,192
5_se_informed_policy,5_se_informed_policy__d120__w6,75,38
5_se_informed_policy,5_se_informed_policy__d120__w6,76,39
5_se_informed_policy,5_se_informed_policy__d120__w6,77,36
5_se_informed_policy,5_se_informed_policy__d120__w6,78,50
5_se_informed_policy,5_se_informed_policy__d120__w6,79,39
5_se_informed_policy,5_se_informed_policy__d120__w6,80,53
5_se_informed_policy,5_se_informed_policy__d120__w6,81,49
5_se_informed_policy,5_se_informed_policy__d120__w6,82,60
5_se_informed_policy,5_se_informed_policy__d120__w6,83,71
5_se_informed_policy,5_se_informed_policy__d120__w6,84,204
5_se_informed_policy,5_se_informed_policy__d120__w6,85,102
5_se_informed_policy,5_se_informed_policy__d120__w6,86,109
5_se_informed_policy,5_se_informed_policy__d120__w6,87,86
5_se_informed_policy,5_se_informed_policy__d120__w6,88,100
5_se_informed_policy,5_se_informed_policy__d120__w6,89,100
5_se_informed_policy,5_se_informed_policy__d120__w6,90,93
5_se_informed_policy,5_se_informed_policy__d120__w6,91,103
5_se_informed_policy,5_se_informed_policy__d120__w6,92,89
5_se_informed_policy,5_se_informed_policy__d120__w6,93,123
5_se_informed_policy,5_se_informed_policy__d120__w6,94,125
5_se_informed_policy,5_se_informed_policy__d120__w6,95,135
5_se_informed_policy,5_se_informed_policy__d120__w6,96,55
5_se_informed_policy,5_se_informed_policy__d120__w6,97,72
5_se_informed_policy,5_se_informed_policy__d120__w6,98,174
5_se_informed_policy,5_se_informed_policy__d120__w6,99,37
5_se_informed_policy,5_se_informed_policy__d120__w6,100,23
5_se_informed_policy,5_se_informed_policy__d120__w6,101,34
5_se_informed_policy,5_se_informed_policy__d120__w6,102,44
5_se_informed_policy,5_se_informed_policy__d120__w6,103,42
5_se_informed_policy,5_se_informed_policy__d120__w6,104,45
5_se_informed_policy,5_se_informed_policy__d120__w6,105,58
5_se_informed_policy,5_se_informed_policy__d120__w6,106,67
5_se_informed_policy,5_se_informed_policy__d120__w6,107,65
5_se_informed_policy,5_se_informed_policy__d120__w6,108,173
5_se_informed_policy,5_se_informed_policy__d120__w6,109,97
5_se_informed_policy,5_se_informed_policy__d120__w6,110,110
5_se_informed_policy,5_se_informed_policy__d120__w6,111,129
5_se_informed_policy,5_se_informed_policy__d120__w6,112,98
5_se_informed_policy,5_se_informed_policy__d120__w6,113,113
5_se_informed_policy,5_se_informed_policy__d120__w6,114,106
5_se_informed_policy,5_se_informed_policy__d120__w6,115,92
5_se_informed_policy,5_se_informed_policy__d120__w6,116,95
5_se_informed_policy,5_se_informed_policy__d120__w6,117,105
5_se_informed_policy,5_se_informed_policy__d120__w6,118,138
5_se_informed_policy,5_se_informed_policy__d120__w6,119,86
5_se_informed_policy,5_se_informed_policy__d120__w6,120,84
5_se_informed_policy,5_se_informed_policy__d120__w6,121,84
5_se_informed_policy,5_se_informed_policy__d120__w6,122,53
5_se_informed_policy,5_se_informed_policy__d120__w6,123,113
5_se_informed_policy,5_se_informed_policy__d120__w6,124,18
5_se_informed_policy,5_se_informed_policy__d120__w6,125,26
5_se_informed_policy,5_se_informed_policy__d120__w6,126,14
5_se_informed_policy,5_se_informed_policy__d120__w6,127,19
5_se_informed_policy,5_se_informed_policy__d120__w6,128,12
5_se_informed_policy,5_se_informed_policy__d120__w6,129,22
5_se_informed_policy,5_se_informed_policy__d120__w6,130,42
5_se_informed_policy,5_se_informed_policy__d120__w6,131,23
5_se_informed_policy,5_se_informed_policy__d120__w6,132,60
5_se_informed_policy,5_se_informed_policy__d120__w6,133,45
5_se_informed_policy,5_se_informed_policy__d120__w6,134,34
5_se_informed_policy,5_se_informed_policy__d120__w6,135,56
5_se_informed_policy,5_se_informed_policy__d120__w6,136,37
5_se_informed_policy,5_se_informed_policy__d120__w6,137,46
5_se_informed_policy,5_se_informed_policy__d120__w6,138,33
5_se_informed_policy,5_se_informed_policy__d120__w6,139,31
5_se_informed_policy,5_se_informed_policy__d120__w6,140,44
5_se_informed_policy,5_se_informed_policy__d120__w6,141,45
5_se_informed_policy,5_se_informed_policy__d120__w6,142,54
5_se_informed_policy,5_se_informed_policy__d120__w6,143,57
5_se_informed_policy,5_se_informed_policy__d120__w6,144,33
5_se_informed_policy,5_se_informed_policy__d120__w6,145,29
5_se_informed_policy,5_se_informed_policy__d120__w6,146,32
5_se_informed_policy,5_se_informed_policy__d120__w6,147,62
5_se_informed_policy,5_se_informed_policy__d120__w6,148,22
5_se_informed_policy,5_se_informed_policy__d120__w6,149,26
5_se_informed_policy,5_se_informed_policy__d120__w6,150,24
5_se_informed_policy,5_se_informed_policy__d120__w6,151,14
5_se_informed_policy,5_se_informed_policy__d120__w6,152,14
5_se_informed_policy,5_se_informed_policy__d120__w6,153,27
5_se_informed_policy,5_se_informed_policy__d120__w6,154,24
5_se_informed_policy,5_se_informed_policy__d120__w6,155,63
5_se_informed_policy,5_se_informed_policy__d120__w6,156,34
5_se_informed_policy,5_se_informed_policy__d120__w6,157,43
5_se_informed_policy,5_se_informed_policy__d120__w6,158,38
5_se_informed_policy,5_se_informed_policy__d120__w6,159,29
5_se_informed_policy,5_se_informed_policy__d120__w6,160,31
5_se_informed_policy,5_se_informed_policy__d120__w6,161,56
5_se_informed_policy,5_se_informed_policy__d120__w6,162,46
5_se_informed_policy,5_se_informed_policy__d120__w6,163,53
5_se_informed_policy,5_se_informed_policy__d120__w6,164,46
5_se_informed_policy,5_se_informed_policy__d120__w6,165,35
5_se_informed_policy,5_se_informed_policy__d120__w6,166,58
5_se_informed_policy,5_se_informed_policy__d120__w6,167,43
5_se_informed_policy,5_se_informed_policy__d240__w6,0,26
5_se_informed_policy,5_se_informed_policy__d240__w6,1,63
5_se_informed_policy,5_se_informed_policy__d240__w6,2,34
5_se_informed_policy,5_se_informed_policy__d240__w6,3,30
5_se_informed_policy,5_se_informed_policy__d240__w6,4,34
5_se_informed_policy,5_se_informed_policy__d240__w6,5,27
5_se_informed_policy,5_se_informed_policy__d240__w6,6,35
5_se_informed_policy,5_se_informed_policy__d240__w6,7,40
5_se_informed_policy,5_se_informed_policy__d240__w6,8,48
5_se_informed_policy,5_se_informed_policy__d240__w6,9,55
5_se_informed_policy,5_se_informed_policy__d240__w6,10,69
5_se_informed_policy,5_se_informed_policy__d240__w6,11,80
5_se_informed_policy,5_se_informed_policy__d240__w6,12,149
5_se_informed_policy,5_se_informed_policy__d240__w6,13,90
5_se_informed_policy,5_se_informed_policy__d240__w6,14,104
5_se_informed_policy,5_se_informed_policy__d240__w6,15,87
5_se_informed_policy,5_se_informed_policy__d240__w6,16,97
5_se_informed_policy,5_se_informed_policy__d240__w6,17,100
5_se_informed_policy,5_se_informed_policy__d240__w6,18,83
5_se_informed_policy,5_se_informed_policy__d240__w6,19,94
5_se_informed_policy,5_se_informed_policy__d240__w6,20,96
5_se_informed_policy,5_se_informed_policy__d240__w6,21,110
5_se_informed_policy,5_se_informed_policy__d240__w6,22,111
5_se_informed_policy,5_se_informed_policy__d240__w6,23,94
5_se_informed_policy,5_se_informed_policy__d240__w6,24,76
5_se_informed_policy,5_se_informed_policy__d240__w6,25,81
5_se_informed_policy,5_se_informed_policy__d240__w6,26,133
5_se_informed_policy,5_se_informed_policy__d240__w6,27,32
5_se_informed_policy,5_se_informed_policy__d240__w6,28,45
5_se_informed_policy,5_se_informed_policy__d240__w6,29,33
5_se_informed_policy,5_se_informed_policy__d240__w6,30,44
5_se_informed_policy,5_se_informed_policy__d240__w6,31,40
5_se_informed_policy,5_se_informed_policy__d240__w6,32,66
5_se_informed_policy,5_se_informed_policy__d240__w6,33,59
5_se_informed_policy,5_se_informed_policy__d240__w6,34,58
5_se_informed_policy,5_se_informed_policy__d240__w6,35,67
5_se_informed_policy,5_se_informed_policy__d240__w6,36,162
5_se_informed_policy,5_se_informed_policy__d240__w6,37,92
5_se_informed_policy,5_se_informed_policy__d240__w6,38,113
5_se_informed_policy,5_se_informed_policy__d240__w6,39,94
5_se_informed_policy,5_se_informed_policy__d240__w6,40,94
5_se_informed_policy,5_se_informed_policy__d240__w6,41,107
5_se_informed_policy,5_se_informed_policy__d240__w6,42,109
5_se_informed_policy,5_se_informed_policy__d240__w6,43,101
5_se_informed_policy,5_se_informed_policy__d240__w6,44,121
5_se_informed_policy,5_se_informed_policy__d240__w6,45,137
5_se_informed_policy,5_se_informed_policy__d240__w6,46,110
5_se_informed_policy,5_se_informed_policy__d240__w6,47,121
5_se_informed_policy,5_se_informed_policy__d240__w6,48,60
5_se_informed_policy,5_se_informed_policy__d240__w6,49,85
5_se_informed_policy,5_se_informed_policy__d240__w6,50,142
5_se_informed_policy,5_se_informed_policy__d240__w6,51,47
5_se_informed_policy,5_se_informed_policy__d240__w6,52,36
5_se_informed_policy,5_se_informed_policy__d240__w6,53,39
5_se_informed_policy,5_se_informed_policy__d240__w6,54,41
5_se_informed_policy,5_se_informed_policy__d240__w6,55,54
5_se_informed_policy,5_se_informed_policy__d240__w6,56,51
5_se_informed_policy,5_se_informed_policy__d240__w6,57,53
5_se_informed_policy,5_se_informed_policy__d240__w6,58,58
5_se_informed_policy,5_se_informed_policy__d240__w6,59,63
5_se_informed_policy,5_se_informed_policy__d240__w6,60,160
5_se_informed_policy,5_se_informed_policy__d240__w6,61,82
5_se_informed_policy,5_se_informed_policy__d240__w6,62,90
5_se_informed_policy,5_se_informed_policy__d240__w6,63,83
5_se_informed_policy,5_se_informed_policy__d240__w6,64,95
5_se_informed_policy,5_se_informed_policy__d240__w6,65,112
5_se_informed_policy,5_se_informed_policy__d240__w6,66,109
5_se_informed_policy,5_se_informed_policy__d240__w6,67,111
5_se_informed_policy,5_se_informed_policy__d240__w6,68,96
5_se_informed_policy,5_se_informed_policy__d240__w6,69,125
5_se_informed_policy,5_se_informed_policy__d240__w6,70,110
5_se_informed_policy,5_se_informed_policy__d240__w6,71,108
5_se_informed_policy,5_se_informed_policy__d240__w6,72,93
5_se_informed_policy,5_se_informed_policy__d240__w6,73,79
5_se_informed_policy,5_se_informed_policy__d240__w6,74,162
5_se_informed_policy,5_se_informed_policy__d240__w6,75,38
5_se_informed_policy,5_se_informed_policy__d240__w6,76,42
5_se_informed_policy,5_se_informed_policy__d240__w6,77,41
5_se_informed_policy,5_se_informed_policy__d240__w6,78,55
5_se_informed_policy,5_se_informed_policy__d240__w6,79,43
5_se_informed_policy,5_se_informed_policy__d240__w6,80,57
5_se_informed_policy,5_se_informed_policy__d240__w6,81,51
5_se_informed_policy,5_se_informed_policy__d240__w6,82,60
5_se_informed_policy,5_se_informed_policy__d240__w6,83,68
5_se_informed_policy,5_se_informed_policy__d240__w6,84,184
5_se_informed_policy,5_se_informed_policy__d240__w6,85,102
5_se_informed_policy,5_se_informed_policy__d240__w6,86,109
5_se_informed_policy,5_se_informed_policy__d240__w6,87,91
5_se_informed_policy,5_se_informed_policy__d240__w6,88,107
5_se_informed_policy,5_se_informed_policy__d240__w6,89,103
5_se_informed_policy,5_se_informed_policy__d240__w6,90,95
5_se_informed_policy,5_se_informed_policy__d240__w6,91,107
5_se_informed_policy,5_se_informed_policy__d240__w6,92,95
5_se_informed_policy,5_se_informed_policy__d240__w6,93,126
5_se_informed_policy,5_se_informed_policy__d240__w6,94,122
5_se_informed_policy,5_se_informed_policy__d240__w6,95,133
5_se_informed_policy,5_se_informed_policy__d240__w6,96,56
5_se_informed_policy,5_se_informed_policy__d240__w6,97,71
5_se_informed_policy,5_se_informed_policy__d240__w6,98,149
5_se_informed_policy,5_se_informed_policy__d240__w6,99,37
5_se_informed_policy,5_se_informed_policy__d240__w6,100,25
5_se_informed_policy,5_se_informed_policy__d240__w6,101,37
5_se_informed_policy,5_se_informed_policy__d240__w6,102,46
5_se_informed_policy,5_se_informed_policy__d240__w6,103,44
5_se_informed_policy,5_se_informed_policy__d240__w6,104,51
5_se_informed_policy,5_se_informed_policy__d240__w6,105,62
5_se_informed_policy,5_se_informed_policy__d240__w6,106,71
5_se_informed_policy,5_se_informed_policy__d240__w6,107,68
5_se_informed_policy,5_se_informed_policy__d240__w6,108,147
5_se_informed_policy,5_se_informed_policy__d240__w6,109,97
5_se_informed_policy,5_se_informed_policy__d240__w6,110,110
5_se_informed_policy,5_se_informed_policy__d240__w6,111,129
5_se_informed_policy,5_se_informed_policy__d240__w6,112,107
5_se_informed_policy,5_se_informed_policy__d240__w6,113,116
5_se_informed_policy,5_se_informed_policy__d240__w6,114,108
5_se_informed_policy,5_se_informed_policy__d240__w6,115,97
5_se_informed_policy,5_se_informed_policy__d240__w6,116,98
5_se_informed_policy,5_se_informed_policy__d240__w6,117,106
5_se_informed_policy,5_se_informed_policy__d240__w6,118,133
5_se_informed_policy,5_se_informed_policy__d240__w6,119,85
5_se_informed_policy,5_se_informed_policy__d240__w6,120,86
5_se_informed_policy,5_se_informed_policy__d240__w6,121,81
5_se_informed_policy,5_se_informed_policy__d240__w6,122,51
5_se_informed_policy,5_se_informed_policy__d240__w6,123,99
5_se_informed_policy,5_se_informed_policy__d240__w6,124,19
5_se_informed_policy,5_se_informed_policy__d240__w6,125,27
5_se_informed_policy,5_se_informed_policy__d240__w6,126,14
5_se_informed_policy,5_se_informed_policy__d240__w6,127,20
5_se_informed_policy,5_se_informed_policy__d240__w6,128,12
5_se_informed_policy,5_se_informed_policy__d240__w6,129,23
5_se_informed_policy,5_se_informed_policy__d240__w6,130,42
5_se_informed_policy,5_se_informed_policy__d240__w6,131,22
5_se_informed_policy,5_se_informed_policy__d240__w6,132,57
5_se_informed_policy,5_se_informed_policy__d240__w6,133,45
5_se_informed_policy,5_se_informed_policy__d240__w6,134,34
5_se_informed_policy,5_se_informed_policy__d240__w6,135,56
5_se_informed_policy,5_se_informed_policy__d240__w6,136,38
5_se_informed_policy,5_se_informed_policy__d240__w6,137,51
5_se_informed_policy,5_se_informed_policy__d240__w6,138,37
5_se_informed_policy,5_se_informed_policy__d240__w6,139,33
5_se_informed_policy,5_se_informed_policy__d240__w6,140,45
5_se_informed_policy,5_se_informed_policy__d240__w6,141,48
5_se_informed_policy,5_se_informed_policy__d240__w6,142,56
5_se_informed_policy,5_se_informed_policy__d240__w6,143,52
5_se_informed_policy,5_se_informed_policy__d240__w6,144,33
5_se_informed_policy,5_se_informed_policy__d240__w6,145,28
5_se_informed_policy,5_se_informed_policy__d240__w6,146,34
5_se_informed_policy,5_se_informed_policy__d240__w6,147,48
5_se_informed_policy,5_se_informed_policy__d240__w6,148,22
5_se_informed_policy,5_se_informed_policy__d240__w6,149,27
5_se_informed_policy,5_se_informed_policy__d240__w6,150,25
5_se_informed_policy,5_se_informed_policy__d240__w6,151,18
5_se_informed_policy,5_se_informed_policy__d240__w6,152,14
5_se_informed_policy,5_se_informed_policy__d240__w6,153,28
5_se_informed_policy,5_se_informed_policy__d240__w6,154,25
5_se_informed_policy,5_se_informed_policy__d240__w6,155,55
5_se_informed_policy,5_se_informed_policy__d240__w6,156,34
5_se_informed_policy,5_se_informed_policy__d240__w6,157,43
5_se_informed_policy,5_se_informed_policy__d240__w6,158,38
5_se_informed_policy,5_se_informed_policy__d240__w6,159,29
5_se_informed_policy,5_se_informed_policy__d240__w6,160,31
5_se_informed_policy,5_se_informed_policy__d240__w6,161,56
5_se_informed_policy,5_se_informed_policy__d240__w6,162,48
5_se_informed_policy,5_se_informed_policy__d240__w6,163,56
5_se_informed_policy,5_se_informed_policy__d240__w6,164,47
5_se_informed_policy,5_se_informed_policy__d240__w6,165,38
5_se_informed_policy,5_se_informed_policy__d240__w6,166,59
5_se_informed_policy,5_se_informed_policy__d240__w6,167,42
5_se_informed_policy,5_se_informed_policy__d480__w6,0,28
5_se_informed_policy,5_se_informed_policy__d480__w6,1,56
5_se_informed_policy,5_se_informed_policy__d480__w6,2,34
5_se_informed_policy,5_se_informed_policy__d480__w6,3,30
5_se_informed_policy,5_se_informed_policy__d480__w6,4,34
5_se_informed_policy,5_se_informed_policy__d480__w6,5,30
5_se_informed_policy,5_se_informed_policy__d480__w6,6,38
5_se_informed_policy,5_se_informed_policy__d480__w6,7,42
5_se_informed_policy,5_se_informed_policy__d480__w6,8,53
5_se_informed_policy,5_se_informed_policy__d480__w6,9,61
5_se_informed_policy,5_se_informed_policy__d480__w6,10,82
5_se_informed_policy,5_se_informed_policy__d480__w6,11,80
5_se_informed_policy,5_se_informed_policy__d480__w6,12,117
5_se_informed_policy,5_se_informed_policy__d480__w6,13,90
5_se_informed_policy,5_se_informed_policy__d480__w6,14,104
5_se_informed_policy,5_se_informed_policy__d480__w6,15,92
5_se_informed_policy,5_se_informed_policy__d480__w6,16,100
5_se_informed_policy,5_se_informed_policy__d480__w6,17,106
5_se_informed_policy,5_se_informed_policy__d480__w6,18,85
5_se_informed_policy,5_se_informed_policy__d480__w6,19,95
5_se_informed_policy,5_se_informed_policy__d480__w6,20,98
5_se_informed_policy,5_se_informed_policy__d480__w6,21,114
5_se_informed_policy,5_se_informed_policy__d480__w6,22,111
5_se_informed_policy,5_se_informed_policy__d480__w6,23,92
5_se_informed_policy,5_se_informed_policy__d480__w6,24,78
5_se_informed_policy,5_se_informed_policy__d480__w6,25,82
5_se_informed_policy,5_se_informed_policy__d480__w6,26,109
5_se_informed_policy,5_se_informed_policy__d480__w6,27,32
5_se_informed_policy,5_se_informed_policy__d480__w6,28,45
5_se_informed_policy,5_se_informed_policy__d480__w6,29,33
5_se_informed_policy,5_se_informed_policy__d480__w6,30,48
5_se_informed_policy,5_se_informed_policy__d480__w6,31,44
5_se_informed_policy,5_se_informed_policy__d480__w6,32,70
5_se_informed_policy,5_se_informed_policy__d480__w6,33,67
5_se_informed_policy,5_se_informed_policy__d480__w6,34,61
5_se_informed_policy,5_se_informed_policy__d480__w6,35,72
5_se_informed_policy,5_se_informed_policy__d480__w6,36,134
5_se_informed_policy,5_se_informed_policy__d480__w6,37,92
5_se_informed_policy,5_se_informed_policy__d480__w6,38,113
5_se_informed_policy,5_se_informed_policy__d480__w6,39,100
5_se_informed_policy,5_se_informed_policy__d480__w6,40,97
5_se_informed_policy,5_se_informed_policy__d480__w6,41,109
5_se_informed_policy,5_se_informed_policy__d480__w6,42,114
5_se_informed_policy,5_se_informed_policy__d480__w6,43,103
5_se_informed_policy,5_se_informed_policy__d480__w6,44,123
5_se_informed_policy,5_se_informed_policy__d480__w6,45,137
5_se_informed_policy,5_se_informed_policy__d480__w6,46,110
5_se_informed_policy,5_se_informed_policy__d480__w6,47,118
5_se_informed_policy,5_se_informed_policy__d480__w6,48,66
5_se_informed_policy,5_se_informed_policy__d480__w6,49,84
5_se_informed_policy,5_se_informed_policy__d480__w6,50,120
5_se_informed_policy,5_se_informed_policy__d480__w6,51,47
5_se_informed_policy,5_se_informed_policy__d480__w6,52,38
5_se_informed_policy,5_se_informed_policy__d480__w6,53,41
5_se_informed_policy,5_se_informed_policy__d480__w6,54,44
5_se_informed_policy,5_se_informed_policy__d480__w6,55,59
5_se_informed_policy,5_se_informed_policy__d480__w6,56,54
5_se_informed_policy,5_se_informed_policy__d480__w6,57,57
5_se_informed_policy,5_se_informed_policy__d480__w6,58,62
5_se_informed_policy,5_se_informed_policy__d480__w6,59,66
5_se_informed_policy,5_se_informed_policy__d480__w6,60,134
5_se_informed_policy,5_se_informed_policy__d480__w6,61,82
5_se_informed_policy,5_se_informed_policy__d480__w6,62,90
5_se_informed_policy,5_se_informed_policy__d480__w6,63,86
5_se_informed_policy,5_se_informed_policy__d480__w6,64,96
5_se_informed_policy,5_se_informed_policy__d480__w6,65,114
5_se_informed_policy,5_se_informed_policy__d480__w6,66,113
5_se_informed_policy,5_se_informed_policy__d480__w6,67,117
5_se_informed_policy,5_se_informed_policy__d480__w6,68,101
5_se_informed_policy,5_se_informed_policy__d480__w6,69,126
5_se_informed_policy,5_se_informed_policy__d480__w6,70,114
5_se_informed_policy,5_se_informed_policy__d480__w6,71,108
5_se_informed_policy,5_se_informed_policy__d480__w6,72,90
5_se_informed_policy,5_se_informed_policy__d480__w6,73,74
5_se_informed_policy,5_se_informed_policy__d480__w6,74,144
5_se_informed_policy,5_se_informed_policy__d480__w6,75,38
5_se_informed_policy,5_se_informed_policy__d480__w6,76,43
5_se_informed_policy,5_se_informed_policy__d480__w6,77,43
5_se_informed_policy,5_se_informed_policy__d480__w6,78,59
5_se_informed_policy,5_se_informed_policy__d480__w6,79,49
5_se_informed_policy,5_se_informed_policy__d480__w6,80,65
5_se_informed_policy,5_se_informed_policy__d480__w6,81,60
5_se_informed_policy,5_se_informed_policy__d480__w6,82,66
5_se_informed_policy,5_se_informed_policy__d480__w6,83,72
5_se_informed_policy,5_se_informed_policy__d480__w6,84,144
5_se_informed_policy,5_se_informed_policy__d480__w6,85,102
5_se_informed_policy,5_se_informed_policy__d480__w6,86,109
5_se_informed_policy,5_se_informed_policy__d480__w6,87,94
5_se_informed_policy,5_se_informed_policy__d480__w6,88,108
5_se_informed_policy,5_se_informed_policy__d480__w6,89,106
5_se_informed_policy,5_se_informed_policy__d480__w6,90,99
5_se_informed_policy,5_se_informed_policy__d480__w6,91,109
5_se_informed_policy,5_se_informed_policy__d480__w6,92,101
5_se_informed_policy,5_se_informed_policy__d480__w6,93,130
5_se_informed_policy,5_se_informed_policy__d480__w6,94,129
5_se_informed_policy,5_se_informed_policy__d480__w6,95,129
5_se_informed_policy,5_se_informed_policy__d480__w6,96,61
5_se_informed_policy,5_se_informed_policy__d480__w6,97,71
5_se_informed_policy,5_se_informed_policy__d480__w6,98,118
5_se_informed_policy,5_se_informed_policy__d480__w6,99,37
5_se_informed_policy,5_se_informed_policy__d480__w6,100,25
5_se_informed_policy,5_se_informed_policy__d480__w6,101,39
5_se_informed_policy,5_se_informed_policy__d480__w6,102,47
5_se_informed_policy,5_se_informed_policy__d480__w6,103,45
5_se_informed_policy,5_se_informed_policy__d480__w6,104,52
5_se_informed_policy,5_se_informed_policy__d480__w6,105,73
5_se_informed_policy,5_se_informed_policy__d480__w6,106,75
5_se_informed_policy,5_se_informed_policy__d480__w6,107,68
5_se_informed_policy,5_se_informed_policy__d480__w6,108,127
5_se_informed_policy,5_se_informed_policy__d480__w6,109,97
5_se_informed_policy,5_se_informed_policy__d480__w6,110,110
5_se_informed_policy,5_se_informed_policy__d480__w6,111,129
5_se_informed_policy,5_se_informed_policy__d480__w6,112,110
5_se_informed_policy,5_se_informed_policy__d480__w6,113,118
5_se_informed_policy,5_se_informed_policy__d480__w6,114,114
5_se_informed_policy,5_se_informed_policy__d480__w6,115,100
5_se_informed_policy,5_se_informed_policy__d480__w6,116,102
5_se_informed_policy,5_se_informed_policy__d480__w6,117,110
5_se_informed_policy,5_se_informed_policy__d480__w6,118,135
5_se_informed_policy,5_se_informed_policy__d480__w6,119,84
5_se_informed_policy,5_se_informed_policy__d480__w6,120,81
5_se_informed_policy,5_se_informed_policy__d480__w6,121,81
5_se_informed_policy,5_se_informed_policy__d480__w6,122,49
5_se_informed_policy,5_se_informed_policy__d480__w6,123,83
5_se_informed_policy,5_se_informed_policy__d480__w6,124,20
5_se_informed_policy,5_se_informed_policy__d480__w6,125,27
5_se_informed_policy,5_se_informed_policy__d480__w6,126,15
5_se_informed_policy,5_se_informed_policy__d480__w6,127,21
5_se_informed_policy,5_se_informed_policy__d480__w6,128,12
5_se_informed_policy,5_se_informed_policy__d480__w6,129,23
5_se_informed_policy,5_se_informed_policy__d480__w6,130,41
5_se_informed_policy,5_se_informed_policy__d480__w6,131,26
5_se_informed_policy,5_se_informed_policy__d480__w6,132,51
5_se_informed_policy,5_se_informed_policy__d480__w6,133,45
5_se_informed_policy,5_se_informed_policy__d480__w6,134,34
5_se_informed_policy,5_se_informed_policy__d480__w6,135,56
5_se_informed_policy,5_se_informed_policy__d480__w6,136,38
5_se_informed_policy,5_se_informed_policy__d480__w6,137,53
5_se_informed_policy,5_se_informed_policy__d480__w6,138,37
5_se_informed_policy,5_se_informed_policy__d480__w6,139,33
5_se_informed_policy,5_se_informed_policy__d480__w6,140,45
5_se_informed_policy,5_se_informed_policy__d480__w6,141,52
5_se_informed_policy,5_se_informed_policy__d480__w6,142,56
5_se_informed_policy,5_se_informed_policy__d480__w6,143,50
5_se_informed_policy,5_se_informed_policy__d480__w6,144,35
5_se_informed_policy,5_se_informed_policy__d480__w6,145,29
5_se_informed_policy,5_se_informed_policy__d480__w6,146,34
5_se_informed_policy,5_se_informed_policy__d480__w6,147,41
5_se_informed_policy,5_se_informed_policy__d480__w6,148,22
5_se_informed_policy,5_se_informed_policy__d480__w6,149,27
5_se_informed_policy,5_se_informed_policy__d480__w6,150,26
5_se_informed_policy,5_se_informed_policy__d480__w6,151,19
5_se_informed_policy,5_se_informed_policy__d480__w6,152,16
5_se_informed_policy,5_se_informed_policy__d480__w6,153,31
5_se_informed_policy,5_se_informed_policy__d480__w6,154,27
5_se_informed_policy,5_se_informed_policy__d480__w6,155,46
5_se_informed_policy,5_se_informed_policy__d480__w6,156,34
5_se_informed_policy,5_se_informed_policy__d480__w6,157,43
5_se_informed_policy,5_se_informed_policy__d480__w6,158,38
5_se_informed_policy,5_se_informed_policy__d480__w6,159,29
5_se_informed_policy,5_se_informed_policy__d480__w6,160,33
5_se_informed_policy,5_se_informed_policy__d480__w6,161,57
5_se_informed_policy,5_se_informed_policy__d480__w6,162,50
5_se_informed_policy,5_se_informed_policy__d480__w6,163,57
5_se_informed_policy,5_se_informed_policy__d480__w6,164,48
5_se_informed_policy,5_se_informed_policy__d480__w6,165,39
5_se_informed_policy,5_se_informed_policy__d480__w6,166,57
5_se_informed_policy,5_se_informed_policy__d480__w6,167,41
5_se_informed_policy,5_se_informed_policy__d960__w6,0,30
5_se_informed_policy,5_se_informed_policy__d960__w6,1,45
5_se_informed_policy,5_se_informed_policy__d960__w6,2,34
5_se_informed_policy,5_se_informed_policy__d960__w6,3,30
5_se_informed_policy,5_se_informed_policy__d960__w6,4,34
5_se_informed_policy,5_se_informed_policy__d960__w6,5,36
5_se_informed_policy,5_se_informed_policy__d960__w6,6,43
5_se_informed_policy,5_se_informed_policy__d960__w6,7,42
5_se_informed_policy,5_se_informed_policy__d960__w6,8,58
5_se_informed_policy,5_se_informed_policy__d960__w6,9,63
5_se_informed_policy,5_se_informed_policy__d960__w6,10,85
5_se_informed_policy,5_se_informed_policy__d960__w6,11,76
5_se_informed_policy,5_se_informed_policy__d960__w6,12,100
5_se_informed_policy,5_se_informed_policy__d960__w6,13,90
5_se_informed_policy,5_se_informed_policy__d960__w6,14,104
5_se_informed_policy,5_se_informed_policy__d960__w6,15,98
5_se_informed_policy,5_se_informed_policy__d960__w6,16,104
5_se_informed_policy,5_se_informed_policy__d960__w6,17,110
5_se_informed_policy,5_se_informed_policy__d960__w6,18,91
5_se_informed_policy,5_se_informed_policy__d960__w6,19,97
5_se_informed_policy,5_se_informed_policy__d960__w6,20,108
5_se_informed_policy,5_se_informed_policy__d960__w6,21,112
5_se_informed_policy,5_se_informed_policy__d960__w6,22,108
5_se_informed_policy,5_se_informed_policy__d960__w6,23,92
5_se_informed_policy,5_se_informed_policy__d960__w6,24,73
5_se_informed_policy,5_se_informed_policy__d960__w6,25,82
5_se_informed_policy,5_se_informed_policy__d960__w6,26,87
5_se_informed_policy,5_se_informed_policy__d960__w6,27,32
5_se_informed_policy,5_se_informed_policy__d960__w6,28,45
5_se_informed_policy,5_se_informed_policy__d960__w6,29,35
5_se_informed_policy,5_se_informed_policy__d960__w6,30,51
5_se_informed_policy,5_se_informed_policy__d960__w6,31,47
5_se_informed_policy,5_se_informed_policy__d960__w6,32,70
5_se_informed_policy,5_se_informed_policy__d960__w6,33,69
5_se_informed_policy,5_se_informed_policy__d960__w6,34,63
5_se_informed_policy,5_se_informed_policy__d960__w6,35,72
5_se_informed_policy,5_se_informed_policy__d960__w6,36,122
5_se_informed_policy,5_se_informed_policy__d960__w6,37,92
5_se_informed_policy,5_se_informed_policy__d960__w6,38,113
5_se_informed_policy,5_se_informed_policy__d960__w6,39,103
5_se_informed_policy,5_se_informed_policy__d960__w6,40,98
5_se_informed_policy,5_se_informed_policy__d960__w6,41,113
5_se_informed_policy,5_se_informed_policy__d960__w6,42,116
5_se_informed_policy,5_se_informed_policy__d960__w6,43,118
5_se_informed_policy,5_se_informed_policy__d960__w6,44,127
5_se_informed_policy,5_se_informed_policy__d960__w6,45,138
5_se_informed_policy,5_se_informed_policy__d960__w6,46,114
5_se_informed_policy,5_se_informed_policy__d960__w6,47,115
5_se_informed_policy,5_se_informed_policy__d960__w6,48,70
5_se_informed_policy,5_se_informed_policy__d960__w6,49,70
5_se_informed_policy,5_se_informed_policy__d960__w6,50,99
5_se_informed_policy,5_se_informed_policy__d960__w6,51,47
5_se_informed_policy,5_se_informed_policy__d960__w6,52,38
5_se_informed_policy,5_se_informed_policy__d960__w6,53,43
5_se_informed_policy,5_se_informed_policy__d960__w6,54,48
5_se_informed_policy,5_se_informed_policy__d960__w6,55,63
5_se_informed_policy,5_se_informed_policy__d960__w6,56,55
5_se_informed_policy,5_se_informed_policy__d960__w6,57,59
5_se_informed_policy,5_se_informed_policy__d960__w6,58,64
5_se_informed_policy,5_se_informed_policy__d960__w6,59,65
5_se_informed_policy,5_se_informed_policy__d960__w6,60,120
5_se_informed_policy,5_se_informed_policy__d960__w6,61,82
5_se_informed_policy,5_se_informed_policy__d960__w6,62,90
5_se_informed_policy,5_se_informed_policy__d960__w6,63,94
5_se_informed_policy,5_se_informed_policy__d960__w6,64,101
5_se_informed_policy,5_se_informed_policy__d960__w6,65,118
5_se_informed_policy,5_se_informed_policy__d960__w6,66,120
5_se_informed_policy,5_se_informed_policy__d960__w6,67,124
5_se_informed_policy,5_se_informed_policy__d960__w6,68,111
5_se_informed_policy,5_se_informed_policy__d960__w6,69,122
5_se_informed_policy,5_se_informed_policy__d960__w6,70,113
5_se_informed_policy,5_se_informed_policy__d960__w6,71,110
5_se_informed_policy,5_se_informed_policy__d960__w6,72,87
5_se_informed_policy,5_se_informed_policy__d960__w6,73,68
5_se_informed_policy,5_se_informed_policy__d960__w6,74,115
5_se_informed_policy,5_se_informed_policy__d960__w6,75,38
5_se_informed_policy,5_se_informed_policy__d960__w6,76,47
5_se_informed_policy,5_se_informed_policy__d960__w6,77,48
5_se_informed_policy,5_se_informed_policy__d960__w6,78,63
5_se_informed_policy,5_se_informed_policy__d960__w6,79,52
5_se_informed_policy,5_se_informed_policy__d960__w6,80,69
5_se_informed_policy,5_se_informed_policy__d960__w6,81,61
5_se_informed_policy,5_se_informed_policy__d960__w6,82,67
5_se_informed_policy,5_se_informed_policy__d960__w6,83,72
5_se_informed_policy,5_se_informed_policy__d960__w6,84,122
5_se_informed_policy,5_se_informed_policy__d960__w6,85,102
5_se_informed_policy,5_se_informed_policy__d960__w6,86,109
5_se_informed_policy,5_se_informed_policy__d960__w6,87,98
5_se_informed_policy,5_se_informed_policy__d960__w6,88,114
5_se_informed_policy,5_se_informed_policy__d960__w6,89,111
5_se_informed_policy,5_se_informed_policy__d960__w6,90,103
5_se_informed_policy,5_se_informed_policy__d960__w6,91,111
5_se_informed_policy,5_se_informed_policy__d960__w6,92,110
5_se_informed_policy,5_se_informed_policy__d960__w6,93,131
5_se_informed_policy,5_se_informed_policy__d960__w6,94,125
5_se_informed_policy,5_se_informed_policy__d960__w6,95,123
5_se_informed_policy,5_se_informed_policy__d960__w6,96,65
5_se_informed_policy,5_se_informed_policy__d960__w6,97,70
5_se_informed_policy,5_se_informed_policy__d960__w6,98,94
5_se_informed_policy,5_se_informed_policy__d960__w6,99,37
5_se_informed_policy,5_se_informed_policy__d960__w6,100,25
5_se_informed_policy,5_se_informed_policy__d960__w6,101,40
5_se_informed_policy,5_se_informed_policy__d960__w6,102,49
5_se_informed_policy,5_se_informed_policy__d960__w6,103,51
5_se_informed_policy,5_se_informed_policy__d960__w6,104,55
5_se_informed_policy,5_se_informed_policy__d960__w6,105,76
5_se_informed_policy,5_se_informed_policy__d960__w6,106,76
5_se_informed_policy,5_se_informed_policy__d960__w6,107,71
5_se_informed_policy,5_se_informed_policy__d960__w6,108,108
5_se_informed_policy,5_se_informed_policy__d960__w6,109,97
5_se_informed_policy,5_se_informed_policy__d960__w6,110,110
5_se_informed_policy,5_se_informed_policy__d960__w6,111,129
5_se_informed_policy,5_se_informed_policy__d960__w6,112,115
5_se_informed_policy,5_se_informed_policy__d960__w6,113,120
5_se_informed_policy,5_se_informed_policy__d960__w6,114,118
5_se_informed_policy,5_se_informed_policy__d960__w6,115,106
5_se_informed_policy,5_se_informed_policy__d960__w6,116,106
5_se_informed_policy,5_se_informed_policy__d960__w6,117,120
5_se_informed_policy,5_se_informed_policy__d960__w6,118,137
5_se_informed_policy,5_se_informed_policy__d960__w6,119,87
5_se_informed_policy,5_se_informed_policy__d960__w6,120,80
5_se_informed_policy,5_se_informed_policy__d960__w6,121,76
5_se_informed_policy,5_se_informed_policy__d960__w6,122,47
5_se_informed_policy,5_se_informed_policy__d960__w6,123,55
5_se_informed_policy,5_se_informed_policy__d960__w6,124,21
5_se_informed_policy,5_se_informed_policy__d960__w6,125,27
5_se_informed_policy,5_se_informed_policy__d960__w6,126,17
5_se_informed_policy,5_se_informed_policy__d960__w6,127,24
5_se_informed_policy,5_se_informed_policy__d960__w6,128,15
5_se_informed_policy,5_se_informed_policy__d960__w6,129,26
5_se_informed_policy,5_se_informed_policy__d960__w6,130,41
5_se_informed_policy,5_se_informed_policy__d960__w6,131,27
5_se_informed_policy,5_se_informed_policy__d960__w6,132,38
5_se_informed_policy,5_se_informed_policy__d960__w6,133,45
5_se_informed_policy,5_se_informed_policy__d960__w6,134,34
5_se_informed_policy,5_se_informed_policy__d960__w6,135,56
5_se_informed_policy,5_se_informed_policy__d960__w6,136,39
5_se_informed_policy,5_se_informed_policy__d960__w6,137,54
5_se_informed_policy,5_se_informed_policy__d960__w6,138,38
5_se_informed_policy,5_se_informed_policy__d960__w6,139,33
5_se_informed_policy,5_se_informed_policy__d960__w6,140,47
5_se_informed_policy,5_se_informed_policy__d960__w6,141,54
5_se_informed_policy,5_se_informed_policy__d960__w6,142,57
5_se_informed_policy,5_se_informed_policy__d960__w6,143,50
5_se_informed_policy,5_se_informed_policy__d960__w6,144,38
5_se_informed_policy,5_se_informed_policy__d960__w6,145,31
5_se_informed_policy,5_se_informed_policy__d960__w6,146,32
5_se_informed_policy,5_se_informed_policy__d960__w6,147,31
5_se_informed_policy,5_se_informed_policy__d960__w6,148,22
5_se_informed_policy,5_se_informed_policy__d960__w6,149,28
5_se_informed_policy,5_se_informed_policy__d960__w6,150,27
5_se_informed_policy,5_se_informed_policy__d960__w6,151,21
5_se_informed_policy,5_se_informed_policy__d960__w6,152,17
5_se_informed_policy,5_se_informed_policy__d960__w6,153,30
5_se_informed_policy,5_se_informed_policy__d960__w6,154,27
5_se_informed_policy,5_se_informed_policy__d960__w6,155,41
5_se_informed_policy,5_se_informed_policy__d960__w6,156,34
5_se_informed_policy,5_se_informed_policy__d960__w6,157,43
5_se_informed_policy,5_se_informed_policy__d960__w6,158,38
5_se_informed_policy,5_se_informed_policy__d960__w6,159,29
5_se_informed_policy,5_se_informed_policy__d960__w6,160,35
5_se_informed_policy,5_se_informed_policy__d960__w6,161,59
5_se_informed_policy,5_se_informed_policy__d960__w6,162,50
5_se_informed_policy,5_se_informed_policy__d960__w6,163,59
5_se_informed_policy,5_se_informed_policy__d960__w6,164,49
5_se_informed_policy,5_se_informed_policy__d960__w6,165,41
5_se_informed_policy,5_se_informed_policy__d960__w6,166,57
5_se_informed_policy,5_se_informed_policy__d960__w6,167,41
5_se_informed_policy,5_se_informed_policy__d1920__w6,0,30
5_se_informed_policy,5_se_informed_policy__d1920__w6,1,41
5_se_informed_policy,5_se_informed_policy__d1920__w6,2,34
5_se_informed_policy,5_se_informed_policy__d1920__w6,3,30
5_se_informed_policy,5_se_informed_policy__d1920__w6,4,34
5_se_informed_policy,5_se_informed_policy__d1920__w6,5,37
5_se_informed_policy,5_se_informed_policy__d1920__w6,6,43
5_se_informed_policy,5_se_informed_policy__d1920__w6,7,43
5_se_informed_policy,5_se_informed_policy__d1920__w6,8,58
5_se_informed_policy,5_se_informed_policy__d1920__w6,9,63
5_se_informed_policy,5_se_informed_policy__d1920__w6,10,85
5_se_informed_policy,5_se_informed_policy__d1920__w6,11,75
5_se_informed_policy,5_se_informed_policy__d1920__w6,12,99
5_se_informed_policy,5_se_informed_policy__d1920__w6,13,90
5_se_informed_policy,5_se_informed_policy__d1920__w6,14,104
5_se_informed_policy,5_se_informed_policy__d1920__w6,15,102
5_se_informed_policy,5_se_informed_policy__d1920__w6,16,111
5_se_informed_policy,5_se_informed_policy__d1920__w6,17,112
5_se_informed_policy,5_se_informed_policy__d1920__w6,18,92
5_se_informed_policy,5_se_informed_policy__d1920__w6,19,100
5_se_informed_policy,5_se_informed_policy__d1920__w6,20,109
5_se_informed_policy,5_se_informed_policy__d1920__w6,21,114
5_se_informed_policy,5_se_informed_policy__d1920__w6,22,102
5_se_informed_policy,5_se_informed_policy__d1920__w6,23,93
5_se_informed_policy,5_se_informed_policy__d1920__w6,24,73
5_se_informed_policy,5_se_informed_policy__d1920__w6,25,79
5_se_informed_policy,5_se_informed_policy__d1920__w6,26,75
5_se_informed_policy,5_se_informed_policy__d1920__w6,27,32
5_se_informed_policy,5_se_informed_policy__d1920__w6,28,45
5_se_informed_policy,5_se_informed_policy__d1920__w6,29,36
5_se_informed_policy,5_se_informed_policy__d1920__w6,30,51
5_se_informed_policy,5_se_informed_policy__d1920__w6,31,47
5_se_informed_policy,5_se_informed_policy__d1920__w6,32,71
5_se_informed_policy,5_se_informed_policy__d1920__w6,33,69
5_se_informed_policy,5_se_informed_policy__d1920__w6,34,64
5_se_informed_policy,5_se_informed_policy__d1920__w6,35,71
5_se_informed_policy,5_se_informed_policy__d1920__w6,36,120
5_se_informed_policy,5_se_informed_policy__d1920__w6,37,92
5_se_informed_policy,5_se_informed_policy__d1920__w6,38,113
5_se_informed_policy,5_se_informed_policy__d1920__w6,39,107
5_se_informed_policy,5_se_informed_policy__d1920__w6,40,106
5_se_informed_policy,5_se_informed_policy__d1920__w6,41,115
5_se_informed_policy,5_se_informed_policy__d1920__w6,42,118
5_se_informed_policy,5_se_informed_policy__d1920__w6,43,121
5_se_informed_policy,5_se_informed_policy__d1920__w6,44,129
5_se_informed_policy,5_se_informed_policy__d1920__w6,45,139
5_se_informed_policy,5_se_informed_policy__d1920__w6,46,108
5_se_informed_policy,5_se_informed_policy__d1920__w6,47,117
5_se_informed_policy,5_se_informed_policy__d1920__w6,48,70
5_se_informed_policy,5_se_informed_policy__d1920__w6,49,67
5_se_informed_policy,5_se_informed_policy__d1920__w6,50,84
5_se_informed_policy,5_se_informed_policy__d1920__w6,51,47
5_se_informed_policy,5_se_informed_policy__d1920__w6,52,39
5_se_informed_policy,5_se_informed_policy__d1920__w6,53,43
5_se_informed_policy,5_se_informed_policy__d1920__w6,54,49
5_se_informed_policy,5_se_informed_policy__d1920__w6,55,64
5_se_informed_policy,5_se_informed_policy__d1920__w6,56,56
5_se_informed_policy,5_se_informed_policy__d1920__w6,57,60
5_se_informed_policy,5_se_informed_policy__d1920__w6,58,65
5_se_informed_policy,5_se_informed_policy__d1920__w6,59,66
5_se_informed_policy,5_se_informed_policy__d1920__w6,60,113
5_se_informed_policy,5_se_informed_policy__d1920__w6,61,82
5_se_informed_policy,5_se_informed_policy__d1920__w6,62,90
5_se_informed_policy,5_se_informed_policy__d1920__w6,63,98
5_se_informed_policy,5_se_informed_policy__d1920__w6,64,106
5_se_informed_policy,5_se_informed_policy__d1920__w6,65,119
5_se_informed_policy,5_se_informed_policy__d1920__w6,66,123
5_se_informed_policy,5_se_informed_policy__d1920__w6,67,125
5_se_informed_policy,5_se_informed_policy__d1920__w6,68,115
5_se_informed_policy,5_se_informed_policy__d1920__w6,69,119
5_se_informed_policy,5_se_informed_policy__d1920__w6,70,109
5_se_informed_policy,5_se_informed_policy__d1920__w6,71,110
5_se_informed_policy,5_se_informed_policy__d1920__w6,72,86
5_se_informed_policy,5_se_informed_policy__d1920__w6,73,68
5_se_informed_policy,5_se_informed_policy__d1920__w6,74,105
5_se_informed_policy,5_se_informed_policy__d1920__w6,75,38
5_se_informed_policy,5_se_informed_policy__d1920__w6,76,48
5_se_informed_policy,5_se_informed_policy__d1920__w6,77,49
5_se_informed_policy,5_se_informed_policy__d1920__w6,78,67
5_se_informed_policy,5_se_informed_policy__d1920__w6,79,53
5_se_informed_policy,5_se_informed_policy__d1920__w6,80,69
5_se_informed_policy,5_se_informed_policy__d1920__w6,81,61
5_se_informed_policy,5_se_informed_policy__d1920__w6,82,66
5_se_informed_policy,5_se_informed_policy__d1920__w6,83,72
5_se_informed_policy,5_se_informed_policy__d1920__w6,84,116
5_se_informed_policy,5_se_informed_policy__d1920__w6,85,102
5_se_informed_policy,5_se_informed_policy__d1920__w6,86,109
5_se_informed_policy,5_se_informed_policy__d1920__w6,87,102
5_se_informed_policy,5_se_informed_policy__d1920__w6,88,117
5_se_informed_policy,5_se_informed_policy__d1920__w6,89,117
5_se_informed_policy,5_se_informed_policy__d1920__w6,90,109
5_se_informed_policy,5_se_informed_policy__d1920__w6,91,111
5_se_informed_policy,5_se_informed_policy__d1920__w6,92,113
5_se_informed_policy,5_se_informed_policy__d1920__w6,93,129
5_se_informed_policy,5_se_informed_policy__d1920__w6,94,125
5_se_informed_policy,5_se_informed_policy__d1920__w6,95,112
5_se_informed_policy,5_se_informed_policy__d1920__w6,96,70
5_se_informed_policy,5_se_informed_policy__d1920__w6,97,74
5_se_informed_policy,5_se_informed_policy__d1920__w6,98,76
5_se_informed_policy,5_se_informed_policy__d1920__w6,99,37
5_se_informed_policy,5_se_informed_policy__d1920__w6,100,28
5_se_informed_policy,5_se_informed_policy__d1920__w6,101,40
5_se_informed_policy,5_se_informed_policy__d1920__w6,102,49
5_se_informed_policy,5_se_informed_policy__d1920__w6,103,51
5_se_informed_policy,5_se_informed_policy__d1920__w6,104,55
5_se_informed_policy,5_se_informed_policy__d1920__w6,105,77
5_se_informed_policy,5_se_informed_policy__d1920__w6,106,73
5_se_informed_policy,5_se_informed_policy__d1920__w6,107,72
5_se_informed_policy,5_se_informed_policy__d1920__w6,108,106
5_se_informed_policy,5_se_informed_policy__d1920__w6,109,97
5_se_informed_policy,5_se_informed_policy__d1920__w6,110,110
5_se_informed_policy,5_se_informed_policy__d1920__w6,111,129
5_se_informed_policy,5_se_informed_policy__d1920__w6,112,119
5_se_informed_policy,5_se_informed_policy__d1920__w6,113,120
5_se_informed_policy,5_se_informed_policy__d1920__w6,114,120
5_se_informed_policy,5_se_informed_policy__d1920__w6,115,111
5_se_informed_policy,5_se_informed_policy__d1920__w6,116,106
5_se_informed_policy,5_se_informed_policy__d1920__w6,117,123
5_se_informed_policy,5_se_informed_policy__d1920__w6,118,135
5_se_informed_policy,5_se_informed_policy__d1920__w6,119,87
5_se_informed_policy,5_se_informed_policy__d1920__w6,120,82
5_se_informed_policy,5_se_informed_policy__d1920__w6,121,72
5_se_informed_policy,5_se_informed_policy__d1920__w6,122,47
5_se_informed_policy,5_se_informed_policy__d1920__w6,123,45
5_se_informed_policy,5_se_informed_policy__d1920__w6,124,21
5_se_informed_policy,5_se_informed_policy__d1920__w6,125,28
5_se_informed_policy,5_se_informed_policy__d1920__w6,126,20
5_se_informed_policy,5_se_informed_policy__d1920__w6,127,25
5_se_informed_policy,5_se_informed_policy__d1920__w6,128,15
5_se_informed_policy,5_se_informed_policy__d1920__w6,129,26
5_se_informed_policy,5_se_informed_policy__d1920__w6,130,41
5_se_informed_policy,5_se_informed_policy__d1920__w6,131,28
5_se_informed_policy,5_se_informed_policy__d1920__w6,132,32
5_se_informed_policy,5_se_informed_policy__d1920__w6,133,45
5_se_informed_policy,5_se_informed_policy__d1920__w6,134,34
5_se_informed_policy,5_se_informed_policy__d1920__w6,135,56
5_se_informed_policy,5_se_informed_policy__d1920__w6,136,41
5_se_informed_policy,5_se_informed_policy__d1920__w6,137,54
5_se_informed_policy,5_se_informed_policy__d1920__w6,138,39
5_se_informed_policy,5_se_informed_policy__d1920__w6,139,33
5_se_informed_policy,5_se_informed_policy__d1920__w6,140,48
5_se_informed_policy,5_se_informed_policy__d1920__w6,141,55
5_se_informed_policy,5_se_informed_policy__d1920__w6,142,55
5_se_informed_policy,5_se_informed_policy__d1920__w6,143,49
5_se_informed_policy,5_se_informed_policy__d1920__w6,144,39
5_se_informed_policy,5_se_informed_policy__d1920__w6,145,31
5_se_informed_policy,5_se_informed_policy__d1920__w6,146,32
5_se_informed_policy,5_se_informed_policy__d1920__w6,147,28
5_se_informed_policy,5_se_informed_policy__d1920__w6,148,23
5_se_informed_policy,5_se_informed_policy__d1920__w6,149,29
5_se_informed_policy,5_se_informed_policy__d1920__w6,150,27
5_se_informed_policy,5_se_informed_policy__d1920__w6,151,21
5_se_informed_policy,5_se_informed_policy__d1920__w6,152,17
5_se_informed_policy,5_se_informed_policy__d1920__w6,153,30
5_se_informed_policy,5_se_informed_policy__d1920__w6,154,26
5_se_informed_policy,5_se_informed_policy__d1920__w6,155,40
5_se_informed_policy,5_se_informed_policy__d1920__w6,156,34
5_se_informed_policy,5_se_informed_policy__d1920__w6,157,43
5_se_informed_policy,5_se_informed_policy__d1920__w6,158,38
5_se_informed_policy,5_se_informed_policy__d1920__w6,159,29
5_se_informed_policy,5_se_informed_policy__d1920__w6,160,35
5_se_informed_policy,5_se_informed_policy__d1920__w6,161,59
5_se_informed_policy,5_se_informed_policy__d1920__w6,162,51
5_se_informed_policy,5_se_informed_policy__d1920__w6,163,59
5_se_informed_policy,5_se_informed_policy__d1920__w6,164,52
5_se_informed_policy,5_se_informed_policy__d1920__w6,165,42
5_se_informed_policy,5_se_informed_policy__d1920__w6,166,57
5_se_informed_policy,5_se_informed_policy__d1920__w6,167,40
5_se_informed_policy,5_se_informed_policy__d3840__w6,0,30
5_se_informed_policy,5_se_informed_policy__d3840__w6,1,36
5_se_informed_policy,5_se_informed_policy__d3840__w6,2,34
5_se_informed_policy,5_se_informed_policy__d3840__w6,3,30
5_se_informed_policy,5_se_informed_policy__d3840__w6,4,34
5_se_informed_policy,5_se_informed_policy__d3840__w6,5,37
5_se_informed_policy,5_se_informed_policy__d3840__w6,6,43
5_se_informed_policy,5_se_informed_policy__d3840__w6,7,43
5_se_informed_policy,5_se_informed_policy__d3840__w6,8,58
5_se_informed_policy,5_se_informed_policy__d3840__w6,9,65
5_se_informed_policy,5_se_informed_policy__d3840__w6,10,86
5_se_informed_policy,5_se_informed_policy__d3840__w6,11,75
5_se_informed_policy,5_se_informed_policy__d3840__w6,12,96
5_se_informed_policy,5_se_informed_policy__d3840__w6,13,90
5_se_informed_policy,5_se_informed_policy__d3840__w6,14,104
5_se_informed_policy,5_se_informed_policy__d3840__w6,15,104
5_se_informed_policy,5_se_informed_policy__d3840__w6,16,112
5_se_informed_policy,5_se_informed_policy__d3840__w6,17,114
5_se_informed_policy,5_se_informed_policy__d3840__w6,18,93
5_se_informed_policy,5_se_informed_policy__d3840__w6,19,102
5_se_informed_policy,5_se_informed_policy__d3840__w6,20,110
5_se_informed_policy,5_se_informed_policy__d3840__w6,21,114
5_se_informed_policy,5_se_informed_policy__d3840__w6,22,105
5_se_informed_policy,5_se_informed_policy__d3840__w6,23,93
5_se_informed_policy,5_se_informed_policy__d3840__w6,24,74
5_se_informed_policy,5_se_informed_policy__d3840__w6,25,77
5_se_informed_policy,5_se_informed_policy__d3840__w6,26,64
5_se_informed_policy,5_se_informed_policy__d3840__w6,27,32
5_se_informed_policy,5_se_informed_policy__d3840__w6,28,45
5_se_informed_policy,5_se_informed_policy__d3840__w6,29,37
5_se_informed_policy,5_se_informed_policy__d3840__w6,30,51
5_se_informed_policy,5_se_informed_policy__d3840__w6,31,47
5_se_informed_policy,5_se_informed_policy__d3840__w6,32,71
5_se_informed_policy,5_se_informed_policy__d3840__w6,33,69
5_se_informed_policy,5_se_informed_policy__d3840__w6,34,64
5_se_informed_policy,5_se_informed_policy__d3840__w6,35,71
5_se_informed_policy,5_se_informed_policy__d3840__w6,36,119
5_se_informed_policy,5_se_informed_policy__d3840__w6,37,92
5_se_informed_policy,5_se_informed_policy__d3840__w6,38,113
5_se_informed_policy,5_se_informed_policy__d3840__w6,39,109
5_se_informed_policy,5_se_informed_policy__d3840__w6,40,110
5_se_informed_policy,5_se_informed_policy__d3840__w6,41,118
5_se_informed_policy,5_se_informed_policy__d3840__w6,42,119
5_se_informed_policy,5_se_informed_policy__d3840__w6,43,121
5_se_informed_policy,5_se_informed_policy__d3840__w6,44,131
5_se_informed_policy,5_se_informed_policy__d3840__w6,45,138
5_se_informed_policy,5_se_informed_policy__d3840__w6,46,106
5_se_informed_policy,5_se_informed_policy__d3840__w6,47,113
5_se_informed_policy,5_se_informed_policy__d3840__w6,48,70
5_se_informed_policy,5_se_informed_policy__d3840__w6,49,67
5_se_informed_policy,5_se_informed_policy__d3840__w6,50,79
5_se_informed_policy,5_se_informed_policy__d3840__w6,51,47
5_se_informed_policy,5_se_informed_policy__d3840__w6,52,39
5_se_informed_policy,5_se_informed_policy__d3840__w6,53,44
5_se_informed_policy,5_se_informed_policy__d3840__w6,54,49
5_se_informed_policy,5_se_informed_policy__d3840__w6,55,64
5_se_informed_policy,5_se_informed_policy__d3840__w6,56,57
5_se_informed_policy,5_se_informed_policy__d3840__w6,57,60
5_se_informed_policy,5_se_informed_policy__d3840__w6,58,65
5_se_informed_policy,5_se_informed_policy__d3840__w6,59,67
5_se_informed_policy,5_se_informed_policy__d3840__w6,60,110
5_se_informed_policy,5_se_informed_policy__d3840__w6,61,82
5_se_informed_policy,5_se_informed_policy__d3840__w6,62,90
5_se_informed_policy,5_se_informed_policy__d3840__w6,63,99
5_se_informed_policy,5_se_informed_policy__d3840__w6,64,111
5_se_informed_policy,5_se_informed_policy__d3840__w6,65,122
5_se_informed_policy,5_se_informed_policy__d3840__w6,66,123
5_se_informed_policy,5_se_informed_policy__d3840__w6,67,128
5_se_informed_policy,5_se_informed_policy__d3840__w6,68,118
5_se_informed_policy,5_se_informed_policy__d3840__w6,69,121
5_se_informed_policy,5_se_informed_policy__d3840__w6,70,105
5_se_informed_policy,5_se_informed_policy__d3840__w6,71,108
5_se_informed_policy,5_se_informed_policy__d3840__w6,72,89
5_se_informed_policy,5_se_informed_policy__d3840__w6,73,68
5_se_informed_policy,5_se_informed_policy__d3840__w6,74,91
5_se_informed_policy,5_se_informed_policy__d3840__w6,75,38
5_se_informed_policy,5_se_informed_policy__d3840__w6,76,48
5_se_informed_policy,5_se_informed_policy__d3840__w6,77,50
5_se_informed_policy,5_se_informed_policy__d3840__w6,78,68
5_se_informed_policy,5_se_informed_policy__d3840__w6,79,54
5_se_informed_policy,5_se_informed_policy__d3840__w6,80,69
5_se_informed_policy,5_se_informed_policy__d3840__w6,81,61
5_se_informed_policy,5_se_informed_policy__d3840__w6,82,66
5_se_informed_policy,5_se_informed_policy__d3840__w6,83,72
5_se_informed_policy,5_se_informed_policy__d3840__w6,84,113
5_se_informed_policy,5_se_informed_policy__d3840__w6,85,102
5_se_informed_policy,5_se_informed_policy__d3840__w6,86,109
5_se_informed_policy,5_se_informed_policy__d3840__w6,87,103
5_se_informed_policy,5_se_informed_policy__d3840__w6,88,118
5_se_informed_policy,5_se_informed_policy__d3840__w6,89,118
5_se_informed_policy,5_se_informed_policy__d3840__w6,90,113
5_se_informed_policy,5_se_informed_policy__d3840__w6,91,112
5_se_informed_policy,5_se_informed_policy__d3840__w6,92,115
5_se_informed_policy,5_se_informed_policy__d3840__w6,93,128
5_se_informed_policy,5_se_informed_policy__d3840__w6,94,124
5_se_informed_policy,5_se_informed_policy__d3840__w6,95,108
5_se_informed_policy,5_se_informed_policy__d3840__w6,96,71
5_se_informed_policy,5_se_informed_policy__d3840__w6,97,74
5_se_informed_policy,5_se_informed_policy__d3840__w6,98,71
5_se_informed_policy,5_se_informed_policy__d3840__w6,99,37
5_se_informed_policy,5_se_informed_policy__d3840__w6,100,28
5_se_informed_policy,5_se_informed_policy__d3840__w6,101,40
5_se_informed_policy,5_se_informed_policy__d3840__w6,102,49
5_se_informed_policy,5_se_informed_policy__d3840__w6,103,51
5_se_informed_policy,5_se_informed_policy__d3840__w6,104,56
5_se_informed_policy,5_se_informed_policy__d3840__w6,105,78
5_se_informed_policy,5_se_informed_policy__d3840__w6,106,73
5_se_informed_policy,5_se_informed_policy__d3840__w6,107,72
5_se_informed_policy,5_se_informed_policy__d3840__w6,108,104
5_se_informed_policy,5_se_informed_policy__d3840__w6,109,97
5_se_informed_policy,5_se_informed_policy__d3840__w6,110,110
5_se_informed_policy,5_se_informed_policy__d3840__w6,111,129
5_se_informed_policy,5_se_informed_policy__d3840__w6,112,123
5_se_informed_policy,5_se_informed_policy__d3840__w6,113,122
5_se_informed_policy,5_se_informed_policy__d3840__w6,114,124
5_se_informed_policy,5_se_informed_policy__d3840__w6,115,112
5_se_informed_policy,5_se_informed_policy__d3840__w6,116,109
5_se_informed_policy,5_se_informed_policy__d3840__w6,117,127
5_se_informed_policy,5_se_informed_policy__d3840__w6,118,131
5_se_informed_policy,5_se_informed_policy__d3840__w6,119,86
5_se_informed_policy,5_se_informed_policy__d3840__w6,120,79
5_se_informed_policy,5_se_informed_policy__d3840__w6,121,72
5_se_informed_policy,5_se_informed_policy__d3840__w6,122,44
5_se_informed_policy,5_se_informed_policy__d3840__w6,123,38
5_se_informed_policy,5_se_informed_policy__d3840__w6,124,21
5_se_informed_policy,5_se_informed_policy__d3840__w6,125,28
5_se_informed_policy,5_se_informed_policy__d3840__w6,126,20
5_se_informed_policy,5_se_informed_policy__d3840__w6,127,25
5_se_informed_policy,5_se_informed_policy__d3840__w6,128,15
5_se_informed_policy,5_se_informed_policy__d3840__w6,129,28
5_se_informed_policy,5_se_informed_policy__d3840__w6,130,41
5_se_informed_policy,5_se_informed_policy__d3840__w6,131,30
5_se_informed_policy,5_se_informed_policy__d3840__w6,132,28
5_se_informed_policy,5_se_informed_policy__d3840__w6,133,45
5_se_informed_policy,5_se_informed_policy__d3840__w6,134,34
5_se_informed_policy,5_se_informed_policy__d3840__w6,135,56
5_se_informed_policy,5_se_informed_policy__d3840__w6,136,41
5_se_informed_policy,5_se_informed_policy__d3840__w6,137,55
5_se_informed_policy,5_se_informed_policy__d3840__w6,138,41
5_se_informed_policy,5_se_informed_policy__d3840__w6,139,34
5_se_informed_policy,5_se_informed_policy__d3840__w6,140,49
5_se_informed_policy,5_se_informed_policy__d3840__w6,141,56
5_se_informed_policy,5_se_informed_policy__d3840__w6,142,55
5_se_informed_policy,5_se_informed_policy__d3840__w6,143,46
5_se_informed_policy,5_se_informed_policy__d3840__w6,144,39
5_se_informed_policy,5_se_informed_policy__d3840__w6,145,30
5_se_informed_policy,5_se_informed_policy__d3840__w6,146,31
5_se_informed_policy,5_se_informed_policy__d3840__w6,147,27
5_se_informed_policy,5_se_informed_policy__d3840__w6,148,23
5_se_informed_policy,5_se_informed_policy__d3840__w6,149,29
5_se_informed_policy,5_se_informed_policy__d3840__w6,150,27
5_se_informed_policy,5_se_informed_policy__d3840__w6,151,21
5_se_informed_policy,5_se_informed_policy__d3840__w6,152,17
5_se_informed_policy,5_se_informed_policy__d3840__w6,153,30
5_se_informed_policy,5_se_informed_policy__d3840__w6,154,26
5_se_informed_policy,5_se_informed_policy__d3840__w6,155,40
5_se_informed_policy,5_se_informed_policy__d3840__w6,156,34
5_se_informed_policy,5_se_informed_policy__d3840__w6,157,43
5_se_informed_policy,5_se_informed_policy__d3840__w6,158,38
5_se_informed_policy,5_se_informed_policy__d3840__w6,159,29
5_se_informed_policy,5_se_informed_policy__d3840__w6,160,35
5_se_informed_policy,5_se_informed_policy__d3840__w6,161,59
5_se_informed_policy,5_se_informed_policy__d3840__w6,162,52
5_se_informed_policy,5_se_informed_policy__d3840__w6,163,60
5_se_informed_policy,5_se_informed_policy__d3840__w6,164,52
5_se_informed_policy,5_se_informed_policy__d3840__w6,165,44
5_se_informed_policy,5_se_informed_policy__d3840__w6,166,59
5_se_informed_policy,5_se_informed_policy__d3840__w6,167,39
5_se_informed_policy,5_se_informed_policy__d7680__w6,0,30
5_se_informed_policy,5_se_informed_policy__d7680__w6,1,36
5_se_informed_policy,5_se_informed_policy__d7680__w6,2,34
5_se_informed_policy,5_se_informed_policy__d7680__w6,3,30
5_se_informed_policy,5_se_informed_policy__d7680__w6,4,34
5_se_informed_policy,5_se_informed_policy__d7680__w6,5,37
5_se_informed_policy,5_se_informed_policy__d7680__w6,6,44
5_se_informed_policy,5_se_informed_policy__d7680__w6,7,44
5_se_informed_policy,5_se_informed_policy__d7680__w6,8,58
5_se_informed_policy,5_se_informed_policy__d7680__w6,9,65
5_se_informed_policy,5_se_informed_policy__d7680__w6,10,86
5_se_informed_policy,5_se_informed_policy__d7680__w6,11,76
5_se_informed_policy,5_se_informed_policy__d7680__w6,12,93
5_se_informed_policy,5_se_informed_policy__d7680__w6,13,90
5_se_informed_policy,5_se_informed_policy__d7680__w6,14,104
5_se_informed_policy,5_se_informed_policy__d7680__w6,15,105
5_se_informed_policy,5_se_informed_policy__d7680__w6,16,114
5_se_informed_policy,5_se_informed_policy__d7680__w6,17,116
5_se_informed_policy,5_se_informed_policy__d7680__w6,18,93
5_se_informed_policy,5_se_informed_policy__d7680__w6,19,106
5_se_informed_policy,5_se_informed_policy__d7680__w6,20,114
5_se_informed_policy,5_se_informed_policy__d7680__w6,21,116
5_se_informed_policy,5_se_informed_policy__d7680__w6,22,105
5_se_informed_policy,5_se_informed_policy__d7680__w6,23,91
5_se_informed_policy,5_se_informed_policy__d7680__w6,24,81
5_se_informed_policy,5_se_informed_policy__d7680__w6,25,74
5_se_informed_policy,5_se_informed_policy__d7680__w6,26,47
5_se_informed_policy,5_se_informed_policy__d7680__w6,27,32
5_se_informed_policy,5_se_informed_policy__d7680__w6,28,45
5_se_informed_policy,5_se_informed_policy__d7680__w6,29,37
5_se_informed_policy,5_se_informed_policy__d7680__w6,30,52
5_se_informed_policy,5_se_informed_policy__d7680__w6,31,47
5_se_informed_policy,5_se_informed_policy__d7680__w6,32,71
5_se_informed_policy,5_se_informed_policy__d7680__w6,33,71
5_se_informed_policy,5_se_informed_policy__d7680__w6,34,64
5_se_informed_policy,5_se_informed_policy__d7680__w6,35,71
5_se_informed_policy,5_se_informed_policy__d7680__w6,36,116
5_se_informed_policy,5_se_informed_policy__d7680__w6,37,92
5_se_informed_policy,5_se_informed_policy__d7680__w6,38,113
5_se_informed_policy,5_se_informed_policy__d7680__w6,39,109
5_se_informed_policy,5_se_informed_policy__d7680__w6,40,111
5_se_informed_policy,5_se_informed_policy__d7680__w6,41,121
5_se_informed_policy,5_se_informed_policy__d7680__w6,42,122
5_se_informed_policy,5_se_informed_policy__d7680__w6,43,124
5_se_informed_policy,5_se_informed_policy__d7680__w6,44,133
5_se_informed_policy,5_se_informed_policy__d7680__w6,45,143
5_se_informed_policy,5_se_informed_policy__d7680__w6,46,109
5_se_informed_policy,5_se_informed_policy__d7680__w6,47,111
5_se_informed_policy,5_se_informed_policy__d7680__w6,48,76
5_se_informed_policy,5_se_informed_policy__d7680__w6,49,65
5_se_informed_policy,5_se_informed_policy__d7680__w6,50,57
5_se_informed_policy,5_se_informed_policy__d7680__w6,51,47
5_se_informed_policy,5_se_informed_policy__d7680__w6,52,39
5_se_informed_policy,5_se_informed_policy__d7680__w6,53,44
5_se_informed_policy,5_se_informed_policy__d7680__w6,54,49
5_se_informed_policy,5_se_informed_policy__d7680__w6,55,65
5_se_informed_policy,5_se_informed_policy__d7680__w6,56,57
5_se_informed_policy,5_se_informed_policy__d7680__w6,57,62
5_se_informed_policy,5_se_informed_policy__d7680__w6,58,65
5_se_informed_policy,5_se_informed_policy__d7680__w6,59,68
5_se_informed_policy,5_se_informed_policy__d7680__w6,60,106
5_se_informed_policy,5_se_informed_policy__d7680__w6,61,82
5_se_informed_policy,5_se_informed_policy__d7680__w6,62,90
5_se_informed_policy,5_se_informed_policy__d7680__w6,63,101
5_se_informed_policy,5_se_informed_policy__d7680__w6,64,111
5_se_informed_policy,5_se_informed_policy__d7680__w6,65,127
5_se_informed_policy,5_se_informed_policy__d7680__w6,66,128
5_se_informed_policy,5_se_informed_policy__d7680__w6,67,134
5_se_informed_policy,5_se_informed_policy__d7680__w6,68,119
5_se_informed_policy,5_se_informed_policy__d7680__w6,69,126
5_se_informed_policy,5_se_informed_policy__d7680__w6,70,108
5_se_informed_policy,5_se_informed_policy__d7680__w6,71,106
5_se_informed_policy,5_se_informed_policy__d7680__w6,72,87
5_se_informed_policy,5_se_informed_policy__d7680__w6,73,62
5_se_informed_policy,5_se_informed_policy__d7680__w6,74,74
5_se_informed_policy,5_se_informed_policy__d7680__w6,75,38
5_se_informed_policy,5_se_informed_policy__d7680__w6,76,49
5_se_informed_policy,5_se_informed_policy__d7680__w6,77,50
5_se_informed_policy,5_se_informed_policy__d7680__w6,78,68
5_se_informed_policy,5_se_informed_policy__d7680__w6,79,54
5_se_informed_policy,5_se_informed_policy__d7680__w6,80,69
5_se_informed_policy,5_se_informed_policy__d7680__w6,81,62
5_se_informed_policy,5_se_informed_policy__d7680__w6,82,65
5_se_informed_policy,5_se_informed_policy__d7680__w6,83,72
5_se_informed_policy,5_se_informed_policy__d7680__w6,84,112
5_se_informed_policy,5_se_informed_policy__d7680__w6,85,102
5_se_informed_policy,5_se_informed_policy__d7680__w6,86,109
5_se_informed_policy,5_se_informed_policy__d7680__w6,87,103
5_se_informed_policy,5_se_informed_policy__d7680__w6,88,120
5_se_informed_policy,5_se_informed_policy__d7680__w6,89,119
5_se_informed_policy,5_se_informed_policy__d7680__w6,90,117
5_se_informed_policy,5_se_informed_policy__d7680__w6,91,115
5_se_informed_policy,5_se_informed_policy__d7680__w6,92,116
5_se_informed_policy,5_se_informed_policy__d7680__w6,93,131
5_se_informed_policy,5_se_informed_policy__d7680__w6,94,124
5_se_informed_policy,5_se_informed_policy__d7680__w6,95,103
5_se_informed_policy,5_se_informed_policy__d7680__w6,96,74
5_se_informed_policy,5_se_informed_policy__d7680__w6,97,72
5_se_informed_policy,5_se_informed_policy__d7680__w6,98,61
5_se_informed_policy,5_se_informed_policy__d7680__w6,99,37
5_se_informed_policy,5_se_informed_policy__d7680__w6,100,28
5_se_informed_policy,5_se_informed_policy__d7680__w6,101,41
5_se_informed_policy,5_se_informed_policy__d7680__w6,102,49
5_se_informed_policy,5_se_informed_policy__d7680__w6,103,51
5_se_informed_policy,5_se_informed_policy__d7680__w6,104,57
5_se_informed_policy,5_se_informed_policy__d7680__w6,105,78
5_se_informed_policy,5_se_informed_policy__d7680__w6,106,73
5_se_informed_policy,5_se_informed_policy__d7680__w6,107,71
5_se_informed_policy,5_se_informed_policy__d7680__w6,108,103
5_se_informed_policy,5_se_informed_policy__d7680__w6,109,97
5_se_informed_policy,5_se_informed_policy__d7680__w6,110,110
5_se_informed_policy,5_se_informed_policy__d7680__w6,111,129
5_se_informed_policy,5_se_informed_policy__d7680__w6,112,126
5_se_informed_policy,5_se_informed_policy__d7680__w6,113,125
5_se_informed_policy,5_se_informed_policy__d7680__w6,114,124
5_se_informed_policy,5_se_informed_policy__d7680__w6,115,113
5_se_informed_policy,5_se_informed_policy__d7680__w6,116,109
5_se_informed_policy,5_se_informed_policy__d7680__w6,117,128
5_se_informed_policy,5_se_informed_policy__d7680__w6,118,128
5_se_informed_policy,5_se_informed_policy__d7680__w6,119,87
5_se_informed_policy,5_se_informed_policy__d7680__w6,120,82
5_se_informed_policy,5_se_informed_policy__d7680__w6,121,72
5_se_informed_policy,5_se_informed_policy__d7680__w6,122,45
5_se_informed_policy,5_se_informed_policy__d7680__w6,123,28
5_se_informed_policy,5_se_informed_policy__d7680__w6,124,21
5_se_informed_policy,5_se_informed_policy__d7680__w6,125,29
5_se_informed_policy,5_se_informed_policy__d7680__w6,126,20
5_se_informed_policy,5_se_informed_policy__d7680__w6,127,25
5_se_informed_policy,5_se_informed_policy__d7680__w6,128,15
5_se_informed_policy,5_se_informed_policy__d7680__w6,129,28
5_se_informed_policy,5_se_informed_policy__d7680__w6,130,41
5_se_informed_policy,5_se_informed_policy__d7680__w6,131,29
5_se_informed_policy,5_se_informed_policy__d7680__w6,132,28
5_se_informed_policy,5_se_informed_policy__d7680__w6,133,45
5_se_informed_policy,5_se_informed_policy__d7680__w6,134,34
5_se_informed_policy,5_se_informed_policy__d7680__w6,135,56
5_se_informed_policy,5_se_informed_policy__d7680__w6,136,42
5_se_informed_policy,5_se_informed_policy__d7680__w6,137,55
5_se_informed_policy,5_se_informed_policy__d7680__w6,138,41
5_se_informed_policy,5_se_informed_policy__d7680__w6,139,34
5_se_informed_policy,5_se_informed_policy__d7680__w6,140,49
5_se_informed_policy,5_se_informed_policy__d7680__w6,141,56
5_se_informed_policy,5_se_informed_policy__d7680__w6,142,54
5_se_informed_policy,5_se_informed_policy__d7680__w6,143,46
5_se_informed_policy,5_se_informed_policy__d7680__w6,144,40
5_se_informed_policy,5_se_informed_policy__d7680__w6,145,30
5_se_informed_policy,5_se_informed_policy__d7680__w6,146,31
5_se_informed_policy,5_se_informed_policy__d7680__w6,147,26
5_se_informed_policy,5_se_informed_policy__d7680__w6,148,24
5_se_informed_policy,5_se_informed_policy__d7680__w6,149,29
5_se_informed_policy,5_se_informed_policy__d7680__w6,150,27
5_se_informed_policy,5_se_informed_policy__d7680__w6,151,21
5_se_informed_policy,5_se_informed_policy__d7680__w6,152,17
5_se_informed_policy,5_se_informed_policy__d7680__w6,153,30
5_se_informed_policy,5_se_informed_policy__d7680__w6,154,25
5_se_informed_policy,5_se_informed_policy__d7680__w6,155,40
5_se_informed_policy,5_se_informed_policy__d7680__w6,156,34
5_se_informed_policy,5_se_informed_policy__d7680__w6,157,43
5_se_informed_policy,5_se_informed_policy__d7680__w6,158,38
5_se_informed_policy,5_se_informed_policy__d7680__w6,159,29
5_se_informed_policy,5_se_informed_policy__d7680__w6,160,35
5_se_informed_policy,5_se_informed_policy__d7680__w6,161,59
5_se_informed_policy,5_se_informed_policy__d7680__w6,162,52
5_se_informed_policy,5_se_informed_policy__d7680__w6,163,60
5_se_informed_policy,5_se_informed_policy__d7680__w6,164,52
5_se_informed_policy,5_se_informed_policy__d7680__w6,165,44
5_se_informed_policy,5_se_informed_policy__d7680__w6,166,59
5_se_informed_policy,5_se_informed_policy__d7680__w6,167,39
5_se_informed_policy,5_se_informed_policy__d15360__w6,0,33
5_se_informed_policy,5_se_informed_policy__d15360__w6,1,32
5_se_informed_policy,5_se_informed_policy__d15360__w6,2,34
5_se_informed_policy,5_se_informed_policy__d15360__w6,3,30
5_se_informed_policy,5_se_informed_policy__d15360__w6,4,34
5_se_informed_policy,5_se_informed_policy__d15360__w6,5,37
5_se_informed_policy,5_se_informed_policy__d15360__w6,6,45
5_se_informed_policy,5_se_informed_policy__d15360__w6,7,47
5_se_informed_policy,5_se_informed_policy__d15360__w6,8,62
5_se_informed_policy,5_se_informed_policy__d15360__w6,9,72
5_se_informed_policy,5_se_informed_policy__d15360__w6,10,90
5_se_informed_policy,5_se_informed_policy__d15360__w6,11,80
5_se_informed_policy,5_se_informed_policy__d15360__w6,12,70
5_se_informed_policy,5_se_informed_policy__d15360__w6,13,90
5_se_informed_policy,5_se_informed_policy__d15360__w6,14,104
5_se_informed_policy,5_se_informed_policy__d15360__w6,15,107
5_se_informed_policy,5_se_informed_policy__d15360__w6,16,118
5_se_informed_policy,5_se_informed_policy__d15360__w6,17,117
5_se_informed_policy,5_se_informed_policy__d15360__w6,18,94
5_se_informed_policy,5_se_informed_policy__d15360__w6,19,107
5_se_informed_policy,5_se_informed_policy__d15360__w6,20,115
5_se_informed_policy,5_se_informed_policy__d15360__w6,21,115
5_se_informed_policy,5_se_informed_policy__d15360__w6,22,101
5_se_informed_policy,5_se_informed_policy__d15360__w6,23,91
5_se_informed_policy,5_se_informed_policy__d15360__w6,24,82
5_se_informed_policy,5_se_informed_policy__d15360__w6,25,73
5_se_informed_policy,5_se_informed_policy__d15360__w6,26,42
5_se_informed_policy,5_se_informed_policy__d15360__w6,27,32
5_se_informed_policy,5_se_informed_policy__d15360__w6,28,45
5_se_informed_policy,5_se_informed_policy__d15360__w6,29,38
5_se_informed_policy,5_se_informed_policy__d15360__w6,30,55
5_se_informed_policy,5_se_informed_policy__d15360__w6,31,50
5_se_informed_policy,5_se_informed_policy__d15360__w6,32,77
5_se_informed_policy,5_se_informed_policy__d15360__w6,33,81
5_se_informed_policy,5_se_informed_policy__d15360__w6,34,69
5_se_informed_policy,5_se_informed_policy__d15360__w6,35,76
5_se_informed_policy,5_se_informed_policy__d15360__w6,36,83
5_se_informed_policy,5_se_informed_policy__d15360__w6,37,92
5_se_informed_policy,5_se_informed_policy__d15360__w6,38,113
5_se_informed_policy,5_se_informed_policy__d15360__w6,39,113
5_se_informed_policy,5_se_informed_policy__d15360__w6,40,115
5_se_informed_policy,5_se_informed_policy__d15360__w6,41,123
5_se_informed_policy,5_se_informed_policy__d15360__w6,42,124
5_se_informed_policy,5_se_informed_policy__d15360__w6,43,124
5_se_informed_policy,5_se_informed_policy__d15360__w6,44,133
5_se_informed_policy,5_se_informed_policy__d15360__w6,45,139
5_se_informed_policy,5_se_informed_policy__d15360__w6,46,106
5_se_informed_policy,5_se_informed_policy__d15360__w6,47,109
5_se_informed_policy,5_se_informed_policy__d15360__w6,48,83
5_se_informed_policy,5_se_informed_policy__d15360__w6,49,66
5_se_informed_policy,5_se_informed_policy__d15360__w6,50,46
5_se_informed_policy,5_se_informed_policy__d15360__w6,51,47
5_se_informed_policy,5_se_informed_policy__d15360__w6,52,39
5_se_informed_policy,5_se_informed_policy__d15360__w6,53,46
5_se_informed_policy,5_se_informed_policy__d15360__w6,54,51
5_se_informed_policy,5_se_informed_policy__d15360__w6,55,68
5_se_informed_policy,5_se_informed_policy__d15360__w6,56,64
5_se_informed_policy,5_se_informed_policy__d15360__w6,57,67
5_se_informed_policy,5_se_informed_policy__d15360__w6,58,66
5_se_informed_policy,5_se_informed_policy__d15360__w6,59,75
5_se_informed_policy,5_se_informed_policy__d15360__w6,60,79
5_se_informed_policy,5_se_informed_policy__d15360__w6,61,82
5_se_informed_policy,5_se_informed_policy__d15360__w6,62,90
5_se_informed_policy,5_se_informed_policy__d15360__w6,63,107
5_se_informed_policy,5_se_informed_policy__d15360__w6,64,114
5_se_informed_policy,5_se_informed_policy__d15360__w6,65,132
5_se_informed_policy,5_se_informed_policy__d15360__w6,66,131
5_se_informed_policy,5_se_informed_policy__d15360__w6,67,136
5_se_informed_policy,5_se_informed_policy__d15360__w6,68,121
5_se_informed_policy,5_se_informed_policy__d15360__w6,69,121
5_se_informed_policy,5_se_informed_policy__d15360__w6,70,106
5_se_informed_policy,5_se_informed_policy__d15360__w6,71,103
5_se_informed_policy,5_se_informed_policy__d15360__w6,72,90
5_se_informed_policy,5_se_informed_policy__d15360__w6,73,62
5_se_informed_policy,5_se_informed_policy__d15360__w6,74,60
5_se_informed_policy,5_se_informed_policy__d15360__w6,75,38
5_se_informed_policy,5_se_informed_policy__d15360__w6,76,49
5_se_informed_policy,5_se_informed_policy__d15360__w6,77,51
5_se_informed_policy,5_se_informed_policy__d15360__w6,78,71
5_se_informed_policy,5_se_informed_policy__d15360__w6,79,57
5_se_informed_policy,5_se_informed_policy__d15360__w6,80,74
5_se_informed_policy,5_se_informed_policy__d15360__w6,81,67
5_se_informed_policy,5_se_informed_policy__d15360__w6,82,71
5_se_informed_policy,5_se_informed_policy__d15360__w6,83,77
5_se_informed_policy,5_se_informed_policy__d15360__w6,84,84
5_se_informed_policy,5_se_informed_policy__d15360__w6,85,102
5_se_informed_policy,5_se_informed_policy__d15360__w6,86,109
5_se_informed_policy,5_se_informed_policy__d15360__w6,87,106
5_se_informed_policy,5_se_informed_policy__d15360__w6,88,122
5_se_informed_policy,5_se_informed_policy__d15360__w6,89,122
5_se_informed_policy,5_se_informed_policy__d15360__w6,90,121
5_se_informed_policy,5_se_informed_policy__d15360__w6,91,117
5_se_informed_policy,5_se_informed_policy__d15360__w6,92,120
5_se_informed_policy,5_se_informed_policy__d15360__w6,93,131
5_se_informed_policy,5_se_informed_policy__d15360__w6,94,124
5_se_informed_policy,5_se_informed_policy__d15360__w6,95,96
5_se_informed_policy,5_se_informed_policy__d15360__w6,96,77
5_se_informed_policy,5_se_informed_policy__d15360__w6,97,72
5_se_informed_policy,5_se_informed_policy__d15360__w6,98,47
5_se_informed_policy,5_se_informed_policy__d15360__w6,99,37
5_se_informed_policy,5_se_informed_policy__d15360__w6,100,30
5_se_informed_policy,5_se_informed_policy__d15360__w6,101,42
5_se_informed_policy,5_se_informed_policy__d15360__w6,102,51
5_se_informed_policy,5_se_informed_policy__d15360__w6,103,53
5_se_informed_policy,5_se_informed_policy__d15360__w6,104,62
5_se_informed_policy,5_se_informed_policy__d15360__w6,105,89
5_se_informed_policy,5_se_informed_policy__d15360__w6,106,76
5_se_informed_policy,5_se_informed_policy__d15360__w6,107,75
5_se_informed_policy,5_se_informed_policy__d15360__w6,108,73
5_se_informed_policy,5_se_informed_policy__d15360__w6,109,97
5_se_informed_policy,5_se_informed_policy__d15360__w6,110,110
5_se_informed_policy,5_se_informed_policy__d15360__w6,111,129
5_se_informed_policy,5_se_informed_policy__d15360__w6,112,128
5_se_informed_policy,5_se_informed_policy__d15360__w6,113,125
5_se_informed_policy,5_se_informed_policy__d15360__w6,114,128
5_se_informed_policy,5_se_informed_policy__d15360__w6,115,116
5_se_informed_policy,5_se_informed_policy__d15360__w6,116,114
5_se_informed_policy,5_se_informed_policy__d15360__w6,117,128
5_se_informed_policy,5_se_informed_policy__d15360__w6,118,128
5_se_informed_policy,5_se_informed_policy__d15360__w6,119,88
5_se_informed_policy,5_se_informed_policy__d15360__w6,120,79
5_se_informed_policy,5_se_informed_policy__d15360__w6,121,69
5_se_informed_policy,5_se_informed_policy__d15360__w6,122,40
5_se_informed_policy,5_se_informed_policy__d15360__w6,123,24
5_se_informed_policy,5_se_informed_policy__d15360__w6,124,21
5_se_informed_policy,5_se_informed_policy__d15360__w6,125,29
5_se_informed_policy,5_se_informed_policy__d15360__w6,126,20
5_se_informed_policy,5_se_informed_policy__d15360__w6,127,25
5_se_informed_policy,5_se_informed_policy__d15360__w6,128,15
5_se_informed_policy,5_se_informed_policy__d15360__w6,129,29
5_se_informed_policy,5_se_informed_policy__d15360__w6,130,41
5_se_informed_policy,5_se_informed_policy__d15360__w6,131,29
5_se_informed_policy,5_se_informed_policy__d15360__w6,132,27
5_se_informed_policy,5_se_informed_policy__d15360__w6,133,45
5_se_informed_policy,5_se_informed_policy__d15360__w6,134,34
5_se_informed_policy,5_se_informed_policy__d15360__w6,135,56
5_se_informed_policy,5_se_informed_policy__d15360__w6,136,42
5_se_informed_policy,5_se_informed_policy__d15360__w6,137,55
5_se_informed_policy,5_se_informed_policy__d15360__w6,138,41
5_se_informed_policy,5_se_informed_policy__d15360__w6,139,35
5_se_informed_policy,5_se_informed_policy__d15360__w6,140,50
5_se_informed_policy,5_se_informed_policy__d15360__w6,141,56
5_se_informed_policy,5_se_informed_policy__d15360__w6,142,54
5_se_informed_policy,5_se_informed_policy__d15360__w6,143,47
5_se_informed_policy,5_se_informed_policy__d15360__w6,144,43
5_se_informed_policy,5_se_informed_policy__d15360__w6,145,30
5_se_informed_policy,5_se_informed_policy__d15360__w6,146,30
5_se_informed_policy,5_se_informed_policy__d15360__w6,147,21
5_se_informed_policy,5_se_informed_policy__d15360__w6,148,24
5_se_informed_policy,5_se_informed_policy__d15360__w6,149,29
5_se_informed_policy,5_se_informed_policy__d15360__w6,150,27
5_se_informed_policy,5_se_informed_policy__d15360__w6,151,21
5_se_informed_policy,5_se_informed_policy__d15360__w6,152,18
5_se_informed_policy,5_se_informed_policy__d15360__w6,153,30
5_se_informed_policy,5_se_informed_policy__d15360__w6,154,25
5_se_informed_policy,5_se_informed_policy__d15360__w6,155,39
5_se_informed_policy,5_se_informed_policy__d15360__w6,156,34
5_se_informed_policy,5_se_informed_policy__d15360__w6,157,43
5_se_informed_policy,5_se_informed_policy__d15360__w6,158,38
5_se_informed_policy,5_se_informed_policy__d15360__w6,159,29
5_se_informed_policy,5_se_informed_policy__d15360__w6,160,35
5_se_informed_policy,5_se_informed_policy__d15360__w6,161,59
5_se_informed_policy,5_se_informed_policy__d15360__w6,162,52
5_se_informed_policy,5_se_informed_policy__d15360__w6,163,60
5_se_informed_policy,5_se_informed_policy__d15360__w6,164,52
5_se_informed_policy,5_se_informed_policy__d15360__w6,165,44
5_se_informed_policy,5_se_informed_policy__d15360__w6,166,59
5_se_informed_policy,5_se_informed_policy__d15360__w6,167,40
5_se_informed_policy,5_se_informed_policy__d0__w12,0,22
5_se_informed_policy,5_se_informed_policy__d0__w12,1,111
5_se_informed_policy,5_se_informed_policy__d0__w12,2,34
5_se_informed_policy,5_se_informed_policy__d0__w12,3,30
5_se_informed_policy,5_se_informed_policy__d0__w12,4,34
5_se_informed_policy,5_se_informed_policy__d0__w12,5,26
5_se_informed_policy,5_se_informed_policy__d0__w12,6,31
5_se_informed_policy,5_se_informed_policy__d0__w12,7,35
5_se_informed_policy,5_se_informed_policy__d0__w12,8,45
5_se_informed_policy,5_se_informed_policy__d0__w12,9,52
5_se_informed_policy,5_se_informed_policy__d0__w12,10,61
5_se_informed_policy,5_se_informed_policy__d0__w12,11,64
5_se_informed_policy,5_se_informed_policy__d0__w12,12,124
5_se_informed_policy,5_se_informed_policy__d0__w12,13,60
5_se_informed_policy,5_se_informed_policy__d0__w12,14,82
5_se_informed_policy,5_se_informed_policy__d0__w12,15,83
5_se_informed_policy,5_se_informed_policy__d0__w12,16,93
5_se_informed_policy,5_se_informed_policy__d0__w12,17,94
5_se_informed_policy,5_se_informed_policy__d0__w12,18,76
5_se_informed_policy,5_se_informed_policy__d0__w12,19,84
5_se_informed_policy,5_se_informed_policy__d0__w12,20,88
5_se_informed_policy,5_se_informed_policy__d0__w12,21,83
5_se_informed_policy,5_se_informed_policy__d0__w12,22,113
5_se_informed_policy,5_se_informed_policy__d0__w12,23,92
5_se_informed_policy,5_se_informed_policy__d0__w12,24,82
5_se_informed_policy,5_se_informed_policy__d0__w12,25,95
5_se_informed_policy,5_se_informed_policy__d0__w12,26,296
5_se_informed_policy,5_se_informed_policy__d0__w12,27,32
5_se_informed_policy,5_se_informed_policy__d0__w12,28,45
5_se_informed_policy,5_se_informed_policy__d0__w12,29,27
5_se_informed_policy,5_se_informed_policy__d0__w12,30,36
5_se_informed_policy,5_se_informed_policy__d0__w12,31,40
5_se_informed_policy,5_se_informed_policy__d0__w12,32,63
5_se_informed_policy,5_se_informed_policy__d0__w12,33,52
5_se_informed_policy,5_se_informed_policy__d0__w12,34,53
5_se_informed_policy,5_se_informed_policy__d0__w12,35,56
5_se_informed_policy,5_se_informed_policy__d0__w12,36,202
5_se_informed_policy,5_se_informed_policy__d0__w12,37,69
5_se_informed_policy,5_se_informed_policy__d0__w12,38,88
5_se_informed_policy,5_se_informed_policy__d0__w12,39,87
5_se_informed_policy,5_se_informed_policy__d0__w12,40,87
5_se_informed_policy,5_se_informed_policy__d0__w12,41,99
5_se_informed_policy,5_se_informed_policy__d0__w12,42,102
5_se_informed_policy,5_se_informed_policy__d0__w12,43,96
5_se_informed_policy,5_se_informed_policy__d0__w12,44,111
5_se_informed_policy,5_se_informed_policy__d0__w12,45,111
5_se_informed_policy,5_se_informed_policy__d0__w12,46,83
5_se_informed_policy,5_se_informed_policy__d0__w12,47,87
5_se_informed_policy,5_se_informed_policy__d0__w12,48,60
5_se_informed_policy,5_se_informed_policy__d0__w12,49,74
5_se_informed_policy,5_se_informed_policy__d0__w12,50,332
5_se_informed_policy,5_se_informed_policy__d0__w12,51,47
5_se_informed_policy,5_se_informed_policy__d0__w12,52,31
5_se_informed_policy,5_se_informed_policy__d0__w12,53,35
5_se_informed_policy,5_se_informed_policy__d0__w12,54,38
5_se_informed_policy,5_se_informed_policy__d0__w12,55,47
5_se_informed_policy,5_se_informed_policy__d0__w12,56,46
5_se_informed_policy,5_se_informed_policy__d0__w12,57,45
5_se_informed_policy,5_se_informed_policy__d0__w12,58,48
5_se_informed_policy,5_se_informed_policy__d0__w12,59,50
5_se_informed_policy,5_se_informed_policy__d0__w12,60,154
5_se_informed_policy,5_se_informed_policy__d0__w12,61,61
5_se_informed_policy,5_se_informed_policy__d0__w12,62,62
5_se_informed_policy,5_se_informed_policy__d0__w12,63,78
5_se_informed_policy,5_se_informed_policy__d0__w12,64,90
5_se_informed_policy,5_se_informed_policy__d0__w12,65,107
5_se_informed_policy,5_se_informed_policy__d0__w12,66,102
5_se_informed_policy,5_se_informed_policy__d0__w12,67,102
5_se_informed_policy,5_se_informed_policy__d0__w12,68,93
5_se_informed_policy,5_se_informed_policy__d0__w12,69,94
5_se_informed_policy,5_se_informed_policy__d0__w12,70,98
5_se_informed_policy,5_se_informed_policy__d0__w12,71,101
5_se_informed_policy,5_se_informed_policy__d0__w12,72,85
5_se_informed_policy,5_se_informed_policy__d0__w12,73,70
5_se_informed_policy,5_se_informed_policy__d0__w12,74,373
5_se_informed_policy,5_se_informed_policy__d0__w12,75,38
5_se_informed_policy,5_se_informed_policy__d0__w12,76,39
5_se_informed_policy,5_se_informed_policy__d0__w12,77,36
5_se_informed_policy,5_se_informed_policy__d0__w12,78,47
5_se_informed_policy,5_se_informed_policy__d0__w12,79,38
5_se_informed_policy,5_se_informed_policy__d0__w12,80,53
5_se_informed_policy,5_se_informed_policy__d0__w12,81,48
5_se_informed_policy,5_se_informed_policy__d0__w12,82,47
5_se_informed_policy,5_se_informed_policy__d0__w12,83,55
5_se_informed_policy,5_se_informed_policy__d0__w12,84,200
5_se_informed_policy,5_se_informed_policy__d0__w12,85,81
5_se_informed_policy,5_se_informed_policy__d0__w12,86,69
5_se_informed_policy,5_se_informed_policy__d0__w12,87,85
5_se_informed_policy,5_se_informed_policy__d0__w12,88,97
5_se_informed_policy,5_se_informed_policy__d0__w12,89,100
5_se_informed_policy,5_se_informed_policy__d0__w12,90,92
5_se_informed_policy,5_se_informed_policy__d0__w12,91,100
5_se_informed_policy,5_se_informed_policy__d0__w12,92,88
5_se_informed_policy,5_se_informed_policy__d0__w12,93,102
5_se_informed_policy,5_se_informed_policy__d0__w12,94,102
5_se_informed_policy,5_se_informed_policy__d0__w12,95,122
5_se_informed_policy,5_se_informed_policy__d0__w12,96,52
5_se_informed_policy,5_se_informed_policy__d0__w12,97,79
5_se_informed_policy,5_se_informed_policy__d0__w12,98,335
5_se_informed_policy,5_se_informed_policy__d0__w12,99,30
5_se_informed_policy,5_se_informed_policy__d0__w12,100,23
5_se_informed_policy,5_se_informed_policy__d0__w12,101,33
5_se_informed_policy,5_se_informed_policy__d0__w12,102,40
5_se_informed_policy,5_se_informed_policy__d0__w12,103,40
5_se_informed_policy,5_se_informed_policy__d0__w12,104,44
5_se_informed_policy,5_se_informed_policy__d0__w12,105,54
5_se_informed_policy,5_se_informed_policy__d0__w12,106,59
5_se_informed_policy,5_se_informed_policy__d0__w12,107,56
5_se_informed_policy,5_se_informed_policy__d0__w12,108,209
5_se_informed_policy,5_se_informed_policy__d0__w12,109,72
5_se_informed_policy,5_se_informed_policy__d0__w12,110,84
5_se_informed_policy,5_se_informed_policy__d0__w12,111,106
5_se_informed_policy,5_se_informed_policy__d0__w12,112,95
5_se_informed_policy,5_se_informed_policy__d0__w12,113,110
5_se_informed_policy,5_se_informed_policy__d0__w12,114,103
5_se_informed_policy,5_se_informed_policy__d0__w12,115,91
5_se_informed_policy,5_se_informed_policy__d0__w12,116,91
5_se_informed_policy,5_se_informed_policy__d0__w12,117,103
5_se_informed_policy,5_se_informed_policy__d0__w12,118,105
5_se_informed_policy,5_se_informed_policy__d0__w12,119,73
5_se_informed_policy,5_se_informed_policy__d0__w12,120,60
5_se_informed_policy,5_se_informed_policy__d0__w12,121,85
5_se_informed_policy,5_se_informed_policy__d0__w12,122,60
5_se_informed_policy,5_se_informed_policy__d0__w12,123,188
5_se_informed_policy,5_se_informed_policy__d0__w12,124,17
5_se_informed_policy,5_se_informed_policy__d0__w12,125,26
5_se_informed_policy,5_se_informed_policy__d0__w12,126,14
5_se_informed_policy,5_se_informed_policy__d0__w12,127,18
5_se_informed_policy,5_se_informed_policy__d0__w12,128,12
5_se_informed_policy,5_se_informed_policy__d0__w12,129,21
5_se_informed_policy,5_se_informed_policy__d0__w12,130,61
5_se_informed_policy,5_se_informed_policy__d0__w12,131,35
5_se_informed_policy,5_se_informed_policy__d0__w12,132,109
5_se_informed_policy,5_se_informed_policy__d0__w12,133,41
5_se_informed_policy,5_se_informed_policy__d0__w12,134,29
5_se_informed_policy,5_se_informed_policy__d0__w12,135,50
5_se_informed_policy,5_se_informed_policy__d0__w12,136,36
5_se_informed_policy,5_se_informed_policy__d0__w12,137,45
5_se_informed_policy,5_se_informed_policy__d0__w12,138,33
5_se_informed_policy,5_se_informed_policy__d0__w12,139,30
5_se_informed_policy,5_se_informed_policy__d0__w12,140,44
5_se_informed_policy,5_se_informed_policy__d0__w12,141,43
5_se_informed_policy,5_se_informed_policy__d0__w12,142,48
5_se_informed_policy,5_se_informed_policy__d0__w12,143,38
5_se_informed_policy,5_se_informed_policy__d0__w12,144,32
5_se_informed_policy,5_se_informed_policy__d0__w12,145,29
5_se_informed_policy,5_se_informed_policy__d0__w12,146,30
5_se_informed_policy,5_se_informed_policy__d0__w12,147,61
5_se_informed_policy,5_se_informed_policy__d0__w12,148,22
5_se_informed_policy,5_se_informed_policy__d0__w12,149,25
5_se_informed_policy,5_se_informed_policy__d0__w12,150,23
5_se_informed_policy,5_se_informed_policy__d0__w12,151,13
5_se_informed_policy,5_se_informed_policy__d0__w12,152,13
5_se_informed_policy,5_se_informed_policy__d0__w12,153,39
5_se_informed_policy,5_se_informed_policy__d0__w12,154,26
5_se_informed_policy,5_se_informed_policy__d0__w12,155,102
5_se_informed_policy,5_se_informed_policy__d0__w12,156,34
5_se_informed_policy,5_se_informed_policy__d0__w12,157,43
5_se_informed_policy,5_se_informed_policy__d0__w12,158,28
5_se_informed_policy,5_se_informed_policy__d0__w12,159,26
5_se_informed_policy,5_se_informed_policy__d0__w12,160,30
5_se_informed_policy,5_se_informed_policy__d0__w12,161,54
5_se_informed_policy,5_se_informed_policy__d0__w12,162,45
5_se_informed_policy,5_se_informed_policy__d0__w12,163,50
5_se_informed_policy,5_se_informed_policy__d0__w12,164,45
5_se_informed_policy,5_se_informed_policy__d0__w12,165,34
5_se_informed_policy,5_se_informed_policy__d0__w12,166,54
5_se_informed_policy,5_se_informed_policy__d0__w12,167,34
5_se_informed_policy,5_se_informed_policy__d60__w12,0,22
5_se_informed_policy,5_se_informed_policy__d60__w12,1,107
5_se_informed_policy,5_se_informed_policy__d60__w12,2,34
5_se_informed_policy,5_se_informed_policy__d60__w12,3,30
5_se_informed_policy,5_se_informed_policy__d60__w12,4,34
5_se_informed_policy,5_se_informed_policy__d60__w12,5,26
5_se_informed_policy,5_se_informed_policy__d60__w12,6,33
5_se_informed_policy,5_se_informed_policy__d60__w12,7,36
5_se_informed_policy,5_se_informed_policy__d60__w12,8,45
5_se_informed_policy,5_se_informed_policy__d60__w12,9,52
5_se_informed_policy,5_se_informed_policy__d60__w12,10,62
5_se_informed_policy,5_se_informed_policy__d60__w12,11,64
5_se_informed_policy,5_se_informed_policy__d60__w12,12,122
5_se_informed_policy,5_se_informed_policy__d60__w12,13,61
5_se_informed_policy,5_se_informed_policy__d60__w12,14,82
5_se_informed_policy,5_se_informed_policy__d60__w12,15,83
5_se_informed_policy,5_se_informed_policy__d60__w12,16,93
5_se_informed_policy,5_se_informed_policy__d60__w12,17,96
5_se_informed_policy,5_se_informed_policy__d60__w12,18,76
5_se_informed_policy,5_se_informed_policy__d60__w12,19,88
5_se_informed_policy,5_se_informed_policy__d60__w12,20,88
5_se_informed_policy,5_se_informed_policy__d60__w12,21,83
5_se_informed_policy,5_se_informed_policy__d60__w12,22,113
5_se_informed_policy,5_se_informed_policy__d60__w12,23,92
5_se_informed_policy,5_se_informed_policy__d60__w12,24,83
5_se_informed_policy,5_se_informed_policy__d60__w12,25,94
5_se_informed_policy,5_se_informed_policy__d60__w12,26,287
5_se_informed_policy,5_se_informed_policy__d60__w12,27,32
5_se_informed_policy,5_se_informed_policy__d60__w12,28,45
5_se_informed_policy,5_se_informed_policy__d60__w12,29,28
5_se_informed_policy,5_se_informed_policy__d60__w12,30,36
5_se_informed_policy,5_se_informed_policy__d60__w12,31,40
5_se_informed_policy,5_se_informed_policy__d60__w12,32,63
5_se_informed_policy,5_se_informed_policy__d60__w12,33,55
5_se_informed_policy,5_se_informed_policy__d60__w12,34,55
5_se_informed_policy,5_se_informed_policy__d60__w12,35,56
5_se_informed_policy,5_se_informed_policy__d60__w12,36,196
5_se_informed_policy,5_se_informed_policy__d60__w12,37,73
5_se_informed_policy,5_se_informed_policy__d60__w12,38,90
5_se_informed_policy,5_se_informed_policy__d60__w12,39,88
5_se_informed_policy,5_se_informed_policy__d60__w12,40,87
5_se_informed_policy,5_se_informed_policy__d60__w12,41,100
5_se_informed_policy,5_se_informed_policy__d60__w12,42,102
5_se_informed_policy,5_se_informed_policy__d60__w12,43,96
5_se_informed_policy,5_se_informed_policy__d60__w12,44,111
5_se_informed_policy,5_se_informed_policy__d60__w12,45,111
5_se_informed_policy,5_se_informed_policy__d60__w12,46,85
5_se_informed_policy,5_se_informed_policy__d60__w12,47,87
5_se_informed_policy,5_se_informed_policy__d60__w12,48,60
5_se_informed_policy,5_se_informed_policy__d60__w12,49,70
5_se_informed_policy,5_se_informed_policy__d60__w12,50,326
5_se_informed_policy,5_se_informed_policy__d60__w12,51,47
5_se_informed_policy,5_se_informed_policy__d60__w12,52,31
5_se_informed_policy,5_se_informed_policy__d60__w12,53,36
5_se_informed_policy,5_se_informed_policy__d60__w12,54,38
5_se_informed_policy,5_se_informed_policy__d60__w12,55,48
5_se_informed_policy,5_se_informed_policy__d60__w12,56,46
5_se_informed_policy,5_se_informed_policy__d60__w12,57,45
5_se_informed_policy,5_se_informed_policy__d60__w12,58,49
5_se_informed_policy,5_se_informed_policy__d60__w12,59,51
5_se_informed_policy,5_se_informed_policy__d60__w12,60,153
5_se_informed_policy,5_se_informed_policy__d60__w12,61,61
5_se_informed_policy,5_se_informed_policy__d60__w12,62,62
5_se_informed_policy,5_se_informed_policy__d60__w12,63,78
5_se_informed_policy,5_se_informed_policy__d60__w12,64,91
5_se_informed_policy,5_se_informed_policy__d60__w12,65,107
5_se_informed_policy,5_se_informed_policy__d60__w12,66,102
5_se_informed_policy,5_se_informed_policy__d60__w12,67,105
5_se_informed_policy,5_se_informed_policy__d60__w12,68,93
5_se_informed_policy,5_se_informed_policy__d60__w12,69,96
5_se_informed_policy,5_se_informed_policy__d60__w12,70,99
5_se_informed_policy,5_se_informed_policy__d60__w12,71,104
5_se_informed_policy,5_se_informed_policy__d60__w12,72,84
5_se_informed_policy,5_se_informed_policy__d60__w12,73,70
5_se_informed_policy,5_se_informed_policy__d60__w12,74,361
5_se_informed_policy,5_se_informed_policy__d60__w12,75,38
5_se_informed_policy,5_se_informed_policy__d60__w12,76,39
5_se_informed_policy,5_se_informed_policy__d60__w12,77,36
5_se_informed_policy,5_se_informed_policy__d60__w12,78,50
5_se_informed_policy,5_se_informed_policy__d60__w12,79,39
5_se_informed_policy,5_se_informed_policy__d60__w12,80,53
5_se_informed_policy,5_se_informed_policy__d60__w12,81,48
5_se_informed_policy,5_se_informed_policy__d60__w12,82,48
5_se_informed_policy,5_se_informed_policy__d60__w12,83,56
5_se_informed_policy,5_se_informed_policy__d60__w12,84,196
5_se_informed_policy,5_se_informed_policy__d60__w12,85,81
5_se_informed_policy,5_se_informed_policy__d60__w12,86,70
5_se_informed_policy,5_se_informed_policy__d60__w12,87,85
5_se_informed_policy,5_se_informed_policy__d60__w12,88,99
5_se_informed_policy,5_se_informed_policy__d60__w12,89,100
5_se_informed_policy,5_se_informed_policy__d60__w12,90,93
5_se_informed_policy,5_se_informed_policy__d60__w12,91,100
5_se_informed_policy,5_se_informed_policy__d60__w12,92,89
5_se_informed_policy,5_se_informed_policy__d60__w12,93,103
5_se_informed_policy,5_se_informed_policy__d60__w12,94,102
5_se_informed_policy,5_se_informed_policy__d60__w12,95,121
5_se_informed_policy,5_se_informed_policy__d60__w12,96,54
5_se_informed_policy,5_se_informed_policy__d60__w12,97,79
5_se_informed_policy,5_se_informed_policy__d60__w12,98,326
5_se_informed_policy,5_se_informed_policy__d60__w12,99,30
5_se_informed_policy,5_se_informed_policy__d60__w12,100,23
5_se_informed_policy,5_se_informed_policy__d60__w12,101,34
5_se_informed_policy,5_se_informed_policy__d60__w12,102,43
5_se_informed_policy,5_se_informed_policy__d60__w12,103,42
5_se_informed_policy,5_se_informed_policy__d60__w12,104,45
5_se_informed_policy,5_se_informed_policy__d60__w12,105,57
5_se_informed_policy,5_se_informed_policy__d60__w12,106,60
5_se_informed_policy,5_se_informed_policy__d60__w12,107,56
5_se_informed_policy,5_se_informed_policy__d60__w12,108,198
5_se_informed_policy,5_se_informed_policy__d60__w12,109,73
5_se_informed_policy,5_se_informed_policy__d60__w12,110,84
5_se_informed_policy,5_se_informed_policy__d60__w12,111,106
5_se_informed_policy,5_se_informed_policy__d60__w12,112,97
5_se_informed_policy,5_se_informed_policy__d60__w12,113,111
5_se_informed_policy,5_se_informed_policy__d60__w12,114,105
5_se_informed_policy,5_se_informed_policy__d60__w12,115,92
5_se_informed_policy,5_se_informed_policy__d60__w12,116,94
5_se_informed_policy,5_se_informed_policy__d60__w12,117,103
5_se_informed_policy,5_se_informed_policy__d60__w12,118,106
5_se_informed_policy,5_se_informed_policy__d60__w12,119,74
5_se_informed_policy,5_se_informed_policy__d60__w12,120,62
5_se_informed_policy,5_se_informed_policy__d60__w12,121,84
5_se_informed_policy,5_se_informed_policy__d60__w12,122,60
5_se_informed_policy,5_se_informed_policy__d60__w12,123,179
5_se_informed_policy,5_se_informed_policy__d60__w12,124,17
5_se_informed_policy,5_se_informed_policy__d60__w12,125,26
5_se_informed_policy,5_se_informed_policy__d60__w12,126,14
5_se_informed_policy,5_se_informed_policy__d60__w12,127,19
5_se_informed_policy,5_se_informed_policy__d60__w12,128,12
5_se_informed_policy,5_se_informed_policy__d60__w12,129,22
5_se_informed_policy,5_se_informed_policy__d60__w12,130,60
5_se_informed_policy,5_se_informed_policy__d60__w12,131,34
5_se_informed_policy,5_se_informed_policy__d60__w12,132,105
5_se_informed_policy,5_se_informed_policy__d60__w12,133,41
5_se_informed_policy,5_se_informed_policy__d60__w12,134,29
5_se_informed_policy,5_se_informed_policy__d60__w12,135,51
5_se_informed_policy,5_se_informed_policy__d60__w12,136,36
5_se_informed_policy,5_se_informed_policy__d60__w12,137,45
5_se_informed_policy,5_se_informed_policy__d60__w12,138,33
5_se_informed_policy,5_se_informed_policy__d60__w12,139,31
5_se_informed_policy,5_se_informed_policy__d60__w12,140,44
5_se_informed_policy,5_se_informed_policy__d60__w12,141,45
5_se_informed_policy,5_se_informed_policy__d60__w12,142,48
5_se_informed_policy,5_se_informed_policy__d60__w12,143,40
5_se_informed_policy,5_se_informed_policy__d60__w12,144,32
5_se_informed_policy,5_se_informed_policy__d60__w12,145,29
5_se_informed_policy,5_se_informed_policy__d60__w12,146,30
5_se_informed_policy,5_se_informed_policy__d60__w12,147,59
5_se_informed_policy,5_se_informed_policy__d60__w12,148,22
5_se_informed_policy,5_se_informed_policy__d60__w12,149,25
5_se_informed_policy,5_se_informed_policy__d60__w12,150,24
5_se_informed_policy,5_se_informed_policy__d60__w12,151,14
5_se_informed_policy,5_se_informed_policy__d60__w12,152,14
5_se_informed_policy,5_se_informed_policy__d60__w12,153,37
5_se_informed_policy,5_se_informed_policy__d60__w12,154,26
5_se_informed_policy,5_se_informed_policy__d60__w12,155,97
5_se_informed_policy,5_se_informed_policy__d60__w12,156,34
5_se_informed_policy,5_se_informed_policy__d60__w12,157,43
5_se_informed_policy,5_se_informed_policy__d60__w12,158,28
5_se_informed_policy,5_se_informed_policy__d60__w12,159,26
5_se_informed_policy,5_se_informed_policy__d60__w12,160,31
5_se_informed_policy,5_se_informed_policy__d60__w12,161,54
5_se_informed_policy,5_se_informed_policy__d60__w12,162,46
5_se_informed_policy,5_se_informed_policy__d60__w12,163,50
5_se_informed_policy,5_se_informed_policy__d60__w12,164,46
5_se_informed_policy,5_se_informed_policy__d60__w12,165,35
5_se_informed_policy,5_se_informed_policy__d60__w12,166,54
5_se_informed_policy,5_se_informed_policy__d60__w12,167,34
5_se_informed_policy,5_se_informed_policy__d120__w12,0,23
5_se_informed_policy,5_se_informed_policy__d120__w12,1,100
5_se_informed_policy,5_se_informed_policy__d120__w12,2,34
5_se_informed_policy,5_se_informed_policy__d120__w12,3,30
5_se_informed_policy,5_se_informed_policy__d120__w12,4,34
5_se_informed_policy,5_se_informed_policy__d120__w12,5,26
5_se_informed_policy,5_se_informed_policy__d120__w12,6,33
5_se_informed_policy,5_se_informed_policy__d120__w12,7,38
5_se_informed_policy,5_se_informed_policy__d120__w12,8,45
5_se_informed_policy,5_se_informed_policy__d120__w12,9,54
5_se_informed_policy,5_se_informed_policy__d120__w12,10,62
5_se_informed_policy,5_se_informed_policy__d120__w12,11,64
5_se_informed_policy,5_se_informed_policy__d120__w12,12,118
5_se_informed_policy,5_se_informed_policy__d120__w12,13,62
5_se_informed_policy,5_se_informed_policy__d120__w12,14,82
5_se_informed_policy,5_se_informed_policy__d120__w12,15,83
5_se_informed_policy,5_se_informed_policy__d120__w12,16,93
5_se_informed_policy,5_se_informed_policy__d120__w12,17,98
5_se_informed_policy,5_se_informed_policy__d120__w12,18,78
5_se_informed_policy,5_se_informed_policy__d120__w12,19,89
5_se_informed_policy,5_se_informed_policy__d120__w12,20,89
5_se_informed_policy,5_se_informed_policy__d120__w12,21,83
5_se_informed_policy,5_se_informed_policy__d120__w12,22,113
5_se_informed_policy,5_se_informed_policy__d120__w12,23,92
5_se_informed_policy,5_se_informed_policy__d120__w12,24,83
5_se_informed_policy,5_se_informed_policy__d120__w12,25,93
5_se_informed_policy,5_se_informed_policy__d120__w12,26,281
5_se_informed_policy,5_se_informed_policy__d120__w12,27,32
5_se_informed_policy,5_se_informed_policy__d120__w12,28,45
5_se_informed_policy,5_se_informed_policy__d120__w12,29,31
5_se_informed_policy,5_se_informed_policy__d120__w12,30,37
5_se_informed_policy,5_se_informed_policy__d120__w12,31,40
5_se_informed_policy,5_se_informed_policy__d120__w12,32,64
5_se_informed_policy,5_se_informed_policy__d120__w12,33,56
5_se_informed_policy,5_se_informed_policy__d120__w12,34,55
5_se_informed_policy,5_se_informed_policy__d120__w12,35,58
5_se_informed_policy,5_se_informed_policy__d120__w12,36,188
5_se_informed_policy,5_se_informed_policy__d120__w12,37,73
5_se_informed_policy,5_se_informed_policy__d120__w12,38,90
5_se_informed_policy,5_se_informed_policy__d120__w12,39,90
5_se_informed_policy,5_se_informed_policy__d120__w12,40,87
5_se_informed_policy,5_se_informed_policy__d120__w12,41,102
5_se_informed_policy,5_se_informed_policy__d120__w12,42,102
5_se_informed_policy,5_se_informed_policy__d120__w12,43,98
5_se_informed_policy,5_se_informed_policy__d120__w12,44,114
5_se_informed_policy,5_se_informed_policy__d120__w12,45,112
5_se_informed_policy,5_se_informed_policy__d120__w12,46,85
5_se_informed_policy,5_se_informed_policy__d120__w12,47,88
5_se_informed_policy,5_se_informed_policy__d120__w12,48,60
5_se_informed_policy,5_se_informed_policy__d120__w12,49,70
5_se_informed_policy,5_se_informed_policy__d120__w12,50,315
5_se_informed_policy,5_se_informed_policy__d120__w12,51,47
5_se_informed_policy,5_se_informed_policy__d120__w12,52,31
5_se_informed_policy,5_se_informed_policy__d120__w12,53,36
5_se_informed_policy,5_se_informed_policy__d120__w12,54,39
5_se_informed_policy,5_se_informed_policy__d120__w12,55,48
5_se_informed_policy,5_se_informed_policy__d120__w12,56,47
5_se_informed_policy,5_se_informed_policy__d120__w12,57,45
5_se_informed_policy,5_se_informed_policy__d120__w12,58,50
5_se_informed_policy,5_se_informed_policy__d120__w12,59,51
5_se_informed_policy,5_se_informed_policy__d120__w12,60,152
5_se_informed_policy,5_se_informed_policy__d120__w12,61,61
5_se_informed_policy,5_se_informed_policy__d120__w12,62,63
5_se_informed_policy,5_se_informed_policy__d120__w12,63,78
5_se_informed_policy,5_se_informed_policy__d120__w12,64,91
5_se_informed_policy,5_se_informed_policy__d120__w12,65,107
5_se_informed_policy,5_se_informed_policy__d120__w12,66,104
5_se_informed_policy,5_se_informed_policy__d120__w12,67,105
5_se_informed_policy,5_se_informed_policy__d120__w12,68,94
5_se_informed_policy,5_se_informed_policy__d120__w12,69,97
5_se_informed_policy,5_se_informed_policy__d120__w12,70,99
5_se_informed_policy,5_se_informed_policy__d120__w12,71,104
5_se_informed_policy,5_se_informed_policy__d120__w12,72,83
5_se_informed_policy,5_se_informed_policy__d120__w12,73,71
5_se_informed_policy,5_se_informed_policy__d120__w12,74,354
5_se_informed_policy,5_se_informed_policy__d120__w12,75,38
5_se_informed_policy,5_se_informed_policy__d120__w12,76,39
5_se_informed_policy,5_se_informed_policy__d120__w12,77,36
5_se_informed_policy,5_se_informed_policy__d120__w12,78,50
5_se_informed_policy,5_se_informed_policy__d120__w12,79,39
5_se_informed_policy,5_se_informed_policy__d120__w12,80,53
5_se_informed_policy,5_se_informed_policy__d120__w12,81,49
5_se_informed_policy,5_se_informed_policy__d120__w12,82,50
5_se_informed_policy,5_se_informed_policy__d120__w12,83,56
5_se_informed_policy,5_se_informed_policy__d120__w12,84,193
5_se_informed_policy,5_se_informed_policy__d120__w12,85,81
5_se_informed_policy,5_se_informed_policy__d120__w12,86,71
5_se_informed_policy,5_se_informed_policy__d120__w12,87,86
5_se_informed_policy,5_se_informed_policy__d120__w12,88,100
5_se_informed_policy,5_se_informed_policy__d120__w12,89,100
5_se_informed_policy,5_se_informed_policy__d120__w12,90,93
5_se_informed_policy,5_se_informed_policy__d120__w12,91,103
5_se_informed_policy,5_se_informed_policy__d120__w12,92,89
5_se_informed_policy,5_se_informed_policy__d120__w12,93,103
5_se_informed_policy,5_se_informed_policy__d120__w12,94,103
5_se_informed_policy,5_se_informed_policy__d120__w12,95,121
5_se_informed_policy,5_se_informed_policy__d120__w12,96,55
5_se_informed_policy,5_se_informed_policy__d120__w12,97,79
5_se_informed_policy,5_se_informed_policy__d120__w12,98,318
5_se_informed_policy,5_se_informed_policy__d120__w12,99,31
5_se_informed_policy,5_se_informed_policy__d120__w12,100,23
5_se_informed_policy,5_se_informed_policy__d120__w12,101,34
5_se_informed_policy,5_se_informed_policy__d120__w12,102,44
5_se_informed_policy,5_se_informed_policy__d120__w12,103,42
5_se_informed_policy,5_se_informed_policy__d120__w12,104,45
5_se_informed_policy,5_se_informed_policy__d120__w12,105,58
5_se_informed_policy,5_se_informed_policy__d120__w12,106,60
5_se_informed_policy,5_se_informed_policy__d120__w12,107,57
5_se_informed_policy,5_se_informed_policy__d120__w12,108,194
5_se_informed_policy,5_se_informed_policy__d120__w12,109,76
5_se_informed_policy,5_se_informed_policy__d120__w12,110,85
5_se_informed_policy,5_se_informed_policy__d120__w12,111,106
5_se_informed_policy,5_se_informed_policy__d120__w12,112,98
5_se_informed_policy,5_se_informed_policy__d120__w12,113,113
5_se_informed_policy,5_se_informed_policy__d120__w12,114,106
5_se_informed_policy,5_se_informed_policy__d120__w12,115,92
5_se_informed_policy,5_se_informed_policy__d120__w12,116,95
5_se_informed_policy,5_se_informed_policy__d120__w12,117,105
5_se_informed_policy,5_se_informed_policy__d120__w12,118,108
5_se_informed_policy,5_se_informed_policy__d120__w12,119,74
5_se_informed_policy,5_se_informed_policy__d120__w12,120,62
5_se_informed_policy,5_se_informed_policy__d120__w12,121,81
5_se_informed_policy,5_se_informed_policy__d120__w12,122,59
5_se_informed_policy,5_se_informed_policy__d120__w12,123,172
5_se_informed_policy,5_se_informed_policy__d120__w12,124,18
5_se_informed_policy,5_se_informed_policy__d120__w12,125,26
5_se_informed_policy,5_se_informed_policy__d120__w12,126,14
5_se_informed_policy,5_se_informed_policy__d120__w12,127,19
5_se_informed_policy,5_se_informed_policy__d120__w12,128,12
5_se_informed_policy,5_se_informed_policy__d120__w12,129,22
5_se_informed_policy,5_se_informed_policy__d120__w12,130,59
5_se_informed_policy,5_se_informed_policy__d120__w12,131,34
5_se_informed_policy,5_se_informed_policy__d120__w12,132,103
5_se_informed_policy,5_se_informed_policy__d120__w12,133,41
5_se_informed_policy,5_se_informed_policy__d120__w12,134,29
5_se_informed_policy,5_se_informed_policy__d120__w12,135,51
5_se_informed_policy,5_se_informed_policy__d120__w12,136,37
5_se_informed_policy,5_se_informed_policy__d120__w12,137,46
5_se_informed_policy,5_se_informed_policy__d120__w12,138,33
5_se_informed_policy,5_se_informed_policy__d120__w12,139,31
5_se_informed_policy,5_se_informed_policy__d120__w12,140,44
5_se_informed_policy,5_se_informed_policy__d120__w12,141,45
5_se_informed_policy,5_se_informed_policy__d120__w12,142,49
5_se_informed_policy,5_se_informed_policy__d120__w12,143,40
5_se_informed_policy,5_se_informed_policy__d120__w12,144,33
5_se_informed_policy,5_se_informed_policy__d120__w12,145,29
5_se_informed_policy,5_se_informed_policy__d120__w12,146,31
5_se_informed_policy,5_se_informed_policy__d120__w12,147,57
5_se_informed_policy,5_se_informed_policy__d120__w12,148,22
5_se_informed_policy,5_se_informed_policy__d120__w12,149,26
5_se_informed_policy,5_se_informed_policy__d120__w12,150,24
5_se_informed_policy,5_se_informed_policy__d120__w12,151,14
5_se_informed_policy,5_se_informed_policy__d120__w12,152,14
5_se_informed_policy,5_se_informed_policy__d120__w12,153,37
5_se_informed_policy,5_se_informed_policy__d120__w12,154,27
5_se_informed_policy,5_se_informed_policy__d120__w12,155,92
5_se_informed_policy,5_se_informed_policy__d120__w12,156,34
5_se_informed_policy,5_se_informed_policy__d120__w12,157,43
5_se_informed_policy,5_se_informed_policy__d120__w12,158,29
5_se_informed_policy,5_se_informed_policy__d120__w12,159,26
5_se_informed_policy,5_se_informed_policy__d120__w12,160,31
5_se_informed_policy,5_se_informed_policy__d120__w12,161,56
5_se_informed_policy,5_se_informed_policy__d120__w12,162,46
5_se_informed_policy,5_se_informed_policy__d120__w12,163,53
5_se_informed_policy,5_se_informed_policy__d120__w12,164,46
5_se_informed_policy,5_se_informed_policy__d120__w12,165,35
5_se_informed_policy,5_se_informed_policy__d120__w12,166,54
5_se_informed_policy,5_se_informed_policy__d120__w12,167,34
5_se_informed_policy,5_se_informed_policy__d240__w12,0,26
5_se_informed_policy,5_se_informed_policy__d240__w12,1,79
5_se_informed_policy,5_se_informed_policy__d240__w12,2,34
5_se_informed_policy,5_se_informed_policy__d240__w12,3,30
5_se_informed_policy,5_se_informed_policy__d240__w12,4,34
5_se_informed_policy,5_se_informed_policy__d240__w12,5,27
5_se_informed_policy,5_se_informed_policy__d240__w12,6,35
5_se_informed_policy,5_se_informed_policy__d240__w12,7,40
5_se_informed_policy,5_se_informed_policy__d240__w12,8,48
5_se_informed_policy,5_se_informed_policy__d240__w12,9,55
5_se_informed_policy,5_se_informed_policy__d240__w12,10,69
5_se_informed_policy,5_se_informed_policy__d240__w12,11,70
5_se_informed_policy,5_se_informed_policy__d240__w12,12,115
5_se_informed_policy,5_se_informed_policy__d240__w12,13,69
5_se_informed_policy,5_se_informed_policy__d240__w12,14,89
5_se_informed_policy,5_se_informed_policy__d240__w12,15,87
5_se_informed_policy,5_se_informed_policy__d240__w12,16,97
5_se_informed_policy,5_se_informed_policy__d240__w12,17,100
5_se_informed_policy,5_se_informed_policy__d240__w12,18,83
5_se_informed_policy,5_se_informed_policy__d240__w12,19,94
5_se_informed_policy,5_se_informed_policy__d240__w12,20,96
5_se_informed_policy,5_se_informed_policy__d240__w12,21,90
5_se_informed_policy,5_se_informed_policy__d240__w12,22,111
5_se_informed_policy,5_se_informed_policy__d240__w12,23,87
5_se_informed_policy,5_se_informed_policy__d240__w12,24,78
5_se_informed_policy,5_se_informed_policy__d240__w12,25,89
5_se_informed_policy,5_se_informed_policy__d240__w12,26,230
5_se_informed_policy,5_se_informed_policy__d240__w12,27,32
5_se_informed_policy,5_se_informed_policy__d240__w12,28,45
5_se_informed_policy,5_se_informed_policy__d240__w12,29,33
5_se_informed_policy,5_se_informed_policy__d240__w12,30,44
5_se_informed_policy,5_se_informed_policy__d240__w12,31,40
5_se_informed_policy,5_se_informed_policy__d240__w12,32,66
5_se_informed_policy,5_se_informed_policy__d240__w12,33,59
5_se_informed_policy,5_se_informed_policy__d240__w12,34,58
5_se_informed_policy,5_se_informed_policy__d240__w12,35,62
5_se_informed_policy,5_se_informed_policy__d240__w12,36,167
5_se_informed_policy,5_se_informed_policy__d240__w12,37,79
5_se_informed_policy,5_se_informed_policy__d240__w12,38,96
5_se_informed_policy,5_se_informed_policy__d240__w12,39,94
5_se_informed_policy,5_se_informed_policy__d240__w12,40,94
5_se_informed_policy,5_se_informed_policy__d240__w12,41,107
5_se_informed_policy,5_se_informed_policy__d240__w12,42,109
5_se_informed_policy,5_se_informed_policy__d240__w12,43,101
5_se_informed_policy,5_se_informed_policy__d240__w12,44,121
5_se_informed_policy,5_se_informed_policy__d240__w12,45,118
5_se_informed_policy,5_se_informed_policy__d240__w12,46,89
5_se_informed_policy,5_se_informed_policy__d240__w12,47,90
5_se_informed_policy,5_se_informed_policy__d240__w12,48,60
5_se_informed_policy,5_se_informed_policy__d240__w12,49,75
5_se_informed_policy,5_se_informed_policy__d240__w12,50,253
5_se_informed_policy,5_se_informed_policy__d240__w12,51,47
5_se_informed_policy,5_se_informed_policy__d240__w12,52,36
5_se_informed_policy,5_se_informed_policy__d240__w12,53,39
5_se_informed_policy,5_se_informed_policy__d240__w12,54,41
5_se_informed_policy,5_se_informed_policy__d240__w12,55,54
5_se_informed_policy,5_se_informed_policy__d240__w12,56,51
5_se_informed_policy,5_se_informed_policy__d240__w12,57,53
5_se_informed_policy,5_se_informed_policy__d240__w12,58,55
5_se_informed_policy,5_se_informed_policy__d240__w12,59,56
5_se_informed_policy,5_se_informed_policy__d240__w12,60,129
5_se_informed_policy,5_se_informed_policy__d240__w12,61,71
5_se_informed_policy,5_se_informed_policy__d240__w12,62,67
5_se_informed_policy,5_se_informed_policy__d240__w12,63,83
5_se_informed_policy,5_se_informed_policy__d240__w12,64,95
5_se_informed_policy,5_se_informed_policy__d240__w12,65,112
5_se_informed_policy,5_se_informed_policy__d240__w12,66,109
5_se_informed_policy,5_se_informed_policy__d240__w12,67,111
5_se_informed_policy,5_se_informed_policy__d240__w12,68,96
5_se_informed_policy,5_se_informed_policy__d240__w12,69,101
5_se_informed_policy,5_se_informed_policy__d240__w12,70,102
5_se_informed_policy,5_se_informed_policy__d240__w12,71,107
5_se_informed_policy,5_se_informed_policy__d240__w12,72,82
5_se_informed_policy,5_se_informed_policy__d240__w12,73,65
5_se_informed_policy,5_se_informed_policy__d240__w12,74,295
5_se_informed_policy,5_se_informed_policy__d240__w12,75,38
5_se_informed_policy,5_se_informed_policy__d240__w12,76,42
5_se_informed_policy,5_se_informed_policy__d240__w12,77,41
5_se_informed_policy,5_se_informed_policy__d240__w12,78,55
5_se_informed_policy,5_se_informed_policy__d240__w12,79,43
5_se_informed_policy,5_se_informed_policy__d240__w12,80,57
5_se_informed_policy,5_se_informed_policy__d240__w12,81,51
5_se_informed_policy,5_se_informed_policy__d240__w12,82,53
5_se_informed_policy,5_se_informed_policy__d240__w12,83,58
5_se_informed_policy,5_se_informed_policy__d240__w12,84,172
5_se_informed_policy,5_se_informed_policy__d240__w12,85,85
5_se_informed_policy,5_se_informed_policy__d240__w12,86,80
5_se_informed_policy,5_se_informed_policy__d240__w12,87,91
5_se_informed_policy,5_se_informed_policy__d240__w12,88,107
5_se_informed_policy,5_se_informed_policy__d240__w12,89,103
5_se_informed_policy,5_se_informed_policy__d240__w12,90,95
5_se_informed_policy,5_se_informed_policy__d240__w12,91,107
5_se_informed_policy,5_se_informed_policy__d240__w12,92,95
5_se_informed_policy,5_se_informed_policy__d240__w12,93,111
5_se_informed_policy,5_se_informed_policy__d240__w12,94,107
5_se_informed_policy,5_se_informed_policy__d240__w12,95,117
5_se_informed_policy,5_se_informed_policy__d240__w12,96,56
5_se_informed_policy,5_se_informed_policy__d240__w12,97,78
5_se_informed_policy,5_se_informed_policy__d240__w12,98,263
5_se_informed_policy,5_se_informed_policy__d240__w12,99,31
5_se_informed_policy,5_se_informed_policy__d240__w12,100,25
5_se_informed_policy,5_se_informed_policy__d240__w12,101,37
5_se_informed_policy,5_se_informed_policy__d240__w12,102,46
5_se_informed_policy,5_se_informed_policy__d240__w12,103,44
5_se_informed_policy,5_se_informed_policy__d240__w12,104,51
5_se_informed_policy,5_se_informed_policy__d240__w12,105,62
5_se_informed_policy,5_se_informed_policy__d240__w12,106,66
5_se_informed_policy,5_se_informed_policy__d240__w12,107,63
5_se_informed_policy,5_se_informed_policy__d240__w12,108,163
5_se_informed_policy,5_se_informed_policy__d240__w12,109,80
5_se_informed_policy,5_se_informed_policy__d240__w12,110,90
5_se_informed_policy,5_se_informed_policy__d240__w12,111,111
5_se_informed_policy,5_se_informed_policy__d240__w12,112,107
5_se_informed_policy,5_se_informed_policy__d240__w12,113,116
5_se_informed_policy,5_se_informed_policy__d240__w12,114,108
5_se_informed_policy,5_se_informed_policy__d240__w12,115,97
5_se_informed_policy,5_se_informed_policy__d240__w12,116,98
5_se_informed_policy,5_se_informed_policy__d240__w12,117,106
5_se_informed_policy,5_se_informed_policy__d240__w12,118,112
5_se_informed_policy,5_se_informed_policy__d240__w12,119,76
5_se_informed_policy,5_se_informed_policy__d240__w12,120,66
5_se_informed_policy,5_se_informed_policy__d240__w12,121,79
5_se_informed_policy,5_se_informed_policy__d240__w12,122,55
5_se_informed_policy,5_se_informed_policy__d240__w12,123,144
5_se_informed_policy,5_se_informed_policy__d240__w12,124,19
5_se_informed_policy,5_se_informed_policy__d240__w12,125,27
5_se_informed_policy,5_se_informed_policy__d240__w12,126,14
5_se_informed_policy,5_se_informed_policy__d240__w12,127,20
5_se_informed_policy,5_se_informed_policy__d240__w12,128,12
5_se_informed_policy,5_se_informed_policy__d240__w12,129,23
5_se_informed_policy,5_se_informed_policy__d240__w12,130,56
5_se_informed_policy,5_se_informed_policy__d240__w12,131,32
5_se_informed_policy,5_se_informed_policy__d240__w12,132,91
5_se_informed_policy,5_se_informed_policy__d240__w12,133,41
5_se_informed_policy,5_se_informed_policy__d240__w12,134,30
5_se_informed_policy,5_se_informed_policy__d240__w12,135,52
5_se_informed_policy,5_se_informed_policy__d240__w12,136,38
5_se_informed_policy,5_se_informed_policy__d240__w12,137,51
5_se_informed_policy,5_se_informed_policy__d240__w12,138,37
5_se_informed_policy,5_se_informed_policy__d240__w12,139,33
5_se_informed_policy,5_se_informed_policy__d240__w12,140,45
5_se_informed_policy,5_se_informed_policy__d240__w12,141,48
5_se_informed_policy,5_se_informed_policy__d240__w12,142,52
5_se_informed_policy,5_se_informed_policy__d240__w12,143,44
5_se_informed_policy,5_se_informed_policy__d240__w12,144,33
5_se_informed_policy,5_se_informed_policy__d240__w12,145,30
5_se_informed_policy,5_se_informed_policy__d240__w12,146,33
5_se_informed_policy,5_se_informed_policy__d240__w12,147,43
5_se_informed_policy,5_se_informed_policy__d240__w12,148,22
5_se_informed_policy,5_se_informed_policy__d240__w12,149,27
5_se_informed_policy,5_se_informed_policy__d240__w12,150,25
5_se_informed_policy,5_se_informed_policy__d240__w12,151,18
5_se_informed_policy,5_se_informed_policy__d240__w12,152,14
5_se_informed_policy,5_se_informed_policy__d240__w12,153,35
5_se_informed_policy,5_se_informed_policy__d240__w12,154,25
5_se_informed_policy,5_se_informed_policy__d240__w12,155,76
5_se_informed_policy,5_se_informed_policy__d240__w12,156,34
5_se_informed_policy,5_se_informed_policy__d240__w12,157,43
5_se_informed_policy,5_se_informed_policy__d240__w12,158,35
5_se_informed_policy,5_se_informed_policy__d240__w12,159,27
5_se_informed_policy,5_se_informed_policy__d240__w12,160,31
5_se_informed_policy,5_se_informed_policy__d240__w12,161,56
5_se_informed_policy,5_se_informed_policy__d240__w12,162,48
5_se_informed_policy,5_se_informed_policy__d240__w12,163,56
5_se_informed_policy,5_se_informed_policy__d240__w12,164,47
5_se_informed_policy,5_se_informed_policy__d240__w12,165,38
5_se_informed_policy,5_se_informed_policy__d240__w12,166,55
5_se_informed_policy,5_se_informed_policy__d240__w12,167,35
5_se_informed_policy,5_se_informed_policy__d480__w12,0,28
5_se_informed_policy,5_se_informed_policy__d480__w12,1,65
5_se_informed_policy,5_se_informed_policy__d480__w12,2,34
5_se_informed_policy,5_se_informed_policy__d480__w12,3,30
5_se_informed_policy,5_se_informed_policy__d480__w12,4,34
5_se_informed_policy,5_se_informed_policy__d480__w12,5,30
5_se_informed_policy,5_se_informed_policy__d480__w12,6,38
5_se_informed_policy,5_se_informed_policy__d480__w12,7,42
5_se_informed_policy,5_se_informed_policy__d480__w12,8,53
5_se_informed_policy,5_se_informed_policy__d480__w12,9,61
5_se_informed_policy,5_se_informed_policy__d480__w12,10,82
5_se_informed_policy,5_se_informed_policy__d480__w12,11,73
5_se_informed_policy,5_se_informed_policy__d480__w12,12,98
5_se_informed_policy,5_se_informed_policy__d480__w12,13,76
5_se_informed_policy,5_se_informed_policy__d480__w12,14,92
5_se_informed_policy,5_se_informed_policy__d480__w12,15,92
5_se_informed_policy,5_se_informed_policy__d480__w12,16,100
5_se_informed_policy,5_se_informed_policy__d480__w12,17,106
5_se_informed_policy,5_se_informed_policy__d480__w12,18,85
5_se_informed_policy,5_se_informed_policy__d480__w12,19,95
5_se_informed_policy,5_se_informed_policy__d480__w12,20,98
5_se_informed_policy,5_se_informed_policy__d480__w12,21,99
5_se_informed_policy,5_se_informed_policy__d480__w12,22,101
5_se_informed_policy,5_se_informed_policy__d480__w12,23,88
5_se_informed_policy,5_se_informed_policy__d480__w12,24,80
5_se_informed_policy,5_se_informed_policy__d480__w12,25,84
5_se_informed_policy,5_se_informed_policy__d480__w12,26,186
5_se_informed_policy,5_se_informed_policy__d480__w12,27,32
5_se_informed_policy,5_se_informed_policy__d480__w12,28,45
5_se_informed_policy,5_se_informed_policy__d480__w12,29,33
5_se_informed_policy,5_se_informed_policy__d480__w12,30,48
5_se_informed_policy,5_se_informed_policy__d480__w12,31,44
5_se_informed_policy,5_se_informed_policy__d480__w12,32,70
5_se_informed_policy,5_se_informed_policy__d480__w12,33,67
5_se_informed_policy,5_se_informed_policy__d480__w12,34,61
5_se_informed_policy,5_se_informed_policy__d480__w12,35,67
5_se_informed_policy,5_se_informed_policy__d480__w12,36,139
5_se_informed_policy,5_se_informed_policy__d480__w12,37,83
5_se_informed_policy,5_se_informed_policy__d480__w12,38,101
5_se_informed_policy,5_se_informed_policy__d480__w12,39,100
5_se_informed_policy,5_se_informed_policy__d480__w12,40,97
5_se_informed_policy,5_se_informed_policy__d480__w12,41,109
5_se_informed_policy,5_se_informed_policy__d480__w12,42,114
5_se_informed_policy,5_se_informed_policy__d480__w12,43,103
5_se_informed_policy,5_se_informed_policy__d480__w12,44,123
5_se_informed_policy,5_se_informed_policy__d480__w12,45,124
5_se_informed_policy,5_se_informed_policy__d480__w12,46,92
5_se_informed_policy,5_se_informed_policy__d480__w12,47,94
5_se_informed_policy,5_se_informed_policy__d480__w12,48,66
5_se_informed_policy,5_se_informed_policy__d480__w12,49,72
5_se_informed_policy,5_se_informed_policy__d480__w12,50,208
5_se_informed_policy,5_se_informed_policy__d480__w12,51,47
5_se_informed_policy,5_se_informed_policy__d480__w12,52,38
5_se_informed_policy,5_se_informed_policy__d480__w12,53,41
5_se_informed_policy,5_se_informed_policy__d480__w12,54,44
5_se_informed_policy,5_se_informed_policy__d480__w12,55,59
5_se_informed_policy,5_se_informed_policy__d480__w12,56,54
5_se_informed_policy,5_se_informed_policy__d480__w12,57,57
5_se_informed_policy,5_se_informed_policy__d480__w12,58,61
5_se_informed_policy,5_se_informed_policy__d480__w12,59,61
5_se_informed_policy,5_se_informed_policy__d480__w12,60,111
5_se_informed_policy,5_se_informed_policy__d480__w12,61,75
5_se_informed_policy,5_se_informed_policy__d480__w12,62,68
5_se_informed_policy,5_se_informed_policy__d480__w12,63,86
5_se_informed_policy,5_se_informed_policy__d480__w12,64,96
5_se_informed_policy,5_se_informed_policy__d480__w12,65,114
5_se_informed_policy,5_se_informed_policy__d480__w12,66,113
5_se_informed_policy,5_se_informed_policy__d480__w12,67,117
5_se_informed_policy,5_se_informed_policy__d480__w12,68,101
5_se_informed_policy,5_se_informed_policy__d480__w12,69,105
5_se_informed_policy,5_se_informed_policy__d480__w12,70,101
5_se_informed_policy,5_se_informed_policy__d480__w12,71,104
5_se_informed_policy,5_se_informed_policy__d480__w12,72,82
5_se_informed_policy,5_se_informed_policy__d480__w12,73,62
5_se_informed_policy,5_se_informed_policy__d480__w12,74,260
5_se_informed_policy,5_se_informed_policy__d480__w12,75,38
5_se_informed_policy,5_se_informed_policy__d480__w12,76,43
5_se_informed_policy,5_se_informed_policy__d480__w12,77,43
5_se_informed_policy,5_se_informed_policy__d480__w12,78,59
5_se_informed_policy,5_se_informed_policy__d480__w12,79,49
5_se_informed_policy,5_se_informed_policy__d480__w12,80,65
5_se_informed_policy,5_se_informed_policy__d480__w12,81,60
5_se_informed_policy,5_se_informed_policy__d480__w12,82,60
5_se_informed_policy,5_se_informed_policy__d480__w12,83,64
5_se_informed_policy,5_se_informed_policy__d480__w12,84,139
5_se_informed_policy,5_se_informed_policy__d480__w12,85,88
5_se_informed_policy,5_se_informed_policy__d480__w12,86,85
5_se_informed_policy,5_se_informed_policy__d480__w12,87,94
5_se_informed_policy,5_se_informed_policy__d480__w12,88,108
5_se_informed_policy,5_se_informed_policy__d480__w12,89,106
5_se_informed_policy,5_se_informed_policy__d480__w12,90,99
5_se_informed_policy,5_se_informed_policy__d480__w12,91,109
5_se_informed_policy,5_se_informed_policy__d480__w12,92,101
5_se_informed_policy,5_se_informed_policy__d480__w12,93,118
5_se_informed_policy,5_se_informed_policy__d480__w12,94,115
5_se_informed_policy,5_se_informed_policy__d480__w12,95,110
5_se_informed_policy,5_se_informed_policy__d480__w12,96,61
5_se_informed_policy,5_se_informed_policy__d480__w12,97,77
5_se_informed_policy,5_se_informed_policy__d480__w12,98,214
5_se_informed_policy,5_se_informed_policy__d480__w12,99,32
5_se_informed_policy,5_se_informed_policy__d480__w12,100,25
5_se_informed_policy,5_se_informed_policy__d480__w12,101,39
5_se_informed_policy,5_se_informed_policy__d480__w12,102,47
5_se_informed_policy,5_se_informed_policy__d480__w12,103,45
5_se_informed_policy,5_se_informed_policy__d480__w12,104,52
5_se_informed_policy,5_se_informed_policy__d480__w12,105,73
5_se_informed_policy,5_se_informed_policy__d480__w12,106,70
5_se_informed_policy,5_se_informed_policy__d480__w12,107,65
5_se_informed_policy,5_se_informed_policy__d480__w12,108,140
5_se_informed_policy,5_se_informed_policy__d480__w12,109,85
5_se_informed_policy,5_se_informed_policy__d480__w12,110,92
5_se_informed_policy,5_se_informed_policy__d480__w12,111,114
5_se_informed_policy,5_se_informed_policy__d480__w12,112,110
5_se_informed_policy,5_se_informed_policy__d480__w12,113,118
5_se_informed_policy,5_se_informed_policy__d480__w12,114,114
5_se_informed_policy,5_se_informed_policy__d480__w12,115,100
5_se_informed_policy,5_se_informed_policy__d480__w12,116,102
5_se_informed_policy,5_se_informed_policy__d480__w12,117,110
5_se_informed_policy,5_se_informed_policy__d480__w12,118,117
5_se_informed_policy,5_se_informed_policy__d480__w12,119,77
5_se_informed_policy,5_se_informed_policy__d480__w12,120,67
5_se_informed_policy,5_se_informed_policy__d480__w12,121,77
5_se_informed_policy,5_se_informed_policy__d480__w12,122,55
5_se_informed_policy,5_se_informed_policy__d480__w12,123,121
5_se_informed_policy,5_se_informed_policy__d480__w12,124,20
5_se_informed_policy,5_se_informed_policy__d480__w12,125,27
5_se_informed_policy,5_se_informed_policy__d480__w12,126,15
5_se_informed_policy,5_se_informed_policy__d480__w12,127,21
5_se_informed_policy,5_se_informed_policy__d480__w12,128,12
5_se_informed_policy,5_se_informed_policy__d480__w12,129,23
5_se_informed_policy,5_se_informed_policy__d480__w12,130,51
5_se_informed_policy,5_se_informed_policy__d480__w12,131,35
5_se_informed_policy,5_se_informed_policy__d480__w12,132,76
5_se_informed_policy,5_se_informed_policy__d480__w12,133,42
5_se_informed_policy,5_se_informed_policy__d480__w12,134,31
5_se_informed_policy,5_se_informed_policy__d480__w12,135,53
5_se_informed_policy,5_se_informed_policy__d480__w12,136,38
5_se_informed_policy,5_se_informed_policy__d480__w12,137,53
5_se_informed_policy,5_se_informed_policy__d480__w12,138,37
5_se_informed_policy,5_se_informed_policy__d480__w12,139,33
5_se_informed_policy,5_se_informed_policy__d480__w12,140,45
5_se_informed_policy,5_se_informed_policy__d480__w12,141,52
5_se_informed_policy,5_se_informed_policy__d480__w12,142,52
5_se_informed_policy,5_se_informed_policy__d480__w12,143,44
5_se_informed_policy,5_se_informed_policy__d480__w12,144,35
5_se_informed_policy,5_se_informed_policy__d480__w12,145,30
5_se_informed_policy,5_se_informed_policy__d480__w12,146,32
5_se_informed_policy,5_se_informed_policy__d480__w12,147,40
5_se_informed_policy,5_se_informed_policy__d480__w12,148,22
5_se_informed_policy,5_se_informed_policy__d480__w12,149,27
5_se_informed_policy,5_se_informed_policy__d480__w12,150,26
5_se_informed_policy,5_se_informed_policy__d480__w12,151,19
5_se_informed_policy,5_se_informed_policy__d480__w12,152,16
5_se_informed_policy,5_se_informed_policy__d480__w12,153,34
5_se_informed_policy,5_se_informed_policy__d480__w12,154,27
5_se_informed_policy,5_se_informed_policy__d480__w12,155,64
5_se_informed_policy,5_se_informed_policy__d480__w12,156,34
5_se_informed_policy,5_se_informed_policy__d480__w12,157,43
5_se_informed_policy,5_se_informed_policy__d480__w12,158,36
5_se_informed_policy,5_se_informed_policy__d480__w12,159,28
5_se_informed_policy,5_se_informed_policy__d480__w12,160,33
5_se_informed_policy,5_se_informed_policy__d480__w12,161,57
5_se_informed_policy,5_se_informed_policy__d480__w12,162,50
5_se_informed_policy,5_se_informed_policy__d480__w12,163,57
5_se_informed_policy,5_se_informed_policy__d480__w12,164,48
5_se_informed_policy,5_se_informed_policy__d480__w12,165,39
5_se_informed_policy,5_se_informed_policy__d480__w12,166,55
5_se_informed_policy,5_se_informed_policy__d480__w12,167,37
5_se_informed_policy,5_se_informed_policy__d960__w12,0,30
5_se_informed_policy,5_se_informed_policy__d960__w12,1,49
5_se_informed_policy,5_se_informed_policy__d960__w12,2,34
5_se_informed_policy,5_se_informed_policy__d960__w12,3,30
5_se_informed_policy,5_se_informed_policy__d960__w12,4,34
5_se_informed_policy,5_se_informed_policy__d960__w12,5,36
5_se_informed_policy,5_se_informed_policy__d960__w12,6,43
5_se_informed_policy,5_se_informed_policy__d960__w12,7,42
5_se_informed_policy,5_se_informed_policy__d960__w12,8,58
5_se_informed_policy,5_se_informed_policy__d960__w12,9,63
5_se_informed_policy,5_se_informed_policy__d960__w12,10,85
5_se_informed_policy,5_se_informed_policy__d960__w12,11,75
5_se_informed_policy,5_se_informed_policy__d960__w12,12,83
5_se_informed_policy,5_se_informed_policy__d960__w12,13,81
5_se_informed_policy,5_se_informed_policy__d960__w12,14,95
5_se_informed_policy,5_se_informed_policy__d960__w12,15,98
5_se_informed_policy,5_se_informed_policy__d960__w12,16,104
5_se_informed_policy,5_se_informed_policy__d960__w12,17,110
5_se_informed_policy,5_se_informed_policy__d960__w12,18,91
5_se_informed_policy,5_se_informed_policy__d960__w12,19,97
5_se_informed_policy,5_se_informed_policy__d960__w12,20,108
5_se_informed_policy,5_se_informed_policy__d960__w12,21,103
5_se_informed_policy,5_se_informed_policy__d960__w12,22,99
5_se_informed_policy,5_se_informed_policy__d960__w12,23,90
5_se_informed_policy,5_se_informed_policy__d960__w12,24,78
5_se_informed_policy,5_se_informed_policy__d960__w12,25,81
5_se_informed_policy,5_se_informed_policy__d960__w12,26,139
5_se_informed_policy,5_se_informed_policy__d960__w12,27,32
5_se_informed_policy,5_se_informed_policy__d960__w12,28,45
5_se_informed_policy,5_se_informed_policy__d960__w12,29,35
5_se_informed_policy,5_se_informed_policy__d960__w12,30,51
5_se_informed_policy,5_se_informed_policy__d960__w12,31,47
5_se_informed_policy,5_se_informed_policy__d960__w12,32,70
5_se_informed_policy,5_se_informed_policy__d960__w12,33,69
5_se_informed_policy,5_se_informed_policy__d960__w12,34,63
5_se_informed_policy,5_se_informed_policy__d960__w12,35,69
5_se_informed_policy,5_se_informed_policy__d960__w12,36,125
5_se_informed_policy,5_se_informed_policy__d960__w12,37,86
5_se_informed_policy,5_se_informed_policy__d960__w12,38,107
5_se_informed_policy,5_se_informed_policy__d960__w12,39,103
5_se_informed_policy,5_se_informed_policy__d960__w12,40,98
5_se_informed_policy,5_se_informed_policy__d960__w12,41,113
5_se_informed_policy,5_se_informed_policy__d960__w12,42,116
5_se_informed_policy,5_se_informed_policy__d960__w12,43,118
5_se_informed_policy,5_se_informed_policy__d960__w12,44,127
5_se_informed_policy,5_se_informed_policy__d960__w12,45,128
5_se_informed_policy,5_se_informed_policy__d960__w12,46,97
5_se_informed_policy,5_se_informed_policy__d960__w12,47,97
5_se_informed_policy,5_se_informed_policy__d960__w12,48,70
5_se_informed_policy,5_se_informed_policy__d960__w12,49,70
5_se_informed_policy,5_se_informed_policy__d960__w12,50,156
5_se_informed_policy,5_se_informed_policy__d960__w12,51,47
5_se_informed_policy,5_se_informed_policy__d960__w12,52,38
5_se_informed_policy,5_se_informed_policy__d960__w12,53,43
5_se_informed_policy,5_se_informed_policy__d960__w12,54,48
5_se_informed_policy,5_se_informed_policy__d960__w12,55,63
5_se_informed_policy,5_se_informed_policy__d960__w12,56,55
5_se_informed_policy,5_se_informed_policy__d960__w12,57,59
5_se_informed_policy,5_se_informed_policy__d960__w12,58,63
5_se_informed_policy,5_se_informed_policy__d960__w12,59,62
5_se_informed_policy,5_se_informed_policy__d960__w12,60,100
5_se_informed_policy,5_se_informed_policy__d960__w12,61,76
5_se_informed_policy,5_se_informed_policy__d960__w12,62,76
5_se_informed_policy,5_se_informed_policy__d960__w12,63,94
5_se_informed_policy,5_se_informed_policy__d960__w12,64,101
5_se_informed_policy,5_se_informed_policy__d960__w12,65,118
5_se_informed_policy,5_se_informed_policy__d960__w12,66,120
5_se_informed_policy,5_se_informed_policy__d960__w12,67,124
5_se_informed_policy,5_se_informed_policy__d960__w12,68,111
5_se_informed_policy,5_se_informed_policy__d960__w12,69,109
5_se_informed_policy,5_se_informed_policy__d960__w12,70,103
5_se_informed_policy,5_se_informed_policy__d960__w12,71,109
5_se_informed_policy,5_se_informed_policy__d960__w12,72,84
5_se_informed_policy,5_se_informed_policy__d960__w12,73,62
5_se_informed_policy,5_se_informed_policy__d960__w12,74,192
5_se_informed_policy,5_se_informed_policy__d960__w12,75,38
5_se_informed_policy,5_se_informed_policy__d960__w12,76,47
5_se_informed_policy,5_se_informed_policy__d960__w12,77,48
5_se_informed_policy,5_se_informed_policy__d960__w12,78,63
5_se_informed_policy,5_se_informed_policy__d960__w12,79,52
5_se_informed_policy,5_se_informed_policy__d960__w12,80,69
5_se_informed_policy,5_se_informed_policy__d960__w12,81,61
5_se_informed_policy,5_se_informed_policy__d960__w12,82,65
5_se_informed_policy,5_se_informed_policy__d960__w12,83,69
5_se_informed_policy,5_se_informed_policy__d960__w12,84,116
5_se_informed_policy,5_se_informed_policy__d960__w12,85,91
5_se_informed_policy,5_se_informed_policy__d960__w12,86,91
5_se_informed_policy,5_se_informed_policy__d960__w12,87,98
5_se_informed_policy,5_se_informed_policy__d960__w12,88,114
5_se_informed_policy,5_se_informed_policy__d960__w12,89,111
5_se_informed_policy,5_se_informed_policy__d960__w12,90,103
5_se_informed_policy,5_se_informed_policy__d960__w12,91,111
5_se_informed_policy,5_se_informed_policy__d960__w12,92,110
5_se_informed_policy,5_se_informed_policy__d960__w12,93,123
5_se_informed_policy,5_se_informed_policy__d960__w12,94,117
5_se_informed_policy,5_se_informed_policy__d960__w12,95,105
5_se_informed_policy,5_se_informed_policy__d960__w12,96,65
5_se_informed_policy,5_se_informed_policy__d960__w12,97,75
5_se_informed_policy,5_se_informed_policy__d960__w12,98,163
5_se_informed_policy,5_se_informed_policy__d960__w12,99,32
5_se_informed_policy,5_se_informed_policy__d960__w12,100,25
5_se_informed_policy,5_se_informed_policy__d960__w12,101,40
5_se_informed_policy,5_se_informed_policy__d960__w12,102,49
5_se_informed_policy,5_se_informed_policy__d960__w12,103,51
5_se_informed_policy,5_se_informed_policy__d960__w12,104,55
5_se_informed_policy,5_se_informed_policy__d960__w12,105,76
5_se_informed_policy,5_se_informed_policy__d960__w12,106,71
5_se_informed_policy,5_se_informed_policy__d960__w12,107,69
5_se_informed_policy,5_se_informed_policy__d960__w12,108,120
5_se_informed_policy,5_se_informed_policy__d960__w12,109,87
5_se_informed_policy,5_se_informed_policy__d960__w12,110,95
5_se_informed_policy,5_se_informed_policy__d960__w12,111,123
5_se_informed_policy,5_se_informed_policy__d960__w12,112,115
5_se_informed_policy,5_se_informed_policy__d960__w12,113,120
5_se_informed_policy,5_se_informed_policy__d960__w12,114,118
5_se_informed_policy,5_se_informed_policy__d960__w12,115,106
5_se_informed_policy,5_se_informed_policy__d960__w12,116,106
5_se_informed_policy,5_se_informed_policy__d960__w12,117,120
5_se_informed_policy,5_se_informed_policy__d960__w12,118,124
5_se_informed_policy,5_se_informed_policy__d960__w12,119,82
5_se_informed_policy,5_se_informed_policy__d960__w12,120,70
5_se_informed_policy,5_se_informed_policy__d960__w12,121,76
5_se_informed_policy,5_se_informed_policy__d960__w12,122,54
5_se_informed_policy,5_se_informed_policy__d960__w12,123,82
5_se_informed_policy,5_se_informed_policy__d960__w12,124,21
5_se_informed_policy,5_se_informed_policy__d960__w12,125,27
5_se_informed_policy,5_se_informed_policy__d960__w12,126,17
5_se_informed_policy,5_se_informed_policy__d960__w12,127,24
5_se_informed_policy,5_se_informed_policy__d960__w12,128,15
5_se_informed_policy,5_se_informed_policy__d960__w12,129,26
5_se_informed_policy,5_se_informed_policy__d960__w12,130,45
5_se_informed_policy,5_se_informed_policy__d960__w12,131,31
5_se_informed_policy,5_se_informed_policy__d960__w12,132,55
5_se_informed_policy,5_se_informed_policy__d960__w12,133,43
5_se_informed_policy,5_se_informed_policy__d960__w12,134,34
5_se_informed_policy,5_se_informed_policy__d960__w12,135,55
5_se_informed_policy,5_se_informed_policy__d960__w12,136,39
5_se_informed_policy,5_se_informed_policy__d960__w12,137,54
5_se_informed_policy,5_se_informed_policy__d960__w12,138,38
5_se_informed_policy,5_se_informed_policy__d960__w12,139,33
5_se_informed_policy,5_se_informed_policy__d960__w12,140,47
5_se_informed_policy,5_se_informed_policy__d960__w12,141,54
5_se_informed_policy,5_se_informed_policy__d960__w12,142,54
5_se_informed_policy,5_se_informed_policy__d960__w12,143,46
5_se_informed_policy,5_se_informed_policy__d960__w12,144,38
5_se_informed_policy,5_se_informed_policy__d960__w12,145,31
5_se_informed_policy,5_se_informed_policy__d960__w12,146,29
5_se_informed_policy,5_se_informed_policy__d960__w12,147,34
5_se_informed_policy,5_se_informed_policy__d960__w12,148,22
5_se_informed_policy,5_se_informed_policy__d960__w12,149,28
5_se_informed_policy,5_se_informed_policy__d960__w12,150,27
5_se_informed_policy,5_se_informed_policy__d960__w12,151,21
5_se_informed_policy,5_se_informed_policy__d960__w12,152,17
5_se_informed_policy,5_se_informed_policy__d960__w12,153,32
5_se_informed_policy,5_se_informed_policy__d960__w12,154,25
5_se_informed_policy,5_se_informed_policy__d960__w12,155,51
5_se_informed_policy,5_se_informed_policy__d960__w12,156,34
5_se_informed_policy,5_se_informed_policy__d960__w12,157,43
5_se_informed_policy,5_se_informed_policy__d960__w12,158,36
5_se_informed_policy,5_se_informed_policy__d960__w12,159,29
5_se_informed_policy,5_se_informed_policy__d960__w12,160,35
5_se_informed_policy,5_se_informed_policy__d960__w12,161,59
5_se_informed_policy,5_se_informed_policy__d960__w12,162,50
5_se_informed_policy,5_se_informed_policy__d960__w12,163,59
5_se_informed_policy,5_se_informed_policy__d960__w12,164,49
5_se_informed_policy,5_se_informed_policy__d960__w12,165,41
5_se_informed_policy,5_se_informed_policy__d960__w12,166,57
5_se_informed_policy,5_se_informed_policy__d960__w12,167,39
5_se_informed_policy,5_se_informed_policy__d1920__w12,0,30
5_se_informed_policy,5_se_informed_policy__d1920__w12,1,43
5_se_informed_policy,5_se_informed_policy__d1920__w12,2,34
5_se_informed_policy,5_se_informed_policy__d1920__w12,3,30
5_se_informed_policy,5_se_informed_policy__d1920__w12,4,34
5_se_informed_policy,5_se_informed_policy__d1920__w12,5,37
5_se_informed_policy,5_se_informed_policy__d1920__w12,6,43
5_se_informed_policy,5_se_informed_policy__d1920__w12,7,43
5_se_informed_policy,5_se_informed_policy__d1920__w12,8,58
5_se_informed_policy,5_se_informed_policy__d1920__w12,9,63
5_se_informed_policy,5_se_informed_policy__d1920__w12,10,85
5_se_informed_policy,5_se_informed_policy__d1920__w12,11,75
5_se_informed_policy,5_se_informed_policy__d1920__w12,12,82
5_se_informed_policy,5_se_informed_policy__d1920__w12,13,85
5_se_informed_policy,5_se_informed_policy__d1920__w12,14,103
5_se_informed_policy,5_se_informed_policy__d1920__w12,15,102
5_se_informed_policy,5_se_informed_policy__d1920__w12,16,111
5_se_informed_policy,5_se_informed_policy__d1920__w12,17,112
5_se_informed_policy,5_se_informed_policy__d1920__w12,18,92
5_se_informed_policy,5_se_informed_policy__d1920__w12,19,100
5_se_informed_policy,5_se_informed_policy__d1920__w12,20,109
5_se_informed_policy,5_se_informed_policy__d1920__w12,21,109
5_se_informed_policy,5_se_informed_policy__d1920__w12,22,100
5_se_informed_policy,5_se_informed_policy__d1920__w12,23,93
5_se_informed_policy,5_se_informed_policy__d1920__w12,24,78
5_se_informed_policy,5_se_informed_policy__d1920__w12,25,77
5_se_informed_policy,5_se_informed_policy__d1920__w12,26,102
5_se_informed_policy,5_se_informed_policy__d1920__w12,27,32
5_se_informed_policy,5_se_informed_policy__d1920__w12,28,45
5_se_informed_policy,5_se_informed_policy__d1920__w12,29,36
5_se_informed_policy,5_se_informed_policy__d1920__w12,30,51
5_se_informed_policy,5_se_informed_policy__d1920__w12,31,47
5_se_informed_policy,5_se_informed_policy__d1920__w12,32,71
5_se_informed_policy,5_se_informed_policy__d1920__w12,33,69
5_se_informed_policy,5_se_informed_policy__d1920__w12,34,64
5_se_informed_policy,5_se_informed_policy__d1920__w12,35,69
5_se_informed_policy,5_se_informed_policy__d1920__w12,36,122
5_se_informed_policy,5_se_informed_policy__d1920__w12,37,89
5_se_informed_policy,5_se_informed_policy__d1920__w12,38,108
5_se_informed_policy,5_se_informed_policy__d1920__w12,39,107
5_se_informed_policy,5_se_informed_policy__d1920__w12,40,106
5_se_informed_policy,5_se_informed_policy__d1920__w12,41,115
5_se_informed_policy,5_se_informed_policy__d1920__w12,42,118
5_se_informed_policy,5_se_informed_policy__d1920__w12,43,121
5_se_informed_policy,5_se_informed_policy__d1920__w12,44,129
5_se_informed_policy,5_se_informed_policy__d1920__w12,45,133
5_se_informed_policy,5_se_informed_policy__d1920__w12,46,99
5_se_informed_policy,5_se_informed_policy__d1920__w12,47,103
5_se_informed_policy,5_se_informed_policy__d1920__w12,48,70
5_se_informed_policy,5_se_informed_policy__d1920__w12,49,67
5_se_informed_policy,5_se_informed_policy__d1920__w12,50,121
5_se_informed_policy,5_se_informed_policy__d1920__w12,51,47
5_se_informed_policy,5_se_informed_policy__d1920__w12,52,39
5_se_informed_policy,5_se_informed_policy__d1920__w12,53,43
5_se_informed_policy,5_se_informed_policy__d1920__w12,54,49
5_se_informed_policy,5_se_informed_policy__d1920__w12,55,64
5_se_informed_policy,5_se_informed_policy__d1920__w12,56,56
5_se_informed_policy,5_se_informed_policy__d1920__w12,57,60
5_se_informed_policy,5_se_informed_policy__d1920__w12,58,65
5_se_informed_policy,5_se_informed_policy__d1920__w12,59,63
5_se_informed_policy,5_se_informed_policy__d1920__w12,60,96
5_se_informed_policy,5_se_informed_policy__d1920__w12,61,78
5_se_informed_policy,5_se_informed_policy__d1920__w12,62,78
5_se_informed_policy,5_se_informed_policy__d1920__w12,63,98
5_se_informed_policy,5_se_informed_policy__d1920__w12,64,106
5_se_informed_policy,5_se_informed_policy__d1920__w12,65,119
5_se_informed_policy,5_se_informed_policy__d1920__w12,66,123
5_se_informed_policy,5_se_informed_policy__d1920__w12,67,125
5_se_informed_policy,5_se_informed_policy__d1920__w12,68,115
5_se_informed_policy,5_se_informed_policy__d1920__w12,69,110
5_se_informed_policy,5_se_informed_policy__d1920__w12,70,102
5_se_informed_policy,5_se_informed_policy__d1920__w12,71,109
5_se_informed_policy,5_se_informed_policy__d1920__w12,72,85
5_se_informed_policy,5_se_informed_policy__d1920__w12,73,61
5_se_informed_policy,5_se_informed_policy__d1920__w12,74,166
5_se_informed_policy,5_se_informed_policy__d1920__w12,75,38
5_se_informed_policy,5_se_informed_policy__d1920__w12,76,48
5_se_informed_policy,5_se_informed_policy__d1920__w12,77,49
5_se_informed_policy,5_se_informed_policy__d1920__w12,78,67
5_se_informed_policy,5_se_informed_policy__d1920__w12,79,53
5_se_informed_policy,5_se_informed_policy__d1920__w12,80,69
5_se_informed_policy,5_se_informed_policy__d1920__w12,81,61
5_se_informed_policy,5_se_informed_policy__d1920__w12,82,65
5_se_informed_policy,5_se_informed_policy__d1920__w12,83,70
5_se_informed_policy,5_se_informed_policy__d1920__w12,84,109
5_se_informed_policy,5_se_informed_policy__d1920__w12,85,92
5_se_informed_policy,5_se_informed_policy__d1920__w12,86,94
5_se_informed_policy,5_se_informed_policy__d1920__w12,87,102
5_se_informed_policy,5_se_informed_policy__d1920__w12,88,117
5_se_informed_policy,5_se_informed_policy__d1920__w12,89,117
5_se_informed_policy,5_se_informed_policy__d1920__w12,90,109
5_se_informed_policy,5_se_informed_policy__d1920__w12,91,111
5_se_informed_policy,5_se_informed_policy__d1920__w12,92,113
5_se_informed_policy,5_se_informed_policy__d1920__w12,93,125
5_se_informed_policy,5_se_informed_policy__d1920__w12,94,120
5_se_informed_policy,5_se_informed_policy__d1920__w12,95,105
5_se_informed_policy,5_se_informed_policy__d1920__w12,96,70
5_se_informed_policy,5_se_informed_policy__d1920__w12,97,78
5_se_informed_policy,5_se_informed_policy__d1920__w12,98,123
5_se_informed_policy,5_se_informed_policy__d1920__w12,99,34
5_se_informed_policy,5_se_informed_policy__d1920__w12,100,28
5_se_informed_policy,5_se_informed_policy__d1920__w12,101,40
5_se_informed_policy,5_se_informed_policy__d1920__w12,102,49
5_se_informed_policy,5_se_informed_policy__d1920__w12,103,51
5_se_informed_policy,5_se_informed_policy__d1920__w12,104,55
5_se_informed_policy,5_se_informed_policy__d1920__w12,105,77
5_se_informed_policy,5_se_informed_policy__d1920__w12,106,71
5_se_informed_policy,5_se_informed_policy__d1920__w12,107,70
5_se_informed_policy,5_se_informed_policy__d1920__w12,108,113
5_se_informed_policy,5_se_informed_policy__d1920__w12,109,88
5_se_informed_policy,5_se_informed_policy__d1920__w12,110,103
5_se_informed_policy,5_se_informed_policy__d1920__w12,111,124
5_se_informed_policy,5_se_informed_policy__d1920__w12,112,119
5_se_informed_policy,5_se_informed_policy__d1920__w12,113,120
5_se_informed_policy,5_se_informed_policy__d1920__w12,114,120
5_se_informed_policy,5_se_informed_policy__d1920__w12,115,111
5_se_informed_policy,5_se_informed_policy__d1920__w12,116,106
5_se_informed_policy,5_se_informed_policy__d1920__w12,117,123
5_se_informed_policy,5_se_informed_policy__d1920__w12,118,126
5_se_informed_policy,5_se_informed_policy__d1920__w12,119,82
5_se_informed_policy,5_se_informed_policy__d1920__w12,120,74
5_se_informed_policy,5_se_informed_policy__d1920__w12,121,76
5_se_informed_policy,5_se_informed_policy__d1920__w12,122,46
5_se_informed_policy,5_se_informed_policy__d1920__w12,123,68
5_se_informed_policy,5_se_informed_policy__d1920__w12,124,21
5_se_informed_policy,5_se_informed_policy__d1920__w12,125,28
5_se_informed_policy,5_se_informed_policy__d1920__w12,126,20
5_se_informed_policy,5_se_informed_policy__d1920__w12,127,25
5_se_informed_policy,5_se_informed_policy__d1920__w12,128,15
5_se_informed_policy,5_se_informed_policy__d1920__w12,129,26
5_se_informed_policy,5_se_informed_policy__d1920__w12,130,43
5_se_informed_policy,5_se_informed_policy__d1920__w12,131,33
5_se_informed_policy,5_se_informed_policy__d1920__w12,132,42
5_se_informed_policy,5_se_informed_policy__d1920__w12,133,43
5_se_informed_policy,5_se_informed_policy__d1920__w12,134,34
5_se_informed_policy,5_se_informed_policy__d1920__w12,135,56
5_se_informed_policy,5_se_informed_policy__d1920__w12,136,41
5_se_informed_policy,5_se_informed_policy__d1920__w12,137,54
5_se_informed_policy,5_se_informed_policy__d1920__w12,138,39
5_se_informed_policy,5_se_informed_policy__d1920__w12,139,33
5_se_informed_policy,5_se_informed_policy__d1920__w12,140,48
5_se_informed_policy,5_se_informed_policy__d1920__w12,141,55
5_se_informed_policy,5_se_informed_policy__d1920__w12,142,54
5_se_informed_policy,5_se_informed_policy__d1920__w12,143,46
5_se_informed_policy,5_se_informed_policy__d1920__w12,144,39
5_se_informed_policy,5_se_informed_policy__d1920__w12,145,31
5_se_informed_policy,5_se_informed_policy__d1920__w12,146,30
5_se_informed_policy,5_se_informed_policy__d1920__w12,147,29
5_se_informed_policy,5_se_informed_policy__d1920__w12,148,23
5_se_informed_policy,5_se_informed_policy__d1920__w12,149,29
5_se_informed_policy,5_se_informed_policy__d1920__w12,150,27
5_se_informed_policy,5_se_informed_policy__d1920__w12,151,21
5_se_informed_policy,5_se_informed_policy__d1920__w12,152,17
5_se_informed_policy,5_se_informed_policy__d1920__w12,153,31
5_se_informed_policy,5_se_informed_policy__d1920__w12,154,25
5_se_informed_policy,5_se_informed_policy__d1920__w12,155,47
5_se_informed_policy,5_se_informed_policy__d1920__w12,156,34
5_se_informed_policy,5_se_informed_policy__d1920__w12,157,43
5_se_informed_policy,5_se_informed_policy__d1920__w12,158,37
5_se_informed_policy,5_se_informed_policy__d1920__w12,159,29
5_se_informed_policy,5_se_informed_policy__d1920__w12,160,35
5_se_informed_policy,5_se_informed_policy__d1920__w12,161,59
5_se_informed_policy,5_se_informed_policy__d1920__w12,162,51
5_se_informed_policy,5_se_informed_policy__d1920__w12,163,59
5_se_informed_policy,5_se_informed_policy__d1920__w12,164,52
5_se_informed_policy,5_se_informed_policy__d1920__w12,165,42
5_se_informed_policy,5_se_informed_policy__d1920__w12,166,57
5_se_informed_policy,5_se_informed_policy__d1920__w12,167,39
5_se_informed_policy,5_se_informed_policy__d3840__w12,0,30
5_se_informed_policy,5_se_informed_policy__d3840__w12,1,36
5_se_informed_policy,5_se_informed_policy__d3840__w12,2,34
5_se_informed_policy,5_se_informed_policy__d3840__w12,3,30
5_se_informed_policy,5_se_informed_policy__d3840__w12,4,34
5_se_informed_policy,5_se_informed_policy__d3840__w12,5,37
5_se_informed_policy,5_se_informed_policy__d3840__w12,6,43
5_se_informed_policy,5_se_informed_policy__d3840__w12,7,43
5_se_informed_policy,5_se_informed_policy__d3840__w12,8,58
5_se_informed_policy,5_se_informed_policy__d3840__w12,9,65
5_se_informed_policy,5_se_informed_policy__d3840__w12,10,86
5_se_informed_policy,5_se_informed_policy__d3840__w12,11,75
5_se_informed_policy,5_se_informed_policy__d3840__w12,12,82
5_se_informed_policy,5_se_informed_policy__d3840__w12,13,86
5_se_informed_policy,5_se_informed_policy__d3840__w12,14,103
5_se_informed_policy,5_se_informed_policy__d3840__w12,15,104
5_se_informed_policy,5_se_informed_policy__d3840__w12,16,112
5_se_informed_policy,5_se_informed_policy__d3840__w12,17,114
5_se_informed_policy,5_se_informed_policy__d3840__w12,18,93
5_se_informed_policy,5_se_informed_policy__d3840__w12,19,102
5_se_informed_policy,5_se_informed_policy__d3840__w12,20,110
5_se_informed_policy,5_se_informed_policy__d3840__w12,21,111
5_se_informed_policy,5_se_informed_policy__d3840__w12,22,103
5_se_informed_policy,5_se_informed_policy__d3840__w12,23,95
5_se_informed_policy,5_se_informed_policy__d3840__w12,24,78
5_se_informed_policy,5_se_informed_policy__d3840__w12,25,76
5_se_informed_policy,5_se_informed_policy__d3840__w12,26,83
5_se_informed_policy,5_se_informed_policy__d3840__w12,27,32
5_se_informed_policy,5_se_informed_policy__d3840__w12,28,45
5_se_informed_policy,5_se_informed_policy__d3840__w12,29,37
5_se_informed_policy,5_se_informed_policy__d3840__w12,30,51
5_se_informed_policy,5_se_informed_policy__d3840__w12,31,47
5_se_informed_policy,5_se_informed_policy__d3840__w12,32,71
5_se_informed_policy,5_se_informed_policy__d3840__w12,33,69
5_se_informed_policy,5_se_informed_policy__d3840__w12,34,64
5_se_informed_policy,5_se_informed_policy__d3840__w12,35,70
5_se_informed_policy,5_se_informed_policy__d3840__w12,36,120
5_se_informed_policy,5_se_informed_policy__d3840__w12,37,89
5_se_informed_policy,5_se_informed_policy__d3840__w12,38,108
5_se_informed_policy,5_se_informed_policy__d3840__w12,39,109
5_se_informed_policy,5_se_informed_policy__d3840__w12,40,110
5_se_informed_policy,5_se_informed_policy__d3840__w12,41,118
5_se_informed_policy,5_se_informed_policy__d3840__w12,42,119
5_se_informed_policy,5_se_informed_policy__d3840__w12,43,121
5_se_informed_policy,5_se_informed_policy__d3840__w12,44,131
5_se_informed_policy,5_se_informed_policy__d3840__w12,45,134
5_se_informed_policy,5_se_informed_policy__d3840__w12,46,101
5_se_informed_policy,5_se_informed_policy__d3840__w12,47,103
5_se_informed_policy,5_se_informed_policy__d3840__w12,48,70
5_se_informed_policy,5_se_informed_policy__d3840__w12,49,67
5_se_informed_policy,5_se_informed_policy__d3840__w12,50,106
5_se_informed_policy,5_se_informed_policy__d3840__w12,51,47
5_se_informed_policy,5_se_informed_policy__d3840__w12,52,39
5_se_informed_policy,5_se_informed_policy__d3840__w12,53,44
5_se_informed_policy,5_se_informed_policy__d3840__w12,54,49
5_se_informed_policy,5_se_informed_policy__d3840__w12,55,64
5_se_informed_policy,5_se_informed_policy__d3840__w12,56,57
5_se_informed_policy,5_se_informed_policy__d3840__w12,57,60
5_se_informed_policy,5_se_informed_policy__d3840__w12,58,65
5_se_informed_policy,5_se_informed_policy__d3840__w12,59,65
5_se_informed_policy,5_se_informed_policy__d3840__w12,60,95
5_se_informed_policy,5_se_informed_policy__d3840__w12,61,80
5_se_informed_policy,5_se_informed_policy__d3840__w12,62,79
5_se_informed_policy,5_se_informed_policy__d3840__w12,63,99
5_se_informed_policy,5_se_informed_policy__d3840__w12,64,111
5_se_informed_policy,5_se_informed_policy__d3840__w12,65,122
5_se_informed_policy,5_se_informed_policy__d3840__w12,66,123
5_se_informed_policy,5_se_informed_policy__d3840__w12,67,128
5_se_informed_policy,5_se_informed_policy__d3840__w12,68,118
5_se_informed_policy,5_se_informed_policy__d3840__w12,69,113
5_se_informed_policy,5_se_informed_policy__d3840__w12,70,103
5_se_informed_policy,5_se_informed_policy__d3840__w12,71,108
5_se_informed_policy,5_se_informed_policy__d3840__w12,72,87
5_se_informed_policy,5_se_informed_policy__d3840__w12,73,62
5_se_informed_policy,5_se_informed_policy__d3840__w12,74,139
5_se_informed_policy,5_se_informed_policy__d3840__w12,75,38
5_se_informed_policy,5_se_informed_policy__d3840__w12,76,48
5_se_informed_policy,5_se_informed_policy__d3840__w12,77,50
5_se_informed_policy,5_se_informed_policy__d3840__w12,78,68
5_se_informed_policy,5_se_informed_policy__d3840__w12,79,54
5_se_informed_policy,5_se_informed_policy__d3840__w12,80,69
5_se_informed_policy,5_se_informed_policy__d3840__w12,81,61
5_se_informed_policy,5_se_informed_policy__d3840__w12,82,65
5_se_informed_policy,5_se_informed_policy__d3840__w12,83,71
5_se_informed_policy,5_se_informed_policy__d3840__w12,84,106
5_se_informed_policy,5_se_informed_policy__d3840__w12,85,94
5_se_informed_policy,5_se_informed_policy__d3840__w12,86,99
5_se_informed_policy,5_se_informed_policy__d3840__w12,87,103
5_se_informed_policy,5_se_informed_policy__d3840__w12,88,118
5_se_informed_policy,5_se_informed_policy__d3840__w12,89,118
5_se_informed_policy,5_se_informed_policy__d3840__w12,90,113
5_se_informed_policy,5_se_informed_policy__d3840__w12,91,112
5_se_informed_policy,5_se_informed_policy__d3840__w12,92,115
5_se_informed_policy,5_se_informed_policy__d3840__w12,93,125
5_se_informed_policy,5_se_informed_policy__d3840__w12,94,120
5_se_informed_policy,5_se_informed_policy__d3840__w12,95,105
5_se_informed_policy,5_se_informed_policy__d3840__w12,96,71
5_se_informed_policy,5_se_informed_policy__d3840__w12,97,77
5_se_informed_policy,5_se_informed_policy__d3840__w12,98,105
5_se_informed_policy,5_se_informed_policy__d3840__w12,99,36
5_se_informed_policy,5_se_informed_policy__d3840__w12,100,28
5_se_informed_policy,5_se_informed_policy__d3840__w12,101,40
5_se_informed_policy,5_se_informed_policy__d3840__w12,102,49
5_se_informed_policy,5_se_informed_policy__d3840__w12,103,51
5_se_informed_policy,5_se_informed_policy__d3840__w12,104,56
5_se_informed_policy,5_se_informed_policy__d3840__w12,105,78
5_se_informed_policy,5_se_informed_policy__d3840__w12,106,71
5_se_informed_policy,5_se_informed_policy__d3840__w12,107,70
5_se_informed_policy,5_se_informed_policy__d3840__w12,108,109
5_se_informed_policy,5_se_informed_policy__d3840__w12,109,90
5_se_informed_policy,5_se_informed_policy__d3840__w12,110,105
5_se_informed_policy,5_se_informed_policy__d3840__w12,111,127
5_se_informed_policy,5_se_informed_policy__d3840__w12,112,123
5_se_informed_policy,5_se_informed_policy__d3840__w12,113,122
5_se_informed_policy,5_se_informed_policy__d3840__w12,114,124
5_se_informed_policy,5_se_informed_policy__d3840__w12,115,112
5_se_informed_policy,5_se_informed_policy__d3840__w12,116,109
5_se_informed_policy,5_se_informed_policy__d3840__w12,117,127
5_se_informed_policy,5_se_informed_policy__d3840__w12,118,126
5_se_informed_policy,5_se_informed_policy__d3840__w12,119,83
5_se_informed_policy,5_se_informed_policy__d3840__w12,120,75
5_se_informed_policy,5_se_informed_policy__d3840__w12,121,75
5_se_informed_policy,5_se_informed_policy__d3840__w12,122,44
5_se_informed_policy,5_se_informed_policy__d3840__w12,123,47
5_se_informed_policy,5_se_informed_policy__d3840__w12,124,21
5_se_informed_policy,5_se_informed_policy__d3840__w12,125,28
5_se_informed_policy,5_se_informed_policy__d3840__w12,126,20
5_se_informed_policy,5_se_informed_policy__d3840__w12,127,25
5_se_informed_policy,5_se_informed_policy__d3840__w12,128,15
5_se_informed_policy,5_se_informed_policy__d3840__w12,129,28
5_se_informed_policy,5_se_informed_policy__d3840__w12,130,43
5_se_informed_policy,5_se_informed_policy__d3840__w12,131,34
5_se_informed_policy,5_se_informed_policy__d3840__w12,132,36
5_se_informed_policy,5_se_informed_policy__d3840__w12,133,44
5_se_informed_policy,5_se_informed_policy__d3840__w12,134,34
5_se_informed_policy,5_se_informed_policy__d3840__w12,135,56
5_se_informed_policy,5_se_informed_policy__d3840__w12,136,41
5_se_informed_policy,5_se_informed_policy__d3840__w12,137,55
5_se_informed_policy,5_se_informed_policy__d3840__w12,138,41
5_se_informed_policy,5_se_informed_policy__d3840__w12,139,34
5_se_informed_policy,5_se_informed_policy__d3840__w12,140,49
5_se_informed_policy,5_se_informed_policy__d3840__w12,141,56
5_se_informed_policy,5_se_informed_policy__d3840__w12,142,54
5_se_informed_policy,5_se_informed_policy__d3840__w12,143,46
5_se_informed_policy,5_se_informed_policy__d3840__w12,144,39
5_se_informed_policy,5_se_informed_policy__d3840__w12,145,30
5_se_informed_policy,5_se_informed_policy__d3840__w12,146,30
5_se_informed_policy,5_se_informed_policy__d3840__w12,147,24
5_se_informed_policy,5_se_informed_policy__d3840__w12,148,23
5_se_informed_policy,5_se_informed_policy__d3840__w12,149,29
5_se_informed_policy,5_se_informed_policy__d3840__w12,150,27
5_se_informed_policy,5_se_informed_policy__d3840__w12,151,21
5_se_informed_policy,5_se_informed_policy__d3840__w12,152,17
5_se_informed_policy,5_se_informed_policy__d3840__w12,153,30
5_se_informed_policy,5_se_informed_policy__d3840__w12,154,25
5_se_informed_policy,5_se_informed_policy__d3840__w12,155,47
5_se_informed_policy,5_se_informed_policy__d3840__w12,156,34
5_se_informed_policy,5_se_informed_policy__d3840__w12,157,43
5_se_informed_policy,5_se_informed_policy__d3840__w12,158,38
5_se_informed_policy,5_se_informed_policy__d3840__w12,159,29
5_se_informed_policy,5_se_informed_policy__d3840__w12,160,35
5_se_informed_policy,5_se_informed_policy__d3840__w12,161,59
5_se_informed_policy,5_se_informed_policy__d3840__w12,162,52
5_se_informed_policy,5_se_informed_policy__d3840__w12,163,60
5_se_informed_policy,5_se_informed_policy__d3840__w12,164,52
5_se_informed_policy,5_se_informed_policy__d3840__w12,165,44
5_se_informed_policy,5_se_informed_policy__d3840__w12,166,59
5_se_informed_policy,5_se_informed_policy__d3840__w12,167,39
5_se_informed_policy,5_se_informed_policy__d7680__w12,0,30
5_se_informed_policy,5_se_informed_policy__d7680__w12,1,36
5_se_informed_policy,5_se_informed_policy__d7680__w12,2,34
5_se_informed_policy,5_se_informed_policy__d7680__w12,3,30
5_se_informed_policy,5_se_informed_policy__d7680__w12,4,34
5_se_informed_policy,5_se_informed_policy__d7680__w12,5,37
5_se_informed_policy,5_se_informed_policy__d7680__w12,6,44
5_se_informed_policy,5_se_informed_policy__d7680__w12,7,44
5_se_informed_policy,5_se_informed_policy__d7680__w12,8,58
5_se_informed_policy,5_se_informed_policy__d7680__w12,9,65
5_se_informed_policy,5_se_informed_policy__d7680__w12,10,86
5_se_informed_policy,5_se_informed_policy__d7680__w12,11,76
5_se_informed_policy,5_se_informed_policy__d7680__w12,12,80
5_se_informed_policy,5_se_informed_policy__d7680__w12,13,86
5_se_informed_policy,5_se_informed_policy__d7680__w12,14,103
5_se_informed_policy,5_se_informed_policy__d7680__w12,15,105
5_se_informed_policy,5_se_informed_policy__d7680__w12,16,114
5_se_informed_policy,5_se_informed_policy__d7680__w12,17,116
5_se_informed_policy,5_se_informed_policy__d7680__w12,18,93
5_se_informed_policy,5_se_informed_policy__d7680__w12,19,106
5_se_informed_policy,5_se_informed_policy__d7680__w12,20,114
5_se_informed_policy,5_se_informed_policy__d7680__w12,21,114
5_se_informed_policy,5_se_informed_policy__d7680__w12,22,105
5_se_informed_policy,5_se_informed_policy__d7680__w12,23,94
5_se_informed_policy,5_se_informed_policy__d7680__w12,24,85
5_se_informed_policy,5_se_informed_policy__d7680__w12,25,77
5_se_informed_policy,5_se_informed_policy__d7680__w12,26,57
5_se_informed_policy,5_se_informed_policy__d7680__w12,27,32
5_se_informed_policy,5_se_informed_policy__d7680__w12,28,45
5_se_informed_policy,5_se_informed_policy__d7680__w12,29,37
5_se_informed_policy,5_se_informed_policy__d7680__w12,30,52
5_se_informed_policy,5_se_informed_policy__d7680__w12,31,47
5_se_informed_policy,5_se_informed_policy__d7680__w12,32,71
5_se_informed_policy,5_se_informed_policy__d7680__w12,33,71
5_se_informed_policy,5_se_informed_policy__d7680__w12,34,64
5_se_informed_policy,5_se_informed_policy__d7680__w12,35,70
5_se_informed_policy,5_se_informed_policy__d7680__w12,36,117
5_se_informed_policy,5_se_informed_policy__d7680__w12,37,89
5_se_informed_policy,5_se_informed_policy__d7680__w12,38,109
5_se_informed_policy,5_se_informed_policy__d7680__w12,39,109
5_se_informed_policy,5_se_informed_policy__d7680__w12,40,111
5_se_informed_policy,5_se_informed_policy__d7680__w12,41,121
5_se_informed_policy,5_se_informed_policy__d7680__w12,42,122
5_se_informed_policy,5_se_informed_policy__d7680__w12,43,124
5_se_informed_policy,5_se_informed_policy__d7680__w12,44,133
5_se_informed_policy,5_se_informed_policy__d7680__w12,45,139
5_se_informed_policy,5_se_informed_policy__d7680__w12,46,105
5_se_informed_policy,5_se_informed_policy__d7680__w12,47,107
5_se_informed_policy,5_se_informed_policy__d7680__w12,48,76
5_se_informed_policy,5_se_informed_policy__d7680__w12,49,68
5_se_informed_policy,5_se_informed_policy__d7680__w12,50,73
5_se_informed_policy,5_se_informed_policy__d7680__w12,51,47
5_se_informed_policy,5_se_informed_policy__d7680__w12,52,39
5_se_informed_policy,5_se_informed_policy__d7680__w12,53,44
5_se_informed_policy,5_se_informed_policy__d7680__w12,54,49
5_se_informed_policy,5_se_informed_policy__d7680__w12,55,65
5_se_informed_policy,5_se_informed_policy__d7680__w12,56,57
5_se_informed_policy,5_se_informed_policy__d7680__w12,57,62
5_se_informed_policy,5_se_informed_policy__d7680__w12,58,65
5_se_informed_policy,5_se_informed_policy__d7680__w12,59,66
5_se_informed_policy,5_se_informed_policy__d7680__w12,60,93
5_se_informed_policy,5_se_informed_policy__d7680__w12,61,80
5_se_informed_policy,5_se_informed_policy__d7680__w12,62,83
5_se_informed_policy,5_se_informed_policy__d7680__w12,63,101
5_se_informed_policy,5_se_informed_policy__d7680__w12,64,111
5_se_informed_policy,5_se_informed_policy__d7680__w12,65,127
5_se_informed_policy,5_se_informed_policy__d7680__w12,66,128
5_se_informed_policy,5_se_informed_policy__d7680__w12,67,134
5_se_informed_policy,5_se_informed_policy__d7680__w12,68,119
5_se_informed_policy,5_se_informed_policy__d7680__w12,69,120
5_se_informed_policy,5_se_informed_policy__d7680__w12,70,106
5_se_informed_policy,5_se_informed_policy__d7680__w12,71,110
5_se_informed_policy,5_se_informed_policy__d7680__w12,72,89
5_se_informed_policy,5_se_informed_policy__d7680__w12,73,62
5_se_informed_policy,5_se_informed_policy__d7680__w12,74,100
5_se_informed_policy,5_se_informed_policy__d7680__w12,75,38
5_se_informed_policy,5_se_informed_policy__d7680__w12,76,49
5_se_informed_policy,5_se_informed_policy__d7680__w12,77,50
5_se_informed_policy,5_se_informed_policy__d7680__w12,78,68
5_se_informed_policy,5_se_informed_policy__d7680__w12,79,54
5_se_informed_policy,5_se_informed_policy__d7680__w12,80,69
5_se_informed_policy,5_se_informed_policy__d7680__w12,81,62
5_se_informed_policy,5_se_informed_policy__d7680__w12,82,65
5_se_informed_policy,5_se_informed_policy__d7680__w12,83,71
5_se_informed_policy,5_se_informed_policy__d7680__w12,84,105
5_se_informed_policy,5_se_informed_policy__d7680__w12,85,97
5_se_informed_policy,5_se_informed_policy__d7680__w12,86,102
5_se_informed_policy,5_se_informed_policy__d7680__w12,87,103
5_se_informed_policy,5_se_informed_policy__d7680__w12,88,120
5_se_informed_policy,5_se_informed_policy__d7680__w12,89,119
5_se_informed_policy,5_se_informed_policy__d7680__w12,90,117
5_se_informed_policy,5_se_informed_policy__d7680__w12,91,115
5_se_informed_policy,5_se_informed_policy__d7680__w12,92,116
5_se_informed_policy,5_se_informed_policy__d7680__w12,93,128
5_se_informed_policy,5_se_informed_policy__d7680__w12,94,122
5_se_informed_policy,5_se_informed_policy__d7680__w12,95,104
5_se_informed_policy,5_se_informed_policy__d7680__w12,96,74
5_se_informed_policy,5_se_informed_policy__d7680__w12,97,75
5_se_informed_policy,5_se_informed_policy__d7680__w12,98,82
5_se_informed_policy,5_se_informed_policy__d7680__w12,99,36
5_se_informed_policy,5_se_informed_policy__d7680__w12,100,28
5_se_informed_policy,5_se_informed_policy__d7680__w12,101,41
5_se_informed_policy,5_se_informed_policy__d7680__w12,102,49
5_se_informed_policy,5_se_informed_policy__d7680__w12,103,51
5_se_informed_policy,5_se_informed_policy__d7680__w12,104,57
5_se_informed_policy,5_se_informed_policy__d7680__w12,105,78
5_se_informed_policy,5_se_informed_policy__d7680__w12,106,71
5_se_informed_policy,5_se_informed_policy__d7680__w12,107,70
5_se_informed_policy,5_se_informed_policy__d7680__w12,108,107
5_se_informed_policy,5_se_informed_policy__d7680__w12,109,92
5_se_informed_policy,5_se_informed_policy__d7680__w12,110,107
5_se_informed_policy,5_se_informed_policy__d7680__w12,111,128
5_se_informed_policy,5_se_informed_policy__d7680__w12,112,126
5_se_informed_policy,5_se_informed_policy__d7680__w12,113,125
5_se_informed_policy,5_se_informed_policy__d7680__w12,114,124
5_se_informed_policy,5_se_informed_policy__d7680__w12,115,113
5_se_informed_policy,5_se_informed_policy__d7680__w12,116,109
5_se_informed_policy,5_se_informed_policy__d7680__w12,117,128
5_se_informed_policy,5_se_informed_policy__d7680__w12,118,126
5_se_informed_policy,5_se_informed_policy__d7680__w12,119,87
5_se_informed_policy,5_se_informed_policy__d7680__w12,120,78
5_se_informed_policy,5_se_informed_policy__d7680__w12,121,74
5_se_informed_policy,5_se_informed_policy__d7680__w12,122,43
5_se_informed_policy,5_se_informed_policy__d7680__w12,123,39
5_se_informed_policy,5_se_informed_policy__d7680__w12,124,21
5_se_informed_policy,5_se_informed_policy__d7680__w12,125,29
5_se_informed_policy,5_se_informed_policy__d7680__w12,126,20
5_se_informed_policy,5_se_informed_policy__d7680__w12,127,25
5_se_informed_policy,5_se_informed_policy__d7680__w12,128,15
5_se_informed_policy,5_se_informed_policy__d7680__w12,129,28
5_se_informed_policy,5_se_informed_policy__d7680__w12,130,43
5_se_informed_policy,5_se_informed_policy__d7680__w12,131,30
5_se_informed_policy,5_se_informed_policy__d7680__w12,132,29
5_se_informed_policy,5_se_informed_policy__d7680__w12,133,44
5_se_informed_policy,5_se_informed_policy__d7680__w12,134,34
5_se_informed_policy,5_se_informed_policy__d7680__w12,135,56
5_se_informed_policy,5_se_informed_policy__d7680__w12,136,42
5_se_informed_policy,5_se_informed_policy__d7680__w12,137,55
5_se_informed_policy,5_se_informed_policy__d7680__w12,138,41
5_se_informed_policy,5_se_informed_policy__d7680__w12,139,34
5_se_informed_policy,5_se_informed_policy__d7680__w12,140,49
5_se_informed_policy,5_se_informed_policy__d7680__w12,141,56
5_se_informed_policy,5_se_informed_policy__d7680__w12,142,54
5_se_informed_policy,5_se_informed_policy__d7680__w12,143,46
5_se_informed_policy,5_se_informed_policy__d7680__w12,144,40
5_se_informed_policy,5_se_informed_policy__d7680__w12,145,30
5_se_informed_policy,5_se_informed_policy__d7680__w12,146,30
5_se_informed_policy,5_se_informed_policy__d7680__w12,147,23
5_se_informed_policy,5_se_informed_policy__d7680__w12,148,24
5_se_informed_policy,5_se_informed_policy__d7680__w12,149,29
5_se_informed_policy,5_se_informed_policy__d7680__w12,150,27
5_se_informed_policy,5_se_informed_policy__d7680__w12,151,21
5_se_informed_policy,5_se_informed_policy__d7680__w12,152,17
5_se_informed_policy,5_se_informed_policy__d7680__w12,153,30
5_se_informed_policy,5_se_informed_policy__d7680__w12,154,25
5_se_informed_policy,5_se_informed_policy__d7680__w12,155,45
5_se_informed_policy,5_se_informed_policy__d7680__w12,156,34
5_se_informed_policy,5_se_informed_policy__d7680__w12,157,43
5_se_informed_policy,5_se_informed_policy__d7680__w12,158,38
5_se_informed_policy,5_se_informed_policy__d7680__w12,159,29
5_se_informed_policy,5_se_informed_policy__d7680__w12,160,35
5_se_informed_policy,5_se_informed_policy__d7680__w12,161,59
5_se_informed_policy,5_se_informed_policy__d7680__w12,162,52
5_se_informed_policy,5_se_informed_policy__d7680__w12,163,60
5_se_informed_policy,5_se_informed_policy__d7680__w12,164,52
5_se_informed_policy,5_se_informed_policy__d7680__w12,165,44
5_se_informed_policy,5_se_informed_policy__d7680__w12,166,59
5_se_informed_policy,5_se_informed_policy__d7680__w12,167,39
5_se_informed_policy,5_se_informed_policy__d15360__w12,0,33
5_se_informed_policy,5_se_informed_policy__d15360__w12,1,32
5_se_informed_policy,5_se_informed_policy__d15360__w12,2,34
5_se_informed_policy,5_se_informed_policy__d15360__w12,3,30
5_se_informed_policy,5_se_informed_policy__d15360__w12,4,34
5_se_informed_policy,5_se_informed_policy__d15360__w12,5,37
5_se_informed_policy,5_se_informed_policy__d15360__w12,6,45
5_se_informed_policy,5_se_informed_policy__d15360__w12,7,47
5_se_informed_policy,5_se_informed_policy__d15360__w12,8,62
5_se_informed_policy,5_se_informed_policy__d15360__w12,9,72
5_se_informed_policy,5_se_informed_policy__d15360__w12,10,90
5_se_informed_policy,5_se_informed_policy__d15360__w12,11,80
5_se_informed_policy,5_se_informed_policy__d15360__w12,12,70
5_se_informed_policy,5_se_informed_policy__d15360__w12,13,90
5_se_informed_policy,5_se_informed_policy__d15360__w12,14,104
5_se_informed_policy,5_se_informed_policy__d15360__w12,15,107
5_se_informed_policy,5_se_informed_policy__d15360__w12,16,118
5_se_informed_policy,5_se_informed_policy__d15360__w12,17,117
5_se_informed_policy,5_se_informed_policy__d15360__w12,18,94
5_se_informed_policy,5_se_informed_policy__d15360__w12,19,107
5_se_informed_policy,5_se_informed_policy__d15360__w12,20,115
5_se_informed_policy,5_se_informed_policy__d15360__w12,21,115
5_se_informed_policy,5_se_informed_policy__d15360__w12,22,101
5_se_informed_policy,5_se_informed_policy__d15360__w12,23,91
5_se_informed_policy,5_se_informed_policy__d15360__w12,24,82
5_se_informed_policy,5_se_informed_policy__d15360__w12,25,73
5_se_informed_policy,5_se_informed_policy__d15360__w12,26,42
5_se_informed_policy,5_se_informed_policy__d15360__w12,27,32
5_se_informed_policy,5_se_informed_policy__d15360__w12,28,45
5_se_informed_policy,5_se_informed_policy__d15360__w12,29,38
5_se_informed_policy,5_se_informed_policy__d15360__w12,30,55
5_se_informed_policy,5_se_informed_policy__d15360__w12,31,50
5_se_informed_policy,5_se_informed_policy__d15360__w12,32,77
5_se_informed_policy,5_se_informed_policy__d15360__w12,33,81
5_se_informed_policy,5_se_informed_policy__d15360__w12,34,69
5_se_informed_policy,5_se_informed_policy__d15360__w12,35,76
5_se_informed_policy,5_se_informed_policy__d15360__w12,36,83
5_se_informed_policy,5_se_informed_policy__d15360__w12,37,92
5_se_informed_policy,5_se_informed_policy__d15360__w12,38,113
5_se_informed_policy,5_se_informed_policy__d15360__w12,39,113
5_se_informed_policy,5_se_informed_policy__d15360__w12,40,115
5_se_informed_policy,5_se_informed_policy__d15360__w12,41,123
5_se_informed_policy,5_se_informed_policy__d15360__w12,42,124
5_se_informed_policy,5_se_informed_policy__d15360__w12,43,124
5_se_informed_policy,5_se_informed_policy__d15360__w12,44,133
5_se_informed_policy,5_se_informed_policy__d15360__w12,45,139
5_se_informed_policy,5_se_informed_policy__d15360__w12,46,106
5_se_informed_policy,5_se_informed_policy__d15360__w12,47,109
5_se_informed_policy,5_se_informed_policy__d15360__w12,48,83
5_se_informed_policy,5_se_informed_policy__d15360__w12,49,66
5_se_informed_policy,5_se_informed_policy__d15360__w12,50,46
5_se_informed_policy,5_se_informed_policy__d15360__w12,51,47
5_se_informed_policy,5_se_informed_policy__d15360__w12,52,39
5_se_informed_policy,5_se_informed_policy__d15360__w12,53,46
5_se_informed_policy,5_se_informed_policy__d15360__w12,54,51
5_se_informed_policy,5_se_informed_policy__d15360__w12,55,68
5_se_informed_policy,5_se_informed_policy__d15360__w12,56,64
5_se_informed_policy,5_se_informed_policy__d15360__w12,57,67
5_se_informed_policy,5_se_informed_policy__d15360__w12,58,66
5_se_informed_policy,5_se_informed_policy__d15360__w12,59,75
5_se_informed_policy,5_se_informed_policy__d15360__w12,60,79
5_se_informed_policy,5_se_informed_policy__d15360__w12,61,82
5_se_informed_policy,5_se_informed_policy__d15360__w12,62,90
5_se_informed_policy,5_se_informed_policy__d15360__w12,63,107
5_se_informed_policy,5_se_informed_policy__d15360__w12,64,114
5_se_informed_policy,5_se_informed_policy__d15360__w12,65,132
5_se_informed_policy,5_se_informed_policy__d15360__w12,66,131
5_se_informed_policy,5_se_informed_policy__d15360__w12,67,136
5_se_informed_policy,5_se_informed_policy__d15360__w12,68,121
5_se_informed_policy,5_se_informed_policy__d15360__w12,69,121
5_se_informed_policy,5_se_informed_policy__d15360__w12,70,106
5_se_informed_policy,5_se_informed_policy__d15360__w12,71,103
5_se_informed_policy,5_se_informed_policy__d15360__w12,72,90
5_se_informed_policy,5_se_informed_policy__d15360__w12,73,62
5_se_informed_policy,5_se_informed_policy__d15360__w12,74,60
5_se_informed_policy,5_se_informed_policy__d15360__w12,75,38
5_se_informed_policy,5_se_informed_policy__d15360__w12,76,49
5_se_informed_policy,5_se_informed_policy__d15360__w12,77,51
5_se_informed_policy,5_se_informed_policy__d15360__w12,78,71
5_se_informed_policy,5_se_informed_policy__d15360__w12,79,57
5_se_informed_policy,5_se_informed_policy__d15360__w12,80,74
5_se_informed_policy,5_se_informed_policy__d15360__w12,81,67
5_se_informed_policy,5_se_informed_policy__d15360__w12,82,71
5_se_informed_policy,5_se_informed_policy__d15360__w12,83,77
5_se_informed_policy,5_se_informed_policy__d15360__w12,84,84
5_se_informed_policy,5_se_informed_policy__d15360__w12,85,102
5_se_informed_policy,5_se_informed_policy__d15360__w12,86,109
5_se_informed_policy,5_se_informed_policy__d15360__w12,87,106
5_se_informed_policy,5_se_informed_policy__d15360__w12,88,122
5_se_informed_policy,5_se_informed_policy__d15360__w12,89,122
5_se_informed_policy,5_se_informed_policy__d15360__w12,90,121
5_se_informed_policy,5_se_informed_policy__d15360__w12,91,117
5_se_informed_policy,5_se_informed_policy__d15360__w12,92,120
5_se_informed_policy,5_se_informed_policy__d15360__w12,93,131
5_se_informed_policy,5_se_informed_policy__d15360__w12,94,124
5_se_informed_policy,5_se_informed_policy__d15360__w12,95,96
5_se_informed_policy,5_se_informed_policy__d15360__w12,96,77
5_se_informed_policy,5_se_informed_policy__d15360__w12,97,72
5_se_informed_policy,5_se_informed_policy__d15360__w12,98,47
5_se_informed_policy,5_se_informed_policy__d15360__w12,99,37
5_se_informed_policy,5_se_informed_policy__d15360__w12,100,30
5_se_informed_policy,5_se_informed_policy__d15360__w12,101,42
5_se_informed_policy,5_se_informed_policy__d15360__w12,102,51
5_se_informed_policy,5_se_informed_policy__d15360__w12,103,53
5_se_informed_policy,5_se_informed_policy__d15360__w12,104,62
5_se_informed_policy,5_se_informed_policy__d15360__w12,105,89
5_se_informed_policy,5_se_informed_policy__d15360__w12,106,76
5_se_informed_policy,5_se_informed_policy__d15360__w12,107,75
5_se_informed_policy,5_se_informed_policy__d15360__w12,108,73
5_se_informed_policy,5_se_informed_policy__d15360__w12,109,97
5_se_informed_policy,5_se_informed_policy__d15360__w12,110,110
5_se_informed_policy,5_se_informed_policy__d15360__w12,111,129
5_se_informed_policy,5_se_informed_policy__d15360__w12,112,128
5_se_informed_policy,5_se_informed_policy__d15360__w12,113,125
5_se_informed_policy,5_se_informed_policy__d15360__w12,114,128
5_se_informed_policy,5_se_informed_policy__d15360__w12,115,116
5_se_informed_policy,5_se_informed_policy__d15360__w12,116,114
5_se_informed_policy,5_se_informed_policy__d15360__w12,117,128
5_se_informed_policy,5_se_informed_policy__d15360__w12,118,128
5_se_informed_policy,5_se_informed_policy__d15360__w12,119,88
5_se_informed_policy,5_se_informed_policy__d15360__w12,120,79
5_se_informed_policy,5_se_informed_policy__d15360__w12,121,69
5_se_informed_policy,5_se_informed_policy__d15360__w12,122,40
5_se_informed_policy,5_se_informed_policy__d15360__w12,123,24
5_se_informed_policy,5_se_informed_policy__d15360__w12,124,21
5_se_informed_policy,5_se_informed_policy__d15360__w12,125,29
5_se_informed_policy,5_se_informed_policy__d15360__w12,126,20
5_se_informed_policy,5_se_informed_policy__d15360__w12,127,25
5_se_informed_policy,5_se_informed_policy__d15360__w12,128,15
5_se_informed_policy,5_se_informed_policy__d15360__w12,129,29
5_se_informed_policy,5_se_informed_policy__d15360__w12,130,41
5_se_informed_policy,5_se_informed_policy__d15360__w12,131,29
5_se_informed_policy,5_se_informed_policy__d15360__w12,132,27
5_se_informed_policy,5_se_informed_policy__d15360__w12,133,45
5_se_informed_policy,5_se_informed_policy__d15360__w12,134,34
5_se_informed_policy,5_se_informed_policy__d15360__w12,135,56
5_se_informed_policy,5_se_informed_policy__d15360__w12,136,42
5_se_informed_policy,5_se_informed_policy__d15360__w12,137,55
5_se_informed_policy,5_se_informed_policy__d15360__w12,138,41
5_se_informed_policy,5_se_informed_policy__d15360__w12,139,35
5_se_informed_policy,5_se_informed_policy__d15360__w12,140,50
5_se_informed_policy,5_se_informed_policy__d15360__w12,141,56
5_se_informed_policy,5_se_informed_policy__d15360__w12,142,54
5_se_informed_policy,5_se_informed_policy__d15360__w12,143,47
5_se_informed_policy,5_se_informed_policy__d15360__w12,144,43
5_se_informed_policy,5_se_informed_policy__d15360__w12,145,30
5_se_informed_policy,5_se_informed_policy__d15360__w12,146,30
5_se_informed_policy,5_se_informed_policy__d15360__w12,147,21
5_se_informed_policy,5_se_informed_policy__d15360__w12,148,24
5_se_informed_policy,5_se_informed_policy__d15360__w12,149,29
5_se_informed_policy,5_se_informed_policy__d15360__w12,150,27
5_se_informed_policy,5_se_informed_policy__d15360__w12,151,21
5_se_informed_policy,5_se_informed_policy__d15360__w12,152,18
5_se_informed_policy,5_se_informed_policy__d15360__w12,153,30
5_se_informed_policy,5_se_informed_policy__d15360__w12,154,25
5_se_informed_policy,5_se_informed_policy__d15360__w12,155,39
5_se_informed_policy,5_se_informed_policy__d15360__w12,156,34
5_se_informed_policy,5_se_informed_policy__d15360__w12,157,43
5_se_informed_policy,5_se_informed_policy__d15360__w12,158,38
5_se_informed_policy,5_se_informed_policy__d15360__w12,159,29
5_se_informed_policy,5_se_informed_policy__d15360__w12,160,35
5_se_informed_policy,5_se_informed_policy__d15360__w12,161,59
5_se_informed_policy,5_se_informed_policy__d15360__w12,162,52
5_se_informed_policy,5_se_informed_policy__d15360__w12,163,60
5_se_informed_policy,5_se_informed_policy__d15360__w12,164,52
5_se_informed_policy,5_se_informed_policy__d15360__w12,165,44
5_se_informed_policy,5_se_informed_policy__d15360__w12,166,59
5_se_informed_policy,5_se_informed_policy__d15360__w12,167,40
5_se_informed_policy,5_se_informed_policy__d0__w24,0,22
5_se_informed_policy,5_se_informed_policy__d0__w24,1,111
5_se_informed_policy,5_se_informed_policy__d0__w24,2,34
5_se_informed_policy,5_se_informed_policy__d0__w24,3,30
5_se_informed_policy,5_se_informed_policy__d0__w24,4,28
5_se_informed_policy,5_se_informed_policy__d0__w24,5,26
5_se_informed_policy,5_se_informed_policy__d0__w24,6,31
5_se_informed_policy,5_se_informed_policy__d0__w24,7,35
5_se_informed_policy,5_se_informed_policy__d0__w24,8,45
5_se_informed_policy,5_se_informed_policy__d0__w24,9,52
5_se_informed_policy,5_se_informed_policy__d0__w24,10,61
5_se_informed_policy,5_se_informed_policy__d0__w24,11,64
5_se_informed_policy,5_se_informed_policy__d0__w24,12,50
5_se_informed_policy,5_se_informed_policy__d0__w24,13,60
5_se_informed_policy,5_se_informed_policy__d0__w24,14,82
5_se_informed_policy,5_se_informed_policy__d0__w24,15,83
5_se_informed_policy,5_se_informed_policy__d0__w24,16,93
5_se_informed_policy,5_se_informed_policy__d0__w24,17,94
5_se_informed_policy,5_se_informed_policy__d0__w24,18,76
5_se_informed_policy,5_se_informed_policy__d0__w24,19,84
5_se_informed_policy,5_se_informed_policy__d0__w24,20,88
5_se_informed_policy,5_se_informed_policy__d0__w24,21,83
5_se_informed_policy,5_se_informed_policy__d0__w24,22,84
5_se_informed_policy,5_se_informed_policy__d0__w24,23,76
5_se_informed_policy,5_se_informed_policy__d0__w24,24,62
5_se_informed_policy,5_se_informed_policy__d0__w24,25,65
5_se_informed_policy,5_se_informed_policy__d0__w24,26,471
5_se_informed_policy,5_se_informed_policy__d0__w24,27,32
5_se_informed_policy,5_se_informed_policy__d0__w24,28,45
5_se_informed_policy,5_se_informed_policy__d0__w24,29,27
5_se_informed_policy,5_se_informed_policy__d0__w24,30,36
5_se_informed_policy,5_se_informed_policy__d0__w24,31,40
5_se_informed_policy,5_se_informed_policy__d0__w24,32,63
5_se_informed_policy,5_se_informed_policy__d0__w24,33,52
5_se_informed_policy,5_se_informed_policy__d0__w24,34,53
5_se_informed_policy,5_se_informed_policy__d0__w24,35,56
5_se_informed_policy,5_se_informed_policy__d0__w24,36,202
5_se_informed_policy,5_se_informed_policy__d0__w24,37,69
5_se_informed_policy,5_se_informed_policy__d0__w24,38,88
5_se_informed_policy,5_se_informed_policy__d0__w24,39,87
5_se_informed_policy,5_se_informed_policy__d0__w24,40,87
5_se_informed_policy,5_se_informed_policy__d0__w24,41,99
5_se_informed_policy,5_se_informed_policy__d0__w24,42,102
5_se_informed_policy,5_se_informed_policy__d0__w24,43,96
5_se_informed_policy,5_se_informed_policy__d0__w24,44,111
5_se_informed_policy,5_se_informed_policy__d0__w24,45,111
5_se_informed_policy,5_se_informed_policy__d0__w24,46,83
5_se_informed_policy,5_se_informed_policy__d0__w24,47,87
5_se_informed_policy,5_se_informed_policy__d0__w24,48,60
5_se_informed_policy,5_se_informed_policy__d0__w24,49,51
5_se_informed_policy,5_se_informed_policy__d0__w24,50,261
5_se_informed_policy,5_se_informed_policy__d0__w24,51,40
5_se_informed_policy,5_se_informed_policy__d0__w24,52,31
5_se_informed_policy,5_se_informed_policy__d0__w24,53,35
5_se_informed_policy,5_se_informed_policy__d0__w24,54,38
5_se_informed_policy,5_se_informed_policy__d0__w24,55,47
5_se_informed_policy,5_se_informed_policy__d0__w24,56,46
5_se_informed_policy,5_se_informed_policy__d0__w24,57,45
5_se_informed_policy,5_se_informed_policy__d0__w24,58,48
5_se_informed_policy,5_se_informed_policy__d0__w24,59,50
5_se_informed_policy,5_se_informed_policy__d0__w24,60,61
5_se_informed_policy,5_se_informed_policy__d0__w24,61,61
5_se_informed_policy,5_se_informed_policy__d0__w24,62,62
5_se_informed_policy,5_se_informed_policy__d0__w24,63,78
5_se_informed_policy,5_se_informed_policy__d0__w24,64,90
5_se_informed_policy,5_se_informed_policy__d0__w24,65,107
5_se_informed_policy,5_se_informed_policy__d0__w24,66,102
5_se_informed_policy,5_se_informed_policy__d0__w24,67,102
5_se_informed_policy,5_se_informed_policy__d0__w24,68,93
5_se_informed_policy,5_se_informed_policy__d0__w24,69,94
5_se_informed_policy,5_se_informed_policy__d0__w24,70,103
5_se_informed_policy,5_se_informed_policy__d0__w24,71,98
5_se_informed_policy,5_se_informed_policy__d0__w24,72,90
5_se_informed_policy,5_se_informed_policy__d0__w24,73,64
5_se_informed_policy,5_se_informed_policy__d0__w24,74,491
5_se_informed_policy,5_se_informed_policy__d0__w24,75,33
5_se_informed_policy,5_se_informed_policy__d0__w24,76,39
5_se_informed_policy,5_se_informed_policy__d0__w24,77,36
5_se_informed_policy,5_se_informed_policy__d0__w24,78,47
5_se_informed_policy,5_se_informed_policy__d0__w24,79,38
5_se_informed_policy,5_se_informed_policy__d0__w24,80,53
5_se_informed_policy,5_se_informed_policy__d0__w24,81,48
5_se_informed_policy,5_se_informed_policy__d0__w24,82,47
5_se_informed_policy,5_se_informed_policy__d0__w24,83,55
5_se_informed_policy,5_se_informed_policy__d0__w24,84,68
5_se_informed_policy,5_se_informed_policy__d0__w24,85,81
5_se_informed_policy,5_se_informed_policy__d0__w24,86,69
5_se_informed_policy,5_se_informed_policy__d0__w24,87,85
5_se_informed_policy,5_se_informed_policy__d0__w24,88,97
5_se_informed_policy,5_se_informed_policy__d0__w24,89,100
5_se_informed_policy,5_se_informed_policy__d0__w24,90,92
5_se_informed_policy,5_se_informed_policy__d0__w24,91,100
5_se_informed_policy,5_se_informed_policy__d0__w24,92,88
5_se_informed_policy,5_se_informed_policy__d0__w24,93,102
5_se_informed_policy,5_se_informed_policy__d0__w24,94,102
5_se_informed_policy,5_se_informed_policy__d0__w24,95,134
5_se_informed_policy,5_se_informed_policy__d0__w24,96,52
5_se_informed_policy,5_se_informed_policy__d0__w24,97,71
5_se_informed_policy,5_se_informed_policy__d0__w24,98,522
5_se_informed_policy,5_se_informed_policy__d0__w24,99,30
5_se_informed_policy,5_se_informed_policy__d0__w24,100,23
5_se_informed_policy,5_se_informed_policy__d0__w24,101,33
5_se_informed_policy,5_se_informed_policy__d0__w24,102,40
5_se_informed_policy,5_se_informed_policy__d0__w24,103,40
5_se_informed_policy,5_se_informed_policy__d0__w24,104,44
5_se_informed_policy,5_se_informed_policy__d0__w24,105,54
5_se_informed_policy,5_se_informed_policy__d0__w24,106,59
5_se_informed_policy,5_se_informed_policy__d0__w24,107,56
5_se_informed_policy,5_se_informed_policy__d0__w24,108,50
5_se_informed_policy,5_se_informed_policy__d0__w24,109,72
5_se_informed_policy,5_se_informed_policy__d0__w24,110,84
5_se_informed_policy,5_se_informed_policy__d0__w24,111,106
5_se_informed_policy,5_se_informed_policy__d0__w24,112,95
5_se_informed_policy,5_se_informed_policy__d0__w24,113,110
5_se_informed_policy,5_se_informed_policy__d0__w24,114,103
5_se_informed_policy,5_se_informed_policy__d0__w24,115,91
5_se_informed_policy,5_se_informed_policy__d0__w24,116,91
5_se_informed_policy,5_se_informed_policy__d0__w24,117,103
5_se_informed_policy,5_se_informed_policy__d0__w24,118,105
5_se_informed_policy,5_se_informed_policy__d0__w24,119,73
5_se_informed_policy,5_se_informed_policy__d0__w24,120,60
5_se_informed_policy,5_se_informed_policy__d0__w24,121,74
5_se_informed_policy,5_se_informed_policy__d0__w24,122,41
5_se_informed_policy,5_se_informed_policy__d0__w24,123,119
5_se_informed_policy,5_se_informed_policy__d0__w24,124,17
5_se_informed_policy,5_se_informed_policy__d0__w24,125,26
5_se_informed_policy,5_se_informed_policy__d0__w24,126,14
5_se_informed_policy,5_se_informed_policy__d0__w24,127,18
5_se_informed_policy,5_se_informed_policy__d0__w24,128,12
5_se_informed_policy,5_se_informed_policy__d0__w24,129,21
5_se_informed_policy,5_se_informed_policy__d0__w24,130,55
5_se_informed_policy,5_se_informed_policy__d0__w24,131,39
5_se_informed_policy,5_se_informed_policy__d0__w24,132,322
5_se_informed_policy,5_se_informed_policy__d0__w24,133,41
5_se_informed_policy,5_se_informed_policy__d0__w24,134,29
5_se_informed_policy,5_se_informed_policy__d0__w24,135,50
5_se_informed_policy,5_se_informed_policy__d0__w24,136,36
5_se_informed_policy,5_se_informed_policy__d0__w24,137,45
5_se_informed_policy,5_se_informed_policy__d0__w24,138,33
5_se_informed_policy,5_se_informed_policy__d0__w24,139,30
5_se_informed_policy,5_se_informed_policy__d0__w24,140,44
5_se_informed_policy,5_se_informed_policy__d0__w24,141,43
5_se_informed_policy,5_se_informed_policy__d0__w24,142,48
5_se_informed_policy,5_se_informed_policy__d0__w24,143,38
5_se_informed_policy,5_se_informed_policy__d0__w24,144,32
5_se_informed_policy,5_se_informed_policy__d0__w24,145,34
5_se_informed_policy,5_se_informed_policy__d0__w24,146,31
5_se_informed_policy,5_se_informed_policy__d0__w24,147,48
5_se_informed_policy,5_se_informed_policy__d0__w24,148,22
5_se_informed_policy,5_se_informed_policy__d0__w24,149,25
5_se_informed_policy,5_se_informed_policy__d0__w24,150,23
5_se_informed_policy,5_se_informed_policy__d0__w24,151,13
5_se_informed_policy,5_se_informed_policy__d0__w24,152,13
5_se_informed_policy,5_se_informed_policy__d0__w24,153,34
5_se_informed_policy,5_se_informed_policy__d0__w24,154,23
5_se_informed_policy,5_se_informed_policy__d0__w24,155,185
5_se_informed_policy,5_se_informed_policy__d0__w24,156,34
5_se_informed_policy,5_se_informed_policy__d0__w24,157,43
5_se_informed_policy,5_se_informed_policy__d0__w24,158,28
5_se_informed_policy,5_se_informed_policy__d0__w24,159,26
5_se_informed_policy,5_se_informed_policy__d0__w24,160,30
5_se_informed_policy,5_se_informed_policy__d0__w24,161,54
5_se_informed_policy,5_se_informed_policy__d0__w24,162,45
5_se_informed_policy,5_se_informed_policy__d0__w24,163,50
5_se_informed_policy,5_se_informed_policy__d0__w24,164,45
5_se_informed_policy,5_se_informed_policy__d0__w24,165,34
5_se_informed_policy,5_se_informed_policy__d0__w24,166,54
5_se_informed_policy,5_se_informed_policy__d0__w24,167,34
5_se_informed_policy,5_se_informed_policy__d60__w24,0,22
5_se_informed_policy,5_se_informed_policy__d60__w24,1,107
5_se_informed_policy,5_se_informed_policy__d60__w24,2,34
5_se_informed_policy,5_se_informed_policy__d60__w24,3,30
5_se_informed_policy,5_se_informed_policy__d60__w24,4,28
5_se_informed_policy,5_se_informed_policy__d60__w24,5,26
5_se_informed_policy,5_se_informed_policy__d60__w24,6,33
5_se_informed_policy,5_se_informed_policy__d60__w24,7,36
5_se_informed_policy,5_se_informed_policy__d60__w24,8,45
5_se_informed_policy,5_se_informed_policy__d60__w24,9,52
5_se_informed_policy,5_se_informed_policy__d60__w24,10,62
5_se_informed_policy,5_se_informed_policy__d60__w24,11,64
5_se_informed_policy,5_se_informed_policy__d60__w24,12,51
5_se_informed_policy,5_se_informed_policy__d60__w24,13,61
5_se_informed_policy,5_se_informed_policy__d60__w24,14,82
5_se_informed_policy,5_se_informed_policy__d60__w24,15,83
5_se_informed_policy,5_se_informed_policy__d60__w24,16,93
5_se_informed_policy,5_se_informed_policy__d60__w24,17,96
5_se_informed_policy,5_se_informed_policy__d60__w24,18,76
5_se_informed_policy,5_se_informed_policy__d60__w24,19,88
5_se_informed_policy,5_se_informed_policy__d60__w24,20,88
5_se_informed_policy,5_se_informed_policy__d60__w24,21,83
5_se_informed_policy,5_se_informed_policy__d60__w24,22,85
5_se_informed_policy,5_se_informed_policy__d60__w24,23,76
5_se_informed_policy,5_se_informed_policy__d60__w24,24,64
5_se_informed_policy,5_se_informed_policy__d60__w24,25,65
5_se_informed_policy,5_se_informed_policy__d60__w24,26,456
5_se_informed_policy,5_se_informed_policy__d60__w24,27,32
5_se_informed_policy,5_se_informed_policy__d60__w24,28,45
5_se_informed_policy,5_se_informed_policy__d60__w24,29,28
5_se_informed_policy,5_se_informed_policy__d60__w24,30,36
5_se_informed_policy,5_se_informed_policy__d60__w24,31,40
5_se_informed_policy,5_se_informed_policy__d60__w24,32,63
5_se_informed_policy,5_se_informed_policy__d60__w24,33,55
5_se_informed_policy,5_se_informed_policy__d60__w24,34,55
5_se_informed_policy,5_se_informed_policy__d60__w24,35,56
5_se_informed_policy,5_se_informed_policy__d60__w24,36,196
5_se_informed_policy,5_se_informed_policy__d60__w24,37,73
5_se_informed_policy,5_se_informed_policy__d60__w24,38,90
5_se_informed_policy,5_se_informed_policy__d60__w24,39,88
5_se_informed_policy,5_se_informed_policy__d60__w24,40,87
5_se_informed_policy,5_se_informed_policy__d60__w24,41,100
5_se_informed_policy,5_se_informed_policy__d60__w24,42,102
5_se_informed_policy,5_se_informed_policy__d60__w24,43,96
5_se_informed_policy,5_se_informed_policy__d60__w24,44,111
5_se_informed_policy,5_se_informed_policy__d60__w24,45,111
5_se_informed_policy,5_se_informed_policy__d60__w24,46,85
5_se_informed_policy,5_se_informed_policy__d60__w24,47,87
5_se_informed_policy,5_se_informed_policy__d60__w24,48,60
5_se_informed_policy,5_se_informed_policy__d60__w24,49,51
5_se_informed_policy,5_se_informed_policy__d60__w24,50,254
5_se_informed_policy,5_se_informed_policy__d60__w24,51,40
5_se_informed_policy,5_se_informed_policy__d60__w24,52,31
5_se_informed_policy,5_se_informed_policy__d60__w24,53,36
5_se_informed_policy,5_se_informed_policy__d60__w24,54,38
5_se_informed_policy,5_se_informed_policy__d60__w24,55,48
5_se_informed_policy,5_se_informed_policy__d60__w24,56,46
5_se_informed_policy,5_se_informed_policy__d60__w24,57,45
5_se_informed_policy,5_se_informed_policy__d60__w24,58,49
5_se_informed_policy,5_se_informed_policy__d60__w24,59,51
5_se_informed_policy,5_se_informed_policy__d60__w24,60,62
5_se_informed_policy,5_se_informed_policy__d60__w24,61,61
5_se_informed_policy,5_se_informed_policy__d60__w24,62,62
5_se_informed_policy,5_se_informed_policy__d60__w24,63,78
5_se_informed_policy,5_se_informed_policy__d60__w24,64,91
5_se_informed_policy,5_se_informed_policy__d60__w24,65,107
5_se_informed_policy,5_se_informed_policy__d60__w24,66,102
5_se_informed_policy,5_se_informed_policy__d60__w24,67,105
5_se_informed_policy,5_se_informed_policy__d60__w24,68,93
5_se_informed_policy,5_se_informed_policy__d60__w24,69,96
5_se_informed_policy,5_se_informed_policy__d60__w24,70,103
5_se_informed_policy,5_se_informed_policy__d60__w24,71,102
5_se_informed_policy,5_se_informed_policy__d60__w24,72,90
5_se_informed_policy,5_se_informed_policy__d60__w24,73,64
5_se_informed_policy,5_se_informed_policy__d60__w24,74,478
5_se_informed_policy,5_se_informed_policy__d60__w24,75,33
5_se_informed_policy,5_se_informed_policy__d60__w24,76,39
5_se_informed_policy,5_se_informed_policy__d60__w24,77,36
5_se_informed_policy,5_se_informed_policy__d60__w24,78,50
5_se_informed_policy,5_se_informed_policy__d60__w24,79,39
5_se_informed_policy,5_se_informed_policy__d60__w24,80,53
5_se_informed_policy,5_se_informed_policy__d60__w24,81,48
5_se_informed_policy,5_se_informed_policy__d60__w24,82,48
5_se_informed_policy,5_se_informed_policy__d60__w24,83,56
5_se_informed_policy,5_se_informed_policy__d60__w24,84,69
5_se_informed_policy,5_se_informed_policy__d60__w24,85,81
5_se_informed_policy,5_se_informed_policy__d60__w24,86,70
5_se_informed_policy,5_se_informed_policy__d60__w24,87,85
5_se_informed_policy,5_se_informed_policy__d60__w24,88,99
5_se_informed_policy,5_se_informed_policy__d60__w24,89,100
5_se_informed_policy,5_se_informed_policy__d60__w24,90,93
5_se_informed_policy,5_se_informed_policy__d60__w24,91,100
5_se_informed_policy,5_se_informed_policy__d60__w24,92,89
5_se_informed_policy,5_se_informed_policy__d60__w24,93,103
5_se_informed_policy,5_se_informed_policy__d60__w24,94,102
5_se_informed_policy,5_se_informed_policy__d60__w24,95,131
5_se_informed_policy,5_se_informed_policy__d60__w24,96,54
5_se_informed_policy,5_se_informed_policy__d60__w24,97,71
5_se_informed_policy,5_se_informed_policy__d60__w24,98,505
5_se_informed_policy,5_se_informed_policy__d60__w24,99,30
5_se_informed_policy,5_se_informed_policy__d60__w24,100,23
5_se_informed_policy,5_se_informed_policy__d60__w24,101,34
5_se_informed_policy,5_se_informed_policy__d60__w24,102,43
5_se_informed_policy,5_se_informed_policy__d60__w24,103,42
5_se_informed_policy,5_se_informed_policy__d60__w24,104,45
5_se_informed_policy,5_se_informed_policy__d60__w24,105,57
5_se_informed_policy,5_se_informed_policy__d60__w24,106,60
5_se_informed_policy,5_se_informed_policy__d60__w24,107,56
5_se_informed_policy,5_se_informed_policy__d60__w24,108,50
5_se_informed_policy,5_se_informed_policy__d60__w24,109,73
5_se_informed_policy,5_se_informed_policy__d60__w24,110,84
5_se_informed_policy,5_se_informed_policy__d60__w24,111,106
5_se_informed_policy,5_se_informed_policy__d60__w24,112,97
5_se_informed_policy,5_se_informed_policy__d60__w24,113,111
5_se_informed_policy,5_se_informed_policy__d60__w24,114,105
5_se_informed_policy,5_se_informed_policy__d60__w24,115,92
5_se_informed_policy,5_se_informed_policy__d60__w24,116,94
5_se_informed_policy,5_se_informed_policy__d60__w24,117,103
5_se_informed_policy,5_se_informed_policy__d60__w24,118,106
5_se_informed_policy,5_se_informed_policy__d60__w24,119,74
5_se_informed_policy,5_se_informed_policy__d60__w24,120,62
5_se_informed_policy,5_se_informed_policy__d60__w24,121,74
5_se_informed_policy,5_se_informed_policy__d60__w24,122,41
5_se_informed_policy,5_se_informed_policy__d60__w24,123,109
5_se_informed_policy,5_se_informed_policy__d60__w24,124,17
5_se_informed_policy,5_se_informed_policy__d60__w24,125,26
5_se_informed_policy,5_se_informed_policy__d60__w24,126,14
5_se_informed_policy,5_se_informed_policy__d60__w24,127,19
5_se_informed_policy,5_se_informed_policy__d60__w24,128,12
5_se_informed_policy,5_se_informed_policy__d60__w24,129,22
5_se_informed_policy,5_se_informed_policy__d60__w24,130,54
5_se_informed_policy,5_se_informed_policy__d60__w24,131,39
5_se_informed_policy,5_se_informed_policy__d60__w24,132,308
5_se_informed_policy,5_se_informed_policy__d60__w24,133,41
5_se_informed_policy,5_se_informed_policy__d60__w24,134,29
5_se_informed_policy,5_se_informed_policy__d60__w24,135,51
5_se_informed_policy,5_se_informed_policy__d60__w24,136,36
5_se_informed_policy,5_se_informed_policy__d60__w24,137,45
5_se_informed_policy,5_se_informed_policy__d60__w24,138,33
5_se_informed_policy,5_se_informed_policy__d60__w24,139,31
5_se_informed_policy,5_se_informed_policy__d60__w24,140,44
5_se_informed_policy,5_se_informed_policy__d60__w24,141,45
5_se_informed_policy,5_se_informed_policy__d60__w24,142,48
5_se_informed_policy,5_se_informed_policy__d60__w24,143,40
5_se_informed_policy,5_se_informed_policy__d60__w24,144,32
5_se_informed_policy,5_se_informed_policy__d60__w24,145,34
5_se_informed_policy,5_se_informed_policy__d60__w24,146,31
5_se_informed_policy,5_se_informed_policy__d60__w24,147,47
5_se_informed_policy,5_se_informed_policy__d60__w24,148,22
5_se_informed_policy,5_se_informed_policy__d60__w24,149,25
5_se_informed_policy,5_se_informed_policy__d60__w24,150,24
5_se_informed_policy,5_se_informed_policy__d60__w24,151,14
5_se_informed_policy,5_se_informed_policy__d60__w24,152,14
5_se_informed_policy,5_se_informed_policy__d60__w24,153,33
5_se_informed_policy,5_se_informed_policy__d60__w24,154,23
5_se_informed_policy,5_se_informed_policy__d60__w24,155,176
5_se_informed_policy,5_se_informed_policy__d60__w24,156,34
5_se_informed_policy,5_se_informed_policy__d60__w24,157,43
5_se_informed_policy,5_se_informed_policy__d60__w24,158,28
5_se_informed_policy,5_se_informed_policy__d60__w24,159,26
5_se_informed_policy,5_se_informed_policy__d60__w24,160,31
5_se_informed_policy,5_se_informed_policy__d60__w24,161,54
5_se_informed_policy,5_se_informed_policy__d60__w24,162,46
5_se_informed_policy,5_se_informed_policy__d60__w24,163,50
5_se_informed_policy,5_se_informed_policy__d60__w24,164,46
5_se_informed_policy,5_se_informed_policy__d60__w24,165,35
5_se_informed_policy,5_se_informed_policy__d60__w24,166,54
5_se_informed_policy,5_se_informed_policy__d60__w24,167,34
5_se_informed_policy,5_se_informed_policy__d120__w24,0,23
5_se_informed_policy,5_se_informed_policy__d120__w24,1,100
5_se_informed_policy,5_se_informed_policy__d120__w24,2,34
5_se_informed_policy,5_se_informed_policy__d120__w24,3,30
5_se_informed_policy,5_se_informed_policy__d120__w24,4,28
5_se_informed_policy,5_se_informed_policy__d120__w24,5,26
5_se_informed_policy,5_se_informed_policy__d120__w24,6,33
5_se_informed_policy,5_se_informed_policy__d120__w24,7,38
5_se_informed_policy,5_se_informed_policy__d120__w24,8,45
5_se_informed_policy,5_se_informed_policy__d120__w24,9,54
5_se_informed_policy,5_se_informed_policy__d120__w24,10,62
5_se_informed_policy,5_se_informed_policy__d120__w24,11,64
5_se_informed_policy,5_se_informed_policy__d120__w24,12,51
5_se_informed_policy,5_se_informed_policy__d120__w24,13,62
5_se_informed_policy,5_se_informed_policy__d120__w24,14,82
5_se_informed_policy,5_se_informed_policy__d120__w24,15,83
5_se_informed_policy,5_se_informed_policy__d120__w24,16,93
5_se_informed_policy,5_se_informed_policy__d120__w24,17,98
5_se_informed_policy,5_se_informed_policy__d120__w24,18,78
5_se_informed_policy,5_se_informed_policy__d120__w24,19,89
5_se_informed_policy,5_se_informed_policy__d120__w24,20,89
5_se_informed_policy,5_se_informed_policy__d120__w24,21,83
5_se_informed_policy,5_se_informed_policy__d120__w24,22,85
5_se_informed_policy,5_se_informed_policy__d120__w24,23,76
5_se_informed_policy,5_se_informed_policy__d120__w24,24,64
5_se_informed_policy,5_se_informed_policy__d120__w24,25,65
5_se_informed_policy,5_se_informed_policy__d120__w24,26,445
5_se_informed_policy,5_se_informed_policy__d120__w24,27,32
5_se_informed_policy,5_se_informed_policy__d120__w24,28,45
5_se_informed_policy,5_se_informed_policy__d120__w24,29,31
5_se_informed_policy,5_se_informed_policy__d120__w24,30,37
5_se_informed_policy,5_se_informed_policy__d120__w24,31,40
5_se_informed_policy,5_se_informed_policy__d120__w24,32,64
5_se_informed_policy,5_se_informed_policy__d120__w24,33,56
5_se_informed_policy,5_se_informed_policy__d120__w24,34,55
5_se_informed_policy,5_se_informed_policy__d120__w24,35,58
5_se_informed_policy,5_se_informed_policy__d120__w24,36,188
5_se_informed_policy,5_se_informed_policy__d120__w24,37,73
5_se_informed_policy,5_se_informed_policy__d120__w24,38,90
5_se_informed_policy,5_se_informed_policy__d120__w24,39,90
5_se_informed_policy,5_se_informed_policy__d120__w24,40,87
5_se_informed_policy,5_se_informed_policy__d120__w24,41,102
5_se_informed_policy,5_se_informed_policy__d120__w24,42,102
5_se_informed_policy,5_se_informed_policy__d120__w24,43,98
5_se_informed_policy,5_se_informed_policy__d120__w24,44,114
5_se_informed_policy,5_se_informed_policy__d120__w24,45,112
5_se_informed_policy,5_se_informed_policy__d120__w24,46,85
5_se_informed_policy,5_se_informed_policy__d120__w24,47,88
5_se_informed_policy,5_se_informed_policy__d120__w24,48,60
5_se_informed_policy,5_se_informed_policy__d120__w24,49,51
5_se_informed_policy,5_se_informed_policy__d120__w24,50,244
5_se_informed_policy,5_se_informed_policy__d120__w24,51,40
5_se_informed_policy,5_se_informed_policy__d120__w24,52,31
5_se_informed_policy,5_se_informed_policy__d120__w24,53,36
5_se_informed_policy,5_se_informed_policy__d120__w24,54,39
5_se_informed_policy,5_se_informed_policy__d120__w24,55,48
5_se_informed_policy,5_se_informed_policy__d120__w24,56,47
5_se_informed_policy,5_se_informed_policy__d120__w24,57,45
5_se_informed_policy,5_se_informed_policy__d120__w24,58,50
5_se_informed_policy,5_se_informed_policy__d120__w24,59,51
5_se_informed_policy,5_se_informed_policy__d120__w24,60,63
5_se_informed_policy,5_se_informed_policy__d120__w24,61,61
5_se_informed_policy,5_se_informed_policy__d120__w24,62,63
5_se_informed_policy,5_se_informed_policy__d120__w24,63,78
5_se_informed_policy,5_se_informed_policy__d120__w24,64,91
5_se_informed_policy,5_se_informed_policy__d120__w24,65,107
5_se_informed_policy,5_se_informed_policy__d120__w24,66,104
5_se_informed_policy,5_se_informed_policy__d120__w24,67,105
5_se_informed_policy,5_se_informed_policy__d120__w24,68,94
5_se_informed_policy,5_se_informed_policy__d120__w24,69,97
5_se_informed_policy,5_se_informed_policy__d120__w24,70,104
5_se_informed_policy,5_se_informed_policy__d120__w24,71,101
5_se_informed_policy,5_se_informed_policy__d120__w24,72,90
5_se_informed_policy,5_se_informed_policy__d120__w24,73,65
5_se_informed_policy,5_se_informed_policy__d120__w24,74,468
5_se_informed_policy,5_se_informed_policy__d120__w24,75,33
5_se_informed_policy,5_se_informed_policy__d120__w24,76,39
5_se_informed_policy,5_se_informed_policy__d120__w24,77,36
5_se_informed_policy,5_se_informed_policy__d120__w24,78,50
5_se_informed_policy,5_se_informed_policy__d120__w24,79,39
5_se_informed_policy,5_se_informed_policy__d120__w24,80,53
5_se_informed_policy,5_se_informed_policy__d120__w24,81,49
5_se_informed_policy,5_se_informed_policy__d120__w24,82,50
5_se_informed_policy,5_se_informed_policy__d120__w24,83,56
5_se_informed_policy,5_se_informed_policy__d120__w24,84,69
5_se_informed_policy,5_se_informed_policy__d120__w24,85,81
5_se_informed_policy,5_se_informed_policy__d120__w24,86,71
5_se_informed_policy,5_se_informed_policy__d120__w24,87,86
5_se_informed_policy,5_se_informed_policy__d120__w24,88,100
5_se_informed_policy,5_se_informed_policy__d120__w24,89,100
5_se_informed_policy,5_se_informed_policy__d120__w24,90,93
5_se_informed_policy,5_se_informed_policy__d120__w24,91,103
5_se_informed_policy,5_se_informed_policy__d120__w24,92,89
5_se_informed_policy,5_se_informed_policy__d120__w24,93,103
5_se_informed_policy,5_se_informed_policy__d120__w24,94,103
5_se_informed_policy,5_se_informed_policy__d120__w24,95,131
5_se_informed_policy,5_se_informed_policy__d120__w24,96,55
5_se_informed_policy,5_se_informed_policy__d120__w24,97,70
5_se_informed_policy,5_se_informed_policy__d120__w24,98,494
5_se_informed_policy,5_se_informed_policy__d120__w24,99,31
5_se_informed_policy,5_se_informed_policy__d120__w24,100,23
5_se_informed_policy,5_se_informed_policy__d120__w24,101,34
5_se_informed_policy,5_se_informed_policy__d120__w24,102,44
5_se_informed_policy,5_se_informed_policy__d120__w24,103,42
5_se_informed_policy,5_se_informed_policy__d120__w24,104,45
5_se_informed_policy,5_se_informed_policy__d120__w24,105,58
5_se_informed_policy,5_se_informed_policy__d120__w24,106,60
5_se_informed_policy,5_se_informed_policy__d120__w24,107,57
5_se_informed_policy,5_se_informed_policy__d120__w24,108,50
5_se_informed_policy,5_se_informed_policy__d120__w24,109,76
5_se_informed_policy,5_se_informed_policy__d120__w24,110,85
5_se_informed_policy,5_se_informed_policy__d120__w24,111,106
5_se_informed_policy,5_se_informed_policy__d120__w24,112,98
5_se_informed_policy,5_se_informed_policy__d120__w24,113,113
5_se_informed_policy,5_se_informed_policy__d120__w24,114,106
5_se_informed_policy,5_se_informed_policy__d120__w24,115,92
5_se_informed_policy,5_se_informed_policy__d120__w24,116,95
5_se_informed_policy,5_se_informed_policy__d120__w24,117,105
5_se_informed_policy,5_se_informed_policy__d120__w24,118,108
5_se_informed_policy,5_se_informed_policy__d120__w24,119,74
5_se_informed_policy,5_se_informed_policy__d120__w24,120,62
5_se_informed_policy,5_se_informed_policy__d120__w24,121,74
5_se_informed_policy,5_se_informed_policy__d120__w24,122,41
5_se_informed_policy,5_se_informed_policy__d120__w24,123,106
5_se_informed_policy,5_se_informed_policy__d120__w24,124,18
5_se_informed_policy,5_se_informed_policy__d120__w24,125,26
5_se_informed_policy,5_se_informed_policy__d120__w24,126,14
5_se_informed_policy,5_se_informed_policy__d120__w24,127,19
5_se_informed_policy,5_se_informed_policy__d120__w24,128,12
5_se_informed_policy,5_se_informed_policy__d120__w24,129,22
5_se_informed_policy,5_se_informed_policy__d120__w24,130,55
5_se_informed_policy,5_se_informed_policy__d120__w24,131,38
5_se_informed_policy,5_se_informed_policy__d120__w24,132,296
5_se_informed_policy,5_se_informed_policy__d120__w24,133,41
5_se_informed_policy,5_se_informed_policy__d120__w24,134,29
5_se_informed_policy,5_se_informed_policy__d120__w24,135,51
5_se_informed_policy,5_se_informed_policy__d120__w24,136,37
5_se_informed_policy,5_se_informed_policy__d120__w24,137,46
5_se_informed_policy,5_se_informed_policy__d120__w24,138,33
5_se_informed_policy,5_se_informed_policy__d120__w24,139,31
5_se_informed_policy,5_se_informed_policy__d120__w24,140,44
5_se_informed_policy,5_se_informed_policy__d120__w24,141,45
5_se_informed_policy,5_se_informed_policy__d120__w24,142,49
5_se_informed_policy,5_se_informed_policy__d120__w24,143,40
5_se_informed_policy,5_se_informed_policy__d120__w24,144,33
5_se_informed_policy,5_se_informed_policy__d120__w24,145,34
5_se_informed_policy,5_se_informed_policy__d120__w24,146,32
5_se_informed_policy,5_se_informed_policy__d120__w24,147,46
5_se_informed_policy,5_se_informed_policy__d120__w24,148,22
5_se_informed_policy,5_se_informed_policy__d120__w24,149,26
5_se_informed_policy,5_se_informed_policy__d120__w24,150,24
5_se_informed_policy,5_se_informed_policy__d120__w24,151,14
5_se_informed_policy,5_se_informed_policy__d120__w24,152,14
5_se_informed_policy,5_se_informed_policy__d120__w24,153,33
5_se_informed_policy,5_se_informed_policy__d120__w24,154,24
5_se_informed_policy,5_se_informed_policy__d120__w24,155,167
5_se_informed_policy,5_se_informed_policy__d120__w24,156,34
5_se_informed_policy,5_se_informed_policy__d120__w24,157,43
5_se_informed_policy,5_se_informed_policy__d120__w24,158,29
5_se_informed_policy,5_se_informed_policy__d120__w24,159,26
5_se_informed_policy,5_se_informed_policy__d120__w24,160,31
5_se_informed_policy,5_se_informed_policy__d120__w24,161,56
5_se_informed_policy,5_se_informed_policy__d120__w24,162,46
5_se_informed_policy,5_se_informed_policy__d120__w24,163,53
5_se_informed_policy,5_se_informed_policy__d120__w24,164,46
5_se_informed_policy,5_se_informed_policy__d120__w24,165,35
5_se_informed_policy,5_se_informed_policy__d120__w24,166,54
5_se_informed_policy,5_se_informed_policy__d120__w24,167,34
5_se_informed_policy,5_se_informed_policy__d240__w24,0,26
5_se_informed_policy,5_se_informed_policy__d240__w24,1,79
5_se_informed_policy,5_se_informed_policy__d240__w24,2,34
5_se_informed_policy,5_se_informed_policy__d240__w24,3,30
5_se_informed_policy,5_se_informed_policy__d240__w24,4,31
5_se_informed_policy,5_se_informed_policy__d240__w24,5,27
5_se_informed_policy,5_se_informed_policy__d240__w24,6,35
5_se_informed_policy,5_se_informed_policy__d240__w24,7,40
5_se_informed_policy,5_se_informed_policy__d240__w24,8,48
5_se_informed_policy,5_se_informed_policy__d240__w24,9,55
5_se_informed_policy,5_se_informed_policy__d240__w24,10,69
5_se_informed_policy,5_se_informed_policy__d240__w24,11,70
5_se_informed_policy,5_se_informed_policy__d240__w24,12,57
5_se_informed_policy,5_se_informed_policy__d240__w24,13,69
5_se_informed_policy,5_se_informed_policy__d240__w24,14,89
5_se_informed_policy,5_se_informed_policy__d240__w24,15,87
5_se_informed_policy,5_se_informed_policy__d240__w24,16,97
5_se_informed_policy,5_se_informed_policy__d240__w24,17,100
5_se_informed_policy,5_se_informed_policy__d240__w24,18,83
5_se_informed_policy,5_se_informed_policy__d240__w24,19,94
5_se_informed_policy,5_se_informed_policy__d240__w24,20,96
5_se_informed_policy,5_se_informed_policy__d240__w24,21,90
5_se_informed_policy,5_se_informed_policy__d240__w24,22,90
5_se_informed_policy,5_se_informed_policy__d240__w24,23,77
5_se_informed_policy,5_se_informed_policy__d240__w24,24,65
5_se_informed_policy,5_se_informed_policy__d240__w24,25,68
5_se_informed_policy,5_se_informed_policy__d240__w24,26,356
5_se_informed_policy,5_se_informed_policy__d240__w24,27,32
5_se_informed_policy,5_se_informed_policy__d240__w24,28,45
5_se_informed_policy,5_se_informed_policy__d240__w24,29,33
5_se_informed_policy,5_se_informed_policy__d240__w24,30,44
5_se_informed_policy,5_se_informed_policy__d240__w24,31,40
5_se_informed_policy,5_se_informed_policy__d240__w24,32,66
5_se_informed_policy,5_se_informed_policy__d240__w24,33,59
5_se_informed_policy,5_se_informed_policy__d240__w24,34,58
5_se_informed_policy,5_se_informed_policy__d240__w24,35,62
5_se_informed_policy,5_se_informed_policy__d240__w24,36,167
5_se_informed_policy,5_se_informed_policy__d240__w24,37,79
5_se_informed_policy,5_se_informed_policy__d240__w24,38,96
5_se_informed_policy,5_se_informed_policy__d240__w24,39,94
5_se_informed_policy,5_se_informed_policy__d240__w24,40,94
5_se_informed_policy,5_se_informed_policy__d240__w24,41,107
5_se_informed_policy,5_se_informed_policy__d240__w24,42,109
5_se_informed_policy,5_se_informed_policy__d240__w24,43,101
5_se_informed_policy,5_se_informed_policy__d240__w24,44,121
5_se_informed_policy,5_se_informed_policy__d240__w24,45,118
5_se_informed_policy,5_se_informed_policy__d240__w24,46,89
5_se_informed_policy,5_se_informed_policy__d240__w24,47,90
5_se_informed_policy,5_se_informed_policy__d240__w24,48,60
5_se_informed_policy,5_se_informed_policy__d240__w24,49,62
5_se_informed_policy,5_se_informed_policy__d240__w24,50,198
5_se_informed_policy,5_se_informed_policy__d240__w24,51,44
5_se_informed_policy,5_se_informed_policy__d240__w24,52,36
5_se_informed_policy,5_se_informed_policy__d240__w24,53,39
5_se_informed_policy,5_se_informed_policy__d240__w24,54,41
5_se_informed_policy,5_se_informed_policy__d240__w24,55,54
5_se_informed_policy,5_se_informed_policy__d240__w24,56,51
5_se_informed_policy,5_se_informed_policy__d240__w24,57,53
5_se_informed_policy,5_se_informed_policy__d240__w24,58,55
5_se_informed_policy,5_se_informed_policy__d240__w24,59,56
5_se_informed_policy,5_se_informed_policy__d240__w24,60,68
5_se_informed_policy,5_se_informed_policy__d240__w24,61,71
5_se_informed_policy,5_se_informed_policy__d240__w24,62,67
5_se_informed_policy,5_se_informed_policy__d240__w24,63,83
5_se_informed_policy,5_se_informed_policy__d240__w24,64,95
5_se_informed_policy,5_se_informed_policy__d240__w24,65,112
5_se_informed_policy,5_se_informed_policy__d240__w24,66,109
5_se_informed_policy,5_se_informed_policy__d240__w24,67,111
5_se_informed_policy,5_se_informed_policy__d240__w24,68,96
5_se_informed_policy,5_se_informed_policy__d240__w24,69,101
5_se_informed_policy,5_se_informed_policy__d240__w24,70,108
5_se_informed_policy,5_se_informed_policy__d240__w24,71,107
5_se_informed_policy,5_se_informed_policy__d240__w24,72,94
5_se_informed_policy,5_se_informed_policy__d240__w24,73,58
5_se_informed_policy,5_se_informed_policy__d240__w24,74,365
5_se_informed_policy,5_se_informed_policy__d240__w24,75,35
5_se_informed_policy,5_se_informed_policy__d240__w24,76,42
5_se_informed_policy,5_se_informed_policy__d240__w24,77,41
5_se_informed_policy,5_se_informed_policy__d240__w24,78,55
5_se_informed_policy,5_se_informed_policy__d240__w24,79,43
5_se_informed_policy,5_se_informed_policy__d240__w24,80,57
5_se_informed_policy,5_se_informed_policy__d240__w24,81,51
5_se_informed_policy,5_se_informed_policy__d240__w24,82,53
5_se_informed_policy,5_se_informed_policy__d240__w24,83,58
5_se_informed_policy,5_se_informed_policy__d240__w24,84,74
5_se_informed_policy,5_se_informed_policy__d240__w24,85,85
5_se_informed_policy,5_se_informed_policy__d240__w24,86,80
5_se_informed_policy,5_se_informed_policy__d240__w24,87,91
5_se_informed_policy,5_se_informed_policy__d240__w24,88,107
5_se_informed_policy,5_se_informed_policy__d240__w24,89,103
5_se_informed_policy,5_se_informed_policy__d240__w24,90,95
5_se_informed_policy,5_se_informed_policy__d240__w24,91,107
5_se_informed_policy,5_se_informed_policy__d240__w24,92,95
5_se_informed_policy,5_se_informed_policy__d240__w24,93,111
5_se_informed_policy,5_se_informed_policy__d240__w24,94,107
5_se_informed_policy,5_se_informed_policy__d240__w24,95,122
5_se_informed_policy,5_se_informed_policy__d240__w24,96,56
5_se_informed_policy,5_se_informed_policy__d240__w24,97,69
5_se_informed_policy,5_se_informed_policy__d240__w24,98,402
5_se_informed_policy,5_se_informed_policy__d240__w24,99,31
5_se_informed_policy,5_se_informed_policy__d240__w24,100,25
5_se_informed_policy,5_se_informed_policy__d240__w24,101,37
5_se_informed_policy,5_se_informed_policy__d240__w24,102,46
5_se_informed_policy,5_se_informed_policy__d240__w24,103,44
5_se_informed_policy,5_se_informed_policy__d240__w24,104,51
5_se_informed_policy,5_se_informed_policy__d240__w24,105,62
5_se_informed_policy,5_se_informed_policy__d240__w24,106,66
5_se_informed_policy,5_se_informed_policy__d240__w24,107,63
5_se_informed_policy,5_se_informed_policy__d240__w24,108,55
5_se_informed_policy,5_se_informed_policy__d240__w24,109,80
5_se_informed_policy,5_se_informed_policy__d240__w24,110,90
5_se_informed_policy,5_se_informed_policy__d240__w24,111,111
5_se_informed_policy,5_se_informed_policy__d240__w24,112,107
5_se_informed_policy,5_se_informed_policy__d240__w24,113,116
5_se_informed_policy,5_se_informed_policy__d240__w24,114,108
5_se_informed_policy,5_se_informed_policy__d240__w24,115,97
5_se_informed_policy,5_se_informed_policy__d240__w24,116,98
5_se_informed_policy,5_se_informed_policy__d240__w24,117,106
5_se_informed_policy,5_se_informed_policy__d240__w24,118,112
5_se_informed_policy,5_se_informed_policy__d240__w24,119,76
5_se_informed_policy,5_se_informed_policy__d240__w24,120,66
5_se_informed_policy,5_se_informed_policy__d240__w24,121,73
5_se_informed_policy,5_se_informed_policy__d240__w24,122,41
5_se_informed_policy,5_se_informed_policy__d240__w24,123,87
5_se_informed_policy,5_se_informed_policy__d240__w24,124,19
5_se_informed_policy,5_se_informed_policy__d240__w24,125,27
5_se_informed_policy,5_se_informed_policy__d240__w24,126,14
5_se_informed_policy,5_se_informed_policy__d240__w24,127,20
5_se_informed_policy,5_se_informed_policy__d240__w24,128,12
5_se_informed_policy,5_se_informed_policy__d240__w24,129,23
5_se_informed_policy,5_se_informed_policy__d240__w24,130,50
5_se_informed_policy,5_se_informed_policy__d240__w24,131,32
5_se_informed_policy,5_se_informed_policy__d240__w24,132,245
5_se_informed_policy,5_se_informed_policy__d240__w24,133,41
5_se_informed_policy,5_se_informed_policy__d240__w24,134,30
5_se_informed_policy,5_se_informed_policy__d240__w24,135,52
5_se_informed_policy,5_se_informed_policy__d240__w24,136,38
5_se_informed_policy,5_se_informed_policy__d240__w24,137,51
5_se_informed_policy,5_se_informed_policy__d240__w24,138,37
5_se_informed_policy,5_se_informed_policy__d240__w24,139,33
5_se_informed_policy,5_se_informed_policy__d240__w24,140,45
5_se_informed_policy,5_se_informed_policy__d240__w24,141,48
5_se_informed_policy,5_se_informed_policy__d240__w24,142,52
5_se_informed_policy,5_se_informed_policy__d240__w24,143,44
5_se_informed_policy,5_se_informed_policy__d240__w24,144,33
5_se_informed_policy,5_se_informed_policy__d240__w24,145,33
5_se_informed_policy,5_se_informed_policy__d240__w24,146,34
5_se_informed_policy,5_se_informed_policy__d240__w24,147,43
5_se_informed_policy,5_se_informed_policy__d240__w24,148,22
5_se_informed_policy,5_se_informed_policy__d240__w24,149,27
5_se_informed_policy,5_se_informed_policy__d240__w24,150,25
5_se_informed_policy,5_se_informed_policy__d240__w24,151,18
5_se_informed_policy,5_se_informed_policy__d240__w24,152,14
5_se_informed_policy,5_se_informed_policy__d240__w24,153,33
5_se_informed_policy,5_se_informed_policy__d240__w24,154,24
5_se_informed_policy,5_se_informed_policy__d240__w24,155,129
5_se_informed_policy,5_se_informed_policy__d240__w24,156,34
5_se_informed_policy,5_se_informed_policy__d240__w24,157,43
5_se_informed_policy,5_se_informed_policy__d240__w24,158,35
5_se_informed_policy,5_se_informed_policy__d240__w24,159,27
5_se_informed_policy,5_se_informed_policy__d240__w24,160,31
5_se_informed_policy,5_se_informed_policy__d240__w24,161,56
5_se_informed_policy,5_se_informed_policy__d240__w24,162,48
5_se_informed_policy,5_se_informed_policy__d240__w24,163,56
5_se_informed_policy,5_se_informed_policy__d240__w24,164,47
5_se_informed_policy,5_se_informed_policy__d240__w24,165,38
5_se_informed_policy,5_se_informed_policy__d240__w24,166,55
5_se_informed_policy,5_se_informed_policy__d240__w24,167,35
5_se_informed_policy,5_se_informed_policy__d480__w24,0,28
5_se_informed_policy,5_se_informed_policy__d480__w24,1,65
5_se_informed_policy,5_se_informed_policy__d480__w24,2,34
5_se_informed_policy,5_se_informed_policy__d480__w24,3,30
5_se_informed_policy,5_se_informed_policy__d480__w24,4,32
5_se_informed_policy,5_se_informed_policy__d480__w24,5,30
5_se_informed_policy,5_se_informed_policy__d480__w24,6,38
5_se_informed_policy,5_se_informed_policy__d480__w24,7,42
5_se_informed_policy,5_se_informed_policy__d480__w24,8,53
5_se_informed_policy,5_se_informed_policy__d480__w24,9,61
5_se_informed_policy,5_se_informed_policy__d480__w24,10,82
5_se_informed_policy,5_se_informed_policy__d480__w24,11,73
5_se_informed_policy,5_se_informed_policy__d480__w24,12,59
5_se_informed_policy,5_se_informed_policy__d480__w24,13,76
5_se_informed_policy,5_se_informed_policy__d480__w24,14,92
5_se_informed_policy,5_se_informed_policy__d480__w24,15,92
5_se_informed_policy,5_se_informed_policy__d480__w24,16,100
5_se_informed_policy,5_se_informed_policy__d480__w24,17,106
5_se_informed_policy,5_se_informed_policy__d480__w24,18,85
5_se_informed_policy,5_se_informed_policy__d480__w24,19,95
5_se_informed_policy,5_se_informed_policy__d480__w24,20,98
5_se_informed_policy,5_se_informed_policy__d480__w24,21,99
5_se_informed_policy,5_se_informed_policy__d480__w24,22,93
5_se_informed_policy,5_se_informed_policy__d480__w24,23,81
5_se_informed_policy,5_se_informed_policy__d480__w24,24,69
5_se_informed_policy,5_se_informed_policy__d480__w24,25,70
5_se_informed_policy,5_se_informed_policy__d480__w24,26,267
5_se_informed_policy,5_se_informed_policy__d480__w24,27,32
5_se_informed_policy,5_se_informed_policy__d480__w24,28,45
5_se_informed_policy,5_se_informed_policy__d480__w24,29,33
5_se_informed_policy,5_se_informed_policy__d480__w24,30,48
5_se_informed_policy,5_se_informed_policy__d480__w24,31,44
5_se_informed_policy,5_se_informed_policy__d480__w24,32,70
5_se_informed_policy,5_se_informed_policy__d480__w24,33,67
5_se_informed_policy,5_se_informed_policy__d480__w24,34,61
5_se_informed_policy,5_se_informed_policy__d480__w24,35,67
5_se_informed_policy,5_se_informed_policy__d480__w24,36,139
5_se_informed_policy,5_se_informed_policy__d480__w24,37,83
5_se_informed_policy,5_se_informed_policy__d480__w24,38,101
5_se_informed_policy,5_se_informed_policy__d480__w24,39,100
5_se_informed_policy,5_se_informed_policy__d480__w24,40,97
5_se_informed_policy,5_se_informed_policy__d480__w24,41,109
5_se_informed_policy,5_se_informed_policy__d480__w24,42,114
5_se_informed_policy,5_se_informed_policy__d480__w24,43,103
5_se_informed_policy,5_se_informed_policy__d480__w24,44,123
5_se_informed_policy,5_se_informed_policy__d480__w24,45,124
5_se_informed_policy,5_se_informed_policy__d480__w24,46,92
5_se_informed_policy,5_se_informed_policy__d480__w24,47,94
5_se_informed_policy,5_se_informed_policy__d480__w24,48,66
5_se_informed_policy,5_se_informed_policy__d480__w24,49,63
5_se_informed_policy,5_se_informed_policy__d480__w24,50,163
5_se_informed_policy,5_se_informed_policy__d480__w24,51,44
5_se_informed_policy,5_se_informed_policy__d480__w24,52,38
5_se_informed_policy,5_se_informed_policy__d480__w24,53,41
5_se_informed_policy,5_se_informed_policy__d480__w24,54,44
5_se_informed_policy,5_se_informed_policy__d480__w24,55,59
5_se_informed_policy,5_se_informed_policy__d480__w24,56,54
5_se_informed_policy,5_se_informed_policy__d480__w24,57,57
5_se_informed_policy,5_se_informed_policy__d480__w24,58,61
5_se_informed_policy,5_se_informed_policy__d480__w24,59,61
5_se_informed_policy,5_se_informed_policy__d480__w24,60,69
5_se_informed_policy,5_se_informed_policy__d480__w24,61,75
5_se_informed_policy,5_se_informed_policy__d480__w24,62,68
5_se_informed_policy,5_se_informed_policy__d480__w24,63,86
5_se_informed_policy,5_se_informed_policy__d480__w24,64,96
5_se_informed_policy,5_se_informed_policy__d480__w24,65,114
5_se_informed_policy,5_se_informed_policy__d480__w24,66,113
5_se_informed_policy,5_se_informed_policy__d480__w24,67,117
5_se_informed_policy,5_se_informed_policy__d480__w24,68,101
5_se_informed_policy,5_se_informed_policy__d480__w24,69,105
5_se_informed_policy,5_se_informed_policy__d480__w24,70,110
5_se_informed_policy,5_se_informed_policy__d480__w24,71,105
5_se_informed_policy,5_se_informed_policy__d480__w24,72,89
5_se_informed_policy,5_se_informed_policy__d480__w24,73,58
5_se_informed_policy,5_se_informed_policy__d480__w24,74,301
5_se_informed_policy,5_se_informed_policy__d480__w24,75,35
5_se_informed_policy,5_se_informed_policy__d480__w24,76,43
5_se_informed_policy,5_se_informed_policy__d480__w24,77,43
5_se_informed_policy,5_se_informed_policy__d480__w24,78,59
5_se_informed_policy,5_se_informed_policy__d480__w24,79,49
5_se_informed_policy,5_se_informed_policy__d480__w24,80,65
5_se_informed_policy,5_se_informed_policy__d480__w24,81,60
5_se_informed_policy,5_se_informed_policy__d480__w24,82,60
5_se_informed_policy,5_se_informed_policy__d480__w24,83,64
5_se_informed_policy,5_se_informed_policy__d480__w24,84,78
5_se_informed_policy,5_se_informed_policy__d480__w24,85,88
5_se_informed_policy,5_se_informed_policy__d480__w24,86,85
5_se_informed_policy,5_se_informed_policy__d480__w24,87,94
5_se_informed_policy,5_se_informed_policy__d480__w24,88,108
5_se_informed_policy,5_se_informed_policy__d480__w24,89,106
5_se_informed_policy,5_se_informed_policy__d480__w24,90,99
5_se_informed_policy,5_se_informed_policy__d480__w24,91,109
5_se_informed_policy,5_se_informed_policy__d480__w24,92,101
5_se_informed_policy,5_se_informed_policy__d480__w24,93,118
5_se_informed_policy,5_se_informed_policy__d480__w24,94,115
5_se_informed_policy,5_se_informed_policy__d480__w24,95,122
5_se_informed_policy,5_se_informed_policy__d480__w24,96,61
5_se_informed_policy,5_se_informed_policy__d480__w24,97,70
5_se_informed_policy,5_se_informed_policy__d480__w24,98,305
5_se_informed_policy,5_se_informed_policy__d480__w24,99,32
5_se_informed_policy,5_se_informed_policy__d480__w24,100,25
5_se_informed_policy,5_se_informed_policy__d480__w24,101,39
5_se_informed_policy,5_se_informed_policy__d480__w24,102,47
5_se_informed_policy,5_se_informed_policy__d480__w24,103,45
5_se_informed_policy,5_se_informed_policy__d480__w24,104,52
5_se_informed_policy,5_se_informed_policy__d480__w24,105,73
5_se_informed_policy,5_se_informed_policy__d480__w24,106,70
5_se_informed_policy,5_se_informed_policy__d480__w24,107,65
5_se_informed_policy,5_se_informed_policy__d480__w24,108,61
5_se_informed_policy,5_se_informed_policy__d480__w24,109,85
5_se_informed_policy,5_se_informed_policy__d480__w24,110,92
5_se_informed_policy,5_se_informed_policy__d480__w24,111,114
5_se_informed_policy,5_se_informed_policy__d480__w24,112,110
5_se_informed_policy,5_se_informed_policy__d480__w24,113,118
5_se_informed_policy,5_se_informed_policy__d480__w24,114,114
5_se_informed_policy,5_se_informed_policy__d480__w24,115,100
5_se_informed_policy,5_se_informed_policy__d480__w24,116,102
5_se_informed_policy,5_se_informed_policy__d480__w24,117,110
5_se_informed_policy,5_se_informed_policy__d480__w24,118,117
5_se_informed_policy,5_se_informed_policy__d480__w24,119,77
5_se_informed_policy,5_se_informed_policy__d480__w24,120,67
5_se_informed_policy,5_se_informed_policy__d480__w24,121,74
5_se_informed_policy,5_se_informed_policy__d480__w24,122,41
5_se_informed_policy,5_se_informed_policy__d480__w24,123,72
5_se_informed_policy,5_se_informed_policy__d480__w24,124,20
5_se_informed_policy,5_se_informed_policy__d480__w24,125,27
5_se_informed_policy,5_se_informed_policy__d480__w24,126,15
5_se_informed_policy,5_se_informed_policy__d480__w24,127,21
5_se_informed_policy,5_se_informed_policy__d480__w24,128,12
5_se_informed_policy,5_se_informed_policy__d480__w24,129,23
5_se_informed_policy,5_se_informed_policy__d480__w24,130,46
5_se_informed_policy,5_se_informed_policy__d480__w24,131,34
5_se_informed_policy,5_se_informed_policy__d480__w24,132,202
5_se_informed_policy,5_se_informed_policy__d480__w24,133,42
5_se_informed_policy,5_se_informed_policy__d480__w24,134,31
5_se_informed_policy,5_se_informed_policy__d480__w24,135,53
5_se_informed_policy,5_se_informed_policy__d480__w24,136,38
5_se_informed_policy,5_se_informed_policy__d480__w24,137,53
5_se_informed_policy,5_se_informed_policy__d480__w24,138,37
5_se_informed_policy,5_se_informed_policy__d480__w24,139,33
5_se_informed_policy,5_se_informed_policy__d480__w24,140,45
5_se_informed_policy,5_se_informed_policy__d480__w24,141,52
5_se_informed_policy,5_se_informed_policy__d480__w24,142,52
5_se_informed_policy,5_se_informed_policy__d480__w24,143,44
5_se_informed_policy,5_se_informed_policy__d480__w24,144,35
5_se_informed_policy,5_se_informed_policy__d480__w24,145,31
5_se_informed_policy,5_se_informed_policy__d480__w24,146,32
5_se_informed_policy,5_se_informed_policy__d480__w24,147,38
5_se_informed_policy,5_se_informed_policy__d480__w24,148,22
5_se_informed_policy,5_se_informed_policy__d480__w24,149,27
5_se_informed_policy,5_se_informed_policy__d480__w24,150,26
5_se_informed_policy,5_se_informed_policy__d480__w24,151,19
5_se_informed_policy,5_se_informed_policy__d480__w24,152,16
5_se_informed_policy,5_se_informed_policy__d480__w24,153,36
5_se_informed_policy,5_se_informed_policy__d480__w24,154,26
5_se_informed_policy,5_se_informed_policy__d480__w24,155,102
5_se_informed_policy,5_se_informed_policy__d480__w24,156,34
5_se_informed_policy,5_se_informed_policy__d480__w24,157,43
5_se_informed_policy,5_se_informed_policy__d480__w24,158,36
5_se_informed_policy,5_se_informed_policy__d480__w24,159,28
5_se_informed_policy,5_se_informed_policy__d480__w24,160,33
5_se_informed_policy,5_se_informed_policy__d480__w24,161,57
5_se_informed_policy,5_se_informed_policy__d480__w24,162,50
5_se_informed_policy,5_se_informed_policy__d480__w24,163,57
5_se_informed_policy,5_se_informed_policy__d480__w24,164,48
5_se_informed_policy,5_se_informed_policy__d480__w24,165,39
5_se_informed_policy,5_se_informed_policy__d480__w24,166,55
5_se_informed_policy,5_se_informed_policy__d480__w24,167,37
5_se_informed_policy,5_se_informed_policy__d960__w24,0,30
5_se_informed_policy,5_se_informed_policy__d960__w24,1,49
5_se_informed_policy,5_se_informed_policy__d960__w24,2,34
5_se_informed_policy,5_se_informed_policy__d960__w24,3,30
5_se_informed_policy,5_se_informed_policy__d960__w24,4,34
5_se_informed_policy,5_se_informed_policy__d960__w24,5,36
5_se_informed_policy,5_se_informed_policy__d960__w24,6,43
5_se_informed_policy,5_se_informed_policy__d960__w24,7,42
5_se_informed_policy,5_se_informed_policy__d960__w24,8,58
5_se_informed_policy,5_se_informed_policy__d960__w24,9,63
5_se_informed_policy,5_se_informed_policy__d960__w24,10,85
5_se_informed_policy,5_se_informed_policy__d960__w24,11,75
5_se_informed_policy,5_se_informed_policy__d960__w24,12,62
5_se_informed_policy,5_se_informed_policy__d960__w24,13,81
5_se_informed_policy,5_se_informed_policy__d960__w24,14,95
5_se_informed_policy,5_se_informed_policy__d960__w24,15,98
5_se_informed_policy,5_se_informed_policy__d960__w24,16,104
5_se_informed_policy,5_se_informed_policy__d960__w24,17,110
5_se_informed_policy,5_se_informed_policy__d960__w24,18,91
5_se_informed_policy,5_se_informed_policy__d960__w24,19,97
5_se_informed_policy,5_se_informed_policy__d960__w24,20,108
5_se_informed_policy,5_se_informed_policy__d960__w24,21,103
5_se_informed_policy,5_se_informed_policy__d960__w24,22,94
5_se_informed_policy,5_se_informed_policy__d960__w24,23,85
5_se_informed_policy,5_se_informed_policy__d960__w24,24,70
5_se_informed_policy,5_se_informed_policy__d960__w24,25,72
5_se_informed_policy,5_se_informed_policy__d960__w24,26,187
5_se_informed_policy,5_se_informed_policy__d960__w24,27,32
5_se_informed_policy,5_se_informed_policy__d960__w24,28,45
5_se_informed_policy,5_se_informed_policy__d960__w24,29,35
5_se_informed_policy,5_se_informed_policy__d960__w24,30,51
5_se_informed_policy,5_se_informed_policy__d960__w24,31,47
5_se_informed_policy,5_se_informed_policy__d960__w24,32,70
5_se_informed_policy,5_se_informed_policy__d960__w24,33,69
5_se_informed_policy,5_se_informed_policy__d960__w24,34,63
5_se_informed_policy,5_se_informed_policy__d960__w24,35,69
5_se_informed_policy,5_se_informed_policy__d960__w24,36,125
5_se_informed_policy,5_se_informed_policy__d960__w24,37,86
5_se_informed_policy,5_se_informed_policy__d960__w24,38,107
5_se_informed_policy,5_se_informed_policy__d960__w24,39,103
5_se_informed_policy,5_se_informed_policy__d960__w24,40,98
5_se_informed_policy,5_se_informed_policy__d960__w24,41,113
5_se_informed_policy,5_se_informed_policy__d960__w24,42,116
5_se_informed_policy,5_se_informed_policy__d960__w24,43,118
5_se_informed_policy,5_se_informed_policy__d960__w24,44,127
5_se_informed_policy,5_se_informed_policy__d960__w24,45,128
5_se_informed_policy,5_se_informed_policy__d960__w24,46,97
5_se_informed_policy,5_se_informed_policy__d960__w24,47,97
5_se_informed_policy,5_se_informed_policy__d960__w24,48,70
5_se_informed_policy,5_se_informed_policy__d960__w24,49,64
5_se_informed_policy,5_se_informed_policy__d960__w24,50,124
5_se_informed_policy,5_se_informed_policy__d960__w24,51,45
5_se_informed_policy,5_se_informed_policy__d960__w24,52,38
5_se_informed_policy,5_se_informed_policy__d960__w24,53,43
5_se_informed_policy,5_se_informed_policy__d960__w24,54,48
5_se_informed_policy,5_se_informed_policy__d960__w24,55,63
5_se_informed_policy,5_se_informed_policy__d960__w24,56,55
5_se_informed_policy,5_se_informed_policy__d960__w24,57,59
5_se_informed_policy,5_se_informed_policy__d960__w24,58,63
5_se_informed_policy,5_se_informed_policy__d960__w24,59,62
5_se_informed_policy,5_se_informed_policy__d960__w24,60,71
5_se_informed_policy,5_se_informed_policy__d960__w24,61,76
5_se_informed_policy,5_se_informed_policy__d960__w24,62,76
5_se_informed_policy,5_se_informed_policy__d960__w24,63,94
5_se_informed_policy,5_se_informed_policy__d960__w24,64,101
5_se_informed_policy,5_se_informed_policy__d960__w24,65,118
5_se_informed_policy,5_se_informed_policy__d960__w24,66,120
5_se_informed_policy,5_se_informed_policy__d960__w24,67,124
5_se_informed_policy,5_se_informed_policy__d960__w24,68,111
5_se_informed_policy,5_se_informed_policy__d960__w24,69,109
5_se_informed_policy,5_se_informed_policy__d960__w24,70,109
5_se_informed_policy,5_se_informed_policy__d960__w24,71,108
5_se_informed_policy,5_se_informed_policy__d960__w24,72,89
5_se_informed_policy,5_se_informed_policy__d960__w24,73,58
5_se_informed_policy,5_se_informed_policy__d960__w24,74,224
5_se_informed_policy,5_se_informed_policy__d960__w24,75,36
5_se_informed_policy,5_se_informed_policy__d960__w24,76,47
5_se_informed_policy,5_se_informed_policy__d960__w24,77,48
5_se_informed_policy,5_se_informed_policy__d960__w24,78,63
5_se_informed_policy,5_se_informed_policy__d960__w24,79,52
5_se_informed_policy,5_se_informed_policy__d960__w24,80,69
5_se_informed_policy,5_se_informed_policy__d960__w24,81,61
5_se_informed_policy,5_se_informed_policy__d960__w24,82,65
5_se_informed_policy,5_se_informed_policy__d960__w24,83,69
5_se_informed_policy,5_se_informed_policy__d960__w24,84,81
5_se_informed_policy,5_se_informed_policy__d960__w24,85,91
5_se_informed_policy,5_se_informed_policy__d960__w24,86,91
5_se_informed_policy,5_se_informed_policy__d960__w24,87,98
5_se_informed_policy,5_se_informed_policy__d960__w24,88,114
5_se_informed_policy,5_se_informed_policy__d960__w24,89,111
5_se_informed_policy,5_se_informed_policy__d960__w24,90,103
5_se_informed_policy,5_se_informed_policy__d960__w24,91,111
5_se_informed_policy,5_se_informed_policy__d960__w24,92,110
5_se_informed_policy,5_se_informed_policy__d960__w24,93,123
5_se_informed_policy,5_se_informed_policy__d960__w24,94,117
5_se_informed_policy,5_se_informed_policy__d960__w24,95,115
5_se_informed_policy,5_se_informed_policy__d960__w24,96,65
5_se_informed_policy,5_se_informed_policy__d960__w24,97,70
5_se_informed_policy,5_se_informed_policy__d960__w24,98,216
5_se_informed_policy,5_se_informed_policy__d960__w24,99,32
5_se_informed_policy,5_se_informed_policy__d960__w24,100,25
5_se_informed_policy,5_se_informed_policy__d960__w24,101,40
5_se_informed_policy,5_se_informed_policy__d960__w24,102,49
5_se_informed_policy,5_se_informed_policy__d960__w24,103,51
5_se_informed_policy,5_se_informed_policy__d960__w24,104,55
5_se_informed_policy,5_se_informed_policy__d960__w24,105,76
5_se_informed_policy,5_se_informed_policy__d960__w24,106,71
5_se_informed_policy,5_se_informed_policy__d960__w24,107,69
5_se_informed_policy,5_se_informed_policy__d960__w24,108,65
5_se_informed_policy,5_se_informed_policy__d960__w24,109,87
5_se_informed_policy,5_se_informed_policy__d960__w24,110,95
5_se_informed_policy,5_se_informed_policy__d960__w24,111,123
5_se_informed_policy,5_se_informed_policy__d960__w24,112,115
5_se_informed_policy,5_se_informed_policy__d960__w24,113,120
5_se_informed_policy,5_se_informed_policy__d960__w24,114,118
5_se_informed_policy,5_se_informed_policy__d960__w24,115,106
5_se_informed_policy,5_se_informed_policy__d960__w24,116,106
5_se_informed_policy,5_se_informed_policy__d960__w24,117,120
5_se_informed_policy,5_se_informed_policy__d960__w24,118,124
5_se_informed_policy,5_se_informed_policy__d960__w24,119,82
5_se_informed_policy,5_se_informed_policy__d960__w24,120,70
5_se_informed_policy,5_se_informed_policy__d960__w24,121,74
5_se_informed_policy,5_se_informed_policy__d960__w24,122,41
5_se_informed_policy,5_se_informed_policy__d960__w24,123,58
5_se_informed_policy,5_se_informed_policy__d960__w24,124,21
5_se_informed_policy,5_se_informed_policy__d960__w24,125,27
5_se_informed_policy,5_se_informed_policy__d960__w24,126,17
5_se_informed_policy,5_se_informed_policy__d960__w24,127,24
5_se_informed_policy,5_se_informed_policy__d960__w24,128,15
5_se_informed_policy,5_se_informed_policy__d960__w24,129,26
5_se_informed_policy,5_se_informed_policy__d960__w24,130,46
5_se_informed_policy,5_se_informed_policy__d960__w24,131,31
5_se_informed_policy,5_se_informed_policy__d960__w24,132,138
5_se_informed_policy,5_se_informed_policy__d960__w24,133,43
5_se_informed_policy,5_se_informed_policy__d960__w24,134,34
5_se_informed_policy,5_se_informed_policy__d960__w24,135,55
5_se_informed_policy,5_se_informed_policy__d960__w24,136,39
5_se_informed_policy,5_se_informed_policy__d960__w24,137,54
5_se_informed_policy,5_se_informed_policy__d960__w24,138,38
5_se_informed_policy,5_se_informed_policy__d960__w24,139,33
5_se_informed_policy,5_se_informed_policy__d960__w24,140,47
5_se_informed_policy,5_se_informed_policy__d960__w24,141,54
5_se_informed_policy,5_se_informed_policy__d960__w24,142,54
5_se_informed_policy,5_se_informed_policy__d960__w24,143,46
5_se_informed_policy,5_se_informed_policy__d960__w24,144,38
5_se_informed_policy,5_se_informed_policy__d960__w24,145,32
5_se_informed_policy,5_se_informed_policy__d960__w24,146,30
5_se_informed_policy,5_se_informed_policy__d960__w24,147,29
5_se_informed_policy,5_se_informed_policy__d960__w24,148,22
5_se_informed_policy,5_se_informed_policy__d960__w24,149,28
5_se_informed_policy,5_se_informed_policy__d960__w24,150,27
5_se_informed_policy,5_se_informed_policy__d960__w24,151,21
5_se_informed_policy,5_se_informed_policy__d960__w24,152,17
5_se_informed_policy,5_se_informed_policy__d960__w24,153,33
5_se_informed_policy,5_se_informed_policy__d960__w24,154,25
5_se_informed_policy,5_se_informed_policy__d960__w24,155,73
5_se_informed_policy,5_se_informed_policy__d960__w24,156,34
5_se_informed_policy,5_se_informed_policy__d960__w24,157,43
5_se_informed_policy,5_se_informed_policy__d960__w24,158,36
5_se_informed_policy,5_se_informed_policy__d960__w24,159,29
5_se_informed_policy,5_se_informed_policy__d960__w24,160,35
5_se_informed_policy,5_se_informed_policy__d960__w24,161,59
5_se_informed_policy,5_se_informed_policy__d960__w24,162,50
5_se_informed_policy,5_se_informed_policy__d960__w24,163,59
5_se_informed_policy,5_se_informed_policy__d960__w24,164,49
5_se_informed_policy,5_se_informed_policy__d960__w24,165,41
5_se_informed_policy,5_se_informed_policy__d960__w24,166,57
5_se_informed_policy,5_se_informed_policy__d960__w24,167,39
5_se_informed_policy,5_se_informed_policy__d1920__w24,0,30
5_se_informed_policy,5_se_informed_policy__d1920__w24,1,43
5_se_informed_policy,5_se_informed_policy__d1920__w24,2,34
5_se_informed_policy,5_se_informed_policy__d1920__w24,3,30
5_se_informed_policy,5_se_informed_policy__d1920__w24,4,34
5_se_informed_policy,5_se_informed_policy__d1920__w24,5,37
5_se_informed_policy,5_se_informed_policy__d1920__w24,6,43
5_se_informed_policy,5_se_informed_policy__d1920__w24,7,43
5_se_informed_policy,5_se_informed_policy__d1920__w24,8,58
5_se_informed_policy,5_se_informed_policy__d1920__w24,9,63
5_se_informed_policy,5_se_informed_policy__d1920__w24,10,85
5_se_informed_policy,5_se_informed_policy__d1920__w24,11,75
5_se_informed_policy,5_se_informed_policy__d1920__w24,12,63
5_se_informed_policy,5_se_informed_policy__d1920__w24,13,85
5_se_informed_policy,5_se_informed_policy__d1920__w24,14,103
5_se_informed_policy,5_se_informed_policy__d1920__w24,15,102
5_se_informed_policy,5_se_informed_policy__d1920__w24,16,111
5_se_informed_policy,5_se_informed_policy__d1920__w24,17,112
5_se_informed_policy,5_se_informed_policy__d1920__w24,18,92
5_se_informed_policy,5_se_informed_policy__d1920__w24,19,100
5_se_informed_policy,5_se_informed_policy__d1920__w24,20,109
5_se_informed_policy,5_se_informed_policy__d1920__w24,21,109
5_se_informed_policy,5_se_informed_policy__d1920__w24,22,95
5_se_informed_policy,5_se_informed_policy__d1920__w24,23,88
5_se_informed_policy,5_se_informed_policy__d1920__w24,24,71
5_se_informed_policy,5_se_informed_policy__d1920__w24,25,72
5_se_informed_policy,5_se_informed_policy__d1920__w24,26,143
5_se_informed_policy,5_se_informed_policy__d1920__w24,27,32
5_se_informed_policy,5_se_informed_policy__d1920__w24,28,45
5_se_informed_policy,5_se_informed_policy__d1920__w24,29,36
5_se_informed_policy,5_se_informed_policy__d1920__w24,30,51
5_se_informed_policy,5_se_informed_policy__d1920__w24,31,47
5_se_informed_policy,5_se_informed_policy__d1920__w24,32,71
5_se_informed_policy,5_se_informed_policy__d1920__w24,33,69
5_se_informed_policy,5_se_informed_policy__d1920__w24,34,64
5_se_informed_policy,5_se_informed_policy__d1920__w24,35,69
5_se_informed_policy,5_se_informed_policy__d1920__w24,36,122
5_se_informed_policy,5_se_informed_policy__d1920__w24,37,89
5_se_informed_policy,5_se_informed_policy__d1920__w24,38,108
5_se_informed_policy,5_se_informed_policy__d1920__w24,39,107
5_se_informed_policy,5_se_informed_policy__d1920__w24,40,106
5_se_informed_policy,5_se_informed_policy__d1920__w24,41,115
5_se_informed_policy,5_se_informed_policy__d1920__w24,42,118
5_se_informed_policy,5_se_informed_policy__d1920__w24,43,121
5_se_informed_policy,5_se_informed_policy__d1920__w24,44,129
5_se_informed_policy,5_se_informed_policy__d1920__w24,45,133
5_se_informed_policy,5_se_informed_policy__d1920__w24,46,99
5_se_informed_policy,5_se_informed_policy__d1920__w24,47,103
5_se_informed_policy,5_se_informed_policy__d1920__w24,48,70
5_se_informed_policy,5_se_informed_policy__d1920__w24,49,64
5_se_informed_policy,5_se_informed_policy__d1920__w24,50,94
5_se_informed_policy,5_se_informed_policy__d1920__w24,51,46
5_se_informed_policy,5_se_informed_policy__d1920__w24,52,39
5_se_informed_policy,5_se_informed_policy__d1920__w24,53,43
5_se_informed_policy,5_se_informed_policy__d1920__w24,54,49
5_se_informed_policy,5_se_informed_policy__d1920__w24,55,64
5_se_informed_policy,5_se_informed_policy__d1920__w24,56,56
5_se_informed_policy,5_se_informed_policy__d1920__w24,57,60
5_se_informed_policy,5_se_informed_policy__d1920__w24,58,65
5_se_informed_policy,5_se_informed_policy__d1920__w24,59,63
5_se_informed_policy,5_se_informed_policy__d1920__w24,60,72
5_se_informed_policy,5_se_informed_policy__d1920__w24,61,78
5_se_informed_policy,5_se_informed_policy__d1920__w24,62,78
5_se_informed_policy,5_se_informed_policy__d1920__w24,63,98
5_se_informed_policy,5_se_informed_policy__d1920__w24,64,106
5_se_informed_policy,5_se_informed_policy__d1920__w24,65,119
5_se_informed_policy,5_se_informed_policy__d1920__w24,66,123
5_se_informed_policy,5_se_informed_policy__d1920__w24,67,125
5_se_informed_policy,5_se_informed_policy__d1920__w24,68,115
5_se_informed_policy,5_se_informed_policy__d1920__w24,69,110
5_se_informed_policy,5_se_informed_policy__d1920__w24,70,108
5_se_informed_policy,5_se_informed_policy__d1920__w24,71,103
5_se_informed_policy,5_se_informed_policy__d1920__w24,72,91
5_se_informed_policy,5_se_informed_policy__d1920__w24,73,59
5_se_informed_policy,5_se_informed_policy__d1920__w24,74,190
5_se_informed_policy,5_se_informed_policy__d1920__w24,75,36
5_se_informed_policy,5_se_informed_policy__d1920__w24,76,48
5_se_informed_policy,5_se_informed_policy__d1920__w24,77,49
5_se_informed_policy,5_se_informed_policy__d1920__w24,78,67
5_se_informed_policy,5_se_informed_policy__d1920__w24,79,53
5_se_informed_policy,5_se_informed_policy__d1920__w24,80,69
5_se_informed_policy,5_se_informed_policy__d1920__w24,81,61
5_se_informed_policy,5_se_informed_policy__d1920__w24,82,65
5_se_informed_policy,5_se_informed_policy__d1920__w24,83,70
5_se_informed_policy,5_se_informed_policy__d1920__w24,84,81
5_se_informed_policy,5_se_informed_policy__d1920__w24,85,92
5_se_informed_policy,5_se_informed_policy__d1920__w24,86,94
5_se_informed_policy,5_se_informed_policy__d1920__w24,87,102
5_se_informed_policy,5_se_informed_policy__d1920__w24,88,117
5_se_informed_policy,5_se_informed_policy__d1920__w24,89,117
5_se_informed_policy,5_se_informed_policy__d1920__w24,90,109
5_se_informed_policy,5_se_informed_policy__d1920__w24,91,111
5_se_informed_policy,5_se_informed_policy__d1920__w24,92,113
5_se_informed_policy,5_se_informed_policy__d1920__w24,93,125
5_se_informed_policy,5_se_informed_policy__d1920__w24,94,120
5_se_informed_policy,5_se_informed_policy__d1920__w24,95,113
5_se_informed_policy,5_se_informed_policy__d1920__w24,96,70
5_se_informed_policy,5_se_informed_policy__d1920__w24,97,73
5_se_informed_policy,5_se_informed_policy__d1920__w24,98,171
5_se_informed_policy,5_se_informed_policy__d1920__w24,99,34
5_se_informed_policy,5_se_informed_policy__d1920__w24,100,28
5_se_informed_policy,5_se_informed_policy__d1920__w24,101,40
5_se_informed_policy,5_se_informed_policy__d1920__w24,102,49
5_se_informed_policy,5_se_informed_policy__d1920__w24,103,51
5_se_informed_policy,5_se_informed_policy__d1920__w24,104,55
5_se_informed_policy,5_se_informed_policy__d1920__w24,105,77
5_se_informed_policy,5_se_informed_policy__d1920__w24,106,71
5_se_informed_policy,5_se_informed_policy__d1920__w24,107,70
5_se_informed_policy,5_se_informed_policy__d1920__w24,108,65
5_se_informed_policy,5_se_informed_policy__d1920__w24,109,88
5_se_informed_policy,5_se_informed_policy__d1920__w24,110,103
5_se_informed_policy,5_se_informed_policy__d1920__w24,111,124
5_se_informed_policy,5_se_informed_policy__d1920__w24,112,119
5_se_informed_policy,5_se_informed_policy__d1920__w24,113,120
5_se_informed_policy,5_se_informed_policy__d1920__w24,114,120
5_se_informed_policy,5_se_informed_policy__d1920__w24,115,111
5_se_informed_policy,5_se_informed_policy__d1920__w24,116,106
5_se_informed_policy,5_se_informed_policy__d1920__w24,117,123
5_se_informed_policy,5_se_informed_policy__d1920__w24,118,126
5_se_informed_policy,5_se_informed_policy__d1920__w24,119,82
5_se_informed_policy,5_se_informed_policy__d1920__w24,120,74
5_se_informed_policy,5_se_informed_policy__d1920__w24,121,71
5_se_informed_policy,5_se_informed_policy__d1920__w24,122,41
5_se_informed_policy,5_se_informed_policy__d1920__w24,123,53
5_se_informed_policy,5_se_informed_policy__d1920__w24,124,21
5_se_informed_policy,5_se_informed_policy__d1920__w24,125,28
5_se_informed_policy,5_se_informed_policy__d1920__w24,126,20
5_se_informed_policy,5_se_informed_policy__d1920__w24,127,25
5_se_informed_policy,5_se_informed_policy__d1920__w24,128,15
5_se_informed_policy,5_se_informed_policy__d1920__w24,129,26
5_se_informed_policy,5_se_informed_policy__d1920__w24,130,46
5_se_informed_policy,5_se_informed_policy__d1920__w24,131,32
5_se_informed_policy,5_se_informed_policy__d1920__w24,132,108
5_se_informed_policy,5_se_informed_policy__d1920__w24,133,43
5_se_informed_policy,5_se_informed_policy__d1920__w24,134,34
5_se_informed_policy,5_se_informed_policy__d1920__w24,135,56
5_se_informed_policy,5_se_informed_policy__d1920__w24,136,41
5_se_informed_policy,5_se_informed_policy__d1920__w24,137,54
5_se_informed_policy,5_se_informed_policy__d1920__w24,138,39
5_se_informed_policy,5_se_informed_policy__d1920__w24,139,33
5_se_informed_policy,5_se_informed_policy__d1920__w24,140,48
5_se_informed_policy,5_se_informed_policy__d1920__w24,141,55
5_se_informed_policy,5_se_informed_policy__d1920__w24,142,54
5_se_informed_policy,5_se_informed_policy__d1920__w24,143,46
5_se_informed_policy,5_se_informed_policy__d1920__w24,144,39
5_se_informed_policy,5_se_informed_policy__d1920__w24,145,31
5_se_informed_policy,5_se_informed_policy__d1920__w24,146,31
5_se_informed_policy,5_se_informed_policy__d1920__w24,147,23
5_se_informed_policy,5_se_informed_policy__d1920__w24,148,23
5_se_informed_policy,5_se_informed_policy__d1920__w24,149,29
5_se_informed_policy,5_se_informed_policy__d1920__w24,150,27
5_se_informed_policy,5_se_informed_policy__d1920__w24,151,21
5_se_informed_policy,5_se_informed_policy__d1920__w24,152,17
5_se_informed_policy,5_se_informed_policy__d1920__w24,153,33
5_se_informed_policy,5_se_informed_policy__d1920__w24,154,25
5_se_informed_policy,5_se_informed_policy__d1920__w24,155,61
5_se_informed_policy,5_se_informed_policy__d1920__w24,156,34
5_se_informed_policy,5_se_informed_policy__d1920__w24,157,43
5_se_informed_policy,5_se_informed_policy__d1920__w24,158,37
5_se_informed_policy,5_se_informed_policy__d1920__w24,159,29
5_se_informed_policy,5_se_informed_policy__d1920__w24,160,35
5_se_informed_policy,5_se_informed_policy__d1920__w24,161,59
5_se_informed_policy,5_se_informed_policy__d1920__w24,162,51
5_se_informed_policy,5_se_informed_policy__d1920__w24,163,59
5_se_informed_policy,5_se_informed_policy__d1920__w24,164,52
5_se_informed_policy,5_se_informed_policy__d1920__w24,165,42
5_se_informed_policy,5_se_informed_policy__d1920__w24,166,57
5_se_informed_policy,5_se_informed_policy__d1920__w24,167,39
5_se_informed_policy,5_se_informed_policy__d3840__w24,0,30
5_se_informed_policy,5_se_informed_policy__d3840__w24,1,36
5_se_informed_policy,5_se_informed_policy__d3840__w24,2,34
5_se_informed_policy,5_se_informed_policy__d3840__w24,3,30
5_se_informed_policy,5_se_informed_policy__d3840__w24,4,34
5_se_informed_policy,5_se_informed_policy__d3840__w24,5,37
5_se_informed_policy,5_se_informed_policy__d3840__w24,6,43
5_se_informed_policy,5_se_informed_policy__d3840__w24,7,43
5_se_informed_policy,5_se_informed_policy__d3840__w24,8,58
5_se_informed_policy,5_se_informed_policy__d3840__w24,9,65
5_se_informed_policy,5_se_informed_policy__d3840__w24,10,86
5_se_informed_policy,5_se_informed_policy__d3840__w24,11,75
5_se_informed_policy,5_se_informed_policy__d3840__w24,12,65
5_se_informed_policy,5_se_informed_policy__d3840__w24,13,86
5_se_informed_policy,5_se_informed_policy__d3840__w24,14,103
5_se_informed_policy,5_se_informed_policy__d3840__w24,15,104
5_se_informed_policy,5_se_informed_policy__d3840__w24,16,112
5_se_informed_policy,5_se_informed_policy__d3840__w24,17,114
5_se_informed_policy,5_se_informed_policy__d3840__w24,18,93
5_se_informed_policy,5_se_informed_policy__d3840__w24,19,102
5_se_informed_policy,5_se_informed_policy__d3840__w24,20,110
5_se_informed_policy,5_se_informed_policy__d3840__w24,21,111
5_se_informed_policy,5_se_informed_policy__d3840__w24,22,99
5_se_informed_policy,5_se_informed_policy__d3840__w24,23,90
5_se_informed_policy,5_se_informed_policy__d3840__w24,24,73
5_se_informed_policy,5_se_informed_policy__d3840__w24,25,72
5_se_informed_policy,5_se_informed_policy__d3840__w24,26,118
5_se_informed_policy,5_se_informed_policy__d3840__w24,27,32
5_se_informed_policy,5_se_informed_policy__d3840__w24,28,45
5_se_informed_policy,5_se_informed_policy__d3840__w24,29,37
5_se_informed_policy,5_se_informed_policy__d3840__w24,30,51
5_se_informed_policy,5_se_informed_policy__d3840__w24,31,47
5_se_informed_policy,5_se_informed_policy__d3840__w24,32,71
5_se_informed_policy,5_se_informed_policy__d3840__w24,33,69
5_se_informed_policy,5_se_informed_policy__d3840__w24,34,64
5_se_informed_policy,5_se_informed_policy__d3840__w24,35,70
5_se_informed_policy,5_se_informed_policy__d3840__w24,36,120
5_se_informed_policy,5_se_informed_policy__d3840__w24,37,89
5_se_informed_policy,5_se_informed_policy__d3840__w24,38,108
5_se_informed_policy,5_se_informed_policy__d3840__w24,39,109
5_se_informed_policy,5_se_informed_policy__d3840__w24,40,110
5_se_informed_policy,5_se_informed_policy__d3840__w24,41,118
5_se_informed_policy,5_se_informed_policy__d3840__w24,42,119
5_se_informed_policy,5_se_informed_policy__d3840__w24,43,121
5_se_informed_policy,5_se_informed_policy__d3840__w24,44,131
5_se_informed_policy,5_se_informed_policy__d3840__w24,45,134
5_se_informed_policy,5_se_informed_policy__d3840__w24,46,101
5_se_informed_policy,5_se_informed_policy__d3840__w24,47,103
5_se_informed_policy,5_se_informed_policy__d3840__w24,48,70
5_se_informed_policy,5_se_informed_policy__d3840__w24,49,64
5_se_informed_policy,5_se_informed_policy__d3840__w24,50,82
5_se_informed_policy,5_se_informed_policy__d3840__w24,51,47
5_se_informed_policy,5_se_informed_policy__d3840__w24,52,39
5_se_informed_policy,5_se_informed_policy__d3840__w24,53,44
5_se_informed_policy,5_se_informed_policy__d3840__w24,54,49
5_se_informed_policy,5_se_informed_policy__d3840__w24,55,64
5_se_informed_policy,5_se_informed_policy__d3840__w24,56,57
5_se_informed_policy,5_se_informed_policy__d3840__w24,57,60
5_se_informed_policy,5_se_informed_policy__d3840__w24,58,65
5_se_informed_policy,5_se_informed_policy__d3840__w24,59,65
5_se_informed_policy,5_se_informed_policy__d3840__w24,60,73
5_se_informed_policy,5_se_informed_policy__d3840__w24,61,80
5_se_informed_policy,5_se_informed_policy__d3840__w24,62,79
5_se_informed_policy,5_se_informed_policy__d3840__w24,63,99
5_se_informed_policy,5_se_informed_policy__d3840__w24,64,111
5_se_informed_policy,5_se_informed_policy__d3840__w24,65,122
5_se_informed_policy,5_se_informed_policy__d3840__w24,66,123
5_se_informed_policy,5_se_informed_policy__d3840__w24,67,128
5_se_informed_policy,5_se_informed_policy__d3840__w24,68,118
5_se_informed_policy,5_se_informed_policy__d3840__w24,69,113
5_se_informed_policy,5_se_informed_policy__d3840__w24,70,107
5_se_informed_policy,5_se_informed_policy__d3840__w24,71,104
5_se_informed_policy,5_se_informed_policy__d3840__w24,72,94
5_se_informed_policy,5_se_informed_policy__d3840__w24,73,62
5_se_informed_policy,5_se_informed_policy__d3840__w24,74,163
5_se_informed_policy,5_se_informed_policy__d3840__w24,75,36
5_se_informed_policy,5_se_informed_policy__d3840__w24,76,48
5_se_informed_policy,5_se_informed_policy__d3840__w24,77,50
5_se_informed_policy,5_se_informed_policy__d3840__w24,78,68
5_se_informed_policy,5_se_informed_policy__d3840__w24,79,54
5_se_informed_policy,5_se_informed_policy__d3840__w24,80,69
5_se_informed_policy,5_se_informed_policy__d3840__w24,81,61
5_se_informed_policy,5_se_informed_policy__d3840__w24,82,65
5_se_informed_policy,5_se_informed_policy__d3840__w24,83,71
5_se_informed_policy,5_se_informed_policy__d3840__w24,84,81
5_se_informed_policy,5_se_informed_policy__d3840__w24,85,94
5_se_informed_policy,5_se_informed_policy__d3840__w24,86,99
5_se_informed_policy,5_se_informed_policy__d3840__w24,87,103
5_se_informed_policy,5_se_informed_policy__d3840__w24,88,118
5_se_informed_policy,5_se_informed_policy__d3840__w24,89,118
5_se_informed_policy,5_se_informed_policy__d3840__w24,90,113
5_se_informed_policy,5_se_informed_policy__d3840__w24,91,112
5_se_informed_policy,5_se_informed_policy__d3840__w24,92,115
5_se_informed_policy,5_se_informed_policy__d3840__w24,93,125
5_se_informed_policy,5_se_informed_policy__d3840__w24,94,120
5_se_informed_policy,5_se_informed_policy__d3840__w24,95,110
5_se_informed_policy,5_se_informed_policy__d3840__w24,96,71
5_se_informed_policy,5_se_informed_policy__d3840__w24,97,71
5_se_informed_policy,5_se_informed_policy__d3840__w24,98,147
5_se_informed_policy,5_se_informed_policy__d3840__w24,99,36
5_se_informed_policy,5_se_informed_policy__d3840__w24,100,28
5_se_informed_policy,5_se_informed_policy__d3840__w24,101,40
5_se_informed_policy,5_se_informed_policy__d3840__w24,102,49
5_se_informed_policy,5_se_informed_policy__d3840__w24,103,51
5_se_informed_policy,5_se_informed_policy__d3840__w24,104,56
5_se_informed_policy,5_se_informed_policy__d3840__w24,105,78
5_se_informed_policy,5_se_informed_policy__d3840__w24,106,71
5_se_informed_policy,5_se_informed_policy__d3840__w24,107,70
5_se_informed_policy,5_se_informed_policy__d3840__w24,108,66
5_se_informed_policy,5_se_informed_policy__d3840__w24,109,90
5_se_informed_policy,5_se_informed_policy__d3840__w24,110,105
5_se_informed_policy,5_se_informed_policy__d3840__w24,111,127
5_se_informed_policy,5_se_informed_policy__d3840__w24,112,123
5_se_informed_policy,5_se_informed_policy__d3840__w24,113,122
5_se_informed_policy,5_se_informed_policy__d3840__w24,114,124
5_se_informed_policy,5_se_informed_policy__d3840__w24,115,112
5_se_informed_policy,5_se_informed_policy__d3840__w24,116,109
5_se_informed_policy,5_se_informed_policy__d3840__w24,117,127
5_se_informed_policy,5_se_informed_policy__d3840__w24,118,126
5_se_informed_policy,5_se_informed_policy__d3840__w24,119,83
5_se_informed_policy,5_se_informed_policy__d3840__w24,120,75
5_se_informed_policy,5_se_informed_policy__d3840__w24,121,71
5_se_informed_policy,5_se_informed_policy__d3840__w24,122,40
5_se_informed_policy,5_se_informed_policy__d3840__w24,123,49
5_se_informed_policy,5_se_informed_policy__d3840__w24,124,21
5_se_informed_policy,5_se_informed_policy__d3840__w24,125,28
5_se_informed_policy,5_se_informed_policy__d3840__w24,126,20
5_se_informed_policy,5_se_informed_policy__d3840__w24,127,25
5_se_informed_policy,5_se_informed_policy__d3840__w24,128,15
5_se_informed_policy,5_se_informed_policy__d3840__w24,129,28
5_se_informed_policy,5_se_informed_policy__d3840__w24,130,46
5_se_informed_policy,5_se_informed_policy__d3840__w24,131,34
5_se_informed_policy,5_se_informed_policy__d3840__w24,132,81
5_se_informed_policy,5_se_informed_policy__d3840__w24,133,44
5_se_informed_policy,5_se_informed_policy__d3840__w24,134,34
5_se_informed_policy,5_se_informed_policy__d3840__w24,135,56
5_se_informed_policy,5_se_informed_policy__d3840__w24,136,41
5_se_informed_policy,5_se_informed_policy__d3840__w24,137,55
5_se_informed_policy,5_se_informed_policy__d3840__w24,138,41
5_se_informed_policy,5_se_informed_policy__d3840__w24,139,34
5_se_informed_policy,5_se_informed_policy__d3840__w24,140,49
5_se_informed_policy,5_se_informed_policy__d3840__w24,141,56
5_se_informed_policy,5_se_informed_policy__d3840__w24,142,54
5_se_informed_policy,5_se_informed_policy__d3840__w24,143,46
5_se_informed_policy,5_se_informed_policy__d3840__w24,144,39
5_se_informed_policy,5_se_informed_policy__d3840__w24,145,30
5_se_informed_policy,5_se_informed_policy__d3840__w24,146,31
5_se_informed_policy,5_se_informed_policy__d3840__w24,147,23
5_se_informed_policy,5_se_informed_policy__d3840__w24,148,23
5_se_informed_policy,5_se_informed_policy__d3840__w24,149,29
5_se_informed_policy,5_se_informed_policy__d3840__w24,150,27
5_se_informed_policy,5_se_informed_policy__d3840__w24,151,21
5_se_informed_policy,5_se_informed_policy__d3840__w24,152,17
5_se_informed_policy,5_se_informed_policy__d3840__w24,153,31
5_se_informed_policy,5_se_informed_policy__d3840__w24,154,25
5_se_informed_policy,5_se_informed_policy__d3840__w24,155,51
5_se_informed_policy,5_se_informed_policy__d3840__w24,156,34
5_se_informed_policy,5_se_informed_policy__d3840__w24,157,43
5_se_informed_policy,5_se_informed_policy__d3840__w24,158,38
5_se_informed_policy,5_se_informed_policy__d3840__w24,159,29
5_se_informed_policy,5_se_informed_policy__d3840__w24,160,35
5_se_informed_policy,5_se_informed_policy__d3840__w24,161,59
5_se_informed_policy,5_se_informed_policy__d3840__w24,162,52
5_se_informed_policy,5_se_informed_policy__d3840__w24,163,60
5_se_informed_policy,5_se_informed_policy__d3840__w24,164,52
5_se_informed_policy,5_se_informed_policy__d3840__w24,165,44
5_se_informed_policy,5_se_informed_policy__d3840__w24,166,59
5_se_informed_policy,5_se_informed_policy__d3840__w24,167,39
5_se_informed_policy,5_se_informed_policy__d7680__w24,0,30
5_se_informed_policy,5_se_informed_policy__d7680__w24,1,36
5_se_informed_policy,5_se_informed_policy__d7680__w24,2,34
5_se_informed_policy,5_se_informed_policy__d7680__w24,3,30
5_se_informed_policy,5_se_informed_policy__d7680__w24,4,34
5_se_informed_policy,5_se_informed_policy__d7680__w24,5,37
5_se_informed_policy,5_se_informed_policy__d7680__w24,6,44
5_se_informed_policy,5_se_informed_policy__d7680__w24,7,44
5_se_informed_policy,5_se_informed_policy__d7680__w24,8,58
5_se_informed_policy,5_se_informed_policy__d7680__w24,9,65
5_se_informed_policy,5_se_informed_policy__d7680__w24,10,86
5_se_informed_policy,5_se_informed_policy__d7680__w24,11,76
5_se_informed_policy,5_se_informed_policy__d7680__w24,12,65
5_se_informed_policy,5_se_informed_policy__d7680__w24,13,86
5_se_informed_policy,5_se_informed_policy__d7680__w24,14,103
5_se_informed_policy,5_se_informed_policy__d7680__w24,15,105
5_se_informed_policy,5_se_informed_policy__d7680__w24,16,114
5_se_informed_policy,5_se_informed_policy__d7680__w24,17,116
5_se_informed_policy,5_se_informed_policy__d7680__w24,18,93
5_se_informed_policy,5_se_informed_policy__d7680__w24,19,106
5_se_informed_policy,5_se_informed_policy__d7680__w24,20,114
5_se_informed_policy,5_se_informed_policy__d7680__w24,21,114
5_se_informed_policy,5_se_informed_policy__d7680__w24,22,101
5_se_informed_policy,5_se_informed_policy__d7680__w24,23,90
5_se_informed_policy,5_se_informed_policy__d7680__w24,24,80
5_se_informed_policy,5_se_informed_policy__d7680__w24,25,73
5_se_informed_policy,5_se_informed_policy__d7680__w24,26,89
5_se_informed_policy,5_se_informed_policy__d7680__w24,27,32
5_se_informed_policy,5_se_informed_policy__d7680__w24,28,45
5_se_informed_policy,5_se_informed_policy__d7680__w24,29,37
5_se_informed_policy,5_se_informed_policy__d7680__w24,30,52
5_se_informed_policy,5_se_informed_policy__d7680__w24,31,47
5_se_informed_policy,5_se_informed_policy__d7680__w24,32,71
5_se_informed_policy,5_se_informed_policy__d7680__w24,33,71
5_se_informed_policy,5_se_informed_policy__d7680__w24,34,64
5_se_informed_policy,5_se_informed_policy__d7680__w24,35,70
5_se_informed_policy,5_se_informed_policy__d7680__w24,36,117
5_se_informed_policy,5_se_informed_policy__d7680__w24,37,89
5_se_informed_policy,5_se_informed_policy__d7680__w24,38,109
5_se_informed_policy,5_se_informed_policy__d7680__w24,39,109
5_se_informed_policy,5_se_informed_policy__d7680__w24,40,111
5_se_informed_policy,5_se_informed_policy__d7680__w24,41,121
5_se_informed_policy,5_se_informed_policy__d7680__w24,42,122
5_se_informed_policy,5_se_informed_policy__d7680__w24,43,124
5_se_informed_policy,5_se_informed_policy__d7680__w24,44,133
5_se_informed_policy,5_se_informed_policy__d7680__w24,45,139
5_se_informed_policy,5_se_informed_policy__d7680__w24,46,105
5_se_informed_policy,5_se_informed_policy__d7680__w24,47,107
5_se_informed_policy,5_se_informed_policy__d7680__w24,48,76
5_se_informed_policy,5_se_informed_policy__d7680__w24,49,65
5_se_informed_policy,5_se_informed_policy__d7680__w24,50,65
5_se_informed_policy,5_se_informed_policy__d7680__w24,51,47
5_se_informed_policy,5_se_informed_policy__d7680__w24,52,39
5_se_informed_policy,5_se_informed_policy__d7680__w24,53,44
5_se_informed_policy,5_se_informed_policy__d7680__w24,54,49
5_se_informed_policy,5_se_informed_policy__d7680__w24,55,65
5_se_informed_policy,5_se_informed_policy__d7680__w24,56,57
5_se_informed_policy,5_se_informed_policy__d7680__w24,57,62
5_se_informed_policy,5_se_informed_policy__d7680__w24,58,65
5_se_informed_policy,5_se_informed_policy__d7680__w24,59,66
5_se_informed_policy,5_se_informed_policy__d7680__w24,60,74
5_se_informed_policy,5_se_informed_policy__d7680__w24,61,80
5_se_informed_policy,5_se_informed_policy__d7680__w24,62,83
5_se_informed_policy,5_se_informed_policy__d7680__w24,63,101
5_se_informed_policy,5_se_informed_policy__d7680__w24,64,111
5_se_informed_policy,5_se_informed_policy__d7680__w24,65,127
5_se_informed_policy,5_se_informed_policy__d7680__w24,66,128
5_se_informed_policy,5_se_informed_policy__d7680__w24,67,134
5_se_informed_policy,5_se_informed_policy__d7680__w24,68,119
5_se_informed_policy,5_se_informed_policy__d7680__w24,69,120
5_se_informed_policy,5_se_informed_policy__d7680__w24,70,106
5_se_informed_policy,5_se_informed_policy__d7680__w24,71,103
5_se_informed_policy,5_se_informed_policy__d7680__w24,72,91
5_se_informed_policy,5_se_informed_policy__d7680__w24,73,61
5_se_informed_policy,5_se_informed_policy__d7680__w24,74,125
5_se_informed_policy,5_se_informed_policy__d7680__w24,75,38
5_se_informed_policy,5_se_informed_policy__d7680__w24,76,49
5_se_informed_policy,5_se_informed_policy__d7680__w24,77,50
5_se_informed_policy,5_se_informed_policy__d7680__w24,78,68
5_se_informed_policy,5_se_informed_policy__d7680__w24,79,54
5_se_informed_policy,5_se_informed_policy__d7680__w24,80,69
5_se_informed_policy,5_se_informed_policy__d7680__w24,81,62
5_se_informed_policy,5_se_informed_policy__d7680__w24,82,65
5_se_informed_policy,5_se_informed_policy__d7680__w24,83,71
5_se_informed_policy,5_se_informed_policy__d7680__w24,84,82
5_se_informed_policy,5_se_informed_policy__d7680__w24,85,97
5_se_informed_policy,5_se_informed_policy__d7680__w24,86,102
5_se_informed_policy,5_se_informed_policy__d7680__w24,87,103
5_se_informed_policy,5_se_informed_policy__d7680__w24,88,120
5_se_informed_policy,5_se_informed_policy__d7680__w24,89,119
5_se_informed_policy,5_se_informed_policy__d7680__w24,90,117
5_se_informed_policy,5_se_informed_policy__d7680__w24,91,115
5_se_informed_policy,5_se_informed_policy__d7680__w24,92,116
5_se_informed_policy,5_se_informed_policy__d7680__w24,93,128
5_se_informed_policy,5_se_informed_policy__d7680__w24,94,122
5_se_informed_policy,5_se_informed_policy__d7680__w24,95,104
5_se_informed_policy,5_se_informed_policy__d7680__w24,96,74
5_se_informed_policy,5_se_informed_policy__d7680__w24,97,72
5_se_informed_policy,5_se_informed_policy__d7680__w24,98,116
5_se_informed_policy,5_se_informed_policy__d7680__w24,99,36
5_se_informed_policy,5_se_informed_policy__d7680__w24,100,28
5_se_informed_policy,5_se_informed_policy__d7680__w24,101,41
5_se_informed_policy,5_se_informed_policy__d7680__w24,102,49
5_se_informed_policy,5_se_informed_policy__d7680__w24,103,51
5_se_informed_policy,5_se_informed_policy__d7680__w24,104,57
5_se_informed_policy,5_se_informed_policy__d7680__w24,105,78
5_se_informed_policy,5_se_informed_policy__d7680__w24,106,71
5_se_informed_policy,5_se_informed_policy__d7680__w24,107,70
5_se_informed_policy,5_se_informed_policy__d7680__w24,108,66
5_se_informed_policy,5_se_informed_policy__d7680__w24,109,92
5_se_informed_policy,5_se_informed_policy__d7680__w24,110,107
5_se_informed_policy,5_se_informed_policy__d7680__w24,111,128
5_se_informed_policy,5_se_informed_policy__d7680__w24,112,126
5_se_informed_policy,5_se_informed_policy__d7680__w24,113,125
5_se_informed_policy,5_se_informed_policy__d7680__w24,114,124
5_se_informed_policy,5_se_informed_policy__d7680__w24,115,113
5_se_informed_policy,5_se_informed_policy__d7680__w24,116,109
5_se_informed_policy,5_se_informed_policy__d7680__w24,117,128
5_se_informed_policy,5_se_informed_policy__d7680__w24,118,126
5_se_informed_policy,5_se_informed_policy__d7680__w24,119,87
5_se_informed_policy,5_se_informed_policy__d7680__w24,120,78
5_se_informed_policy,5_se_informed_policy__d7680__w24,121,71
5_se_informed_policy,5_se_informed_policy__d7680__w24,122,41
5_se_informed_policy,5_se_informed_policy__d7680__w24,123,48
5_se_informed_policy,5_se_informed_policy__d7680__w24,124,21
5_se_informed_policy,5_se_informed_policy__d7680__w24,125,29
5_se_informed_policy,5_se_informed_policy__d7680__w24,126,20
5_se_informed_policy,5_se_informed_policy__d7680__w24,127,25
5_se_informed_policy,5_se_informed_policy__d7680__w24,128,15
5_se_informed_policy,5_se_informed_policy__d7680__w24,129,28
5_se_informed_policy,5_se_informed_policy__d7680__w24,130,46
5_se_informed_policy,5_se_informed_policy__d7680__w24,131,34
5_se_informed_policy,5_se_informed_policy__d7680__w24,132,61
5_se_informed_policy,5_se_informed_policy__d7680__w24,133,44
5_se_informed_policy,5_se_informed_policy__d7680__w24,134,34
5_se_informed_policy,5_se_informed_policy__d7680__w24,135,56
5_se_informed_policy,5_se_informed_policy__d7680__w24,136,42
5_se_informed_policy,5_se_informed_policy__d7680__w24,137,55
5_se_informed_policy,5_se_informed_policy__d7680__w24,138,41
5_se_informed_policy,5_se_informed_policy__d7680__w24,139,34
5_se_informed_policy,5_se_informed_policy__d7680__w24,140,49
5_se_informed_policy,5_se_informed_policy__d7680__w24,141,56
5_se_informed_policy,5_se_informed_policy__d7680__w24,142,54
5_se_informed_policy,5_se_informed_policy__d7680__w24,143,46
5_se_informed_policy,5_se_informed_policy__d7680__w24,144,40
5_se_informed_policy,5_se_informed_policy__d7680__w24,145,29
5_se_informed_policy,5_se_informed_policy__d7680__w24,146,30
5_se_informed_policy,5_se_informed_policy__d7680__w24,147,21
5_se_informed_policy,5_se_informed_policy__d7680__w24,148,24
5_se_informed_policy,5_se_informed_policy__d7680__w24,149,29
5_se_informed_policy,5_se_informed_policy__d7680__w24,150,27
5_se_informed_policy,5_se_informed_policy__d7680__w24,151,21
5_se_informed_policy,5_se_informed_policy__d7680__w24,152,17
5_se_informed_policy,5_se_informed_policy__d7680__w24,153,31
5_se_informed_policy,5_se_informed_policy__d7680__w24,154,25
5_se_informed_policy,5_se_informed_policy__d7680__w24,155,48
5_se_informed_policy,5_se_informed_policy__d7680__w24,156,34
5_se_informed_policy,5_se_informed_policy__d7680__w24,157,43
5_se_informed_policy,5_se_informed_policy__d7680__w24,158,38
5_se_informed_policy,5_se_informed_policy__d7680__w24,159,29
5_se_informed_policy,5_se_informed_policy__d7680__w24,160,35
5_se_informed_policy,5_se_informed_policy__d7680__w24,161,59
5_se_informed_policy,5_se_informed_policy__d7680__w24,162,52
5_se_informed_policy,5_se_informed_policy__d7680__w24,163,60
5_se_informed_policy,5_se_informed_policy__d7680__w24,164,52
5_se_informed_policy,5_se_informed_policy__d7680__w24,165,44
5_se_informed_policy,5_se_informed_policy__d7680__w24,166,59
5_se_informed_policy,5_se_informed_policy__d7680__w24,167,39
5_se_informed_policy,5_se_informed_policy__d15360__w24,0,33
5_se_informed_policy,5_se_informed_policy__d15360__w24,1,32
5_se_informed_policy,5_se_informed_policy__d15360__w24,2,34
5_se_informed_policy,5_se_informed_policy__d15360__w24,3,30
5_se_informed_policy,5_se_informed_policy__d15360__w24,4,34
5_se_informed_policy,5_se_informed_policy__d15360__w24,5,37
5_se_informed_policy,5_se_informed_policy__d15360__w24,6,45
5_se_informed_policy,5_se_informed_policy__d15360__w24,7,47
5_se_informed_policy,5_se_informed_policy__d15360__w24,8,62
5_se_informed_policy,5_se_informed_policy__d15360__w24,9,72
5_se_informed_policy,5_se_informed_policy__d15360__w24,10,90
5_se_informed_policy,5_se_informed_policy__d15360__w24,11,80
5_se_informed_policy,5_se_informed_policy__d15360__w24,12,70
5_se_informed_policy,5_se_informed_policy__d15360__w24,13,90
5_se_informed_policy,5_se_informed_policy__d15360__w24,14,104
5_se_informed_policy,5_se_informed_policy__d15360__w24,15,107
5_se_informed_policy,5_se_informed_policy__d15360__w24,16,118
5_se_informed_policy,5_se_informed_policy__d15360__w24,17,117
5_se_informed_policy,5_se_informed_policy__d15360__w24,18,94
5_se_informed_policy,5_se_informed_policy__d15360__w24,19,107
5_se_informed_policy,5_se_informed_policy__d15360__w24,20,115
5_se_informed_policy,5_se_informed_policy__d15360__w24,21,115
5_se_informed_policy,5_se_informed_policy__d15360__w24,22,101
5_se_informed_policy,5_se_informed_policy__d15360__w24,23,91
5_se_informed_policy,5_se_informed_policy__d15360__w24,24,82
5_se_informed_policy,5_se_informed_policy__d15360__w24,25,73
5_se_informed_policy,5_se_informed_policy__d15360__w24,26,42
5_se_informed_policy,5_se_informed_policy__d15360__w24,27,32
5_se_informed_policy,5_se_informed_policy__d15360__w24,28,45
5_se_informed_policy,5_se_informed_policy__d15360__w24,29,38
5_se_informed_policy,5_se_informed_policy__d15360__w24,30,55
5_se_informed_policy,5_se_informed_policy__d15360__w24,31,50
5_se_informed_policy,5_se_informed_policy__d15360__w24,32,77
5_se_informed_policy,5_se_informed_policy__d15360__w24,33,81
5_se_informed_policy,5_se_informed_policy__d15360__w24,34,69
5_se_informed_policy,5_se_informed_policy__d15360__w24,35,76
5_se_informed_policy,5_se_informed_policy__d15360__w24,36,83
5_se_informed_policy,5_se_informed_policy__d15360__w24,37,92
5_se_informed_policy,5_se_informed_policy__d15360__w24,38,113
5_se_informed_policy,5_se_informed_policy__d15360__w24,39,113
5_se_informed_policy,5_se_informed_policy__d15360__w24,40,115
5_se_informed_policy,5_se_informed_policy__d15360__w24,41,123
5_se_informed_policy,5_se_informed_policy__d15360__w24,42,124
5_se_informed_policy,5_se_informed_policy__d15360__w24,43,124
5_se_informed_policy,5_se_informed_policy__d15360__w24,44,133
5_se_informed_policy,5_se_informed_policy__d15360__w24,45,139
5_se_informed_policy,5_se_informed_policy__d15360__w24,46,106
5_se_informed_policy,5_se_informed_policy__d15360__w24,47,109
5_se_informed_policy,5_se_informed_policy__d15360__w24,48,83
5_se_informed_policy,5_se_informed_policy__d15360__w24,49,66
5_se_informed_policy,5_se_informed_policy__d15360__w24,50,46
5_se_informed_policy,5_se_informed_policy__d15360__w24,51,47
5_se_informed_policy,5_se_informed_policy__d15360__w24,52,39
5_se_informed_policy,5_se_informed_policy__d15360__w24,53,46
5_se_informed_policy,5_se_informed_policy__d15360__w24,54,51
5_se_informed_policy,5_se_informed_policy__d15360__w24,55,68
5_se_informed_policy,5_se_informed_policy__d15360__w24,56,64
5_se_informed_policy,5_se_informed_policy__d15360__w24,57,67
5_se_informed_policy,5_se_informed_policy__d15360__w24,58,66
5_se_informed_policy,5_se_informed_policy__d15360__w24,59,75
5_se_informed_policy,5_se_informed_policy__d15360__w24,60,79
5_se_informed_policy,5_se_informed_policy__d15360__w24,61,82
5_se_informed_policy,5_se_informed_policy__d15360__w24,62,90
5_se_informed_policy,5_se_informed_policy__d15360__w24,63,107
5_se_informed_policy,5_se_informed_policy__d15360__w24,64,114
5_se_informed_policy,5_se_informed_policy__d15360__w24,65,132
5_se_informed_policy,5_se_informed_policy__d15360__w24,66,131
5_se_informed_policy,5_se_informed_policy__d15360__w24,67,136
5_se_informed_policy,5_se_informed_policy__d15360__w24,68,121
5_se_informed_policy,5_se_informed_policy__d15360__w24,69,121
5_se_informed_policy,5_se_informed_policy__d15360__w24,70,106
5_se_informed_policy,5_se_informed_policy__d15360__w24,71,103
5_se_informed_policy,5_se_informed_policy__d15360__w24,72,90
5_se_informed_policy,5_se_informed_policy__d15360__w24,73,62
5_se_informed_policy,5_se_informed_policy__d15360__w24,74,60
5_se_informed_policy,5_se_informed_policy__d15360__w24,75,38
5_se_informed_policy,5_se_informed_policy__d15360__w24,76,49
5_se_informed_policy,5_se_informed_policy__d15360__w24,77,51
5_se_informed_policy,5_se_informed_policy__d15360__w24,78,71
5_se_informed_policy,5_se_informed_policy__d15360__w24,79,57
5_se_informed_policy,5_se_informed_policy__d15360__w24,80,74
5_se_informed_policy,5_se_informed_policy__d15360__w24,81,67
5_se_informed_policy,5_se_informed_policy__d15360__w24,82,71
5_se_informed_policy,5_se_informed_policy__d15360__w24,83,77
5_se_informed_policy,5_se_informed_policy__d15360__w24,84,84
5_se_informed_policy,5_se_informed_policy__d15360__w24,85,102
5_se_informed_policy,5_se_informed_policy__d15360__w24,86,109
5_se_informed_policy,5_se_informed_policy__d15360__w24,87,106
5_se_informed_policy,5_se_informed_policy__d15360__w24,88,122
5_se_informed_policy,5_se_informed_policy__d15360__w24,89,122
5_se_informed_policy,5_se_informed_policy__d15360__w24,90,121
5_se_informed_policy,5_se_informed_policy__d15360__w24,91,117
5_se_informed_policy,5_se_informed_policy__d15360__w24,92,120
5_se_informed_policy,5_se_informed_policy__d15360__w24,93,131
5_se_informed_policy,5_se_informed_policy__d15360__w24,94,124
5_se_informed_policy,5_se_informed_policy__d15360__w24,95,96
5_se_informed_policy,5_se_informed_policy__d15360__w24,96,77
5_se_informed_policy,5_se_informed_policy__d15360__w24,97,72
5_se_informed_policy,5_se_informed_policy__d15360__w24,98,47
5_se_informed_policy,5_se_informed_policy__d15360__w24,99,37
5_se_informed_policy,5_se_informed_policy__d15360__w24,100,30
5_se_informed_policy,5_se_informed_policy__d15360__w24,101,42
5_se_informed_policy,5_se_informed_policy__d15360__w24,102,51
5_se_informed_policy,5_se_informed_policy__d15360__w24,103,53
5_se_informed_policy,5_se_informed_policy__d15360__w24,104,62
5_se_informed_policy,5_se_informed_policy__d15360__w24,105,89
5_se_informed_policy,5_se_informed_policy__d15360__w24,106,76
5_se_informed_policy,5_se_informed_policy__d15360__w24,107,75
5_se_informed_policy,5_se_informed_policy__d15360__w24,108,73
5_se_informed_policy,5_se_informed_policy__d15360__w24,109,97
5_se_informed_policy,5_se_informed_policy__d15360__w24,110,110
5_se_informed_policy,5_se_informed_policy__d15360__w24,111,129
5_se_informed_policy,5_se_informed_policy__d15360__w24,112,128
5_se_informed_policy,5_se_informed_policy__d15360__w24,113,125
5_se_informed_policy,5_se_informed_policy__d15360__w24,114,128
5_se_informed_policy,5_se_informed_policy__d15360__w24,115,116
5_se_informed_policy,5_se_informed_policy__d15360__w24,116,114
5_se_informed_policy,5_se_informed_policy__d15360__w24,117,128
5_se_informed_policy,5_se_informed_policy__d15360__w24,118,128
5_se_informed_policy,5_se_informed_policy__d15360__w24,119,88
5_se_informed_policy,5_se_informed_policy__d15360__w24,120,79
5_se_informed_policy,5_se_informed_policy__d15360__w24,121,69
5_se_informed_policy,5_se_informed_policy__d15360__w24,122,40
5_se_informed_policy,5_se_informed_policy__d15360__w24,123,24
5_se_informed_policy,5_se_informed_policy__d15360__w24,124,21
5_se_informed_policy,5_se_informed_policy__d15360__w24,125,29
5_se_informed_policy,5_se_informed_policy__d15360__w24,126,20
5_se_informed_policy,5_se_informed_policy__d15360__w24,127,25
5_se_informed_policy,5_se_informed_policy__d15360__w24,128,15
5_se_informed_policy,5_se_informed_policy__d15360__w24,129,29
5_se_informed_policy,5_se_informed_policy__d15360__w24,130,41
5_se_informed_policy,5_se_informed_policy__d15360__w24,131,29
5_se_informed_policy,5_se_informed_policy__d15360__w24,132,27
5_se_informed_policy,5_se_informed_policy__d15360__w24,133,45
5_se_informed_policy,5_se_informed_policy__d15360__w24,134,34
5_se_informed_policy,5_se_informed_policy__d15360__w24,135,56
5_se_informed_policy,5_se_informed_policy__d15360__w24,136,42
5_se_informed_policy,5_se_informed_policy__d15360__w24,137,55
5_se_informed_policy,5_se_informed_policy__d15360__w24,138,41
5_se_informed_policy,5_se_informed_policy__d15360__w24,139,35
5_se_informed_policy,5_se_informed_policy__d15360__w24,140,50
5_se_informed_policy,5_se_informed_policy__d15360__w24,141,56
5_se_informed_policy,5_se_informed_policy__d15360__w24,142,54
5_se_informed_policy,5_se_informed_policy__d15360__w24,143,47
5_se_informed_policy,5_se_informed_policy__d15360__w24,144,43
5_se_informed_policy,5_se_informed_policy__d15360__w24,145,30
5_se_informed_policy,5_se_informed_policy__d15360__w24,146,30
5_se_informed_policy,5_se_informed_policy__d15360__w24,147,21
5_se_informed_policy,5_se_informed_policy__d15360__w24,148,24
5_se_informed_policy,5_se_informed_policy__d15360__w24,149,29
5_se_informed_policy,5_se_informed_policy__d15360__w24,150,27
5_se_informed_policy,5_se_informed_policy__d15360__w24,151,21
5_se_informed_policy,5_se_informed_policy__d15360__w24,152,18
5_se_informed_policy,5_se_informed_policy__d15360__w24,153,30
5_se_informed_policy,5_se_informed_policy__d15360__w24,154,25
5_se_informed_policy,5_se_informed_policy__d15360__w24,155,39
5_se_informed_policy,5_se_informed_policy__d15360__w24,156,34
5_se_informed_policy,5_se_informed_policy__d15360__w24,157,43
5_se_informed_policy,5_se_informed_policy__d15360__w24,158,38
5_se_informed_policy,5_se_informed_policy__d15360__w24,159,29
5_se_informed_policy,5_se_informed_policy__d15360__w24,160,35
5_se_informed_policy,5_se_informed_policy__d15360__w24,161,59
5_se_informed_policy,5_se_informed_policy__d15360__w24,162,52
5_se_informed_policy,5_se_informed_policy__d15360__w24,163,60
5_se_informed_policy,5_se_informed_policy__d15360__w24,164,52
5_se_informed_policy,5_se_informed_policy__d15360__w24,165,44
5_se_informed_policy,5_se_informed_policy__d15360__w24,166,59
5_se_informed_policy,5_se_informed_policy__d15360__w24,167,40
6_risk_only_skip,6_risk_only_skip__t0,0,33
6_risk_only_skip,6_risk_only_skip__t0,1,32
6_risk_only_skip,6_risk_only_skip__t0,2,34
6_risk_only_skip,6_risk_only_skip__t0,3,30
6_risk_only_skip,6_risk_only_skip__t0,4,34
6_risk_only_skip,6_risk_only_skip__t0,5,37
6_risk_only_skip,6_risk_only_skip__t0,6,45
6_risk_only_skip,6_risk_only_skip__t0,7,47
6_risk_only_skip,6_risk_only_skip__t0,8,62
6_risk_only_skip,6_risk_only_skip__t0,9,72
6_risk_only_skip,6_risk_only_skip__t0,10,90
6_risk_only_skip,6_risk_only_skip__t0,11,80
6_risk_only_skip,6_risk_only_skip__t0,12,70
6_risk_only_skip,6_risk_only_skip__t0,13,90
6_risk_only_skip,6_risk_only_skip__t0,14,104
6_risk_only_skip,6_risk_only_skip__t0,15,107
6_risk_only_skip,6_risk_only_skip__t0,16,118
6_risk_only_skip,6_risk_only_skip__t0,17,117
6_risk_only_skip,6_risk_only_skip__t0,18,94
6_risk_only_skip,6_risk_only_skip__t0,19,107
6_risk_only_skip,6_risk_only_skip__t0,20,115
6_risk_only_skip,6_risk_only_skip__t0,21,115
6_risk_only_skip,6_risk_only_skip__t0,22,101
6_risk_only_skip,6_risk_only_skip__t0,23,91
6_risk_only_skip,6_risk_only_skip__t0,24,82
6_risk_only_skip,6_risk_only_skip__t0,25,73
6_risk_only_skip,6_risk_only_skip__t0,26,42
6_risk_only_skip,6_risk_only_skip__t0,27,32
6_risk_only_skip,6_risk_only_skip__t0,28,45
6_risk_only_skip,6_risk_only_skip__t0,29,38
6_risk_only_skip,6_risk_only_skip__t0,30,55
6_risk_only_skip,6_risk_only_skip__t0,31,50
6_risk_only_skip,6_risk_only_skip__t0,32,77
6_risk_only_skip,6_risk_only_skip__t0,33,81
6_risk_only_skip,6_risk_only_skip__t0,34,69
6_risk_only_skip,6_risk_only_skip__t0,35,76
6_risk_only_skip,6_risk_only_skip__t0,36,83
6_risk_only_skip,6_risk_only_skip__t0,37,92
6_risk_only_skip,6_risk_only_skip__t0,38,113
6_risk_only_skip,6_risk_only_skip__t0,39,113
6_risk_only_skip,6_risk_only_skip__t0,40,115
6_risk_only_skip,6_risk_only_skip__t0,41,123
6_risk_only_skip,6_risk_only_skip__t0,42,124
6_risk_only_skip,6_risk_only_skip__t0,43,124
6_risk_only_skip,6_risk_only_skip__t0,44,133
6_risk_only_skip,6_risk_only_skip__t0,45,139
6_risk_only_skip,6_risk_only_skip__t0,46,106
6_risk_only_skip,6_risk_only_skip__t0,47,109
6_risk_only_skip,6_risk_only_skip__t0,48,83
6_risk_only_skip,6_risk_only_skip__t0,49,66
6_risk_only_skip,6_risk_only_skip__t0,50,46
6_risk_only_skip,6_risk_only_skip__t0,51,47
6_risk_only_skip,6_risk_only_skip__t0,52,39
6_risk_only_skip,6_risk_only_skip__t0,53,46
6_risk_only_skip,6_risk_only_skip__t0,54,51
6_risk_only_skip,6_risk_only_skip__t0,55,68
6_risk_only_skip,6_risk_only_skip__t0,56,64
6_risk_only_skip,6_risk_only_skip__t0,57,67
6_risk_only_skip,6_risk_only_skip__t0,58,66
6_risk_only_skip,6_risk_only_skip__t0,59,75
6_risk_only_skip,6_risk_only_skip__t0,60,79
6_risk_only_skip,6_risk_only_skip__t0,61,82
6_risk_only_skip,6_risk_only_skip__t0,62,90
6_risk_only_skip,6_risk_only_skip__t0,63,107
6_risk_only_skip,6_risk_only_skip__t0,64,114
6_risk_only_skip,6_risk_only_skip__t0,65,132
6_risk_only_skip,6_risk_only_skip__t0,66,131
6_risk_only_skip,6_risk_only_skip__t0,67,136
6_risk_only_skip,6_risk_only_skip__t0,68,121
6_risk_only_skip,6_risk_only_skip__t0,69,121
6_risk_only_skip,6_risk_only_skip__t0,70,106
6_risk_only_skip,6_risk_only_skip__t0,71,103
6_risk_only_skip,6_risk_only_skip__t0,72,90
6_risk_only_skip,6_risk_only_skip__t0,73,62
6_risk_only_skip,6_risk_only_skip__t0,74,60
6_risk_only_skip,6_risk_only_skip__t0,75,38
6_risk_only_skip,6_risk_only_skip__t0,76,49
6_risk_only_skip,6_risk_only_skip__t0,77,51
6_risk_only_skip,6_risk_only_skip__t0,78,71
6_risk_only_skip,6_risk_only_skip__t0,79,57
6_risk_only_skip,6_risk_only_skip__t0,80,74
6_risk_only_skip,6_risk_only_skip__t0,81,67
6_risk_only_skip,6_risk_only_skip__t0,82,71
6_risk_only_skip,6_risk_only_skip__t0,83,77
6_risk_only_skip,6_risk_only_skip__t0,84,84
6_risk_only_skip,6_risk_only_skip__t0,85,102
6_risk_only_skip,6_risk_only_skip__t0,86,109
6_risk_only_skip,6_risk_only_skip__t0,87,106
6_risk_only_skip,6_risk_only_skip__t0,88,122
6_risk_only_skip,6_risk_only_skip__t0,89,122
6_risk_only_skip,6_risk_only_skip__t0,90,121
6_risk_only_skip,6_risk_only_skip__t0,91,117
6_risk_only_skip,6_risk_only_skip__t0,92,120
6_risk_only_skip,6_risk_only_skip__t0,93,131
6_risk_only_skip,6_risk_only_skip__t0,94,124
6_risk_only_skip,6_risk_only_skip__t0,95,96
6_risk_only_skip,6_risk_only_skip__t0,96,77
6_risk_only_skip,6_risk_only_skip__t0,97,72
6_risk_only_skip,6_risk_only_skip__t0,98,47
6_risk_only_skip,6_risk_only_skip__t0,99,37
6_risk_only_skip,6_risk_only_skip__t0,100,30
6_risk_only_skip,6_risk_only_skip__t0,101,42
6_risk_only_skip,6_risk_only_skip__t0,102,51
6_risk_only_skip,6_risk_only_skip__t0,103,53
6_risk_only_skip,6_risk_only_skip__t0,104,62
6_risk_only_skip,6_risk_only_skip__t0,105,89
6_risk_only_skip,6_risk_only_skip__t0,106,76
6_risk_only_skip,6_risk_only_skip__t0,107,75
6_risk_only_skip,6_risk_only_skip__t0,108,73
6_risk_only_skip,6_risk_only_skip__t0,109,97
6_risk_only_skip,6_risk_only_skip__t0,110,110
6_risk_only_skip,6_risk_only_skip__t0,111,129
6_risk_only_skip,6_risk_only_skip__t0,112,128
6_risk_only_skip,6_risk_only_skip__t0,113,125
6_risk_only_skip,6_risk_only_skip__t0,114,128
6_risk_only_skip,6_risk_only_skip__t0,115,116
6_risk_only_skip,6_risk_only_skip__t0,116,114
6_risk_only_skip,6_risk_only_skip__t0,117,128
6_risk_only_skip,6_risk_only_skip__t0,118,128
6_risk_only_skip,6_risk_only_skip__t0,119,88
6_risk_only_skip,6_risk_only_skip__t0,120,79
6_risk_only_skip,6_risk_only_skip__t0,121,69
6_risk_only_skip,6_risk_only_skip__t0,122,40
6_risk_only_skip,6_risk_only_skip__t0,123,24
6_risk_only_skip,6_risk_only_skip__t0,124,21
6_risk_only_skip,6_risk_only_skip__t0,125,29
6_risk_only_skip,6_risk_only_skip__t0,126,20
6_risk_only_skip,6_risk_only_skip__t0,127,25
6_risk_only_skip,6_risk_only_skip__t0,128,15
6_risk_only_skip,6_risk_only_skip__t0,129,29
6_risk_only_skip,6_risk_only_skip__t0,130,41
6_risk_only_skip,6_risk_only_skip__t0,131,29
6_risk_only_skip,6_risk_only_skip__t0,132,27
6_risk_only_skip,6_risk_only_skip__t0,133,45
6_risk_only_skip,6_risk_only_skip__t0,134,34
6_risk_only_skip,6_risk_only_skip__t0,135,56
6_risk_only_skip,6_risk_only_skip__t0,136,42
6_risk_only_skip,6_risk_only_skip__t0,137,55
6_risk_only_skip,6_risk_only_skip__t0,138,41
6_risk_only_skip,6_risk_only_skip__t0,139,35
6_risk_only_skip,6_risk_only_skip__t0,140,50
6_risk_only_skip,6_risk_only_skip__t0,141,56
6_risk_only_skip,6_risk_only_skip__t0,142,54
6_risk_only_skip,6_risk_only_skip__t0,143,47
6_risk_only_skip,6_risk_only_skip__t0,144,43
6_risk_only_skip,6_risk_only_skip__t0,145,30
6_risk_only_skip,6_risk_only_skip__t0,146,30
6_risk_only_skip,6_risk_only_skip__t0,147,21
6_risk_only_skip,6_risk_only_skip__t0,148,24
6_risk_only_skip,6_risk_only_skip__t0,149,29
6_risk_only_skip,6_risk_only_skip__t0,150,27
6_risk_only_skip,6_risk_only_skip__t0,151,21
6_risk_only_skip,6_risk_only_skip__t0,152,18
6_risk_only_skip,6_risk_only_skip__t0,153,30
6_risk_only_skip,6_risk_only_skip__t0,154,25
6_risk_only_skip,6_risk_only_skip__t0,155,39
6_risk_only_skip,6_risk_only_skip__t0,156,34
6_risk_only_skip,6_risk_only_skip__t0,157,43
6_risk_only_skip,6_risk_only_skip__t0,158,38
6_risk_only_skip,6_risk_only_skip__t0,159,29
6_risk_only_skip,6_risk_only_skip__t0,160,35
6_risk_only_skip,6_risk_only_skip__t0,161,59
6_risk_only_skip,6_risk_only_skip__t0,162,52
6_risk_only_skip,6_risk_only_skip__t0,163,60
6_risk_only_skip,6_risk_only_skip__t0,164,52
6_risk_only_skip,6_risk_only_skip__t0,165,44
6_risk_only_skip,6_risk_only_skip__t0,166,59
6_risk_only_skip,6_risk_only_skip__t0,167,40
6_risk_only_skip,6_risk_only_skip__t0.05,0,33
6_risk_only_skip,6_risk_only_skip__t0.05,1,32
6_risk_only_skip,6_risk_only_skip__t0.05,2,34
6_risk_only_skip,6_risk_only_skip__t0.05,3,30
6_risk_only_skip,6_risk_only_skip__t0.05,4,34
6_risk_only_skip,6_risk_only_skip__t0.05,5,37
6_risk_only_skip,6_risk_only_skip__t0.05,6,45
6_risk_only_skip,6_risk_only_skip__t0.05,7,47
6_risk_only_skip,6_risk_only_skip__t0.05,8,62
6_risk_only_skip,6_risk_only_skip__t0.05,9,72
6_risk_only_skip,6_risk_only_skip__t0.05,10,90
6_risk_only_skip,6_risk_only_skip__t0.05,11,80
6_risk_only_skip,6_risk_only_skip__t0.05,12,70
6_risk_only_skip,6_risk_only_skip__t0.05,13,90
6_risk_only_skip,6_risk_only_skip__t0.05,14,104
6_risk_only_skip,6_risk_only_skip__t0.05,15,107
6_risk_only_skip,6_risk_only_skip__t0.05,16,118
6_risk_only_skip,6_risk_only_skip__t0.05,17,117
6_risk_only_skip,6_risk_only_skip__t0.05,18,94
6_risk_only_skip,6_risk_only_skip__t0.05,19,107
6_risk_only_skip,6_risk_only_skip__t0.05,20,115
6_risk_only_skip,6_risk_only_skip__t0.05,21,115
6_risk_only_skip,6_risk_only_skip__t0.05,22,101
6_risk_only_skip,6_risk_only_skip__t0.05,23,91
6_risk_only_skip,6_risk_only_skip__t0.05,24,82
6_risk_only_skip,6_risk_only_skip__t0.05,25,73
6_risk_only_skip,6_risk_only_skip__t0.05,26,42
6_risk_only_skip,6_risk_only_skip__t0.05,27,32
6_risk_only_skip,6_risk_only_skip__t0.05,28,45
6_risk_only_skip,6_risk_only_skip__t0.05,29,38
6_risk_only_skip,6_risk_only_skip__t0.05,30,55
6_risk_only_skip,6_risk_only_skip__t0.05,31,50
6_risk_only_skip,6_risk_only_skip__t0.05,32,77
6_risk_only_skip,6_risk_only_skip__t0.05,33,81
6_risk_only_skip,6_risk_only_skip__t0.05,34,69
6_risk_only_skip,6_risk_only_skip__t0.05,35,76
6_risk_only_skip,6_risk_only_skip__t0.05,36,83
6_risk_only_skip,6_risk_only_skip__t0.05,37,92
6_risk_only_skip,6_risk_only_skip__t0.05,38,113
6_risk_only_skip,6_risk_only_skip__t0.05,39,113
6_risk_only_skip,6_risk_only_skip__t0.05,40,115
6_risk_only_skip,6_risk_only_skip__t0.05,41,123
6_risk_only_skip,6_risk_only_skip__t0.05,42,124
6_risk_only_skip,6_risk_only_skip__t0.05,43,124
6_risk_only_skip,6_risk_only_skip__t0.05,44,133
6_risk_only_skip,6_risk_only_skip__t0.05,45,139
6_risk_only_skip,6_risk_only_skip__t0.05,46,106
6_risk_only_skip,6_risk_only_skip__t0.05,47,109
6_risk_only_skip,6_risk_only_skip__t0.05,48,83
6_risk_only_skip,6_risk_only_skip__t0.05,49,66
6_risk_only_skip,6_risk_only_skip__t0.05,50,46
6_risk_only_skip,6_risk_only_skip__t0.05,51,47
6_risk_only_skip,6_risk_only_skip__t0.05,52,39
6_risk_only_skip,6_risk_only_skip__t0.05,53,46
6_risk_only_skip,6_risk_only_skip__t0.05,54,51
6_risk_only_skip,6_risk_only_skip__t0.05,55,68
6_risk_only_skip,6_risk_only_skip__t0.05,56,64
6_risk_only_skip,6_risk_only_skip__t0.05,57,67
6_risk_only_skip,6_risk_only_skip__t0.05,58,66
6_risk_only_skip,6_risk_only_skip__t0.05,59,75
6_risk_only_skip,6_risk_only_skip__t0.05,60,79
6_risk_only_skip,6_risk_only_skip__t0.05,61,82
6_risk_only_skip,6_risk_only_skip__t0.05,62,90
6_risk_only_skip,6_risk_only_skip__t0.05,63,107
6_risk_only_skip,6_risk_only_skip__t0.05,64,114
6_risk_only_skip,6_risk_only_skip__t0.05,65,132
6_risk_only_skip,6_risk_only_skip__t0.05,66,131
6_risk_only_skip,6_risk_only_skip__t0.05,67,136
6_risk_only_skip,6_risk_only_skip__t0.05,68,121
6_risk_only_skip,6_risk_only_skip__t0.05,69,121
6_risk_only_skip,6_risk_only_skip__t0.05,70,106
6_risk_only_skip,6_risk_only_skip__t0.05,71,103
6_risk_only_skip,6_risk_only_skip__t0.05,72,90
6_risk_only_skip,6_risk_only_skip__t0.05,73,62
6_risk_only_skip,6_risk_only_skip__t0.05,74,60
6_risk_only_skip,6_risk_only_skip__t0.05,75,38
6_risk_only_skip,6_risk_only_skip__t0.05,76,49
6_risk_only_skip,6_risk_only_skip__t0.05,77,51
6_risk_only_skip,6_risk_only_skip__t0.05,78,71
6_risk_only_skip,6_risk_only_skip__t0.05,79,57
6_risk_only_skip,6_risk_only_skip__t0.05,80,74
6_risk_only_skip,6_risk_only_skip__t0.05,81,67
6_risk_only_skip,6_risk_only_skip__t0.05,82,71
6_risk_only_skip,6_risk_only_skip__t0.05,83,77
6_risk_only_skip,6_risk_only_skip__t0.05,84,84
6_risk_only_skip,6_risk_only_skip__t0.05,85,102
6_risk_only_skip,6_risk_only_skip__t0.05,86,109
6_risk_only_skip,6_risk_only_skip__t0.05,87,106
6_risk_only_skip,6_risk_only_skip__t0.05,88,122
6_risk_only_skip,6_risk_only_skip__t0.05,89,122
6_risk_only_skip,6_risk_only_skip__t0.05,90,121
6_risk_only_skip,6_risk_only_skip__t0.05,91,117
6_risk_only_skip,6_risk_only_skip__t0.05,92,120
6_risk_only_skip,6_risk_only_skip__t0.05,93,131
6_risk_only_skip,6_risk_only_skip__t0.05,94,124
6_risk_only_skip,6_risk_only_skip__t0.05,95,96
6_risk_only_skip,6_risk_only_skip__t0.05,96,77
6_risk_only_skip,6_risk_only_skip__t0.05,97,72
6_risk_only_skip,6_risk_only_skip__t0.05,98,47
6_risk_only_skip,6_risk_only_skip__t0.05,99,37
6_risk_only_skip,6_risk_only_skip__t0.05,100,30
6_risk_only_skip,6_risk_only_skip__t0.05,101,42
6_risk_only_skip,6_risk_only_skip__t0.05,102,51
6_risk_only_skip,6_risk_only_skip__t0.05,103,53
6_risk_only_skip,6_risk_only_skip__t0.05,104,62
6_risk_only_skip,6_risk_only_skip__t0.05,105,89
6_risk_only_skip,6_risk_only_skip__t0.05,106,76
6_risk_only_skip,6_risk_only_skip__t0.05,107,75
6_risk_only_skip,6_risk_only_skip__t0.05,108,73
6_risk_only_skip,6_risk_only_skip__t0.05,109,97
6_risk_only_skip,6_risk_only_skip__t0.05,110,110
6_risk_only_skip,6_risk_only_skip__t0.05,111,129
6_risk_only_skip,6_risk_only_skip__t0.05,112,128
6_risk_only_skip,6_risk_only_skip__t0.05,113,125
6_risk_only_skip,6_risk_only_skip__t0.05,114,128
6_risk_only_skip,6_risk_only_skip__t0.05,115,116
6_risk_only_skip,6_risk_only_skip__t0.05,116,114
6_risk_only_skip,6_risk_only_skip__t0.05,117,128
6_risk_only_skip,6_risk_only_skip__t0.05,118,128
6_risk_only_skip,6_risk_only_skip__t0.05,119,88
6_risk_only_skip,6_risk_only_skip__t0.05,120,79
6_risk_only_skip,6_risk_only_skip__t0.05,121,69
6_risk_only_skip,6_risk_only_skip__t0.05,122,40
6_risk_only_skip,6_risk_only_skip__t0.05,123,24
6_risk_only_skip,6_risk_only_skip__t0.05,124,21
6_risk_only_skip,6_risk_only_skip__t0.05,125,29
6_risk_only_skip,6_risk_only_skip__t0.05,126,20
6_risk_only_skip,6_risk_only_skip__t0.05,127,25
6_risk_only_skip,6_risk_only_skip__t0.05,128,15
6_risk_only_skip,6_risk_only_skip__t0.05,129,29
6_risk_only_skip,6_risk_only_skip__t0.05,130,41
6_risk_only_skip,6_risk_only_skip__t0.05,131,29
6_risk_only_skip,6_risk_only_skip__t0.05,132,27
6_risk_only_skip,6_risk_only_skip__t0.05,133,45
6_risk_only_skip,6_risk_only_skip__t0.05,134,34
6_risk_only_skip,6_risk_only_skip__t0.05,135,56
6_risk_only_skip,6_risk_only_skip__t0.05,136,42
6_risk_only_skip,6_risk_only_skip__t0.05,137,55
6_risk_only_skip,6_risk_only_skip__t0.05,138,41
6_risk_only_skip,6_risk_only_skip__t0.05,139,35
6_risk_only_skip,6_risk_only_skip__t0.05,140,50
6_risk_only_skip,6_risk_only_skip__t0.05,141,56
6_risk_only_skip,6_risk_only_skip__t0.05,142,54
6_risk_only_skip,6_risk_only_skip__t0.05,143,47
6_risk_only_skip,6_risk_only_skip__t0.05,144,42
6_risk_only_skip,6_risk_only_skip__t0.05,145,30
6_risk_only_skip,6_risk_only_skip__t0.05,146,30
6_risk_only_skip,6_risk_only_skip__t0.05,147,21
6_risk_only_skip,6_risk_only_skip__t0.05,148,24
6_risk_only_skip,6_risk_only_skip__t0.05,149,29
6_risk_only_skip,6_risk_only_skip__t0.05,150,27
6_risk_only_skip,6_risk_only_skip__t0.05,151,21
6_risk_only_skip,6_risk_only_skip__t0.05,152,18
6_risk_only_skip,6_risk_only_skip__t0.05,153,30
6_risk_only_skip,6_risk_only_skip__t0.05,154,25
6_risk_only_skip,6_risk_only_skip__t0.05,155,39
6_risk_only_skip,6_risk_only_skip__t0.05,156,34
6_risk_only_skip,6_risk_only_skip__t0.05,157,43
6_risk_only_skip,6_risk_only_skip__t0.05,158,38
6_risk_only_skip,6_risk_only_skip__t0.05,159,29
6_risk_only_skip,6_risk_only_skip__t0.05,160,35
6_risk_only_skip,6_risk_only_skip__t0.05,161,59
6_risk_only_skip,6_risk_only_skip__t0.05,162,52
6_risk_only_skip,6_risk_only_skip__t0.05,163,60
6_risk_only_skip,6_risk_only_skip__t0.05,164,52
6_risk_only_skip,6_risk_only_skip__t0.05,165,44
6_risk_only_skip,6_risk_only_skip__t0.05,166,59
6_risk_only_skip,6_risk_only_skip__t0.05,167,40
6_risk_only_skip,6_risk_only_skip__t0.1,0,33
6_risk_only_skip,6_risk_only_skip__t0.1,1,32
6_risk_only_skip,6_risk_only_skip__t0.1,2,33
6_risk_only_skip,6_risk_only_skip__t0.1,3,30
6_risk_only_skip,6_risk_only_skip__t0.1,4,34
6_risk_only_skip,6_risk_only_skip__t0.1,5,36
6_risk_only_skip,6_risk_only_skip__t0.1,6,45
6_risk_only_skip,6_risk_only_skip__t0.1,7,46
6_risk_only_skip,6_risk_only_skip__t0.1,8,62
6_risk_only_skip,6_risk_only_skip__t0.1,9,71
6_risk_only_skip,6_risk_only_skip__t0.1,10,90
6_risk_only_skip,6_risk_only_skip__t0.1,11,80
6_risk_only_skip,6_risk_only_skip__t0.1,12,70
6_risk_only_skip,6_risk_only_skip__t0.1,13,90
6_risk_only_skip,6_risk_only_skip__t0.1,14,104
6_risk_only_skip,6_risk_only_skip__t0.1,15,107
6_risk_only_skip,6_risk_only_skip__t0.1,16,118
6_risk_only_skip,6_risk_only_skip__t0.1,17,117
6_risk_only_skip,6_risk_only_skip__t0.1,18,94
6_risk_only_skip,6_risk_only_skip__t0.1,19,107
6_risk_only_skip,6_risk_only_skip__t0.1,20,115
6_risk_only_skip,6_risk_only_skip__t0.1,21,115
6_risk_only_skip,6_risk_only_skip__t0.1,22,101
6_risk_only_skip,6_risk_only_skip__t0.1,23,91
6_risk_only_skip,6_risk_only_skip__t0.1,24,82
6_risk_only_skip,6_risk_only_skip__t0.1,25,73
6_risk_only_skip,6_risk_only_skip__t0.1,26,42
6_risk_only_skip,6_risk_only_skip__t0.1,27,32
6_risk_only_skip,6_risk_only_skip__t0.1,28,45
6_risk_only_skip,6_risk_only_skip__t0.1,29,38
6_risk_only_skip,6_risk_only_skip__t0.1,30,55
6_risk_only_skip,6_risk_only_skip__t0.1,31,50
6_risk_only_skip,6_risk_only_skip__t0.1,32,77
6_risk_only_skip,6_risk_only_skip__t0.1,33,80
6_risk_only_skip,6_risk_only_skip__t0.1,34,69
6_risk_only_skip,6_risk_only_skip__t0.1,35,75
6_risk_only_skip,6_risk_only_skip__t0.1,36,83
6_risk_only_skip,6_risk_only_skip__t0.1,37,92
6_risk_only_skip,6_risk_only_skip__t0.1,38,113
6_risk_only_skip,6_risk_only_skip__t0.1,39,113
6_risk_only_skip,6_risk_only_skip__t0.1,40,115
6_risk_only_skip,6_risk_only_skip__t0.1,41,123
6_risk_only_skip,6_risk_only_skip__t0.1,42,124
6_risk_only_skip,6_risk_only_skip__t0.1,43,124
6_risk_only_skip,6_risk_only_skip__t0.1,44,133
6_risk_only_skip,6_risk_only_skip__t0.1,45,139
6_risk_only_skip,6_risk_only_skip__t0.1,46,106
6_risk_only_skip,6_risk_only_skip__t0.1,47,109
6_risk_only_skip,6_risk_only_skip__t0.1,48,83
6_risk_only_skip,6_risk_only_skip__t0.1,49,66
6_risk_only_skip,6_risk_only_skip__t0.1,50,46
6_risk_only_skip,6_risk_only_skip__t0.1,51,47
6_risk_only_skip,6_risk_only_skip__t0.1,52,39
6_risk_only_skip,6_risk_only_skip__t0.1,53,46
6_risk_only_skip,6_risk_only_skip__t0.1,54,51
6_risk_only_skip,6_risk_only_skip__t0.1,55,68
6_risk_only_skip,6_risk_only_skip__t0.1,56,63
6_risk_only_skip,6_risk_only_skip__t0.1,57,67
6_risk_only_skip,6_risk_only_skip__t0.1,58,66
6_risk_only_skip,6_risk_only_skip__t0.1,59,75
6_risk_only_skip,6_risk_only_skip__t0.1,60,79
6_risk_only_skip,6_risk_only_skip__t0.1,61,81
6_risk_only_skip,6_risk_only_skip__t0.1,62,90
6_risk_only_skip,6_risk_only_skip__t0.1,63,107
6_risk_only_skip,6_risk_only_skip__t0.1,64,113
6_risk_only_skip,6_risk_only_skip__t0.1,65,132
6_risk_only_skip,6_risk_only_skip__t0.1,66,131
6_risk_only_skip,6_risk_only_skip__t0.1,67,136
6_risk_only_skip,6_risk_only_skip__t0.1,68,121
6_risk_only_skip,6_risk_only_skip__t0.1,69,121
6_risk_only_skip,6_risk_only_skip__t0.1,70,105
6_risk_only_skip,6_risk_only_skip__t0.1,71,103
6_risk_only_skip,6_risk_only_skip__t0.1,72,90
6_risk_only_skip,6_risk_only_skip__t0.1,73,61
6_risk_only_skip,6_risk_only_skip__t0.1,74,60
6_risk_only_skip,6_risk_only_skip__t0.1,75,37
6_risk_only_skip,6_risk_only_skip__t0.1,76,49
6_risk_only_skip,6_risk_only_skip__t0.1,77,50
6_risk_only_skip,6_risk_only_skip__t0.1,78,71
6_risk_only_skip,6_risk_only_skip__t0.1,79,56
6_risk_only_skip,6_risk_only_skip__t0.1,80,74
6_risk_only_skip,6_risk_only_skip__t0.1,81,67
6_risk_only_skip,6_risk_only_skip__t0.1,82,71
6_risk_only_skip,6_risk_only_skip__t0.1,83,77
6_risk_only_skip,6_risk_only_skip__t0.1,84,84
6_risk_only_skip,6_risk_only_skip__t0.1,85,102
6_risk_only_skip,6_risk_only_skip__t0.1,86,109
6_risk_only_skip,6_risk_only_skip__t0.1,87,106
6_risk_only_skip,6_risk_only_skip__t0.1,88,122
6_risk_only_skip,6_risk_only_skip__t0.1,89,122
6_risk_only_skip,6_risk_only_skip__t0.1,90,121
6_risk_only_skip,6_risk_only_skip__t0.1,91,117
6_risk_only_skip,6_risk_only_skip__t0.1,92,120
6_risk_only_skip,6_risk_only_skip__t0.1,93,131
6_risk_only_skip,6_risk_only_skip__t0.1,94,124
6_risk_only_skip,6_risk_only_skip__t0.1,95,96
6_risk_only_skip,6_risk_only_skip__t0.1,96,77
6_risk_only_skip,6_risk_only_skip__t0.1,97,72
6_risk_only_skip,6_risk_only_skip__t0.1,98,46
6_risk_only_skip,6_risk_only_skip__t0.1,99,36
6_risk_only_skip,6_risk_only_skip__t0.1,100,30
6_risk_only_skip,6_risk_only_skip__t0.1,101,42
6_risk_only_skip,6_risk_only_skip__t0.1,102,51
6_risk_only_skip,6_risk_only_skip__t0.1,103,53
6_risk_only_skip,6_risk_only_skip__t0.1,104,62
6_risk_only_skip,6_risk_only_skip__t0.1,105,88
6_risk_only_skip,6_risk_only_skip__t0.1,106,76
6_risk_only_skip,6_risk_only_skip__t0.1,107,75
6_risk_only_skip,6_risk_only_skip__t0.1,108,73
6_risk_only_skip,6_risk_only_skip__t0.1,109,97
6_risk_only_skip,6_risk_only_skip__t0.1,110,110
6_risk_only_skip,6_risk_only_skip__t0.1,111,128
6_risk_only_skip,6_risk_only_skip__t0.1,112,128
6_risk_only_skip,6_risk_only_skip__t0.1,113,125
6_risk_only_skip,6_risk_only_skip__t0.1,114,128
6_risk_only_skip,6_risk_only_skip__t0.1,115,116
6_risk_only_skip,6_risk_only_skip__t0.1,116,114
6_risk_only_skip,6_risk_only_skip__t0.1,117,128
6_risk_only_skip,6_risk_only_skip__t0.1,118,128
6_risk_only_skip,6_risk_only_skip__t0.1,119,88
6_risk_only_skip,6_risk_only_skip__t0.1,120,79
6_risk_only_skip,6_risk_only_skip__t0.1,121,69
6_risk_only_skip,6_risk_only_skip__t0.1,122,40
6_risk_only_skip,6_risk_only_skip__t0.1,123,24
6_risk_only_skip,6_risk_only_skip__t0.1,124,21
6_risk_only_skip,6_risk_only_skip__t0.1,125,29
6_risk_only_skip,6_risk_only_skip__t0.1,126,20
6_risk_only_skip,6_risk_only_skip__t0.1,127,25
6_risk_only_skip,6_risk_only_skip__t0.1,128,15
6_risk_only_skip,6_risk_only_skip__t0.1,129,29
6_risk_only_skip,6_risk_only_skip__t0.1,130,41
6_risk_only_skip,6_risk_only_skip__t0.1,131,29
6_risk_only_skip,6_risk_only_skip__t0.1,132,27
6_risk_only_skip,6_risk_only_skip__t0.1,133,45
6_risk_only_skip,6_risk_only_skip__t0.1,134,34
6_risk_only_skip,6_risk_only_skip__t0.1,135,56
6_risk_only_skip,6_risk_only_skip__t0.1,136,42
6_risk_only_skip,6_risk_only_skip__t0.1,137,55
6_risk_only_skip,6_risk_only_skip__t0.1,138,41
6_risk_only_skip,6_risk_only_skip__t0.1,139,35
6_risk_only_skip,6_risk_only_skip__t0.1,140,50
6_risk_only_skip,6_risk_only_skip__t0.1,141,56
6_risk_only_skip,6_risk_only_skip__t0.1,142,54
6_risk_only_skip,6_risk_only_skip__t0.1,143,47
6_risk_only_skip,6_risk_only_skip__t0.1,144,42
6_risk_only_skip,6_risk_only_skip__t0.1,145,30
6_risk_only_skip,6_risk_only_skip__t0.1,146,30
6_risk_only_skip,6_risk_only_skip__t0.1,147,21
6_risk_only_skip,6_risk_only_skip__t0.1,148,24
6_risk_only_skip,6_risk_only_skip__t0.1,149,29
6_risk_only_skip,6_risk_only_skip__t0.1,150,27
6_risk_only_skip,6_risk_only_skip__t0.1,151,21
6_risk_only_skip,6_risk_only_skip__t0.1,152,18
6_risk_only_skip,6_risk_only_skip__t0.1,153,30
6_risk_only_skip,6_risk_only_skip__t0.1,154,25
6_risk_only_skip,6_risk_only_skip__t0.1,155,39
6_risk_only_skip,6_risk_only_skip__t0.1,156,34
6_risk_only_skip,6_risk_only_skip__t0.1,157,43
6_risk_only_skip,6_risk_only_skip__t0.1,158,38
6_risk_only_skip,6_risk_only_skip__t0.1,159,29
6_risk_only_skip,6_risk_only_skip__t0.1,160,34
6_risk_only_skip,6_risk_only_skip__t0.1,161,59
6_risk_only_skip,6_risk_only_skip__t0.1,162,52
6_risk_only_skip,6_risk_only_skip__t0.1,163,60
6_risk_only_skip,6_risk_only_skip__t0.1,164,52
6_risk_only_skip,6_risk_only_skip__t0.1,165,44
6_risk_only_skip,6_risk_only_skip__t0.1,166,59
6_risk_only_skip,6_risk_only_skip__t0.1,167,40
6_risk_only_skip,6_risk_only_skip__t0.15,0,30
6_risk_only_skip,6_risk_only_skip__t0.15,1,32
6_risk_only_skip,6_risk_only_skip__t0.15,2,33
6_risk_only_skip,6_risk_only_skip__t0.15,3,30
6_risk_only_skip,6_risk_only_skip__t0.15,4,34
6_risk_only_skip,6_risk_only_skip__t0.15,5,36
6_risk_only_skip,6_risk_only_skip__t0.15,6,45
6_risk_only_skip,6_risk_only_skip__t0.15,7,45
6_risk_only_skip,6_risk_only_skip__t0.15,8,62
6_risk_only_skip,6_risk_only_skip__t0.15,9,71
6_risk_only_skip,6_risk_only_skip__t0.15,10,89
6_risk_only_skip,6_risk_only_skip__t0.15,11,80
6_risk_only_skip,6_risk_only_skip__t0.15,12,68
6_risk_only_skip,6_risk_only_skip__t0.15,13,90
6_risk_only_skip,6_risk_only_skip__t0.15,14,104
6_risk_only_skip,6_risk_only_skip__t0.15,15,107
6_risk_only_skip,6_risk_only_skip__t0.15,16,118
6_risk_only_skip,6_risk_only_skip__t0.15,17,116
6_risk_only_skip,6_risk_only_skip__t0.15,18,94
6_risk_only_skip,6_risk_only_skip__t0.15,19,107
6_risk_only_skip,6_risk_only_skip__t0.15,20,115
6_risk_only_skip,6_risk_only_skip__t0.15,21,115
6_risk_only_skip,6_risk_only_skip__t0.15,22,101
6_risk_only_skip,6_risk_only_skip__t0.15,23,91
6_risk_only_skip,6_risk_only_skip__t0.15,24,82
6_risk_only_skip,6_risk_only_skip__t0.15,25,73
6_risk_only_skip,6_risk_only_skip__t0.15,26,42
6_risk_only_skip,6_risk_only_skip__t0.15,27,32
6_risk_only_skip,6_risk_only_skip__t0.15,28,45
6_risk_only_skip,6_risk_only_skip__t0.15,29,38
6_risk_only_skip,6_risk_only_skip__t0.15,30,55
6_risk_only_skip,6_risk_only_skip__t0.15,31,50
6_risk_only_skip,6_risk_only_skip__t0.15,32,76
6_risk_only_skip,6_risk_only_skip__t0.15,33,80
6_risk_only_skip,6_risk_only_skip__t0.15,34,69
6_risk_only_skip,6_risk_only_skip__t0.15,35,75
6_risk_only_skip,6_risk_only_skip__t0.15,36,82
6_risk_only_skip,6_risk_only_skip__t0.15,37,92
6_risk_only_skip,6_risk_only_skip__t0.15,38,113
6_risk_only_skip,6_risk_only_skip__t0.15,39,113
6_risk_only_skip,6_risk_only_skip__t0.15,40,115
6_risk_only_skip,6_risk_only_skip__t0.15,41,123
6_risk_only_skip,6_risk_only_skip__t0.15,42,124
6_risk_only_skip,6_risk_only_skip__t0.15,43,124
6_risk_only_skip,6_risk_only_skip__t0.15,44,131
6_risk_only_skip,6_risk_only_skip__t0.15,45,139
6_risk_only_skip,6_risk_only_skip__t0.15,46,106
6_risk_only_skip,6_risk_only_skip__t0.15,47,107
6_risk_only_skip,6_risk_only_skip__t0.15,48,83
6_risk_only_skip,6_risk_only_skip__t0.15,49,66
6_risk_only_skip,6_risk_only_skip__t0.15,50,45
6_risk_only_skip,6_risk_only_skip__t0.15,51,47
6_risk_only_skip,6_risk_only_skip__t0.15,52,39
6_risk_only_skip,6_risk_only_skip__t0.15,53,46
6_risk_only_skip,6_risk_only_skip__t0.15,54,50
6_risk_only_skip,6_risk_only_skip__t0.15,55,65
6_risk_only_skip,6_risk_only_skip__t0.15,56,63
6_risk_only_skip,6_risk_only_skip__t0.15,57,66
6_risk_only_skip,6_risk_only_skip__t0.15,58,65
6_risk_only_skip,6_risk_only_skip__t0.15,59,75
6_risk_only_skip,6_risk_only_skip__t0.15,60,79
6_risk_only_skip,6_risk_only_skip__t0.15,61,81
6_risk_only_skip,6_risk_only_skip__t0.15,62,90
6_risk_only_skip,6_risk_only_skip__t0.15,63,107
6_risk_only_skip,6_risk_only_skip__t0.15,64,112
6_risk_only_skip,6_risk_only_skip__t0.15,65,132
6_risk_only_skip,6_risk_only_skip__t0.15,66,131
6_risk_only_skip,6_risk_only_skip__t0.15,67,136
6_risk_only_skip,6_risk_only_skip__t0.15,68,121
6_risk_only_skip,6_risk_only_skip__t0.15,69,121
6_risk_only_skip,6_risk_only_skip__t0.15,70,105
6_risk_only_skip,6_risk_only_skip__t0.15,71,103
6_risk_only_skip,6_risk_only_skip__t0.15,72,90
6_risk_only_skip,6_risk_only_skip__t0.15,73,61
6_risk_only_skip,6_risk_only_skip__t0.15,74,59
6_risk_only_skip,6_risk_only_skip__t0.15,75,37
6_risk_only_skip,6_risk_only_skip__t0.15,76,49
6_risk_only_skip,6_risk_only_skip__t0.15,77,50
6_risk_only_skip,6_risk_only_skip__t0.15,78,70
6_risk_only_skip,6_risk_only_skip__t0.15,79,56
6_risk_only_skip,6_risk_only_skip__t0.15,80,74
6_risk_only_skip,6_risk_only_skip__t0.15,81,66
6_risk_only_skip,6_risk_only_skip__t0.15,82,71
6_risk_only_skip,6_risk_only_skip__t0.15,83,77
6_risk_only_skip,6_risk_only_skip__t0.15,84,84
6_risk_only_skip,6_risk_only_skip__t0.15,85,101
6_risk_only_skip,6_risk_only_skip__t0.15,86,109
6_risk_only_skip,6_risk_only_skip__t0.15,87,106
6_risk_only_skip,6_risk_only_skip__t0.15,88,121
6_risk_only_skip,6_risk_only_skip__t0.15,89,122
6_risk_only_skip,6_risk_only_skip__t0.15,90,119
6_risk_only_skip,6_risk_only_skip__t0.15,91,116
6_risk_only_skip,6_risk_only_skip__t0.15,92,120
6_risk_only_skip,6_risk_only_skip__t0.15,93,131
6_risk_only_skip,6_risk_only_skip__t0.15,94,124
6_risk_only_skip,6_risk_only_skip__t0.15,95,96
6_risk_only_skip,6_risk_only_skip__t0.15,96,77
6_risk_only_skip,6_risk_only_skip__t0.15,97,70
6_risk_only_skip,6_risk_only_skip__t0.15,98,46
6_risk_only_skip,6_risk_only_skip__t0.15,99,36
6_risk_only_skip,6_risk_only_skip__t0.15,100,30
6_risk_only_skip,6_risk_only_skip__t0.15,101,41
6_risk_only_skip,6_risk_only_skip__t0.15,102,50
6_risk_only_skip,6_risk_only_skip__t0.15,103,53
6_risk_only_skip,6_risk_only_skip__t0.15,104,61
6_risk_only_skip,6_risk_only_skip__t0.15,105,87
6_risk_only_skip,6_risk_only_skip__t0.15,106,76
6_risk_only_skip,6_risk_only_skip__t0.15,107,75
6_risk_only_skip,6_risk_only_skip__t0.15,108,73
6_risk_only_skip,6_risk_only_skip__t0.15,109,97
6_risk_only_skip,6_risk_only_skip__t0.15,110,109
6_risk_only_skip,6_risk_only_skip__t0.15,111,128
6_risk_only_skip,6_risk_only_skip__t0.15,112,127
6_risk_only_skip,6_risk_only_skip__t0.15,113,124
6_risk_only_skip,6_risk_only_skip__t0.15,114,128
6_risk_only_skip,6_risk_only_skip__t0.15,115,116
6_risk_only_skip,6_risk_only_skip__t0.15,116,114
6_risk_only_skip,6_risk_only_skip__t0.15,117,128
6_risk_only_skip,6_risk_only_skip__t0.15,118,128
6_risk_only_skip,6_risk_only_skip__t0.15,119,88
6_risk_only_skip,6_risk_only_skip__t0.15,120,79
6_risk_only_skip,6_risk_only_skip__t0.15,121,69
6_risk_only_skip,6_risk_only_skip__t0.15,122,40
6_risk_only_skip,6_risk_only_skip__t0.15,123,24
6_risk_only_skip,6_risk_only_skip__t0.15,124,20
6_risk_only_skip,6_risk_only_skip__t0.15,125,29
6_risk_only_skip,6_risk_only_skip__t0.15,126,20
6_risk_only_skip,6_risk_only_skip__t0.15,127,25
6_risk_only_skip,6_risk_only_skip__t0.15,128,15
6_risk_only_skip,6_risk_only_skip__t0.15,129,28
6_risk_only_skip,6_risk_only_skip__t0.15,130,41
6_risk_only_skip,6_risk_only_skip__t0.15,131,29
6_risk_only_skip,6_risk_only_skip__t0.15,132,27
6_risk_only_skip,6_risk_only_skip__t0.15,133,45
6_risk_only_skip,6_risk_only_skip__t0.15,134,34
6_risk_only_skip,6_risk_only_skip__t0.15,135,56
6_risk_only_skip,6_risk_only_skip__t0.15,136,42
6_risk_only_skip,6_risk_only_skip__t0.15,137,55
6_risk_only_skip,6_risk_only_skip__t0.15,138,41
6_risk_only_skip,6_risk_only_skip__t0.15,139,35
6_risk_only_skip,6_risk_only_skip__t0.15,140,50
6_risk_only_skip,6_risk_only_skip__t0.15,141,56
6_risk_only_skip,6_risk_only_skip__t0.15,142,54
6_risk_only_skip,6_risk_only_skip__t0.15,143,47
6_risk_only_skip,6_risk_only_skip__t0.15,144,42
6_risk_only_skip,6_risk_only_skip__t0.15,145,30
6_risk_only_skip,6_risk_only_skip__t0.15,146,29
6_risk_only_skip,6_risk_only_skip__t0.15,147,21
6_risk_only_skip,6_risk_only_skip__t0.15,148,24
6_risk_only_skip,6_risk_only_skip__t0.15,149,28
6_risk_only_skip,6_risk_only_skip__t0.15,150,27
6_risk_only_skip,6_risk_only_skip__t0.15,151,21
6_risk_only_skip,6_risk_only_skip__t0.15,152,18
6_risk_only_skip,6_risk_only_skip__t0.15,153,30
6_risk_only_skip,6_risk_only_skip__t0.15,154,25
6_risk_only_skip,6_risk_only_skip__t0.15,155,39
6_risk_only_skip,6_risk_only_skip__t0.15,156,34
6_risk_only_skip,6_risk_only_skip__t0.15,157,43
6_risk_only_skip,6_risk_only_skip__t0.15,158,38
6_risk_only_skip,6_risk_only_skip__t0.15,159,29
6_risk_only_skip,6_risk_only_skip__t0.15,160,34
6_risk_only_skip,6_risk_only_skip__t0.15,161,59
6_risk_only_skip,6_risk_only_skip__t0.15,162,52
6_risk_only_skip,6_risk_only_skip__t0.15,163,60
6_risk_only_skip,6_risk_only_skip__t0.15,164,52
6_risk_only_skip,6_risk_only_skip__t0.15,165,44
6_risk_only_skip,6_risk_only_skip__t0.15,166,58
6_risk_only_skip,6_risk_only_skip__t0.15,167,40
6_risk_only_skip,6_risk_only_skip__t0.2,0,30
6_risk_only_skip,6_risk_only_skip__t0.2,1,32
6_risk_only_skip,6_risk_only_skip__t0.2,2,31
6_risk_only_skip,6_risk_only_skip__t0.2,3,30
6_risk_only_skip,6_risk_only_skip__t0.2,4,34
6_risk_only_skip,6_risk_only_skip__t0.2,5,36
6_risk_only_skip,6_risk_only_skip__t0.2,6,44
6_risk_only_skip,6_risk_only_skip__t0.2,7,44
6_risk_only_skip,6_risk_only_skip__t0.2,8,61
6_risk_only_skip,6_risk_only_skip__t0.2,9,69
6_risk_only_skip,6_risk_only_skip__t0.2,10,87
6_risk_only_skip,6_risk_only_skip__t0.2,11,78
6_risk_only_skip,6_risk_only_skip__t0.2,12,66
6_risk_only_skip,6_risk_only_skip__t0.2,13,87
6_risk_only_skip,6_risk_only_skip__t0.2,14,104
6_risk_only_skip,6_risk_only_skip__t0.2,15,106
6_risk_only_skip,6_risk_only_skip__t0.2,16,117
6_risk_only_skip,6_risk_only_skip__t0.2,17,114
6_risk_only_skip,6_risk_only_skip__t0.2,18,94
6_risk_only_skip,6_risk_only_skip__t0.2,19,106
6_risk_only_skip,6_risk_only_skip__t0.2,20,111
6_risk_only_skip,6_risk_only_skip__t0.2,21,111
6_risk_only_skip,6_risk_only_skip__t0.2,22,101
6_risk_only_skip,6_risk_only_skip__t0.2,23,90
6_risk_only_skip,6_risk_only_skip__t0.2,24,75
6_risk_only_skip,6_risk_only_skip__t0.2,25,70
6_risk_only_skip,6_risk_only_skip__t0.2,26,42
6_risk_only_skip,6_risk_only_skip__t0.2,27,32
6_risk_only_skip,6_risk_only_skip__t0.2,28,44
6_risk_only_skip,6_risk_only_skip__t0.2,29,37
6_risk_only_skip,6_risk_only_skip__t0.2,30,53
6_risk_only_skip,6_risk_only_skip__t0.2,31,50
6_risk_only_skip,6_risk_only_skip__t0.2,32,76
6_risk_only_skip,6_risk_only_skip__t0.2,33,78
6_risk_only_skip,6_risk_only_skip__t0.2,34,66
6_risk_only_skip,6_risk_only_skip__t0.2,35,73
6_risk_only_skip,6_risk_only_skip__t0.2,36,82
6_risk_only_skip,6_risk_only_skip__t0.2,37,91
6_risk_only_skip,6_risk_only_skip__t0.2,38,112
6_risk_only_skip,6_risk_only_skip__t0.2,39,112
6_risk_only_skip,6_risk_only_skip__t0.2,40,114
6_risk_only_skip,6_risk_only_skip__t0.2,41,119
6_risk_only_skip,6_risk_only_skip__t0.2,42,123
6_risk_only_skip,6_risk_only_skip__t0.2,43,124
6_risk_only_skip,6_risk_only_skip__t0.2,44,129
6_risk_only_skip,6_risk_only_skip__t0.2,45,136
6_risk_only_skip,6_risk_only_skip__t0.2,46,103
6_risk_only_skip,6_risk_only_skip__t0.2,47,104
6_risk_only_skip,6_risk_only_skip__t0.2,48,76
6_risk_only_skip,6_risk_only_skip__t0.2,49,63
6_risk_only_skip,6_risk_only_skip__t0.2,50,44
6_risk_only_skip,6_risk_only_skip__t0.2,51,44
6_risk_only_skip,6_risk_only_skip__t0.2,52,36
6_risk_only_skip,6_risk_only_skip__t0.2,53,46
6_risk_only_skip,6_risk_only_skip__t0.2,54,50
6_risk_only_skip,6_risk_only_skip__t0.2,55,64
6_risk_only_skip,6_risk_only_skip__t0.2,56,63
6_risk_only_skip,6_risk_only_skip__t0.2,57,63
6_risk_only_skip,6_risk_only_skip__t0.2,58,65
6_risk_only_skip,6_risk_only_skip__t0.2,59,74
6_risk_only_skip,6_risk_only_skip__t0.2,60,79
6_risk_only_skip,6_risk_only_skip__t0.2,61,80
6_risk_only_skip,6_risk_only_skip__t0.2,62,90
6_risk_only_skip,6_risk_only_skip__t0.2,63,105
6_risk_only_skip,6_risk_only_skip__t0.2,64,112
6_risk_only_skip,6_risk_only_skip__t0.2,65,128
6_risk_only_skip,6_risk_only_skip__t0.2,66,130
6_risk_only_skip,6_risk_only_skip__t0.2,67,134
6_risk_only_skip,6_risk_only_skip__t0.2,68,120
6_risk_only_skip,6_risk_only_skip__t0.2,69,119
6_risk_only_skip,6_risk_only_skip__t0.2,70,104
6_risk_only_skip,6_risk_only_skip__t0.2,71,100
6_risk_only_skip,6_risk_only_skip__t0.2,72,85
6_risk_only_skip,6_risk_only_skip__t0.2,73,60
6_risk_only_skip,6_risk_only_skip__t0.2,74,56
6_risk_only_skip,6_risk_only_skip__t0.2,75,37
6_risk_only_skip,6_risk_only_skip__t0.2,76,47
6_risk_only_skip,6_risk_only_skip__t0.2,77,50
6_risk_only_skip,6_risk_only_skip__t0.2,78,68
6_risk_only_skip,6_risk_only_skip__t0.2,79,56
6_risk_only_skip,6_risk_only_skip__t0.2,80,74
6_risk_only_skip,6_risk_only_skip__t0.2,81,65
6_risk_only_skip,6_risk_only_skip__t0.2,82,70
6_risk_only_skip,6_risk_only_skip__t0.2,83,77
6_risk_only_skip,6_risk_only_skip__t0.2,84,83
6_risk_only_skip,6_risk_only_skip__t0.2,85,101
6_risk_only_skip,6_risk_only_skip__t0.2,86,107
6_risk_only_skip,6_risk_only_skip__t0.2,87,106
6_risk_only_skip,6_risk_only_skip__t0.2,88,117
6_risk_only_skip,6_risk_only_skip__t0.2,89,121
6_risk_only_skip,6_risk_only_skip__t0.2,90,117
6_risk_only_skip,6_risk_only_skip__t0.2,91,115
6_risk_only_skip,6_risk_only_skip__t0.2,92,119
6_risk_only_skip,6_risk_only_skip__t0.2,93,130
6_risk_only_skip,6_risk_only_skip__t0.2,94,124
6_risk_only_skip,6_risk_only_skip__t0.2,95,96
6_risk_only_skip,6_risk_only_skip__t0.2,96,73
6_risk_only_skip,6_risk_only_skip__t0.2,97,70
6_risk_only_skip,6_risk_only_skip__t0.2,98,46
6_risk_only_skip,6_risk_only_skip__t0.2,99,36
6_risk_only_skip,6_risk_only_skip__t0.2,100,29
6_risk_only_skip,6_risk_only_skip__t0.2,101,39
6_risk_only_skip,6_risk_only_skip__t0.2,102,50
6_risk_only_skip,6_risk_only_skip__t0.2,103,53
6_risk_only_skip,6_risk_only_skip__t0.2,104,60
6_risk_only_skip,6_risk_only_skip__t0.2,105,86
6_risk_only_skip,6_risk_only_skip__t0.2,106,76
6_risk_only_skip,6_risk_only_skip__t0.2,107,74
6_risk_only_skip,6_risk_only_skip__t0.2,108,69
6_risk_only_skip,6_risk_only_skip__t0.2,109,97
6_risk_only_skip,6_risk_only_skip__t0.2,110,108
6_risk_only_skip,6_risk_only_skip__t0.2,111,128
6_risk_only_skip,6_risk_only_skip__t0.2,112,124
6_risk_only_skip,6_risk_only_skip__t0.2,113,124
6_risk_only_skip,6_risk_only_skip__t0.2,114,127
6_risk_only_skip,6_risk_only_skip__t0.2,115,114
6_risk_only_skip,6_risk_only_skip__t0.2,116,111
6_risk_only_skip,6_risk_only_skip__t0.2,117,128
6_risk_only_skip,6_risk_only_skip__t0.2,118,128
6_risk_only_skip,6_risk_only_skip__t0.2,119,86
6_risk_only_skip,6_risk_only_skip__t0.2,120,75
6_risk_only_skip,6_risk_only_skip__t0.2,121,68
6_risk_only_skip,6_risk_only_skip__t0.2,122,39
6_risk_only_skip,6_risk_only_skip__t0.2,123,24
6_risk_only_skip,6_risk_only_skip__t0.2,124,20
6_risk_only_skip,6_risk_only_skip__t0.2,125,28
6_risk_only_skip,6_risk_only_skip__t0.2,126,19
6_risk_only_skip,6_risk_only_skip__t0.2,127,25
6_risk_only_skip,6_risk_only_skip__t0.2,128,15
6_risk_only_skip,6_risk_only_skip__t0.2,129,28
6_risk_only_skip,6_risk_only_skip__t0.2,130,41
6_risk_only_skip,6_risk_only_skip__t0.2,131,29
6_risk_only_skip,6_risk_only_skip__t0.2,132,27
6_risk_only_skip,6_risk_only_skip__t0.2,133,44
6_risk_only_skip,6_risk_only_skip__t0.2,134,34
6_risk_only_skip,6_risk_only_skip__t0.2,135,56
6_risk_only_skip,6_risk_only_skip__t0.2,136,42
6_risk_only_skip,6_risk_only_skip__t0.2,137,55
6_risk_only_skip,6_risk_only_skip__t0.2,138,40
6_risk_only_skip,6_risk_only_skip__t0.2,139,35
6_risk_only_skip,6_risk_only_skip__t0.2,140,50
6_risk_only_skip,6_risk_only_skip__t0.2,141,56
6_risk_only_skip,6_risk_only_skip__t0.2,142,54
6_risk_only_skip,6_risk_only_skip__t0.2,143,46
6_risk_only_skip,6_risk_only_skip__t0.2,144,40
6_risk_only_skip,6_risk_only_skip__t0.2,145,30
6_risk_only_skip,6_risk_only_skip__t0.2,146,29
6_risk_only_skip,6_risk_only_skip__t0.2,147,21
6_risk_only_skip,6_risk_only_skip__t0.2,148,24
6_risk_only_skip,6_risk_only_skip__t0.2,149,28
6_risk_only_skip,6_risk_only_skip__t0.2,150,27
6_risk_only_skip,6_risk_only_skip__t0.2,151,21
6_risk_only_skip,6_risk_only_skip__t0.2,152,18
6_risk_only_skip,6_risk_only_skip__t0.2,153,30
6_risk_only_skip,6_risk_only_skip__t0.2,154,25
6_risk_only_skip,6_risk_only_skip__t0.2,155,39
6_risk_only_skip,6_risk_only_skip__t0.2,156,34
6_risk_only_skip,6_risk_only_skip__t0.2,157,43
6_risk_only_skip,6_risk_only_skip__t0.2,158,38
6_risk_only_skip,6_risk_only_skip__t0.2,159,29
6_risk_only_skip,6_risk_only_skip__t0.2,160,34
6_risk_only_skip,6_risk_only_skip__t0.2,161,57
6_risk_only_skip,6_risk_only_skip__t0.2,162,51
6_risk_only_skip,6_risk_only_skip__t0.2,163,59
6_risk_only_skip,6_risk_only_skip__t0.2,164,50
6_risk_only_skip,6_risk_only_skip__t0.2,165,44
6_risk_only_skip,6_risk_only_skip__t0.2,166,58
6_risk_only_skip,6_risk_only_skip__t0.2,167,39
6_risk_only_skip,6_risk_only_skip__t0.25,0,29
6_risk_only_skip,6_risk_only_skip__t0.25,1,32
6_risk_only_skip,6_risk_only_skip__t0.25,2,31
6_risk_only_skip,6_risk_only_skip__t0.25,3,30
6_risk_only_skip,6_risk_only_skip__t0.25,4,34
6_risk_only_skip,6_risk_only_skip__t0.25,5,36
6_risk_only_skip,6_risk_only_skip__t0.25,6,44
6_risk_only_skip,6_risk_only_skip__t0.25,7,43
6_risk_only_skip,6_risk_only_skip__t0.25,8,61
6_risk_only_skip,6_risk_only_skip__t0.25,9,69
6_risk_only_skip,6_risk_only_skip__t0.25,10,85
6_risk_only_skip,6_risk_only_skip__t0.25,11,78
6_risk_only_skip,6_risk_only_skip__t0.25,12,65
6_risk_only_skip,6_risk_only_skip__t0.25,13,85
6_risk_only_skip,6_risk_only_skip__t0.25,14,102
6_risk_only_skip,6_risk_only_skip__t0.25,15,105
6_risk_only_skip,6_risk_only_skip__t0.25,16,117
6_risk_only_skip,6_risk_only_skip__t0.25,17,112
6_risk_only_skip,6_risk_only_skip__t0.25,18,93
6_risk_only_skip,6_risk_only_skip__t0.25,19,104
6_risk_only_skip,6_risk_only_skip__t0.25,20,110
6_risk_only_skip,6_risk_only_skip__t0.25,21,110
6_risk_only_skip,6_risk_only_skip__t0.25,22,101
6_risk_only_skip,6_risk_only_skip__t0.25,23,87
6_risk_only_skip,6_risk_only_skip__t0.25,24,75
6_risk_only_skip,6_risk_only_skip__t0.25,25,70
6_risk_only_skip,6_risk_only_skip__t0.25,26,42
6_risk_only_skip,6_risk_only_skip__t0.25,27,32
6_risk_only_skip,6_risk_only_skip__t0.25,28,44
6_risk_only_skip,6_risk_only_skip__t0.25,29,37
6_risk_only_skip,6_risk_only_skip__t0.25,30,53
6_risk_only_skip,6_risk_only_skip__t0.25,31,50
6_risk_only_skip,6_risk_only_skip__t0.25,32,75
6_risk_only_skip,6_risk_only_skip__t0.25,33,75
6_risk_only_skip,6_risk_only_skip__t0.25,34,66
6_risk_only_skip,6_risk_only_skip__t0.25,35,72
6_risk_only_skip,6_risk_only_skip__t0.25,36,80
6_risk_only_skip,6_risk_only_skip__t0.25,37,90
6_risk_only_skip,6_risk_only_skip__t0.25,38,109
6_risk_only_skip,6_risk_only_skip__t0.25,39,112
6_risk_only_skip,6_risk_only_skip__t0.25,40,111
6_risk_only_skip,6_risk_only_skip__t0.25,41,116
6_risk_only_skip,6_risk_only_skip__t0.25,42,121
6_risk_only_skip,6_risk_only_skip__t0.25,43,122
6_risk_only_skip,6_risk_only_skip__t0.25,44,129
6_risk_only_skip,6_risk_only_skip__t0.25,45,134
6_risk_only_skip,6_risk_only_skip__t0.25,46,101
6_risk_only_skip,6_risk_only_skip__t0.25,47,104
6_risk_only_skip,6_risk_only_skip__t0.25,48,75
6_risk_only_skip,6_risk_only_skip__t0.25,49,62
6_risk_only_skip,6_risk_only_skip__t0.25,50,43
6_risk_only_skip,6_risk_only_skip__t0.25,51,44
6_risk_only_skip,6_risk_only_skip__t0.25,52,36
6_risk_only_skip,6_risk_only_skip__t0.25,53,44
6_risk_only_skip,6_risk_only_skip__t0.25,54,49
6_risk_only_skip,6_risk_only_skip__t0.25,55,64
6_risk_only_skip,6_risk_only_skip__t0.25,56,63
6_risk_only_skip,6_risk_only_skip__t0.25,57,62
6_risk_only_skip,6_risk_only_skip__t0.25,58,63
6_risk_only_skip,6_risk_only_skip__t0.25,59,71
6_risk_only_skip,6_risk_only_skip__t0.25,60,79
6_risk_only_skip,6_risk_only_skip__t0.25,61,79
6_risk_only_skip,6_risk_only_skip__t0.25,62,89
6_risk_only_skip,6_risk_only_skip__t0.25,63,103
6_risk_only_skip,6_risk_only_skip__t0.25,64,112
6_risk_only_skip,6_risk_only_skip__t0.25,65,127
6_risk_only_skip,6_risk_only_skip__t0.25,66,129
6_risk_only_skip,6_risk_only_skip__t0.25,67,133
6_risk_only_skip,6_risk_only_skip__t0.25,68,119
6_risk_only_skip,6_risk_only_skip__t0.25,69,115
6_risk_only_skip,6_risk_only_skip__t0.25,70,103
6_risk_only_skip,6_risk_only_skip__t0.25,71,100
6_risk_only_skip,6_risk_only_skip__t0.25,72,84
6_risk_only_skip,6_risk_only_skip__t0.25,73,60
6_risk_only_skip,6_risk_only_skip__t0.25,74,55
6_risk_only_skip,6_risk_only_skip__t0.25,75,36
6_risk_only_skip,6_risk_only_skip__t0.25,76,47
6_risk_only_skip,6_risk_only_skip__t0.25,77,49
6_risk_only_skip,6_risk_only_skip__t0.25,78,67
6_risk_only_skip,6_risk_only_skip__t0.25,79,56
6_risk_only_skip,6_risk_only_skip__t0.25,80,73
6_risk_only_skip,6_risk_only_skip__t0.25,81,65
6_risk_only_skip,6_risk_only_skip__t0.25,82,69
6_risk_only_skip,6_risk_only_skip__t0.25,83,77
6_risk_only_skip,6_risk_only_skip__t0.25,84,82
6_risk_only_skip,6_risk_only_skip__t0.25,85,100
6_risk_only_skip,6_risk_only_skip__t0.25,86,104
6_risk_only_skip,6_risk_only_skip__t0.25,87,105
6_risk_only_skip,6_risk_only_skip__t0.25,88,117
6_risk_only_skip,6_risk_only_skip__t0.25,89,120
6_risk_only_skip,6_risk_only_skip__t0.25,90,116
6_risk_only_skip,6_risk_only_skip__t0.25,91,114
6_risk_only_skip,6_risk_only_skip__t0.25,92,118
6_risk_only_skip,6_risk_only_skip__t0.25,93,129
6_risk_only_skip,6_risk_only_skip__t0.25,94,122
6_risk_only_skip,6_risk_only_skip__t0.25,95,96
6_risk_only_skip,6_risk_only_skip__t0.25,96,71
6_risk_only_skip,6_risk_only_skip__t0.25,97,70
6_risk_only_skip,6_risk_only_skip__t0.25,98,45
6_risk_only_skip,6_risk_only_skip__t0.25,99,36
6_risk_only_skip,6_risk_only_skip__t0.25,100,29
6_risk_only_skip,6_risk_only_skip__t0.25,101,39
6_risk_only_skip,6_risk_only_skip__t0.25,102,49
6_risk_only_skip,6_risk_only_skip__t0.25,103,53
6_risk_only_skip,6_risk_only_skip__t0.25,104,58
6_risk_only_skip,6_risk_only_skip__t0.25,105,84
6_risk_only_skip,6_risk_only_skip__t0.25,106,73
6_risk_only_skip,6_risk_only_skip__t0.25,107,73
6_risk_only_skip,6_risk_only_skip__t0.25,108,69
6_risk_only_skip,6_risk_only_skip__t0.25,109,97
6_risk_only_skip,6_risk_only_skip__t0.25,110,108
6_risk_only_skip,6_risk_only_skip__t0.25,111,128
6_risk_only_skip,6_risk_only_skip__t0.25,112,121
6_risk_only_skip,6_risk_only_skip__t0.25,113,120
6_risk_only_skip,6_risk_only_skip__t0.25,114,126
6_risk_only_skip,6_risk_only_skip__t0.25,115,112
6_risk_only_skip,6_risk_only_skip__t0.25,116,109
6_risk_only_skip,6_risk_only_skip__t0.25,117,127
6_risk_only_skip,6_risk_only_skip__t0.25,118,124
6_risk_only_skip,6_risk_only_skip__t0.25,119,85
6_risk_only_skip,6_risk_only_skip__t0.25,120,72
6_risk_only_skip,6_risk_only_skip__t0.25,121,67
6_risk_only_skip,6_risk_only_skip__t0.25,122,39
6_risk_only_skip,6_risk_only_skip__t0.25,123,24
6_risk_only_skip,6_risk_only_skip__t0.25,124,20
6_risk_only_skip,6_risk_only_skip__t0.25,125,27
6_risk_only_skip,6_risk_only_skip__t0.25,126,19
6_risk_only_skip,6_risk_only_skip__t0.25,127,25
6_risk_only_skip,6_risk_only_skip__t0.25,128,15
6_risk_only_skip,6_risk_only_skip__t0.25,129,28
6_risk_only_skip,6_risk_only_skip__t0.25,130,41
6_risk_only_skip,6_risk_only_skip__t0.25,131,28
6_risk_only_skip,6_risk_only_skip__t0.25,132,27
6_risk_only_skip,6_risk_only_skip__t0.25,133,44
6_risk_only_skip,6_risk_only_skip__t0.25,134,34
6_risk_only_skip,6_risk_only_skip__t0.25,135,55
6_risk_only_skip,6_risk_only_skip__t0.25,136,42
6_risk_only_skip,6_risk_only_skip__t0.25,137,54
6_risk_only_skip,6_risk_only_skip__t0.25,138,40
6_risk_only_skip,6_risk_only_skip__t0.25,139,35
6_risk_only_skip,6_risk_only_skip__t0.25,140,49
6_risk_only_skip,6_risk_only_skip__t0.25,141,54
6_risk_only_skip,6_risk_only_skip__t0.25,142,53
6_risk_only_skip,6_risk_only_skip__t0.25,143,45
6_risk_only_skip,6_risk_only_skip__t0.25,144,40
6_risk_only_skip,6_risk_only_skip__t0.25,145,29
6_risk_only_skip,6_risk_only_skip__t0.25,146,28
6_risk_only_skip,6_risk_only_skip__t0.25,147,21
6_risk_only_skip,6_risk_only_skip__t0.25,148,24
6_risk_only_skip,6_risk_only_skip__t0.25,149,28
6_risk_only_skip,6_risk_only_skip__t0.25,150,25
6_risk_only_skip,6_risk_only_skip__t0.25,151,20
6_risk_only_skip,6_risk_only_skip__t0.25,152,17
6_risk_only_skip,6_risk_only_skip__t0.25,153,30
6_risk_only_skip,6_risk_only_skip__t0.25,154,25
6_risk_only_skip,6_risk_only_skip__t0.25,155,39
6_risk_only_skip,6_risk_only_skip__t0.25,156,34
6_risk_only_skip,6_risk_only_skip__t0.25,157,43
6_risk_only_skip,6_risk_only_skip__t0.25,158,38
6_risk_only_skip,6_risk_only_skip__t0.25,159,29
6_risk_only_skip,6_risk_only_skip__t0.25,160,33
6_risk_only_skip,6_risk_only_skip__t0.25,161,57
6_risk_only_skip,6_risk_only_skip__t0.25,162,51
6_risk_only_skip,6_risk_only_skip__t0.25,163,59
6_risk_only_skip,6_risk_only_skip__t0.25,164,50
6_risk_only_skip,6_risk_only_skip__t0.25,165,44
6_risk_only_skip,6_risk_only_skip__t0.25,166,58
6_risk_only_skip,6_risk_only_skip__t0.25,167,38
6_risk_only_skip,6_risk_only_skip__t0.3,0,23
6_risk_only_skip,6_risk_only_skip__t0.3,1,27
6_risk_only_skip,6_risk_only_skip__t0.3,2,29
6_risk_only_skip,6_risk_only_skip__t0.3,3,27
6_risk_only_skip,6_risk_only_skip__t0.3,4,28
6_risk_only_skip,6_risk_only_skip__t0.3,5,26
6_risk_only_skip,6_risk_only_skip__t0.3,6,32
6_risk_only_skip,6_risk_only_skip__t0.3,7,36
6_risk_only_skip,6_risk_only_skip__t0.3,8,45
6_risk_only_skip,6_risk_only_skip__t0.3,9,53
6_risk_only_skip,6_risk_only_skip__t0.3,10,63
6_risk_only_skip,6_risk_only_skip__t0.3,11,68
6_risk_only_skip,6_risk_only_skip__t0.3,12,53
6_risk_only_skip,6_risk_only_skip__t0.3,13,64
6_risk_only_skip,6_risk_only_skip__t0.3,14,83
6_risk_only_skip,6_risk_only_skip__t0.3,15,85
6_risk_only_skip,6_risk_only_skip__t0.3,16,97
6_risk_only_skip,6_risk_only_skip__t0.3,17,95
6_risk_only_skip,6_risk_only_skip__t0.3,18,78
6_risk_only_skip,6_risk_only_skip__t0.3,19,85
6_risk_only_skip,6_risk_only_skip__t0.3,20,88
6_risk_only_skip,6_risk_only_skip__t0.3,21,88
6_risk_only_skip,6_risk_only_skip__t0.3,22,85
6_risk_only_skip,6_risk_only_skip__t0.3,23,79
6_risk_only_skip,6_risk_only_skip__t0.3,24,63
6_risk_only_skip,6_risk_only_skip__t0.3,25,65
6_risk_only_skip,6_risk_only_skip__t0.3,26,35
6_risk_only_skip,6_risk_only_skip__t0.3,27,26
6_risk_only_skip,6_risk_only_skip__t0.3,28,37
6_risk_only_skip,6_risk_only_skip__t0.3,29,29
6_risk_only_skip,6_risk_only_skip__t0.3,30,39
6_risk_only_skip,6_risk_only_skip__t0.3,31,40
6_risk_only_skip,6_risk_only_skip__t0.3,32,64
6_risk_only_skip,6_risk_only_skip__t0.3,33,55
6_risk_only_skip,6_risk_only_skip__t0.3,34,54
6_risk_only_skip,6_risk_only_skip__t0.3,35,57
6_risk_only_skip,6_risk_only_skip__t0.3,36,67
6_risk_only_skip,6_risk_only_skip__t0.3,37,73
6_risk_only_skip,6_risk_only_skip__t0.3,38,89
6_risk_only_skip,6_risk_only_skip__t0.3,39,90
6_risk_only_skip,6_risk_only_skip__t0.3,40,90
6_risk_only_skip,6_risk_only_skip__t0.3,41,99
6_risk_only_skip,6_risk_only_skip__t0.3,42,107
6_risk_only_skip,6_risk_only_skip__t0.3,43,99
6_risk_only_skip,6_risk_only_skip__t0.3,44,111
6_risk_only_skip,6_risk_only_skip__t0.3,45,113
6_risk_only_skip,6_risk_only_skip__t0.3,46,84
6_risk_only_skip,6_risk_only_skip__t0.3,47,88
6_risk_only_skip,6_risk_only_skip__t0.3,48,60
6_risk_only_skip,6_risk_only_skip__t0.3,49,51
6_risk_only_skip,6_risk_only_skip__t0.3,50,36
6_risk_only_skip,6_risk_only_skip__t0.3,51,40
6_risk_only_skip,6_risk_only_skip__t0.3,52,31
6_risk_only_skip,6_risk_only_skip__t0.3,53,37
6_risk_only_skip,6_risk_only_skip__t0.3,54,39
6_risk_only_skip,6_risk_only_skip__t0.3,55,49
6_risk_only_skip,6_risk_only_skip__t0.3,56,47
6_risk_only_skip,6_risk_only_skip__t0.3,57,47
6_risk_only_skip,6_risk_only_skip__t0.3,58,50
6_risk_only_skip,6_risk_only_skip__t0.3,59,51
6_risk_only_skip,6_risk_only_skip__t0.3,60,64
6_risk_only_skip,6_risk_only_skip__t0.3,61,65
6_risk_only_skip,6_risk_only_skip__t0.3,62,69
6_risk_only_skip,6_risk_only_skip__t0.3,63,80
6_risk_only_skip,6_risk_only_skip__t0.3,64,92
6_risk_only_skip,6_risk_only_skip__t0.3,65,110
6_risk_only_skip,6_risk_only_skip__t0.3,66,106
6_risk_only_skip,6_risk_only_skip__t0.3,67,103
6_risk_only_skip,6_risk_only_skip__t0.3,68,95
6_risk_only_skip,6_risk_only_skip__t0.3,69,96
6_risk_only_skip,6_risk_only_skip__t0.3,70,81
6_risk_only_skip,6_risk_only_skip__t0.3,71,77
6_risk_only_skip,6_risk_only_skip__t0.3,72,71
6_risk_only_skip,6_risk_only_skip__t0.3,73,50
6_risk_only_skip,6_risk_only_skip__t0.3,74,49
6_risk_only_skip,6_risk_only_skip__t0.3,75,33
6_risk_only_skip,6_risk_only_skip__t0.3,76,41
6_risk_only_skip,6_risk_only_skip__t0.3,77,39
6_risk_only_skip,6_risk_only_skip__t0.3,78,51
6_risk_only_skip,6_risk_only_skip__t0.3,79,41
6_risk_only_skip,6_risk_only_skip__t0.3,80,56
6_risk_only_skip,6_risk_only_skip__t0.3,81,49
6_risk_only_skip,6_risk_only_skip__t0.3,82,49
6_risk_only_skip,6_risk_only_skip__t0.3,83,60
6_risk_only_skip,6_risk_only_skip__t0.3,84,72
6_risk_only_skip,6_risk_only_skip__t0.3,85,84
6_risk_only_skip,6_risk_only_skip__t0.3,86,73
6_risk_only_skip,6_risk_only_skip__t0.3,87,87
6_risk_only_skip,6_risk_only_skip__t0.3,88,99
6_risk_only_skip,6_risk_only_skip__t0.3,89,101
6_risk_only_skip,6_risk_only_skip__t0.3,90,95
6_risk_only_skip,6_risk_only_skip__t0.3,91,103
6_risk_only_skip,6_risk_only_skip__t0.3,92,91
6_risk_only_skip,6_risk_only_skip__t0.3,93,105
6_risk_only_skip,6_risk_only_skip__t0.3,94,103
6_risk_only_skip,6_risk_only_skip__t0.3,95,85
6_risk_only_skip,6_risk_only_skip__t0.3,96,52
6_risk_only_skip,6_risk_only_skip__t0.3,97,62
6_risk_only_skip,6_risk_only_skip__t0.3,98,40
6_risk_only_skip,6_risk_only_skip__t0.3,99,31
6_risk_only_skip,6_risk_only_skip__t0.3,100,24
6_risk_only_skip,6_risk_only_skip__t0.3,101,35
6_risk_only_skip,6_risk_only_skip__t0.3,102,43
6_risk_only_skip,6_risk_only_skip__t0.3,103,41
6_risk_only_skip,6_risk_only_skip__t0.3,104,46
6_risk_only_skip,6_risk_only_skip__t0.3,105,56
6_risk_only_skip,6_risk_only_skip__t0.3,106,64
6_risk_only_skip,6_risk_only_skip__t0.3,107,58
6_risk_only_skip,6_risk_only_skip__t0.3,108,53
6_risk_only_skip,6_risk_only_skip__t0.3,109,73
6_risk_only_skip,6_risk_only_skip__t0.3,110,85
6_risk_only_skip,6_risk_only_skip__t0.3,111,108
6_risk_only_skip,6_risk_only_skip__t0.3,112,97
6_risk_only_skip,6_risk_only_skip__t0.3,113,110
6_risk_only_skip,6_risk_only_skip__t0.3,114,106
6_risk_only_skip,6_risk_only_skip__t0.3,115,94
6_risk_only_skip,6_risk_only_skip__t0.3,116,91
6_risk_only_skip,6_risk_only_skip__t0.3,117,103
6_risk_only_skip,6_risk_only_skip__t0.3,118,105
6_risk_only_skip,6_risk_only_skip__t0.3,119,74
6_risk_only_skip,6_risk_only_skip__t0.3,120,64
6_risk_only_skip,6_risk_only_skip__t0.3,121,62
6_risk_only_skip,6_risk_only_skip__t0.3,122,34
6_risk_only_skip,6_risk_only_skip__t0.3,123,20
6_risk_only_skip,6_risk_only_skip__t0.3,124,17
6_risk_only_skip,6_risk_only_skip__t0.3,125,27
6_risk_only_skip,6_risk_only_skip__t0.3,126,14
6_risk_only_skip,6_risk_only_skip__t0.3,127,18
6_risk_only_skip,6_risk_only_skip__t0.3,128,12
6_risk_only_skip,6_risk_only_skip__t0.3,129,21
6_risk_only_skip,6_risk_only_skip__t0.3,130,38
6_risk_only_skip,6_risk_only_skip__t0.3,131,20
6_risk_only_skip,6_risk_only_skip__t0.3,132,23
6_risk_only_skip,6_risk_only_skip__t0.3,133,42
6_risk_only_skip,6_risk_only_skip__t0.3,134,29
6_risk_only_skip,6_risk_only_skip__t0.3,135,50
6_risk_only_skip,6_risk_only_skip__t0.3,136,37
6_risk_only_skip,6_risk_only_skip__t0.3,137,45
6_risk_only_skip,6_risk_only_skip__t0.3,138,33
6_risk_only_skip,6_risk_only_skip__t0.3,139,30
6_risk_only_skip,6_risk_only_skip__t0.3,140,44
6_risk_only_skip,6_risk_only_skip__t0.3,141,43
6_risk_only_skip,6_risk_only_skip__t0.3,142,49
6_risk_only_skip,6_risk_only_skip__t0.3,143,40
6_risk_only_skip,6_risk_only_skip__t0.3,144,33
6_risk_only_skip,6_risk_only_skip__t0.3,145,26
6_risk_only_skip,6_risk_only_skip__t0.3,146,25
6_risk_only_skip,6_risk_only_skip__t0.3,147,20
6_risk_only_skip,6_risk_only_skip__t0.3,148,22
6_risk_only_skip,6_risk_only_skip__t0.3,149,25
6_risk_only_skip,6_risk_only_skip__t0.3,150,23
6_risk_only_skip,6_risk_only_skip__t0.3,151,14
6_risk_only_skip,6_risk_only_skip__t0.3,152,13
6_risk_only_skip,6_risk_only_skip__t0.3,153,26
6_risk_only_skip,6_risk_only_skip__t0.3,154,20
6_risk_only_skip,6_risk_only_skip__t0.3,155,33
6_risk_only_skip,6_risk_only_skip__t0.3,156,29
6_risk_only_skip,6_risk_only_skip__t0.3,157,39
6_risk_only_skip,6_risk_only_skip__t0.3,158,29
6_risk_only_skip,6_risk_only_skip__t0.3,159,26
6_risk_only_skip,6_risk_only_skip__t0.3,160,30
6_risk_only_skip,6_risk_only_skip__t0.3,161,54
6_risk_only_skip,6_risk_only_skip__t0.3,162,46
6_risk_only_skip,6_risk_only_skip__t0.3,163,50
6_risk_only_skip,6_risk_only_skip__t0.3,164,45
6_risk_only_skip,6_risk_only_skip__t0.3,165,34
6_risk_only_skip,6_risk_only_skip__t0.3,166,54
6_risk_only_skip,6_risk_only_skip__t0.3,167,34
