strategy,setting_id,slot,n_scheduled
1_static,1_static,0,473
1_static,1_static,1,446
1_static,1_static,2,481
1_static,1_static,3,437
1_static,1_static,4,486
1_static,1_static,5,530
1_static,1_static,6,544
1_static,1_static,7,569
1_static,1_static,8,742
1_static,1_static,9,817
1_static,1_static,10,786
1_static,1_static,11,875
1_static,1_static,12,1080
1_static,1_static,13,1120
1_static,1_static,14,1316
1_static,1_static,15,1294
1_static,1_static,16,1238
1_static,1_static,17,1233
1_static,1_static,18,1220
1_static,1_static,19,1111
1_static,1_static,20,1161
1_static,1_static,21,1325
1_static,1_static,22,1278
1_static,1_static,23,1110
1_static,1_static,24,920
1_static,1_static,25,775
1_static,1_static,26,663
1_static,1_static,27,641
1_static,1_static,28,610
1_static,1_static,29,706
1_static,1_static,30,714
1_static,1_static,31,792
1_static,1_static,32,853
1_static,1_static,33,970
1_static,1_static,34,910
1_static,1_static,35,908
1_static,1_static,36,1076
1_static,1_static,37,1120
1_static,1_static,38,1221
1_static,1_static,39,1225
1_static,1_static,40,1306
1_static,1_static,41,1457
1_static,1_static,42,1236
1_static,1_static,43,1222
1_static,1_static,44,1168
1_static,1_static,45,1357
1_static,1_static,46,1238
1_static,1_static,47,1203
1_static,1_static,48,1044
1_static,1_static,49,797
1_static,1_static,50,684
1_static,1_static,51,689
1_static,1_static,52,566
1_static,1_static,53,691
1_static,1_static,54,624
1_static,1_static,55,753
1_static,1_static,56,843
1_static,1_static,57,927
1_static,1_static,58,974
1_static,1_static,59,913
1_static,1_static,60,1049
1_static,1_static,61,1149
1_static,1_static,62,1199
1_static,1_static,63,1292
1_static,1_static,64,1439
1_static,1_static,65,1348
1_static,1_static,66,1229
1_static,1_static,67,1125
1_static,1_static,68,1233
1_static,1_static,69,1187
1_static,1_static,70,1253
1_static,1_static,71,1152
1_static,1_static,72,854
1_static,1_static,73,773
1_static,1_static,74,638
1_static,1_static,75,587
1_static,1_static,76,554
1_static,1_static,77,595
1_static,1_static,78,751
1_static,1_static,79,715
1_static,1_static,80,869
1_static,1_static,81,933
1_static,1_static,82,855
1_static,1_static,83,890
1_static,1_static,84,941
1_static,1_static,85,1103
1_static,1_static,86,1238
1_static,1_static,87,1221
1_static,1_static,88,1285
1_static,1_static,89,1265
1_static,1_static,90,1263
1_static,1_static,91,1148
1_static,1_static,92,1100
1_static,1_static,93,1247
1_static,1_static,94,1219
1_static,1_static,95,1206
1_static,1_static,96,859
1_static,1_static,97,784
1_static,1_static,98,631
1_static,1_static,99,611
1_static,1_static,100,539
1_static,1_static,101,617
1_static,1_static,102,657
1_static,1_static,103,697
1_static,1_static,104,803
1_static,1_static,105,822
1_static,1_static,106,859
1_static,1_static,107,877
1_static,1_static,108,959
1_static,1_static,109,1077
1_static,1_static,110,1141
1_static,1_static,111,1216
1_static,1_static,112,1139
1_static,1_static,113,1175
1_static,1_static,114,1138
1_static,1_static,115,1087
1_static,1_static,116,1026
1_static,1_static,117,1124
1_static,1_static,118,1144
1_static,1_static,119,905
1_static,1_static,120,717
1_static,1_static,121,551
1_static,1_static,122,430
1_static,1_static,123,404
1_static,1_static,124,351
1_static,1_static,125,326
1_static,1_static,126,331
1_static,1_static,127,356
1_static,1_static,128,337
1_static,1_static,129,377
1_static,1_static,130,394
1_static,1_static,131,473
1_static,1_static,132,471
1_static,1_static,133,434
1_static,1_static,134,568
1_static,1_static,135,619
1_static,1_static,136,622
1_static,1_static,137,653
1_static,1_static,138,555
1_static,1_static,139,602
1_static,1_static,140,596
1_static,1_static,141,608
1_static,1_static,142,629
1_static,1_static,143,549
1_static,1_static,144,452
1_static,1_static,145,356
1_static,1_static,146,350
1_static,1_static,147,332
1_static,1_static,148,361
1_static,1_static,149,346
1_static,1_static,150,289
1_static,1_static,151,369
1_static,1_static,152,337
1_static,1_static,153,408
1_static,1_static,154,407
1_static,1_static,155,378
1_static,1_static,156,432
1_static,1_static,157,507
1_static,1_static,158,519
1_static,1_static,159,616
1_static,1_static,160,583
1_static,1_static,161,553
1_static,1_static,162,636
1_static,1_static,163,628
1_static,1_static,164,644
1_static,1_static,165,703
1_static,1_static,166,687
1_static,1_static,167,587
2_blanket_carbon_aware,2_blanket_carbon_aware__d0__w167,0,395
2_blanket_carbon_aware,2_blanket_carbon_aware__d0__w167,1,383
2_blanket_carbon_aware,2_blanket_carbon_aware__d0__w167,2,383
2_blanket_carbon_aware,2_blanket_carbon_aware__d0__w167,3,349
2_blanket_carbon_aware,2_blanket_carbon_aware__d0__w167,4,416
2_blanket_carbon_aware,2_blanket_carbon_aware__d0__w167,5,434
2_blanket_carbon_aware,2_blanket_carbon_aware__d0__w167,6,434
2_blanket_carbon_aware,2_blanket_carbon_aware__d0__w167,7,456
2_blanket_carbon_aware,2_blanket_carbon_aware__d0__w167,8,610
2_blanket_carbon_aware,2_blanket_carbon_aware__d0__w167,9,629
2_blanket_carbon_aware,2_blanket_carbon_aware__d0__w167,10,593
2_blanket_carbon_aware,2_blanket_carbon_aware__d0__w167,11,686
2_blanket_carbon_aware,2_blanket_carbon_aware__d0__w167,12,869
2_blanket_carbon_aware,2_blanket_carbon_aware__d0__w167,13,880
2_blanket_carbon_aware,2_blanket_carbon_aware__d0__w167,14,1060
2_blanket_carbon_aware,2_blanket_carbon_aware__d0__w167,15,1034
2_blanket_carbon_aware,2_blanket_carbon_aware__d0__w167,16,993
2_blanket_carbon_aware,2_blanket_carbon_aware__d0__w167,17,953
2_blanket_carbon_aware,2_blanket_carbon_aware__d0__w167,18,975
2_blanket_carbon_aware,2_blanket_carbon_aware__d0__w167,19,888
2_blanket_carbon_aware,2_blanket_carbon_aware__d0__w167,20,918
2_blanket_carbon_aware,2_blanket_carbon_aware__d0__w167,21,1047
2_blanket_carbon_aware,2_blanket_carbon_aware__d0__w167,22,995
2_blanket_carbon_aware,2_blanket_carbon_aware__d0__w167,23,881
2_blanket_carbon_aware,2_blanket_carbon_aware__d0__w167,24,726
2_blanket_carbon_aware,2_blanket_carbon_aware__d0__w167,25,630
2_blanket_carbon_aware,2_blanket_carbon_aware__d0__w167,26,551
2_blanket_carbon_aware,2_blanket_carbon_aware__d0__w167,27,544
2_blanket_carbon_aware,2_blanket_carbon_aware__d0__w167,28,505
2_blanket_carbon_aware,2_blanket_carbon_aware__d0__w167,29,553
2_blanket_carbon_aware,2_blanket_carbon_aware__d0__w167,30,570
2_blanket_carbon_aware,2_blanket_carbon_aware__d0__w167,31,621
2_blanket_carbon_aware,2_blanket_carbon_aware__d0__w167,32,690
2_blanket_carbon_aware,2_blanket_carbon_aware__d0__w167,33,759
2_blanket_carbon_aware,2_blanket_carbon_aware__d0__w167,34,691
2_blanket_carbon_aware,2_blanket_carbon_aware__d0__w167,35,698
2_blanket_carbon_aware,2_blanket_carbon_aware__d0__w167,36,822
2_blanket_carbon_aware,2_blanket_carbon_aware__d0__w167,37,858
2_blanket_carbon_aware,2_blanket_carbon_aware__d0__w167,38,957
2_blanket_carbon_aware,2_blanket_carbon_aware__d0__w167,39,940
2_blanket_carbon_aware,2_blanket_carbon_aware__d0__w167,40,1021
2_blanket_carbon_aware,2_blanket_carbon_aware__d0__w167,41,1120
2_blanket_carbon_aware,2_blanket_carbon_aware__d0__w167,42,1001
2_blanket_carbon_aware,2_blanket_carbon_aware__d0__w167,43,974
2_blanket_carbon_aware,2_blanket_carbon_aware__d0__w167,44,917
2_blanket_carbon_aware,2_blanket_carbon_aware__d0__w167,45,1086
2_blanket_carbon_aware,2_blanket_carbon_aware__d0__w167,46,965
2_blanket_carbon_aware,2_blanket_carbon_aware__d0__w167,47,999
2_blanket_carbon_aware,2_blanket_carbon_aware__d0__w167,48,815
2_blanket_carbon_aware,2_blanket_carbon_aware__d0__w167,49,630
2_blanket_carbon_aware,2_blanket_carbon_aware__d0__w167,50,565
2_blanket_carbon_aware,2_blanket_carbon_aware__d0__w167,51,573
2_blanket_carbon_aware,2_blanket_carbon_aware__d0__w167,52,464
2_blanket_carbon_aware,2_blanket_carbon_aware__d0__w167,53,580
2_blanket_carbon_aware,2_blanket_carbon_aware__d0__w167,54,518
2_blanket_carbon_aware,2_blanket_carbon_aware__d0__w167,55,604
2_blanket_carbon_aware,2_blanket_carbon_aware__d0__w167,56,666
2_blanket_carbon_aware,2_blanket_carbon_aware__d0__w167,57,700
2_blanket_carbon_aware,2_blanket_carbon_aware__d0__w167,58,740
2_blanket_carbon_aware,2_blanket_carbon_aware__d0__w167,59,720
2_blanket_carbon_aware,2_blanket_carbon_aware__d0__w167,60,844
2_blanket_carbon_aware,2_blanket_carbon_aware__d0__w167,61,944
2_blanket_carbon_aware,2_blanket_carbon_aware__d0__w167,62,997
2_blanket_carbon_aware,2_blanket_carbon_aware__d0__w167,63,1022
2_blanket_carbon_aware,2_blanket_carbon_aware__d0__w167,64,1173
2_blanket_carbon_aware,2_blanket_carbon_aware__d0__w167,65,1094
2_blanket_carbon_aware,2_blanket_carbon_aware__d0__w167,66,978
2_blanket_carbon_aware,2_blanket_carbon_aware__d0__w167,67,898
2_blanket_carbon_aware,2_blanket_carbon_aware__d0__w167,68,1000
2_blanket_carbon_aware,2_blanket_carbon_aware__d0__w167,69,937
2_blanket_carbon_aware,2_blanket_carbon_aware__d0__w167,70,985
2_blanket_carbon_aware,2_blanket_carbon_aware__d0__w167,71,916
2_blanket_carbon_aware,2_blanket_carbon_aware__d0__w167,72,686
2_blanket_carbon_aware,2_blanket_carbon_aware__d0__w167,73,630
2_blanket_carbon_aware,2_blanket_carbon_aware__d0__w167,74,536
2_blanket_carbon_aware,2_blanket_carbon_aware__d0__w167,75,497
2_blanket_carbon_aware,2_blanket_carbon_aware__d0__w167,76,467
2_blanket_carbon_aware,2_blanket_carbon_aware__d0__w167,77,492
2_blanket_carbon_aware,2_blanket_carbon_aware__d0__w167,78,592
2_blanket_carbon_aware,2_blanket_carbon_aware__d0__w167,79,571
2_blanket_carbon_aware,2_blanket_carbon_aware__d0__w167,80,690
2_blanket_carbon_aware,2_blanket_carbon_aware__d0__w167,81,722
2_blanket_carbon_aware,2_blanket_carbon_aware__d0__w167,82,665
2_blanket_carbon_aware,2_blanket_carbon_aware__d0__w167,83,719
2_blanket_carbon_aware,2_blanket_carbon_aware__d0__w167,84,782
2_blanket_carbon_aware,2_blanket_carbon_aware__d0__w167,85,877
2_blanket_carbon_aware,2_blanket_carbon_aware__d0__w167,86,976
2_blanket_carbon_aware,2_blanket_carbon_aware__d0__w167,87,958
2_blanket_carbon_aware,2_blanket_carbon_aware__d0__w167,88,1007
2_blanket_carbon_aware,2_blanket_carbon_aware__d0__w167,89,1021
2_blanket_carbon_aware,2_blanket_carbon_aware__d0__w167,90,995
2_blanket_carbon_aware,2_blanket_carbon_aware__d0__w167,91,959
2_blanket_carbon_aware,2_blanket_carbon_aware__d0__w167,92,894
2_blanket_carbon_aware,2_blanket_carbon_aware__d0__w167,93,1005
2_blanket_carbon_aware,2_blanket_carbon_aware__d0__w167,94,986
2_blanket_carbon_aware,2_blanket_carbon_aware__d0__w167,95,973
2_blanket_carbon_aware,2_blanket_carbon_aware__d0__w167,96,687
2_blanket_carbon_aware,2_blanket_carbon_aware__d0__w167,97,644
2_blanket_carbon_aware,2_blanket_carbon_aware__d0__w167,98,512
2_blanket_carbon_aware,2_blanket_carbon_aware__d0__w167,99,503
2_blanket_carbon_aware,2_blanket_carbon_aware__d0__w167,100,438
2_blanket_carbon_aware,2_blanket_carbon_aware__d0__w167,101,491
2_blanket_carbon_aware,2_blanket_carbon_aware__d0__w167,102,526
2_blanket_carbon_aware,2_blanket_carbon_aware__d0__w167,103,552
2_blanket_carbon_aware,2_blanket_carbon_aware__d0__w167,104,639
2_blanket_carbon_aware,2_blanket_carbon_aware__d0__w167,105,672
2_blanket_carbon_aware,2_blanket_carbon_aware__d0__w167,106,685
2_blanket_carbon_aware,2_blanket_carbon_aware__d0__w167,107,681
2_blanket_carbon_aware,2_blanket_carbon_aware__d0__w167,108,762
2_blanket_carbon_aware,2_blanket_carbon_aware__d0__w167,109,855
2_blanket_carbon_aware,2_blanket_carbon_aware__d0__w167,110,928
2_blanket_carbon_aware,2_blanket_carbon_aware__d0__w167,111,992
2_blanket_carbon_aware,2_blanket_carbon_aware__d0__w167,112,911
2_blanket_carbon_aware,2_blanket_carbon_aware__d0__w167,113,944
2_blanket_carbon_aware,2_blanket_carbon_aware__d0__w167,114,921
2_blanket_carbon_aware,2_blanket_carbon_aware__d0__w167,115,882
2_blanket_carbon_aware,2_blanket_carbon_aware__d0__w167,116,841
2_blanket_carbon_aware,2_blanket_carbon_aware__d0__w167,117,926
2_blanket_carbon_aware,2_blanket_carbon_aware__d0__w167,118,927
2_blanket_carbon_aware,2_blanket_carbon_aware__d0__w167,119,754
2_blanket_carbon_aware,2_blanket_carbon_aware__d0__w167,120,596
2_blanket_carbon_aware,2_blanket_carbon_aware__d0__w167,121,452
2_blanket_carbon_aware,2_blanket_carbon_aware__d0__w167,122,356
2_blanket_carbon_aware,2_blanket_carbon_aware__d0__w167,123,343
2_blanket_carbon_aware,2_blanket_carbon_aware__d0__w167,124,292
2_blanket_carbon_aware,2_blanket_carbon_aware__d0__w167,125,271
2_blanket_carbon_aware,2_blanket_carbon_aware__d0__w167,126,267
2_blanket_carbon_aware,2_blanket_carbon_aware__d0__w167,127,287
2_blanket_carbon_aware,2_blanket_carbon_aware__d0__w167,128,268
2_blanket_carbon_aware,2_blanket_carbon_aware__d0__w167,129,302
2_blanket_carbon_aware,2_blanket_carbon_aware__d0__w167,130,323
2_blanket_carbon_aware,2_blanket_carbon_aware__d0__w167,131,377
2_blanket_carbon_aware,2_blanket_carbon_aware__d0__w167,132,395
2_blanket_carbon_aware,2_blanket_carbon_aware__d0__w167,133,357
2_blanket_carbon_aware,2_blanket_carbon_aware__d0__w167,134,472
2_blanket_carbon_aware,2_blanket_carbon_aware__d0__w167,135,523
2_blanket_carbon_aware,2_blanket_carbon_aware__d0__w167,136,518
2_blanket_carbon_aware,2_blanket_carbon_aware__d0__w167,137,543
2_blanket_carbon_aware,2_blanket_carbon_aware__d0__w167,138,459
2_blanket_carbon_aware,2_blanket_carbon_aware__d0__w167,139,514
2_blanket_carbon_aware,2_blanket_carbon_aware__d0__w167,140,518
2_blanket_carbon_aware,2_blanket_carbon_aware__d0__w167,141,531
2_blanket_carbon_aware,2_blanket_carbon_aware__d0__w167,142,526
2_blanket_carbon_aware,2_blanket_carbon_aware__d0__w167,143,485
2_blanket_carbon_aware,2_blanket_carbon_aware__d0__w167,144,361
2_blanket_carbon_aware,2_blanket_carbon_aware__d0__w167,145,288
2_blanket_carbon_aware,2_blanket_carbon_aware__d0__w167,146,293
2_blanket_carbon_aware,2_blanket_carbon_aware__d0__w167,147,271
2_blanket_carbon_aware,2_blanket_carbon_aware__d0__w167,148,292
2_blanket_carbon_aware,2_blanket_carbon_aware__d0__w167,149,274
2_blanket_carbon_aware,2_blanket_carbon_aware__d0__w167,150,238
2_blanket_carbon_aware,2_blanket_carbon_aware__d0__w167,151,276
2_blanket_carbon_aware,2_blanket_carbon_aware__d0__w167,152,285
2_blanket_carbon_aware,2_blanket_carbon_aware__d0__w167,153,332
2_blanket_carbon_aware,2_blanket_carbon_aware__d0__w167,154,339
2_blanket_carbon_aware,2_blanket_carbon_aware__d0__w167,155,27343
2_blanket_carbon_aware,2_blanket_carbon_aware__d0__w167,156,349
2_blanket_carbon_aware,2_blanket_carbon_aware__d0__w167,157,431
2_blanket_carbon_aware,2_blanket_carbon_aware__d0__w167,158,439
2_blanket_carbon_aware,2_blanket_carbon_aware__d0__w167,159,507
2_blanket_carbon_aware,2_blanket_carbon_aware__d0__w167,160,475
2_blanket_carbon_aware,2_blanket_carbon_aware__d0__w167,161,475
2_blanket_carbon_aware,2_blanket_carbon_aware__d0__w167,162,546
2_blanket_carbon_aware,2_blanket_carbon_aware__d0__w167,163,545
2_blanket_carbon_aware,2_blanket_carbon_aware__d0__w167,164,548
2_blanket_carbon_aware,2_blanket_carbon_aware__d0__w167,165,582
2_blanket_carbon_aware,2_blanket_carbon_aware__d0__w167,166,551
2_blanket_carbon_aware,2_blanket_carbon_aware__d0__w167,167,483
3_eligibility_only,3_eligibility_only__d0__w6,0,395
3_eligibility_only,3_eligibility_only__d0__w6,1,1064
3_eligibility_only,3_eligibility_only__d0__w6,2,481
3_eligibility_only,3_eligibility_only__d0__w6,3,437
3_eligibility_only,3_eligibility_only__d0__w6,4,486
3_eligibility_only,3_eligibility_only__d0__w6,5,434
3_eligibility_only,3_eligibility_only__d0__w6,6,434
3_eligibility_only,3_eligibility_only__d0__w6,7,456
3_eligibility_only,3_eligibility_only__d0__w6,8,610
3_eligibility_only,3_eligibility_only__d0__w6,9,629
3_eligibility_only,3_eligibility_only__d0__w6,10,593
3_eligibility_only,3_eligibility_only__d0__w6,11,782
3_eligibility_only,3_eligibility_only__d0__w6,12,2005
3_eligibility_only,3_eligibility_only__d0__w6,13,1120
3_eligibility_only,3_eligibility_only__d0__w6,14,1316
3_eligibility_only,3_eligibility_only__d0__w6,15,1034
3_eligibility_only,3_eligibility_only__d0__w6,16,993
3_eligibility_only,3_eligibility_only__d0__w6,17,953
3_eligibility_only,3_eligibility_only__d0__w6,18,975
3_eligibility_only,3_eligibility_only__d0__w6,19,888
3_eligibility_only,3_eligibility_only__d0__w6,20,918
3_eligibility_only,3_eligibility_only__d0__w6,21,1307
3_eligibility_only,3_eligibility_only__d0__w6,22,1240
3_eligibility_only,3_eligibility_only__d0__w6,23,1161
3_eligibility_only,3_eligibility_only__d0__w6,24,971
3_eligibility_only,3_eligibility_only__d0__w6,25,853
3_eligibility_only,3_eligibility_only__d0__w6,26,2035
3_eligibility_only,3_eligibility_only__d0__w6,27,641
3_eligibility_only,3_eligibility_only__d0__w6,28,610
3_eligibility_only,3_eligibility_only__d0__w6,29,553
3_eligibility_only,3_eligibility_only__d0__w6,30,570
3_eligibility_only,3_eligibility_only__d0__w6,31,621
3_eligibility_only,3_eligibility_only__d0__w6,32,690
3_eligibility_only,3_eligibility_only__d0__w6,33,759
3_eligibility_only,3_eligibility_only__d0__w6,34,691
3_eligibility_only,3_eligibility_only__d0__w6,35,851
3_eligibility_only,3_eligibility_only__d0__w6,36,2194
3_eligibility_only,3_eligibility_only__d0__w6,37,1120
3_eligibility_only,3_eligibility_only__d0__w6,38,1221
3_eligibility_only,3_eligibility_only__d0__w6,39,940
3_eligibility_only,3_eligibility_only__d0__w6,40,1021
3_eligibility_only,3_eligibility_only__d0__w6,41,1120
3_eligibility_only,3_eligibility_only__d0__w6,42,1001
3_eligibility_only,3_eligibility_only__d0__w6,43,974
3_eligibility_only,3_eligibility_only__d0__w6,44,917
3_eligibility_only,3_eligibility_only__d0__w6,45,1371
3_eligibility_only,3_eligibility_only__d0__w6,46,1250
3_eligibility_only,3_eligibility_only__d0__w6,47,1571
3_eligibility_only,3_eligibility_only__d0__w6,48,815
3_eligibility_only,3_eligibility_only__d0__w6,49,878
3_eligibility_only,3_eligibility_only__d0__w6,50,2079
3_eligibility_only,3_eligibility_only__d0__w6,51,689
3_eligibility_only,3_eligibility_only__d0__w6,52,464
3_eligibility_only,3_eligibility_only__d0__w6,53,580
3_eligibility_only,3_eligibility_only__d0__w6,54,518
3_eligibility_only,3_eligibility_only__d0__w6,55,604
3_eligibility_only,3_eligibility_only__d0__w6,56,666
3_eligibility_only,3_eligibility_only__d0__w6,57,700
3_eligibility_only,3_eligibility_only__d0__w6,58,842
3_eligibility_only,3_eligibility_only__d0__w6,59,831
3_eligibility_only,3_eligibility_only__d0__w6,60,2135
3_eligibility_only,3_eligibility_only__d0__w6,61,1149
3_eligibility_only,3_eligibility_only__d0__w6,62,1199
3_eligibility_only,3_eligibility_only__d0__w6,63,1022
3_eligibility_only,3_eligibility_only__d0__w6,64,1173
3_eligibility_only,3_eligibility_only__d0__w6,65,1094
3_eligibility_only,3_eligibility_only__d0__w6,66,978
3_eligibility_only,3_eligibility_only__d0__w6,67,898
3_eligibility_only,3_eligibility_only__d0__w6,68,1000
3_eligibility_only,3_eligibility_only__d0__w6,69,1207
3_eligibility_only,3_eligibility_only__d0__w6,70,1251
3_eligibility_only,3_eligibility_only__d0__w6,71,1170
3_eligibility_only,3_eligibility_only__d0__w6,72,937
3_eligibility_only,3_eligibility_only__d0__w6,73,857
3_eligibility_only,3_eligibility_only__d0__w6,74,1936
3_eligibility_only,3_eligibility_only__d0__w6,75,587
3_eligibility_only,3_eligibility_only__d0__w6,76,467
3_eligibility_only,3_eligibility_only__d0__w6,77,492
3_eligibility_only,3_eligibility_only__d0__w6,78,592
3_eligibility_only,3_eligibility_only__d0__w6,79,571
3_eligibility_only,3_eligibility_only__d0__w6,80,690
3_eligibility_only,3_eligibility_only__d0__w6,81,722
3_eligibility_only,3_eligibility_only__d0__w6,82,752
3_eligibility_only,3_eligibility_only__d0__w6,83,822
3_eligibility_only,3_eligibility_only__d0__w6,84,1995
3_eligibility_only,3_eligibility_only__d0__w6,85,1103
3_eligibility_only,3_eligibility_only__d0__w6,86,1238
3_eligibility_only,3_eligibility_only__d0__w6,87,958
3_eligibility_only,3_eligibility_only__d0__w6,88,1007
3_eligibility_only,3_eligibility_only__d0__w6,89,1021
3_eligibility_only,3_eligibility_only__d0__w6,90,995
3_eligibility_only,3_eligibility_only__d0__w6,91,959
3_eligibility_only,3_eligibility_only__d0__w6,92,894
3_eligibility_only,3_eligibility_only__d0__w6,93,1268
3_eligibility_only,3_eligibility_only__d0__w6,94,1264
3_eligibility_only,3_eligibility_only__d0__w6,95,1485
3_eligibility_only,3_eligibility_only__d0__w6,96,687
3_eligibility_only,3_eligibility_only__d0__w6,97,833
3_eligibility_only,3_eligibility_only__d0__w6,98,1857
3_eligibility_only,3_eligibility_only__d0__w6,99,611
3_eligibility_only,3_eligibility_only__d0__w6,100,438
3_eligibility_only,3_eligibility_only__d0__w6,101,491
3_eligibility_only,3_eligibility_only__d0__w6,102,526
3_eligibility_only,3_eligibility_only__d0__w6,103,552
3_eligibility_only,3_eligibility_only__d0__w6,104,639
3_eligibility_only,3_eligibility_only__d0__w6,105,672
3_eligibility_only,3_eligibility_only__d0__w6,106,786
3_eligibility_only,3_eligibility_only__d0__w6,107,807
3_eligibility_only,3_eligibility_only__d0__w6,108,1919
3_eligibility_only,3_eligibility_only__d0__w6,109,1077
3_eligibility_only,3_eligibility_only__d0__w6,110,1141
3_eligibility_only,3_eligibility_only__d0__w6,111,1216
3_eligibility_only,3_eligibility_only__d0__w6,112,911
3_eligibility_only,3_eligibility_only__d0__w6,113,944
3_eligibility_only,3_eligibility_only__d0__w6,114,921
3_eligibility_only,3_eligibility_only__d0__w6,115,882
3_eligibility_only,3_eligibility_only__d0__w6,116,841
3_eligibility_only,3_eligibility_only__d0__w6,117,926
3_eligibility_only,3_eligibility_only__d0__w6,118,1155
3_eligibility_only,3_eligibility_only__d0__w6,119,985
3_eligibility_only,3_eligibility_only__d0__w6,120,813
3_eligibility_only,3_eligibility_only__d0__w6,121,657
3_eligibility_only,3_eligibility_only__d0__w6,122,541
3_eligibility_only,3_eligibility_only__d0__w6,123,1264
3_eligibility_only,3_eligibility_only__d0__w6,124,292
3_eligibility_only,3_eligibility_only__d0__w6,125,271
3_eligibility_only,3_eligibility_only__d0__w6,126,267
3_eligibility_only,3_eligibility_only__d0__w6,127,287
3_eligibility_only,3_eligibility_only__d0__w6,128,268
3_eligibility_only,3_eligibility_only__d0__w6,129,302
3_eligibility_only,3_eligibility_only__d0__w6,130,382
3_eligibility_only,3_eligibility_only__d0__w6,131,432
3_eligibility_only,3_eligibility_only__d0__w6,132,915
3_eligibility_only,3_eligibility_only__d0__w6,133,434
3_eligibility_only,3_eligibility_only__d0__w6,134,568
3_eligibility_only,3_eligibility_only__d0__w6,135,619
3_eligibility_only,3_eligibility_only__d0__w6,136,518
3_eligibility_only,3_eligibility_only__d0__w6,137,543
3_eligibility_only,3_eligibility_only__d0__w6,138,459
3_eligibility_only,3_eligibility_only__d0__w6,139,514
3_eligibility_only,3_eligibility_only__d0__w6,140,518
3_eligibility_only,3_eligibility_only__d0__w6,141,531
3_eligibility_only,3_eligibility_only__d0__w6,142,630
3_eligibility_only,3_eligibility_only__d0__w6,143,691
3_eligibility_only,3_eligibility_only__d0__w6,144,361
3_eligibility_only,3_eligibility_only__d0__w6,145,376
3_eligibility_only,3_eligibility_only__d0__w6,146,371
3_eligibility_only,3_eligibility_only__d0__w6,147,731
3_eligibility_only,3_eligibility_only__d0__w6,148,292
3_eligibility_only,3_eligibility_only__d0__w6,149,274
3_eligibility_only,3_eligibility_only__d0__w6,150,238
3_eligibility_only,3_eligibility_only__d0__w6,151,276
3_eligibility_only,3_eligibility_only__d0__w6,152,285
3_eligibility_only,3_eligibility_only__d0__w6,153,393
3_eligibility_only,3_eligibility_only__d0__w6,154,408
3_eligibility_only,3_eligibility_only__d0__w6,155,790
3_eligibility_only,3_eligibility_only__d0__w6,156,432
3_eligibility_only,3_eligibility_only__d0__w6,157,507
3_eligibility_only,3_eligibility_only__d0__w6,158,519
3_eligibility_only,3_eligibility_only__d0__w6,159,616
3_eligibility_only,3_eligibility_only__d0__w6,160,475
3_eligibility_only,3_eligibility_only__d0__w6,161,475
3_eligibility_only,3_eligibility_only__d0__w6,162,546
3_eligibility_only,3_eligibility_only__d0__w6,163,545
3_eligibility_only,3_eligibility_only__d0__w6,164,548
3_eligibility_only,3_eligibility_only__d0__w6,165,582
3_eligibility_only,3_eligibility_only__d0__w6,166,659
3_eligibility_only,3_eligibility_only__d0__w6,167,651
3_eligibility_only,3_eligibility_only__d0__w12,0,395
3_eligibility_only,3_eligibility_only__d0__w12,1,1529
3_eligibility_only,3_eligibility_only__d0__w12,2,481
3_eligibility_only,3_eligibility_only__d0__w12,3,437
3_eligibility_only,3_eligibility_only__d0__w12,4,486
3_eligibility_only,3_eligibility_only__d0__w12,5,434
3_eligibility_only,3_eligibility_only__d0__w12,6,434
3_eligibility_only,3_eligibility_only__d0__w12,7,456
3_eligibility_only,3_eligibility_only__d0__w12,8,610
3_eligibility_only,3_eligibility_only__d0__w12,9,629
3_eligibility_only,3_eligibility_only__d0__w12,10,593
3_eligibility_only,3_eligibility_only__d0__w12,11,686
3_eligibility_only,3_eligibility_only__d0__w12,12,1508
3_eligibility_only,3_eligibility_only__d0__w12,13,880
3_eligibility_only,3_eligibility_only__d0__w12,14,1060
3_eligibility_only,3_eligibility_only__d0__w12,15,1034
3_eligibility_only,3_eligibility_only__d0__w12,16,993
3_eligibility_only,3_eligibility_only__d0__w12,17,953
3_eligibility_only,3_eligibility_only__d0__w12,18,975
3_eligibility_only,3_eligibility_only__d0__w12,19,888
3_eligibility_only,3_eligibility_only__d0__w12,20,918
3_eligibility_only,3_eligibility_only__d0__w12,21,1047
3_eligibility_only,3_eligibility_only__d0__w12,22,1188
3_eligibility_only,3_eligibility_only__d0__w12,23,1070
3_eligibility_only,3_eligibility_only__d0__w12,24,937
3_eligibility_only,3_eligibility_only__d0__w12,25,870
3_eligibility_only,3_eligibility_only__d0__w12,26,3544
3_eligibility_only,3_eligibility_only__d0__w12,27,641
3_eligibility_only,3_eligibility_only__d0__w12,28,610
3_eligibility_only,3_eligibility_only__d0__w12,29,553
3_eligibility_only,3_eligibility_only__d0__w12,30,570
3_eligibility_only,3_eligibility_only__d0__w12,31,621
3_eligibility_only,3_eligibility_only__d0__w12,32,690
3_eligibility_only,3_eligibility_only__d0__w12,33,759
3_eligibility_only,3_eligibility_only__d0__w12,34,691
3_eligibility_only,3_eligibility_only__d0__w12,35,698
3_eligibility_only,3_eligibility_only__d0__w12,36,2347
3_eligibility_only,3_eligibility_only__d0__w12,37,858
3_eligibility_only,3_eligibility_only__d0__w12,38,957
3_eligibility_only,3_eligibility_only__d0__w12,39,940
3_eligibility_only,3_eligibility_only__d0__w12,40,1021
3_eligibility_only,3_eligibility_only__d0__w12,41,1120
3_eligibility_only,3_eligibility_only__d0__w12,42,1001
3_eligibility_only,3_eligibility_only__d0__w12,43,974
3_eligibility_only,3_eligibility_only__d0__w12,44,917
3_eligibility_only,3_eligibility_only__d0__w12,45,1086
3_eligibility_only,3_eligibility_only__d0__w12,46,965
3_eligibility_only,3_eligibility_only__d0__w12,47,999
3_eligibility_only,3_eligibility_only__d0__w12,48,815
3_eligibility_only,3_eligibility_only__d0__w12,49,892
3_eligibility_only,3_eligibility_only__d0__w12,50,3733
3_eligibility_only,3_eligibility_only__d0__w12,51,689
3_eligibility_only,3_eligibility_only__d0__w12,52,464
3_eligibility_only,3_eligibility_only__d0__w12,53,580
3_eligibility_only,3_eligibility_only__d0__w12,54,518
3_eligibility_only,3_eligibility_only__d0__w12,55,604
3_eligibility_only,3_eligibility_only__d0__w12,56,666
3_eligibility_only,3_eligibility_only__d0__w12,57,700
3_eligibility_only,3_eligibility_only__d0__w12,58,740
3_eligibility_only,3_eligibility_only__d0__w12,59,720
3_eligibility_only,3_eligibility_only__d0__w12,60,1716
3_eligibility_only,3_eligibility_only__d0__w12,61,944
3_eligibility_only,3_eligibility_only__d0__w12,62,997
3_eligibility_only,3_eligibility_only__d0__w12,63,1022
3_eligibility_only,3_eligibility_only__d0__w12,64,1173
3_eligibility_only,3_eligibility_only__d0__w12,65,1094
3_eligibility_only,3_eligibility_only__d0__w12,66,978
3_eligibility_only,3_eligibility_only__d0__w12,67,898
3_eligibility_only,3_eligibility_only__d0__w12,68,1000
3_eligibility_only,3_eligibility_only__d0__w12,69,937
3_eligibility_only,3_eligibility_only__d0__w12,70,1219
3_eligibility_only,3_eligibility_only__d0__w12,71,1109
3_eligibility_only,3_eligibility_only__d0__w12,72,891
3_eligibility_only,3_eligibility_only__d0__w12,73,835
3_eligibility_only,3_eligibility_only__d0__w12,74,3406
3_eligibility_only,3_eligibility_only__d0__w12,75,587
3_eligibility_only,3_eligibility_only__d0__w12,76,467
3_eligibility_only,3_eligibility_only__d0__w12,77,492
3_eligibility_only,3_eligibility_only__d0__w12,78,592
3_eligibility_only,3_eligibility_only__d0__w12,79,571
3_eligibility_only,3_eligibility_only__d0__w12,80,690
3_eligibility_only,3_eligibility_only__d0__w12,81,722
3_eligibility_only,3_eligibility_only__d0__w12,82,665
3_eligibility_only,3_eligibility_only__d0__w12,83,719
3_eligibility_only,3_eligibility_only__d0__w12,84,1855
3_eligibility_only,3_eligibility_only__d0__w12,85,877
3_eligibility_only,3_eligibility_only__d0__w12,86,976
3_eligibility_only,3_eligibility_only__d0__w12,87,958
3_eligibility_only,3_eligibility_only__d0__w12,88,1007
3_eligibility_only,3_eligibility_only__d0__w12,89,1021
3_eligibility_only,3_eligibility_only__d0__w12,90,995
3_eligibility_only,3_eligibility_only__d0__w12,91,959
3_eligibility_only,3_eligibility_only__d0__w12,92,894
3_eligibility_only,3_eligibility_only__d0__w12,93,1005
3_eligibility_only,3_eligibility_only__d0__w12,94,986
3_eligibility_only,3_eligibility_only__d0__w12,95,1303
3_eligibility_only,3_eligibility_only__d0__w12,96,687
3_eligibility_only,3_eligibility_only__d0__w12,97,870
3_eligibility_only,3_eligibility_only__d0__w12,98,3361
3_eligibility_only,3_eligibility_only__d0__w12,99,503
3_eligibility_only,3_eligibility_only__d0__w12,100,438
3_eligibility_only,3_eligibility_only__d0__w12,101,491
3_eligibility_only,3_eligibility_only__d0__w12,102,526
3_eligibility_only,3_eligibility_only__d0__w12,103,552
3_eligibility_only,3_eligibility_only__d0__w12,104,639
3_eligibility_only,3_eligibility_only__d0__w12,105,672
3_eligibility_only,3_eligibility_only__d0__w12,106,685
3_eligibility_only,3_eligibility_only__d0__w12,107,681
3_eligibility_only,3_eligibility_only__d0__w12,108,2254
3_eligibility_only,3_eligibility_only__d0__w12,109,855
3_eligibility_only,3_eligibility_only__d0__w12,110,928
3_eligibility_only,3_eligibility_only__d0__w12,111,992
3_eligibility_only,3_eligibility_only__d0__w12,112,911
3_eligibility_only,3_eligibility_only__d0__w12,113,944
3_eligibility_only,3_eligibility_only__d0__w12,114,921
3_eligibility_only,3_eligibility_only__d0__w12,115,882
3_eligibility_only,3_eligibility_only__d0__w12,116,841
3_eligibility_only,3_eligibility_only__d0__w12,117,926
3_eligibility_only,3_eligibility_only__d0__w12,118,927
3_eligibility_only,3_eligibility_only__d0__w12,119,754
3_eligibility_only,3_eligibility_only__d0__w12,120,596
3_eligibility_only,3_eligibility_only__d0__w12,121,674
3_eligibility_only,3_eligibility_only__d0__w12,122,569
3_eligibility_only,3_eligibility_only__d0__w12,123,1831
3_eligibility_only,3_eligibility_only__d0__w12,124,292
3_eligibility_only,3_eligibility_only__d0__w12,125,271
3_eligibility_only,3_eligibility_only__d0__w12,126,267
3_eligibility_only,3_eligibility_only__d0__w12,127,287
3_eligibility_only,3_eligibility_only__d0__w12,128,268
3_eligibility_only,3_eligibility_only__d0__w12,129,302
3_eligibility_only,3_eligibility_only__d0__w12,130,540
3_eligibility_only,3_eligibility_only__d0__w12,131,528
3_eligibility_only,3_eligibility_only__d0__w12,132,1384
3_eligibility_only,3_eligibility_only__d0__w12,133,357
3_eligibility_only,3_eligibility_only__d0__w12,134,472
3_eligibility_only,3_eligibility_only__d0__w12,135,523
3_eligibility_only,3_eligibility_only__d0__w12,136,518
3_eligibility_only,3_eligibility_only__d0__w12,137,543
3_eligibility_only,3_eligibility_only__d0__w12,138,459
3_eligibility_only,3_eligibility_only__d0__w12,139,514
3_eligibility_only,3_eligibility_only__d0__w12,140,518
3_eligibility_only,3_eligibility_only__d0__w12,141,531
3_eligibility_only,3_eligibility_only__d0__w12,142,526
3_eligibility_only,3_eligibility_only__d0__w12,143,485
3_eligibility_only,3_eligibility_only__d0__w12,144,361
3_eligibility_only,3_eligibility_only__d0__w12,145,365
3_eligibility_only,3_eligibility_only__d0__w12,146,389
3_eligibility_only,3_eligibility_only__d0__w12,147,843
3_eligibility_only,3_eligibility_only__d0__w12,148,292
3_eligibility_only,3_eligibility_only__d0__w12,149,274
3_eligibility_only,3_eligibility_only__d0__w12,150,238
3_eligibility_only,3_eligibility_only__d0__w12,151,276
3_eligibility_only,3_eligibility_only__d0__w12,152,285
3_eligibility_only,3_eligibility_only__d0__w12,153,409
3_eligibility_only,3_eligibility_only__d0__w12,154,442
3_eligibility_only,3_eligibility_only__d0__w12,155,1200
3_eligibility_only,3_eligibility_only__d0__w12,156,432
3_eligibility_only,3_eligibility_only__d0__w12,157,507
3_eligibility_only,3_eligibility_only__d0__w12,158,439
3_eligibility_only,3_eligibility_only__d0__w12,159,507
3_eligibility_only,3_eligibility_only__d0__w12,160,475
3_eligibility_only,3_eligibility_only__d0__w12,161,475
3_eligibility_only,3_eligibility_only__d0__w12,162,546
3_eligibility_only,3_eligibility_only__d0__w12,163,545
3_eligibility_only,3_eligibility_only__d0__w12,164,548
3_eligibility_only,3_eligibility_only__d0__w12,165,582
3_eligibility_only,3_eligibility_only__d0__w12,166,551
3_eligibility_only,3_eligibility_only__d0__w12,167,483
3_eligibility_only,3_eligibility_only__d0__w24,0,395
3_eligibility_only,3_eligibility_only__d0__w24,1,1529
3_eligibility_only,3_eligibility_only__d0__w24,2,481
3_eligibility_only,3_eligibility_only__d0__w24,3,437
3_eligibility_only,3_eligibility_only__d0__w24,4,416
3_eligibility_only,3_eligibility_only__d0__w24,5,434
3_eligibility_only,3_eligibility_only__d0__w24,6,434
3_eligibility_only,3_eligibility_only__d0__w24,7,456
3_eligibility_only,3_eligibility_only__d0__w24,8,610
3_eligibility_only,3_eligibility_only__d0__w24,9,629
3_eligibility_only,3_eligibility_only__d0__w24,10,593
3_eligibility_only,3_eligibility_only__d0__w24,11,686
3_eligibility_only,3_eligibility_only__d0__w24,12,869
3_eligibility_only,3_eligibility_only__d0__w24,13,880
3_eligibility_only,3_eligibility_only__d0__w24,14,1060
3_eligibility_only,3_eligibility_only__d0__w24,15,1034
3_eligibility_only,3_eligibility_only__d0__w24,16,993
3_eligibility_only,3_eligibility_only__d0__w24,17,953
3_eligibility_only,3_eligibility_only__d0__w24,18,975
3_eligibility_only,3_eligibility_only__d0__w24,19,888
3_eligibility_only,3_eligibility_only__d0__w24,20,918
3_eligibility_only,3_eligibility_only__d0__w24,21,1047
3_eligibility_only,3_eligibility_only__d0__w24,22,995
3_eligibility_only,3_eligibility_only__d0__w24,23,881
3_eligibility_only,3_eligibility_only__d0__w24,24,726
3_eligibility_only,3_eligibility_only__d0__w24,25,630
3_eligibility_only,3_eligibility_only__d0__w24,26,5086
3_eligibility_only,3_eligibility_only__d0__w24,27,641
3_eligibility_only,3_eligibility_only__d0__w24,28,610
3_eligibility_only,3_eligibility_only__d0__w24,29,553
3_eligibility_only,3_eligibility_only__d0__w24,30,570
3_eligibility_only,3_eligibility_only__d0__w24,31,621
3_eligibility_only,3_eligibility_only__d0__w24,32,690
3_eligibility_only,3_eligibility_only__d0__w24,33,759
3_eligibility_only,3_eligibility_only__d0__w24,34,691
3_eligibility_only,3_eligibility_only__d0__w24,35,698
3_eligibility_only,3_eligibility_only__d0__w24,36,2347
3_eligibility_only,3_eligibility_only__d0__w24,37,858
3_eligibility_only,3_eligibility_only__d0__w24,38,957
3_eligibility_only,3_eligibility_only__d0__w24,39,940
3_eligibility_only,3_eligibility_only__d0__w24,40,1021
3_eligibility_only,3_eligibility_only__d0__w24,41,1120
3_eligibility_only,3_eligibility_only__d0__w24,42,1001
3_eligibility_only,3_eligibility_only__d0__w24,43,974
3_eligibility_only,3_eligibility_only__d0__w24,44,917
3_eligibility_only,3_eligibility_only__d0__w24,45,1086
3_eligibility_only,3_eligibility_only__d0__w24,46,965
3_eligibility_only,3_eligibility_only__d0__w24,47,999
3_eligibility_only,3_eligibility_only__d0__w24,48,815
3_eligibility_only,3_eligibility_only__d0__w24,49,630
3_eligibility_only,3_eligibility_only__d0__w24,50,3003
3_eligibility_only,3_eligibility_only__d0__w24,51,573
3_eligibility_only,3_eligibility_only__d0__w24,52,464
3_eligibility_only,3_eligibility_only__d0__w24,53,580
3_eligibility_only,3_eligibility_only__d0__w24,54,518
3_eligibility_only,3_eligibility_only__d0__w24,55,604
3_eligibility_only,3_eligibility_only__d0__w24,56,666
3_eligibility_only,3_eligibility_only__d0__w24,57,700
3_eligibility_only,3_eligibility_only__d0__w24,58,740
3_eligibility_only,3_eligibility_only__d0__w24,59,720
3_eligibility_only,3_eligibility_only__d0__w24,60,844
3_eligibility_only,3_eligibility_only__d0__w24,61,944
3_eligibility_only,3_eligibility_only__d0__w24,62,997
3_eligibility_only,3_eligibility_only__d0__w24,63,1022
3_eligibility_only,3_eligibility_only__d0__w24,64,1173
3_eligibility_only,3_eligibility_only__d0__w24,65,1094
3_eligibility_only,3_eligibility_only__d0__w24,66,978
3_eligibility_only,3_eligibility_only__d0__w24,67,898
3_eligibility_only,3_eligibility_only__d0__w24,68,1000
3_eligibility_only,3_eligibility_only__d0__w24,69,937
3_eligibility_only,3_eligibility_only__d0__w24,70,1258
3_eligibility_only,3_eligibility_only__d0__w24,71,1120
3_eligibility_only,3_eligibility_only__d0__w24,72,915
3_eligibility_only,3_eligibility_only__d0__w24,73,797
3_eligibility_only,3_eligibility_only__d0__w24,74,4701
3_eligibility_only,3_eligibility_only__d0__w24,75,497
3_eligibility_only,3_eligibility_only__d0__w24,76,467
3_eligibility_only,3_eligibility_only__d0__w24,77,492
3_eligibility_only,3_eligibility_only__d0__w24,78,592
3_eligibility_only,3_eligibility_only__d0__w24,79,571
3_eligibility_only,3_eligibility_only__d0__w24,80,690
3_eligibility_only,3_eligibility_only__d0__w24,81,722
3_eligibility_only,3_eligibility_only__d0__w24,82,665
3_eligibility_only,3_eligibility_only__d0__w24,83,719
3_eligibility_only,3_eligibility_only__d0__w24,84,782
3_eligibility_only,3_eligibility_only__d0__w24,85,877
3_eligibility_only,3_eligibility_only__d0__w24,86,976
3_eligibility_only,3_eligibility_only__d0__w24,87,958
3_eligibility_only,3_eligibility_only__d0__w24,88,1007
3_eligibility_only,3_eligibility_only__d0__w24,89,1021
3_eligibility_only,3_eligibility_only__d0__w24,90,995
3_eligibility_only,3_eligibility_only__d0__w24,91,959
3_eligibility_only,3_eligibility_only__d0__w24,92,894
3_eligibility_only,3_eligibility_only__d0__w24,93,1005
3_eligibility_only,3_eligibility_only__d0__w24,94,986
3_eligibility_only,3_eligibility_only__d0__w24,95,1377
3_eligibility_only,3_eligibility_only__d0__w24,96,687
3_eligibility_only,3_eligibility_only__d0__w24,97,787
3_eligibility_only,3_eligibility_only__d0__w24,98,4923
3_eligibility_only,3_eligibility_only__d0__w24,99,503
3_eligibility_only,3_eligibility_only__d0__w24,100,438
3_eligibility_only,3_eligibility_only__d0__w24,101,491
3_eligibility_only,3_eligibility_only__d0__w24,102,526
3_eligibility_only,3_eligibility_only__d0__w24,103,552
3_eligibility_only,3_eligibility_only__d0__w24,104,639
3_eligibility_only,3_eligibility_only__d0__w24,105,672
3_eligibility_only,3_eligibility_only__d0__w24,106,685
3_eligibility_only,3_eligibility_only__d0__w24,107,681
3_eligibility_only,3_eligibility_only__d0__w24,108,762
3_eligibility_only,3_eligibility_only__d0__w24,109,855
3_eligibility_only,3_eligibility_only__d0__w24,110,928
3_eligibility_only,3_eligibility_only__d0__w24,111,992
3_eligibility_only,3_eligibility_only__d0__w24,112,911
3_eligibility_only,3_eligibility_only__d0__w24,113,944
3_eligibility_only,3_eligibility_only__d0__w24,114,921
3_eligibility_only,3_eligibility_only__d0__w24,115,882
3_eligibility_only,3_eligibility_only__d0__w24,116,841
3_eligibility_only,3_eligibility_only__d0__w24,117,926
3_eligibility_only,3_eligibility_only__d0__w24,118,927
3_eligibility_only,3_eligibility_only__d0__w24,119,754
3_eligibility_only,3_eligibility_only__d0__w24,120,596
3_eligibility_only,3_eligibility_only__d0__w24,121,592
3_eligibility_only,3_eligibility_only__d0__w24,122,475
3_eligibility_only,3_eligibility_only__d0__w24,123,1268
3_eligibility_only,3_eligibility_only__d0__w24,124,292
3_eligibility_only,3_eligibility_only__d0__w24,125,271
3_eligibility_only,3_eligibility_only__d0__w24,126,267
3_eligibility_only,3_eligibility_only__d0__w24,127,287
3_eligibility_only,3_eligibility_only__d0__w24,128,268
3_eligibility_only,3_eligibility_only__d0__w24,129,302
3_eligibility_only,3_eligibility_only__d0__w24,130,497
3_eligibility_only,3_eligibility_only__d0__w24,131,573
3_eligibility_only,3_eligibility_only__d0__w24,132,3004
3_eligibility_only,3_eligibility_only__d0__w24,133,357
3_eligibility_only,3_eligibility_only__d0__w24,134,472
3_eligibility_only,3_eligibility_only__d0__w24,135,523
3_eligibility_only,3_eligibility_only__d0__w24,136,518
3_eligibility_only,3_eligibility_only__d0__w24,137,543
3_eligibility_only,3_eligibility_only__d0__w24,138,459
3_eligibility_only,3_eligibility_only__d0__w24,139,514
3_eligibility_only,3_eligibility_only__d0__w24,140,518
3_eligibility_only,3_eligibility_only__d0__w24,141,531
3_eligibility_only,3_eligibility_only__d0__w24,142,526
3_eligibility_only,3_eligibility_only__d0__w24,143,485
3_eligibility_only,3_eligibility_only__d0__w24,144,361
3_eligibility_only,3_eligibility_only__d0__w24,145,387
3_eligibility_only,3_eligibility_only__d0__w24,146,367
3_eligibility_only,3_eligibility_only__d0__w24,147,648
3_eligibility_only,3_eligibility_only__d0__w24,148,292
3_eligibility_only,3_eligibility_only__d0__w24,149,274
3_eligibility_only,3_eligibility_only__d0__w24,150,238
3_eligibility_only,3_eligibility_only__d0__w24,151,276
3_eligibility_only,3_eligibility_only__d0__w24,152,285
3_eligibility_only,3_eligibility_only__d0__w24,153,407
3_eligibility_only,3_eligibility_only__d0__w24,154,410
3_eligibility_only,3_eligibility_only__d0__w24,155,2297
3_eligibility_only,3_eligibility_only__d0__w24,156,432
3_eligibility_only,3_eligibility_only__d0__w24,157,507
3_eligibility_only,3_eligibility_only__d0__w24,158,439
3_eligibility_only,3_eligibility_only__d0__w24,159,507
3_eligibility_only,3_eligibility_only__d0__w24,160,475
3_eligibility_only,3_eligibility_only__d0__w24,161,475
3_eligibility_only,3_eligibility_only__d0__w24,162,546
3_eligibility_only,3_eligibility_only__d0__w24,163,545
3_eligibility_only,3_eligibility_only__d0__w24,164,548
3_eligibility_only,3_eligibility_only__d0__w24,165,582
3_eligibility_only,3_eligibility_only__d0__w24,166,551
3_eligibility_only,3_eligibility_only__d0__w24,167,483
4a_duration_estimator,4a_duration_estimator__d0__w6,0,395
4a_duration_estimator,4a_duration_estimator__d0__w6,1,1064
4a_duration_estimator,4a_duration_estimator__d0__w6,2,481
4a_duration_estimator,4a_duration_estimator__d0__w6,3,437
4a_duration_estimator,4a_duration_estimator__d0__w6,4,486
4a_duration_estimator,4a_duration_estimator__d0__w6,5,434
4a_duration_estimator,4a_duration_estimator__d0__w6,6,434
4a_duration_estimator,4a_duration_estimator__d0__w6,7,456
4a_duration_estimator,4a_duration_estimator__d0__w6,8,610
4a_duration_estimator,4a_duration_estimator__d0__w6,9,629
4a_duration_estimator,4a_duration_estimator__d0__w6,10,593
4a_duration_estimator,4a_duration_estimator__d0__w6,11,782
4a_duration_estimator,4a_duration_estimator__d0__w6,12,2005
4a_duration_estimator,4a_duration_estimator__d0__w6,13,1120
4a_duration_estimator,4a_duration_estimator__d0__w6,14,1316
4a_duration_estimator,4a_duration_estimator__d0__w6,15,1034
4a_duration_estimator,4a_duration_estimator__d0__w6,16,993
4a_duration_estimator,4a_duration_estimator__d0__w6,17,953
4a_duration_estimator,4a_duration_estimator__d0__w6,18,975
4a_duration_estimator,4a_duration_estimator__d0__w6,19,888
4a_duration_estimator,4a_duration_estimator__d0__w6,20,918
4a_duration_estimator,4a_duration_estimator__d0__w6,21,1307
4a_duration_estimator,4a_duration_estimator__d0__w6,22,1240
4a_duration_estimator,4a_duration_estimator__d0__w6,23,1161
4a_duration_estimator,4a_duration_estimator__d0__w6,24,971
4a_duration_estimator,4a_duration_estimator__d0__w6,25,853
4a_duration_estimator,4a_duration_estimator__d0__w6,26,2035
4a_duration_estimator,4a_duration_estimator__d0__w6,27,641
4a_duration_estimator,4a_duration_estimator__d0__w6,28,610
4a_duration_estimator,4a_duration_estimator__d0__w6,29,553
4a_duration_estimator,4a_duration_estimator__d0__w6,30,570
4a_duration_estimator,4a_duration_estimator__d0__w6,31,621
4a_duration_estimator,4a_duration_estimator__d0__w6,32,690
4a_duration_estimator,4a_duration_estimator__d0__w6,33,759
4a_duration_estimator,4a_duration_estimator__d0__w6,34,691
4a_duration_estimator,4a_duration_estimator__d0__w6,35,851
4a_duration_estimator,4a_duration_estimator__d0__w6,36,2194
4a_duration_estimator,4a_duration_estimator__d0__w6,37,1120
4a_duration_estimator,4a_duration_estimator__d0__w6,38,1221
4a_duration_estimator,4a_duration_estimator__d0__w6,39,940
4a_duration_estimator,4a_duration_estimator__d0__w6,40,1021
4a_duration_estimator,4a_duration_estimator__d0__w6,41,1120
4a_duration_estimator,4a_duration_estimator__d0__w6,42,1001
4a_duration_estimator,4a_duration_estimator__d0__w6,43,974
4a_duration_estimator,4a_duration_estimator__d0__w6,44,917
4a_duration_estimator,4a_duration_estimator__d0__w6,45,1371
4a_duration_estimator,4a_duration_estimator__d0__w6,46,1250
4a_duration_estimator,4a_duration_estimator__d0__w6,47,1571
4a_duration_estimator,4a_duration_estimator__d0__w6,48,815
4a_duration_estimator,4a_duration_estimator__d0__w6,49,878
4a_duration_estimator,4a_duration_estimator__d0__w6,50,2079
4a_duration_estimator,4a_duration_estimator__d0__w6,51,689
4a_duration_estimator,4a_duration_estimator__d0__w6,52,464
4a_duration_estimator,4a_duration_estimator__d0__w6,53,580
4a_duration_estimator,4a_duration_estimator__d0__w6,54,518
4a_duration_estimator,4a_duration_estimator__d0__w6,55,604
4a_duration_estimator,4a_duration_estimator__d0__w6,56,666
4a_duration_estimator,4a_duration_estimator__d0__w6,57,700
4a_duration_estimator,4a_duration_estimator__d0__w6,58,842
4a_duration_estimator,4a_duration_estimator__d0__w6,59,831
4a_duration_estimator,4a_duration_estimator__d0__w6,60,2135
4a_duration_estimator,4a_duration_estimator__d0__w6,61,1149
4a_duration_estimator,4a_duration_estimator__d0__w6,62,1199
4a_duration_estimator,4a_duration_estimator__d0__w6,63,1022
4a_duration_estimator,4a_duration_estimator__d0__w6,64,1173
4a_duration_estimator,4a_duration_estimator__d0__w6,65,1094
4a_duration_estimator,4a_duration_estimator__d0__w6,66,978
4a_duration_estimator,4a_duration_estimator__d0__w6,67,898
4a_duration_estimator,4a_duration_estimator__d0__w6,68,1000
4a_duration_estimator,4a_duration_estimator__d0__w6,69,1207
4a_duration_estimator,4a_duration_estimator__d0__w6,70,1251
4a_duration_estimator,4a_duration_estimator__d0__w6,71,1170
4a_duration_estimator,4a_duration_estimator__d0__w6,72,937
4a_duration_estimator,4a_duration_estimator__d0__w6,73,857
4a_duration_estimator,4a_duration_estimator__d0__w6,74,1936
4a_duration_estimator,4a_duration_estimator__d0__w6,75,587
4a_duration_estimator,4a_duration_estimator__d0__w6,76,467
4a_duration_estimator,4a_duration_estimator__d0__w6,77,492
4a_duration_estimator,4a_duration_estimator__d0__w6,78,592
4a_duration_estimator,4a_duration_estimator__d0__w6,79,571
4a_duration_estimator,4a_duration_estimator__d0__w6,80,690
4a_duration_estimator,4a_duration_estimator__d0__w6,81,722
4a_duration_estimator,4a_duration_estimator__d0__w6,82,752
4a_duration_estimator,4a_duration_estimator__d0__w6,83,822
4a_duration_estimator,4a_duration_estimator__d0__w6,84,1995
4a_duration_estimator,4a_duration_estimator__d0__w6,85,1103
4a_duration_estimator,4a_duration_estimator__d0__w6,86,1238
4a_duration_estimator,4a_duration_estimator__d0__w6,87,958
4a_duration_estimator,4a_duration_estimator__d0__w6,88,1007
4a_duration_estimator,4a_duration_estimator__d0__w6,89,1021
4a_duration_estimator,4a_duration_estimator__d0__w6,90,995
4a_duration_estimator,4a_duration_estimator__d0__w6,91,959
4a_duration_estimator,4a_duration_estimator__d0__w6,92,894
4a_duration_estimator,4a_duration_estimator__d0__w6,93,1268
4a_duration_estimator,4a_duration_estimator__d0__w6,94,1264
4a_duration_estimator,4a_duration_estimator__d0__w6,95,1485
4a_duration_estimator,4a_duration_estimator__d0__w6,96,687
4a_duration_estimator,4a_duration_estimator__d0__w6,97,833
4a_duration_estimator,4a_duration_estimator__d0__w6,98,1857
4a_duration_estimator,4a_duration_estimator__d0__w6,99,611
4a_duration_estimator,4a_duration_estimator__d0__w6,100,438
4a_duration_estimator,4a_duration_estimator__d0__w6,101,491
4a_duration_estimator,4a_duration_estimator__d0__w6,102,526
4a_duration_estimator,4a_duration_estimator__d0__w6,103,552
4a_duration_estimator,4a_duration_estimator__d0__w6,104,639
4a_duration_estimator,4a_duration_estimator__d0__w6,105,672
4a_duration_estimator,4a_duration_estimator__d0__w6,106,786
4a_duration_estimator,4a_duration_estimator__d0__w6,107,807
4a_duration_estimator,4a_duration_estimator__d0__w6,108,1919
4a_duration_estimator,4a_duration_estimator__d0__w6,109,1077
4a_duration_estimator,4a_duration_estimator__d0__w6,110,1141
4a_duration_estimator,4a_duration_estimator__d0__w6,111,1216
4a_duration_estimator,4a_duration_estimator__d0__w6,112,911
4a_duration_estimator,4a_duration_estimator__d0__w6,113,944
4a_duration_estimator,4a_duration_estimator__d0__w6,114,921
4a_duration_estimator,4a_duration_estimator__d0__w6,115,882
4a_duration_estimator,4a_duration_estimator__d0__w6,116,841
4a_duration_estimator,4a_duration_estimator__d0__w6,117,926
4a_duration_estimator,4a_duration_estimator__d0__w6,118,1155
4a_duration_estimator,4a_duration_estimator__d0__w6,119,985
4a_duration_estimator,4a_duration_estimator__d0__w6,120,813
4a_duration_estimator,4a_duration_estimator__d0__w6,121,657
4a_duration_estimator,4a_duration_estimator__d0__w6,122,541
4a_duration_estimator,4a_duration_estimator__d0__w6,123,1264
4a_duration_estimator,4a_duration_estimator__d0__w6,124,292
4a_duration_estimator,4a_duration_estimator__d0__w6,125,271
4a_duration_estimator,4a_duration_estimator__d0__w6,126,267
4a_duration_estimator,4a_duration_estimator__d0__w6,127,287
4a_duration_estimator,4a_duration_estimator__d0__w6,128,268
4a_duration_estimator,4a_duration_estimator__d0__w6,129,302
4a_duration_estimator,4a_duration_estimator__d0__w6,130,382
4a_duration_estimator,4a_duration_estimator__d0__w6,131,432
4a_duration_estimator,4a_duration_estimator__d0__w6,132,915
4a_duration_estimator,4a_duration_estimator__d0__w6,133,434
4a_duration_estimator,4a_duration_estimator__d0__w6,134,568
4a_duration_estimator,4a_duration_estimator__d0__w6,135,619
4a_duration_estimator,4a_duration_estimator__d0__w6,136,518
4a_duration_estimator,4a_duration_estimator__d0__w6,137,543
4a_duration_estimator,4a_duration_estimator__d0__w6,138,459
4a_duration_estimator,4a_duration_estimator__d0__w6,139,514
4a_duration_estimator,4a_duration_estimator__d0__w6,140,518
4a_duration_estimator,4a_duration_estimator__d0__w6,141,531
4a_duration_estimator,4a_duration_estimator__d0__w6,142,630
4a_duration_estimator,4a_duration_estimator__d0__w6,143,691
4a_duration_estimator,4a_duration_estimator__d0__w6,144,361
4a_duration_estimator,4a_duration_estimator__d0__w6,145,376
4a_duration_estimator,4a_duration_estimator__d0__w6,146,371
4a_duration_estimator,4a_duration_estimator__d0__w6,147,731
4a_duration_estimator,4a_duration_estimator__d0__w6,148,292
4a_duration_estimator,4a_duration_estimator__d0__w6,149,274
4a_duration_estimator,4a_duration_estimator__d0__w6,150,238
4a_duration_estimator,4a_duration_estimator__d0__w6,151,276
4a_duration_estimator,4a_duration_estimator__d0__w6,152,285
4a_duration_estimator,4a_duration_estimator__d0__w6,153,393
4a_duration_estimator,4a_duration_estimator__d0__w6,154,408
4a_duration_estimator,4a_duration_estimator__d0__w6,155,790
4a_duration_estimator,4a_duration_estimator__d0__w6,156,432
4a_duration_estimator,4a_duration_estimator__d0__w6,157,507
4a_duration_estimator,4a_duration_estimator__d0__w6,158,519
4a_duration_estimator,4a_duration_estimator__d0__w6,159,616
4a_duration_estimator,4a_duration_estimator__d0__w6,160,475
4a_duration_estimator,4a_duration_estimator__d0__w6,161,475
4a_duration_estimator,4a_duration_estimator__d0__w6,162,546
4a_duration_estimator,4a_duration_estimator__d0__w6,163,545
4a_duration_estimator,4a_duration_estimator__d0__w6,164,548
4a_duration_estimator,4a_duration_estimator__d0__w6,165,582
4a_duration_estimator,4a_duration_estimator__d0__w6,166,659
4a_duration_estimator,4a_duration_estimator__d0__w6,167,651
4a_duration_estimator,4a_duration_estimator__d60__w6,0,398
4a_duration_estimator,4a_duration_estimator__d60__w6,1,1027
4a_duration_estimator,4a_duration_estimator__d60__w6,2,481
4a_duration_estimator,4a_duration_estimator__d60__w6,3,437
4a_duration_estimator,4a_duration_estimator__d60__w6,4,486
4a_duration_estimator,4a_duration_estimator__d60__w6,5,434
4a_duration_estimator,4a_duration_estimator__d60__w6,6,440
4a_duration_estimator,4a_duration_estimator__d60__w6,7,457
4a_duration_estimator,4a_duration_estimator__d60__w6,8,611
4a_duration_estimator,4a_duration_estimator__d60__w6,9,632
4a_duration_estimator,4a_duration_estimator__d60__w6,10,593
4a_duration_estimator,4a_duration_estimator__d60__w6,11,784
4a_duration_estimator,4a_duration_estimator__d60__w6,12,1992
4a_duration_estimator,4a_duration_estimator__d60__w6,13,1120
4a_duration_estimator,4a_duration_estimator__d60__w6,14,1316
4a_duration_estimator,4a_duration_estimator__d60__w6,15,1047
4a_duration_estimator,4a_duration_estimator__d60__w6,16,1005
4a_duration_estimator,4a_duration_estimator__d60__w6,17,956
4a_duration_estimator,4a_duration_estimator__d60__w6,18,981
4a_duration_estimator,4a_duration_estimator__d60__w6,19,897
4a_duration_estimator,4a_duration_estimator__d60__w6,20,929
4a_duration_estimator,4a_duration_estimator__d60__w6,21,1297
4a_duration_estimator,4a_duration_estimator__d60__w6,22,1244
4a_duration_estimator,4a_duration_estimator__d60__w6,23,1159
4a_duration_estimator,4a_duration_estimator__d60__w6,24,981
4a_duration_estimator,4a_duration_estimator__d60__w6,25,851
4a_duration_estimator,4a_duration_estimator__d60__w6,26,1981
4a_duration_estimator,4a_duration_estimator__d60__w6,27,641
4a_duration_estimator,4a_duration_estimator__d60__w6,28,610
4a_duration_estimator,4a_duration_estimator__d60__w6,29,556
4a_duration_estimator,4a_duration_estimator__d60__w6,30,574
4a_duration_estimator,4a_duration_estimator__d60__w6,31,622
4a_duration_estimator,4a_duration_estimator__d60__w6,32,691
4a_duration_estimator,4a_duration_estimator__d60__w6,33,760
4a_duration_estimator,4a_duration_estimator__d60__w6,34,692
4a_duration_estimator,4a_duration_estimator__d60__w6,35,852
4a_duration_estimator,4a_duration_estimator__d60__w6,36,2182
4a_duration_estimator,4a_duration_estimator__d60__w6,37,1120
4a_duration_estimator,4a_duration_estimator__d60__w6,38,1221
4a_duration_estimator,4a_duration_estimator__d60__w6,39,956
4a_duration_estimator,4a_duration_estimator__d60__w6,40,1029
4a_duration_estimator,4a_duration_estimator__d60__w6,41,1127
4a_duration_estimator,4a_duration_estimator__d60__w6,42,1009
4a_duration_estimator,4a_duration_estimator__d60__w6,43,982
4a_duration_estimator,4a_duration_estimator__d60__w6,44,928
4a_duration_estimator,4a_duration_estimator__d60__w6,45,1364
4a_duration_estimator,4a_duration_estimator__d60__w6,46,1254
4a_duration_estimator,4a_duration_estimator__d60__w6,47,1561
4a_duration_estimator,4a_duration_estimator__d60__w6,48,818
4a_duration_estimator,4a_duration_estimator__d60__w6,49,871
4a_duration_estimator,4a_duration_estimator__d60__w6,50,2038
4a_duration_estimator,4a_duration_estimator__d60__w6,51,689
4a_duration_estimator,4a_duration_estimator__d60__w6,52,464
4a_duration_estimator,4a_duration_estimator__d60__w6,53,583
4a_duration_estimator,4a_duration_estimator__d60__w6,54,519
4a_duration_estimator,4a_duration_estimator__d60__w6,55,608
4a_duration_estimator,4a_duration_estimator__d60__w6,56,668
4a_duration_estimator,4a_duration_estimator__d60__w6,57,701
4a_duration_estimator,4a_duration_estimator__d60__w6,58,844
4a_duration_estimator,4a_duration_estimator__d60__w6,59,833
4a_duration_estimator,4a_duration_estimator__d60__w6,60,2120
4a_duration_estimator,4a_duration_estimator__d60__w6,61,1149
4a_duration_estimator,4a_duration_estimator__d60__w6,62,1199
4a_duration_estimator,4a_duration_estimator__d60__w6,63,1035
4a_duration_estimator,4a_duration_estimator__d60__w6,64,1182
4a_duration_estimator,4a_duration_estimator__d60__w6,65,1096
4a_duration_estimator,4a_duration_estimator__d60__w6,66,985
4a_duration_estimator,4a_duration_estimator__d60__w6,67,906
4a_duration_estimator,4a_duration_estimator__d60__w6,68,1006
4a_duration_estimator,4a_duration_estimator__d60__w6,69,1198
4a_duration_estimator,4a_duration_estimator__d60__w6,70,1247
4a_duration_estimator,4a_duration_estimator__d60__w6,71,1176
4a_duration_estimator,4a_duration_estimator__d60__w6,72,932
4a_duration_estimator,4a_duration_estimator__d60__w6,73,860
4a_duration_estimator,4a_duration_estimator__d60__w6,74,1900
4a_duration_estimator,4a_duration_estimator__d60__w6,75,587
4a_duration_estimator,4a_duration_estimator__d60__w6,76,471
4a_duration_estimator,4a_duration_estimator__d60__w6,77,494
4a_duration_estimator,4a_duration_estimator__d60__w6,78,596
4a_duration_estimator,4a_duration_estimator__d60__w6,79,571
4a_duration_estimator,4a_duration_estimator__d60__w6,80,691
4a_duration_estimator,4a_duration_estimator__d60__w6,81,726
4a_duration_estimator,4a_duration_estimator__d60__w6,82,750
4a_duration_estimator,4a_duration_estimator__d60__w6,83,822
4a_duration_estimator,4a_duration_estimator__d60__w6,84,1982
4a_duration_estimator,4a_duration_estimator__d60__w6,85,1103
4a_duration_estimator,4a_duration_estimator__d60__w6,86,1238
4a_duration_estimator,4a_duration_estimator__d60__w6,87,985
4a_duration_estimator,4a_duration_estimator__d60__w6,88,1015
4a_duration_estimator,4a_duration_estimator__d60__w6,89,1027
4a_duration_estimator,4a_duration_estimator__d60__w6,90,1009
4a_duration_estimator,4a_duration_estimator__d60__w6,91,964
4a_duration_estimator,4a_duration_estimator__d60__w6,92,902
4a_duration_estimator,4a_duration_estimator__d60__w6,93,1248
4a_duration_estimator,4a_duration_estimator__d60__w6,94,1267
4a_duration_estimator,4a_duration_estimator__d60__w6,95,1470
4a_duration_estimator,4a_duration_estimator__d60__w6,96,689
4a_duration_estimator,4a_duration_estimator__d60__w6,97,833
4a_duration_estimator,4a_duration_estimator__d60__w6,98,1819
4a_duration_estimator,4a_duration_estimator__d60__w6,99,611
4a_duration_estimator,4a_duration_estimator__d60__w6,100,443
4a_duration_estimator,4a_duration_estimator__d60__w6,101,495
4a_duration_estimator,4a_duration_estimator__d60__w6,102,526
4a_duration_estimator,4a_duration_estimator__d60__w6,103,554
4a_duration_estimator,4a_duration_estimator__d60__w6,104,639
4a_duration_estimator,4a_duration_estimator__d60__w6,105,677
4a_duration_estimator,4a_duration_estimator__d60__w6,106,782
4a_duration_estimator,4a_duration_estimator__d60__w6,107,805
4a_duration_estimator,4a_duration_estimator__d60__w6,108,1909
4a_duration_estimator,4a_duration_estimator__d60__w6,109,1077
4a_duration_estimator,4a_duration_estimator__d60__w6,110,1141
4a_duration_estimator,4a_duration_estimator__d60__w6,111,1216
4a_duration_estimator,4a_duration_estimator__d60__w6,112,924
4a_duration_estimator,4a_duration_estimator__d60__w6,113,955
4a_duration_estimator,4a_duration_estimator__d60__w6,114,927
4a_duration_estimator,4a_duration_estimator__d60__w6,115,890
4a_duration_estimator,4a_duration_estimator__d60__w6,116,846
4a_duration_estimator,4a_duration_estimator__d60__w6,117,935
4a_duration_estimator,4a_duration_estimator__d60__w6,118,1151
4a_duration_estimator,4a_duration_estimator__d60__w6,119,979
4a_duration_estimator,4a_duration_estimator__d60__w6,120,812
4a_duration_estimator,4a_duration_estimator__d60__w6,121,656
4a_duration_estimator,4a_duration_estimator__d60__w6,122,541
4a_duration_estimator,4a_duration_estimator__d60__w6,123,1224
4a_duration_estimator,4a_duration_estimator__d60__w6,124,298
4a_duration_estimator,4a_duration_estimator__d60__w6,125,271
4a_duration_estimator,4a_duration_estimator__d60__w6,126,267
4a_duration_estimator,4a_duration_estimator__d60__w6,127,287
4a_duration_estimator,4a_duration_estimator__d60__w6,128,269
4a_duration_estimator,4a_duration_estimator__d60__w6,129,304
4a_duration_estimator,4a_duration_estimator__d60__w6,130,376
4a_duration_estimator,4a_duration_estimator__d60__w6,131,433
4a_duration_estimator,4a_duration_estimator__d60__w6,132,911
4a_duration_estimator,4a_duration_estimator__d60__w6,133,434
4a_duration_estimator,4a_duration_estimator__d60__w6,134,568
4a_duration_estimator,4a_duration_estimator__d60__w6,135,619
4a_duration_estimator,4a_duration_estimator__d60__w6,136,522
4a_duration_estimator,4a_duration_estimator__d60__w6,137,544
4a_duration_estimator,4a_duration_estimator__d60__w6,138,460
4a_duration_estimator,4a_duration_estimator__d60__w6,139,517
4a_duration_estimator,4a_duration_estimator__d60__w6,140,520
4a_duration_estimator,4a_duration_estimator__d60__w6,141,531
4a_duration_estimator,4a_duration_estimator__d60__w6,142,627
4a_duration_estimator,4a_duration_estimator__d60__w6,143,692
4a_duration_estimator,4a_duration_estimator__d60__w6,144,374
4a_duration_estimator,4a_duration_estimator__d60__w6,145,378
4a_duration_estimator,4a_duration_estimator__d60__w6,146,370
4a_duration_estimator,4a_duration_estimator__d60__w6,147,714
4a_duration_estimator,4a_duration_estimator__d60__w6,148,304
4a_duration_estimator,4a_duration_estimator__d60__w6,149,280
4a_duration_estimator,4a_duration_estimator__d60__w6,150,241
4a_duration_estimator,4a_duration_estimator__d60__w6,151,282
4a_duration_estimator,4a_duration_estimator__d60__w6,152,285
4a_duration_estimator,4a_duration_estimator__d60__w6,153,387
4a_duration_estimator,4a_duration_estimator__d60__w6,154,396
4a_duration_estimator,4a_duration_estimator__d60__w6,155,775
4a_duration_estimator,4a_duration_estimator__d60__w6,156,432
4a_duration_estimator,4a_duration_estimator__d60__w6,157,507
4a_duration_estimator,4a_duration_estimator__d60__w6,158,519
4a_duration_estimator,4a_duration_estimator__d60__w6,159,616
4a_duration_estimator,4a_duration_estimator__d60__w6,160,478
4a_duration_estimator,4a_duration_estimator__d60__w6,161,476
4a_duration_estimator,4a_duration_estimator__d60__w6,162,550
4a_duration_estimator,4a_duration_estimator__d60__w6,163,548
4a_duration_estimator,4a_duration_estimator__d60__w6,164,554
4a_duration_estimator,4a_duration_estimator__d60__w6,165,592
4a_duration_estimator,4a_duration_estimator__d60__w6,166,670
4a_duration_estimator,4a_duration_estimator__d60__w6,167,647
4a_duration_estimator,4a_duration_estimator__d120__w6,0,404
4a_duration_estimator,4a_duration_estimator__d120__w6,1,933
4a_duration_estimator,4a_duration_estimator__d120__w6,2,481
4a_duration_estimator,4a_duration_estimator__d120__w6,3,437
4a_duration_estimator,4a_duration_estimator__d120__w6,4,486
4a_duration_estimator,4a_duration_estimator__d120__w6,5,442
4a_duration_estimator,4a_duration_estimator__d120__w6,6,449
4a_duration_estimator,4a_duration_estimator__d120__w6,7,466
4a_duration_estimator,4a_duration_estimator__d120__w6,8,616
4a_duration_estimator,4a_duration_estimator__d120__w6,9,638
4a_duration_estimator,4a_duration_estimator__d120__w6,10,601
4a_duration_estimator,4a_duration_estimator__d120__w6,11,786
4a_duration_estimator,4a_duration_estimator__d120__w6,12,1945
4a_duration_estimator,4a_duration_estimator__d120__w6,13,1120
4a_duration_estimator,4a_duration_estimator__d120__w6,14,1316
4a_duration_estimator,4a_duration_estimator__d120__w6,15,1061
4a_duration_estimator,4a_duration_estimator__d120__w6,16,1012
4a_duration_estimator,4a_duration_estimator__d120__w6,17,964
4a_duration_estimator,4a_duration_estimator__d120__w6,18,990
4a_duration_estimator,4a_duration_estimator__d120__w6,19,901
4a_duration_estimator,4a_duration_estimator__d120__w6,20,942
4a_duration_estimator,4a_duration_estimator__d120__w6,21,1305
4a_duration_estimator,4a_duration_estimator__d120__w6,22,1284
4a_duration_estimator,4a_duration_estimator__d120__w6,23,1181
4a_duration_estimator,4a_duration_estimator__d120__w6,24,989
4a_duration_estimator,4a_duration_estimator__d120__w6,25,858
4a_duration_estimator,4a_duration_estimator__d120__w6,26,1841
4a_duration_estimator,4a_duration_estimator__d120__w6,27,641
4a_duration_estimator,4a_duration_estimator__d120__w6,28,610
4a_duration_estimator,4a_duration_estimator__d120__w6,29,560
4a_duration_estimator,4a_duration_estimator__d120__w6,30,589
4a_duration_estimator,4a_duration_estimator__d120__w6,31,641
4a_duration_estimator,4a_duration_estimator__d120__w6,32,700
4a_duration_estimator,4a_duration_estimator__d120__w6,33,766
4a_duration_estimator,4a_duration_estimator__d120__w6,34,696
4a_duration_estimator,4a_duration_estimator__d120__w6,35,852
4a_duration_estimator,4a_duration_estimator__d120__w6,36,2125
4a_duration_estimator,4a_duration_estimator__d120__w6,37,1120
4a_duration_estimator,4a_duration_estimator__d120__w6,38,1221
4a_duration_estimator,4a_duration_estimator__d120__w6,39,963
4a_duration_estimator,4a_duration_estimator__d120__w6,40,1042
4a_duration_estimator,4a_duration_estimator__d120__w6,41,1144
4a_duration_estimator,4a_duration_estimator__d120__w6,42,1023
4a_duration_estimator,4a_duration_estimator__d120__w6,43,990
4a_duration_estimator,4a_duration_estimator__d120__w6,44,948
4a_duration_estimator,4a_duration_estimator__d120__w6,45,1386
4a_duration_estimator,4a_duration_estimator__d120__w6,46,1261
4a_duration_estimator,4a_duration_estimator__d120__w6,47,1540
4a_duration_estimator,4a_duration_estimator__d120__w6,48,842
4a_duration_estimator,4a_duration_estimator__d120__w6,49,880
4a_duration_estimator,4a_duration_estimator__d120__w6,50,1918
4a_duration_estimator,4a_duration_estimator__d120__w6,51,689
4a_duration_estimator,4a_duration_estimator__d120__w6,52,484
4a_duration_estimator,4a_duration_estimator__d120__w6,53,592
4a_duration_estimator,4a_duration_estimator__d120__w6,54,525
4a_duration_estimator,4a_duration_estimator__d120__w6,55,620
4a_duration_estimator,4a_duration_estimator__d120__w6,56,680
4a_duration_estimator,4a_duration_estimator__d120__w6,57,714
4a_duration_estimator,4a_duration_estimator__d120__w6,58,829
4a_duration_estimator,4a_duration_estimator__d120__w6,59,839
4a_duration_estimator,4a_duration_estimator__d120__w6,60,2057
4a_duration_estimator,4a_duration_estimator__d120__w6,61,1149
4a_duration_estimator,4a_duration_estimator__d120__w6,62,1199
4a_duration_estimator,4a_duration_estimator__d120__w6,63,1044
4a_duration_estimator,4a_duration_estimator__d120__w6,64,1193
4a_duration_estimator,4a_duration_estimator__d120__w6,65,1112
4a_duration_estimator,4a_duration_estimator__d120__w6,66,1000
4a_duration_estimator,4a_duration_estimator__d120__w6,67,925
4a_duration_estimator,4a_duration_estimator__d120__w6,68,1021
4a_duration_estimator,4a_duration_estimator__d120__w6,69,1209
4a_duration_estimator,4a_duration_estimator__d120__w6,70,1258
4a_duration_estimator,4a_duration_estimator__d120__w6,71,1177
4a_duration_estimator,4a_duration_estimator__d120__w6,72,936
4a_duration_estimator,4a_duration_estimator__d120__w6,73,854
4a_duration_estimator,4a_duration_estimator__d120__w6,74,1794
4a_duration_estimator,4a_duration_estimator__d120__w6,75,587
4a_duration_estimator,4a_duration_estimator__d120__w6,76,477
4a_duration_estimator,4a_duration_estimator__d120__w6,77,497
4a_duration_estimator,4a_duration_estimator__d120__w6,78,604
4a_duration_estimator,4a_duration_estimator__d120__w6,79,575
4a_duration_estimator,4a_duration_estimator__d120__w6,80,695
4a_duration_estimator,4a_duration_estimator__d120__w6,81,733
4a_duration_estimator,4a_duration_estimator__d120__w6,82,757
4a_duration_estimator,4a_duration_estimator__d120__w6,83,832
4a_duration_estimator,4a_duration_estimator__d120__w6,84,1933
4a_duration_estimator,4a_duration_estimator__d120__w6,85,1103
4a_duration_estimator,4a_duration_estimator__d120__w6,86,1238
4a_duration_estimator,4a_duration_estimator__d120__w6,87,994
4a_duration_estimator,4a_duration_estimator__d120__w6,88,1025
4a_duration_estimator,4a_duration_estimator__d120__w6,89,1043
4a_duration_estimator,4a_duration_estimator__d120__w6,90,1032
4a_duration_estimator,4a_duration_estimator__d120__w6,91,970
4a_duration_estimator,4a_duration_estimator__d120__w6,92,915
4a_duration_estimator,4a_duration_estimator__d120__w6,93,1258
4a_duration_estimator,4a_duration_estimator__d120__w6,94,1283
4a_duration_estimator,4a_duration_estimator__d120__w6,95,1443
4a_duration_estimator,4a_duration_estimator__d120__w6,96,698
4a_duration_estimator,4a_duration_estimator__d120__w6,97,843
4a_duration_estimator,4a_duration_estimator__d120__w6,98,1724
4a_duration_estimator,4a_duration_estimator__d120__w6,99,611
4a_duration_estimator,4a_duration_estimator__d120__w6,100,450
4a_duration_estimator,4a_duration_estimator__d120__w6,101,501
4a_duration_estimator,4a_duration_estimator__d120__w6,102,532
4a_duration_estimator,4a_duration_estimator__d120__w6,103,566
4a_duration_estimator,4a_duration_estimator__d120__w6,104,647
4a_duration_estimator,4a_duration_estimator__d120__w6,105,684
4a_duration_estimator,4a_duration_estimator__d120__w6,106,788
4a_duration_estimator,4a_duration_estimator__d120__w6,107,804
4a_duration_estimator,4a_duration_estimator__d120__w6,108,1858
4a_duration_estimator,4a_duration_estimator__d120__w6,109,1077
4a_duration_estimator,4a_duration_estimator__d120__w6,110,1141
4a_duration_estimator,4a_duration_estimator__d120__w6,111,1216
4a_duration_estimator,4a_duration_estimator__d120__w6,112,934
4a_duration_estimator,4a_duration_estimator__d120__w6,113,975
4a_duration_estimator,4a_duration_estimator__d120__w6,114,950
4a_duration_estimator,4a_duration_estimator__d120__w6,115,916
4a_duration_estimator,4a_duration_estimator__d120__w6,116,863
4a_duration_estimator,4a_duration_estimator__d120__w6,117,943
4a_duration_estimator,4a_duration_estimator__d120__w6,118,1163
4a_duration_estimator,4a_duration_estimator__d120__w6,119,973
4a_duration_estimator,4a_duration_estimator__d120__w6,120,805
4a_duration_estimator,4a_duration_estimator__d120__w6,121,642
4a_duration_estimator,4a_duration_estimator__d120__w6,122,532
4a_duration_estimator,4a_duration_estimator__d120__w6,123,1144
4a_duration_estimator,4a_duration_estimator__d120__w6,124,306
4a_duration_estimator,4a_duration_estimator__d120__w6,125,278
4a_duration_estimator,4a_duration_estimator__d120__w6,126,274
4a_duration_estimator,4a_duration_estimator__d120__w6,127,296
4a_duration_estimator,4a_duration_estimator__d120__w6,128,276
4a_duration_estimator,4a_duration_estimator__d120__w6,129,316
4a_duration_estimator,4a_duration_estimator__d120__w6,130,377
4a_duration_estimator,4a_duration_estimator__d120__w6,131,439
4a_duration_estimator,4a_duration_estimator__d120__w6,132,854
4a_duration_estimator,4a_duration_estimator__d120__w6,133,434
4a_duration_estimator,4a_duration_estimator__d120__w6,134,568
4a_duration_estimator,4a_duration_estimator__d120__w6,135,619
4a_duration_estimator,4a_duration_estimator__d120__w6,136,529
4a_duration_estimator,4a_duration_estimator__d120__w6,137,554
4a_duration_estimator,4a_duration_estimator__d120__w6,138,478
4a_duration_estimator,4a_duration_estimator__d120__w6,139,522
4a_duration_estimator,4a_duration_estimator__d120__w6,140,525
4a_duration_estimator,4a_duration_estimator__d120__w6,141,538
4a_duration_estimator,4a_duration_estimator__d120__w6,142,634
4a_duration_estimator,4a_duration_estimator__d120__w6,143,671
4a_duration_estimator,4a_duration_estimator__d120__w6,144,389
4a_duration_estimator,4a_duration_estimator__d120__w6,145,380
4a_duration_estimator,4a_duration_estimator__d120__w6,146,368
4a_duration_estimator,4a_duration_estimator__d120__w6,147,668
4a_duration_estimator,4a_duration_estimator__d120__w6,148,309
4a_duration_estimator,4a_duration_estimator__d120__w6,149,284
4a_duration_estimator,4a_duration_estimator__d120__w6,150,243
4a_duration_estimator,4a_duration_estimator__d120__w6,151,286
4a_duration_estimator,4a_duration_estimator__d120__w6,152,288
4a_duration_estimator,4a_duration_estimator__d120__w6,153,388
4a_duration_estimator,4a_duration_estimator__d120__w6,154,397
4a_duration_estimator,4a_duration_estimator__d120__w6,155,748
4a_duration_estimator,4a_duration_estimator__d120__w6,156,432
4a_duration_estimator,4a_duration_estimator__d120__w6,157,507
4a_duration_estimator,4a_duration_estimator__d120__w6,158,519
4a_duration_estimator,4a_duration_estimator__d120__w6,159,616
4a_duration_estimator,4a_duration_estimator__d120__w6,160,490
4a_duration_estimator,4a_duration_estimator__d120__w6,161,482
4a_duration_estimator,4a_duration_estimator__d120__w6,162,555
4a_duration_estimator,4a_duration_estimator__d120__w6,163,565
4a_duration_estimator,4a_duration_estimator__d120__w6,164,563
4a_duration_estimator,4a_duration_estimator__d120__w6,165,613
4a_duration_estimator,4a_duration_estimator__d120__w6,166,681
4a_duration_estimator,4a_duration_estimator__d120__w6,167,654
4a_duration_estimator,4a_duration_estimator__d240__w6,0,416
4a_duration_estimator,4a_duration_estimator__d240__w6,1,852
4a_duration_estimator,4a_duration_estimator__d240__w6,2,481
4a_duration_estimator,4a_duration_estimator__d240__w6,3,437
4a_duration_estimator,4a_duration_estimator__d240__w6,4,486
4a_duration_estimator,4a_duration_estimator__d240__w6,5,450
4a_duration_estimator,4a_duration_estimator__d240__w6,6,466
4a_duration_estimator,4a_duration_estimator__d240__w6,7,476
4a_duration_estimator,4a_duration_estimator__d240__w6,8,632
4a_duration_estimator,4a_duration_estimator__d240__w6,9,654
4a_duration_estimator,4a_duration_estimator__d240__w6,10,622
4a_duration_estimator,4a_duration_estimator__d240__w6,11,791
4a_duration_estimator,4a_duration_estimator__d240__w6,12,1852
4a_duration_estimator,4a_duration_estimator__d240__w6,13,1120
4a_duration_estimator,4a_duration_estimator__d240__w6,14,1316
4a_duration_estimator,4a_duration_estimator__d240__w6,15,1098
4a_duration_estimator,4a_duration_estimator__d240__w6,16,1039
4a_duration_estimator,4a_duration_estimator__d240__w6,17,995
4a_duration_estimator,4a_duration_estimator__d240__w6,18,1016
4a_duration_estimator,4a_duration_estimator__d240__w6,19,923
4a_duration_estimator,4a_duration_estimator__d240__w6,20,970
4a_duration_estimator,4a_duration_estimator__d240__w6,21,1306
4a_duration_estimator,4a_duration_estimator__d240__w6,22,1299
4a_duration_estimator,4a_duration_estimator__d240__w6,23,1189
4a_duration_estimator,4a_duration_estimator__d240__w6,24,1020
4a_duration_estimator,4a_duration_estimator__d240__w6,25,890
4a_duration_estimator,4a_duration_estimator__d240__w6,26,1583
4a_duration_estimator,4a_duration_estimator__d240__w6,27,641
4a_duration_estimator,4a_duration_estimator__d240__w6,28,610
4a_duration_estimator,4a_duration_estimator__d240__w6,29,596
4a_duration_estimator,4a_duration_estimator__d240__w6,30,604
4a_duration_estimator,4a_duration_estimator__d240__w6,31,663
4a_duration_estimator,4a_duration_estimator__d240__w6,32,711
4a_duration_estimator,4a_duration_estimator__d240__w6,33,783
4a_duration_estimator,4a_duration_estimator__d240__w6,34,710
4a_duration_estimator,4a_duration_estimator__d240__w6,35,829
4a_duration_estimator,4a_duration_estimator__d240__w6,36,2033
4a_duration_estimator,4a_duration_estimator__d240__w6,37,1120
4a_duration_estimator,4a_duration_estimator__d240__w6,38,1221
4a_duration_estimator,4a_duration_estimator__d240__w6,39,996
4a_duration_estimator,4a_duration_estimator__d240__w6,40,1078
4a_duration_estimator,4a_duration_estimator__d240__w6,41,1201
4a_duration_estimator,4a_duration_estimator__d240__w6,42,1050
4a_duration_estimator,4a_duration_estimator__d240__w6,43,1022
4a_duration_estimator,4a_duration_estimator__d240__w6,44,992
4a_duration_estimator,4a_duration_estimator__d240__w6,45,1397
4a_duration_estimator,4a_duration_estimator__d240__w6,46,1277
4a_duration_estimator,4a_duration_estimator__d240__w6,47,1487
4a_duration_estimator,4a_duration_estimator__d240__w6,48,910
4a_duration_estimator,4a_duration_estimator__d240__w6,49,897
4a_duration_estimator,4a_duration_estimator__d240__w6,50,1630
4a_duration_estimator,4a_duration_estimator__d240__w6,51,689
4a_duration_estimator,4a_duration_estimator__d240__w6,52,498
4a_duration_estimator,4a_duration_estimator__d240__w6,53,609
4a_duration_estimator,4a_duration_estimator__d240__w6,54,535
4a_duration_estimator,4a_duration_estimator__d240__w6,55,624
4a_duration_estimator,4a_duration_estimator__d240__w6,56,697
4a_duration_estimator,4a_duration_estimator__d240__w6,57,742
4a_duration_estimator,4a_duration_estimator__d240__w6,58,847
4a_duration_estimator,4a_duration_estimator__d240__w6,59,849
4a_duration_estimator,4a_duration_estimator__d240__w6,60,1939
4a_duration_estimator,4a_duration_estimator__d240__w6,61,1149
4a_duration_estimator,4a_duration_estimator__d240__w6,62,1199
4a_duration_estimator,4a_duration_estimator__d240__w6,63,1077
4a_duration_estimator,4a_duration_estimator__d240__w6,64,1230
4a_duration_estimator,4a_duration_estimator__d240__w6,65,1141
4a_duration_estimator,4a_duration_estimator__d240__w6,66,1031
4a_duration_estimator,4a_duration_estimator__d240__w6,67,946
4a_duration_estimator,4a_duration_estimator__d240__w6,68,1057
4a_duration_estimator,4a_duration_estimator__d240__w6,69,1228
4a_duration_estimator,4a_duration_estimator__d240__w6,70,1271
4a_duration_estimator,4a_duration_estimator__d240__w6,71,1194
4a_duration_estimator,4a_duration_estimator__d240__w6,72,953
4a_duration_estimator,4a_duration_estimator__d240__w6,73,870
4a_duration_estimator,4a_duration_estimator__d240__w6,74,1525
4a_duration_estimator,4a_duration_estimator__d240__w6,75,587
4a_duration_estimator,4a_duration_estimator__d240__w6,76,488
4a_duration_estimator,4a_duration_estimator__d240__w6,77,516
4a_duration_estimator,4a_duration_estimator__d240__w6,78,631
4a_duration_estimator,4a_duration_estimator__d240__w6,79,594
4a_duration_estimator,4a_duration_estimator__d240__w6,80,718
4a_duration_estimator,4a_duration_estimator__d240__w6,81,750
4a_duration_estimator,4a_duration_estimator__d240__w6,82,757
4a_duration_estimator,4a_duration_estimator__d240__w6,83,822
4a_duration_estimator,4a_duration_estimator__d240__w6,84,1827
4a_duration_estimator,4a_duration_estimator__d240__w6,85,1103
4a_duration_estimator,4a_duration_estimator__d240__w6,86,1238
4a_duration_estimator,4a_duration_estimator__d240__w6,87,1033
4a_duration_estimator,4a_duration_estimator__d240__w6,88,1055
4a_duration_estimator,4a_duration_estimator__d240__w6,89,1076
4a_duration_estimator,4a_duration_estimator__d240__w6,90,1062
4a_duration_estimator,4a_duration_estimator__d240__w6,91,1001
4a_duration_estimator,4a_duration_estimator__d240__w6,92,945
4a_duration_estimator,4a_duration_estimator__d240__w6,93,1251
4a_duration_estimator,4a_duration_estimator__d240__w6,94,1282
4a_duration_estimator,4a_duration_estimator__d240__w6,95,1424
4a_duration_estimator,4a_duration_estimator__d240__w6,96,747
4a_duration_estimator,4a_duration_estimator__d240__w6,97,850
4a_duration_estimator,4a_duration_estimator__d240__w6,98,1502
4a_duration_estimator,4a_duration_estimator__d240__w6,99,611
4a_duration_estimator,4a_duration_estimator__d240__w6,100,469
4a_duration_estimator,4a_duration_estimator__d240__w6,101,521
4a_duration_estimator,4a_duration_estimator__d240__w6,102,552
4a_duration_estimator,4a_duration_estimator__d240__w6,103,575
4a_duration_estimator,4a_duration_estimator__d240__w6,104,664
4a_duration_estimator,4a_duration_estimator__d240__w6,105,694
4a_duration_estimator,4a_duration_estimator__d240__w6,106,787
4a_duration_estimator,4a_duration_estimator__d240__w6,107,801
4a_duration_estimator,4a_duration_estimator__d240__w6,108,1767
4a_duration_estimator,4a_duration_estimator__d240__w6,109,1077
4a_duration_estimator,4a_duration_estimator__d240__w6,110,1141
4a_duration_estimator,4a_duration_estimator__d240__w6,111,1216
4a_duration_estimator,4a_duration_estimator__d240__w6,112,969
4a_duration_estimator,4a_duration_estimator__d240__w6,113,998
4a_duration_estimator,4a_duration_estimator__d240__w6,114,979
4a_duration_estimator,4a_duration_estimator__d240__w6,115,936
4a_duration_estimator,4a_duration_estimator__d240__w6,116,884
4a_duration_estimator,4a_duration_estimator__d240__w6,117,973
4a_duration_estimator,4a_duration_estimator__d240__w6,118,1160
4a_duration_estimator,4a_duration_estimator__d240__w6,119,980
4a_duration_estimator,4a_duration_estimator__d240__w6,120,812
4a_duration_estimator,4a_duration_estimator__d240__w6,121,649
4a_duration_estimator,4a_duration_estimator__d240__w6,122,532
4a_duration_estimator,4a_duration_estimator__d240__w6,123,968
4a_duration_estimator,4a_duration_estimator__d240__w6,124,316
4a_duration_estimator,4a_duration_estimator__d240__w6,125,291
4a_duration_estimator,4a_duration_estimator__d240__w6,126,287
4a_duration_estimator,4a_duration_estimator__d240__w6,127,312
4a_duration_estimator,4a_duration_estimator__d240__w6,128,295
4a_duration_estimator,4a_duration_estimator__d240__w6,129,334
4a_duration_estimator,4a_duration_estimator__d240__w6,130,379
4a_duration_estimator,4a_duration_estimator__d240__w6,131,437
4a_duration_estimator,4a_duration_estimator__d240__w6,132,765
4a_duration_estimator,4a_duration_estimator__d240__w6,133,434
4a_duration_estimator,4a_duration_estimator__d240__w6,134,568
4a_duration_estimator,4a_duration_estimator__d240__w6,135,619
4a_duration_estimator,4a_duration_estimator__d240__w6,136,549
4a_duration_estimator,4a_duration_estimator__d240__w6,137,577
4a_duration_estimator,4a_duration_estimator__d240__w6,138,493
4a_duration_estimator,4a_duration_estimator__d240__w6,139,541
4a_duration_estimator,4a_duration_estimator__d240__w6,140,542
4a_duration_estimator,4a_duration_estimator__d240__w6,141,559
4a_duration_estimator,4a_duration_estimator__d240__w6,142,626
4a_duration_estimator,4a_duration_estimator__d240__w6,143,643
4a_duration_estimator,4a_duration_estimator__d240__w6,144,405
4a_duration_estimator,4a_duration_estimator__d240__w6,145,380
4a_duration_estimator,4a_duration_estimator__d240__w6,146,367
4a_duration_estimator,4a_duration_estimator__d240__w6,147,582
4a_duration_estimator,4a_duration_estimator__d240__w6,148,320
4a_duration_estimator,4a_duration_estimator__d240__w6,149,296
4a_duration_estimator,4a_duration_estimator__d240__w6,150,253
4a_duration_estimator,4a_duration_estimator__d240__w6,151,297
4a_duration_estimator,4a_duration_estimator__d240__w6,152,291
4a_duration_estimator,4a_duration_estimator__d240__w6,153,392
4a_duration_estimator,4a_duration_estimator__d240__w6,154,408
4a_duration_estimator,4a_duration_estimator__d240__w6,155,678
4a_duration_estimator,4a_duration_estimator__d240__w6,156,432
4a_duration_estimator,4a_duration_estimator__d240__w6,157,507
4a_duration_estimator,4a_duration_estimator__d240__w6,158,519
4a_duration_estimator,4a_duration_estimator__d240__w6,159,616
4a_duration_estimator,4a_duration_estimator__d240__w6,160,500
4a_duration_estimator,4a_duration_estimator__d240__w6,161,494
4a_duration_estimator,4a_duration_estimator__d240__w6,162,568
4a_duration_estimator,4a_duration_estimator__d240__w6,163,575
4a_duration_estimator,4a_duration_estimator__d240__w6,164,573
4a_duration_estimator,4a_duration_estimator__d240__w6,165,627
4a_duration_estimator,4a_duration_estimator__d240__w6,166,689
4a_duration_estimator,4a_duration_estimator__d240__w6,167,646
4a_duration_estimator,4a_duration_estimator__d480__w6,0,430
4a_duration_estimator,4a_duration_estimator__d480__w6,1,701
4a_duration_estimator,4a_duration_estimator__d480__w6,2,481
4a_duration_estimator,4a_duration_estimator__d480__w6,3,437
4a_duration_estimator,4a_duration_estimator__d480__w6,4,486
4a_duration_estimator,4a_duration_estimator__d480__w6,5,480
4a_duration_estimator,4a_duration_estimator__d480__w6,6,512
4a_duration_estimator,4a_duration_estimator__d480__w6,7,520
4a_duration_estimator,4a_duration_estimator__d480__w6,8,686
4a_duration_estimator,4a_duration_estimator__d480__w6,9,705
4a_duration_estimator,4a_duration_estimator__d480__w6,10,663
4a_duration_estimator,4a_duration_estimator__d480__w6,11,805
4a_duration_estimator,4a_duration_estimator__d480__w6,12,1572
4a_duration_estimator,4a_duration_estimator__d480__w6,13,1120
4a_duration_estimator,4a_duration_estimator__d480__w6,14,1316
4a_duration_estimator,4a_duration_estimator__d480__w6,15,1152
4a_duration_estimator,4a_duration_estimator__d480__w6,16,1074
4a_duration_estimator,4a_duration_estimator__d480__w6,17,1045
4a_duration_estimator,4a_duration_estimator__d480__w6,18,1071
4a_duration_estimator,4a_duration_estimator__d480__w6,19,988
4a_duration_estimator,4a_duration_estimator__d480__w6,20,1036
4a_duration_estimator,4a_duration_estimator__d480__w6,21,1314
4a_duration_estimator,4a_duration_estimator__d480__w6,22,1334
4a_duration_estimator,4a_duration_estimator__d480__w6,23,1201
4a_duration_estimator,4a_duration_estimator__d480__w6,24,999
4a_duration_estimator,4a_duration_estimator__d480__w6,25,858
4a_duration_estimator,4a_duration_estimator__d480__w6,26,1256
4a_duration_estimator,4a_duration_estimator__d480__w6,27,641
4a_duration_estimator,4a_duration_estimator__d480__w6,28,610
4a_duration_estimator,4a_duration_estimator__d480__w6,29,641
4a_duration_estimator,4a_duration_estimator__d480__w6,30,649
4a_duration_estimator,4a_duration_estimator__d480__w6,31,720
4a_duration_estimator,4a_duration_estimator__d480__w6,32,758
4a_duration_estimator,4a_duration_estimator__d480__w6,33,846
4a_duration_estimator,4a_duration_estimator__d480__w6,34,759
4a_duration_estimator,4a_duration_estimator__d480__w6,35,831
4a_duration_estimator,4a_duration_estimator__d480__w6,36,1725
4a_duration_estimator,4a_duration_estimator__d480__w6,37,1120
4a_duration_estimator,4a_duration_estimator__d480__w6,38,1221
4a_duration_estimator,4a_duration_estimator__d480__w6,39,1054
4a_duration_estimator,4a_duration_estimator__d480__w6,40,1137
4a_duration_estimator,4a_duration_estimator__d480__w6,41,1269
4a_duration_estimator,4a_duration_estimator__d480__w6,42,1103
4a_duration_estimator,4a_duration_estimator__d480__w6,43,1086
4a_duration_estimator,4a_duration_estimator__d480__w6,44,1051
4a_duration_estimator,4a_duration_estimator__d480__w6,45,1409
4a_duration_estimator,4a_duration_estimator__d480__w6,46,1290
4a_duration_estimator,4a_duration_estimator__d480__w6,47,1439
4a_duration_estimator,4a_duration_estimator__d480__w6,48,967
4a_duration_estimator,4a_duration_estimator__d480__w6,49,876
4a_duration_estimator,4a_duration_estimator__d480__w6,50,1256
4a_duration_estimator,4a_duration_estimator__d480__w6,51,689
4a_duration_estimator,4a_duration_estimator__d480__w6,52,538
4a_duration_estimator,4a_duration_estimator__d480__w6,53,656
4a_duration_estimator,4a_duration_estimator__d480__w6,54,581
4a_duration_estimator,4a_duration_estimator__d480__w6,55,678
4a_duration_estimator,4a_duration_estimator__d480__w6,56,740
4a_duration_estimator,4a_duration_estimator__d480__w6,57,794
4a_duration_estimator,4a_duration_estimator__d480__w6,58,868
4a_duration_estimator,4a_duration_estimator__d480__w6,59,835
4a_duration_estimator,4a_duration_estimator__d480__w6,60,1650
4a_duration_estimator,4a_duration_estimator__d480__w6,61,1149
4a_duration_estimator,4a_duration_estimator__d480__w6,62,1199
4a_duration_estimator,4a_duration_estimator__d480__w6,63,1129
4a_duration_estimator,4a_duration_estimator__d480__w6,64,1272
4a_duration_estimator,4a_duration_estimator__d480__w6,65,1204
4a_duration_estimator,4a_duration_estimator__d480__w6,66,1086
4a_duration_estimator,4a_duration_estimator__d480__w6,67,1005
4a_duration_estimator,4a_duration_estimator__d480__w6,68,1113
4a_duration_estimator,4a_duration_estimator__d480__w6,69,1246
4a_duration_estimator,4a_duration_estimator__d480__w6,70,1304
4a_duration_estimator,4a_duration_estimator__d480__w6,71,1190
4a_duration_estimator,4a_duration_estimator__d480__w6,72,935
4a_duration_estimator,4a_duration_estimator__d480__w6,73,853
4a_duration_estimator,4a_duration_estimator__d480__w6,74,1186
4a_duration_estimator,4a_duration_estimator__d480__w6,75,587
4a_duration_estimator,4a_duration_estimator__d480__w6,76,517
4a_duration_estimator,4a_duration_estimator__d480__w6,77,555
4a_duration_estimator,4a_duration_estimator__d480__w6,78,685
4a_duration_estimator,4a_duration_estimator__d480__w6,79,645
4a_duration_estimator,4a_duration_estimator__d480__w6,80,774
4a_duration_estimator,4a_duration_estimator__d480__w6,81,815
4a_duration_estimator,4a_duration_estimator__d480__w6,82,782
4a_duration_estimator,4a_duration_estimator__d480__w6,83,823
4a_duration_estimator,4a_duration_estimator__d480__w6,84,1507
4a_duration_estimator,4a_duration_estimator__d480__w6,85,1103
4a_duration_estimator,4a_duration_estimator__d480__w6,86,1238
4a_duration_estimator,4a_duration_estimator__d480__w6,87,1066
4a_duration_estimator,4a_duration_estimator__d480__w6,88,1109
4a_duration_estimator,4a_duration_estimator__d480__w6,89,1123
4a_duration_estimator,4a_duration_estimator__d480__w6,90,1126
4a_duration_estimator,4a_duration_estimator__d480__w6,91,1048
4a_duration_estimator,4a_duration_estimator__d480__w6,92,1006
4a_duration_estimator,4a_duration_estimator__d480__w6,93,1287
4a_duration_estimator,4a_duration_estimator__d480__w6,94,1298
4a_duration_estimator,4a_duration_estimator__d480__w6,95,1367
4a_duration_estimator,4a_duration_estimator__d480__w6,96,775
4a_duration_estimator,4a_duration_estimator__d480__w6,97,843
4a_duration_estimator,4a_duration_estimator__d480__w6,98,1180
4a_duration_estimator,4a_duration_estimator__d480__w6,99,611
4a_duration_estimator,4a_duration_estimator__d480__w6,100,495
4a_duration_estimator,4a_duration_estimator__d480__w6,101,554
4a_duration_estimator,4a_duration_estimator__d480__w6,102,593
4a_duration_estimator,4a_duration_estimator__d480__w6,103,622
4a_duration_estimator,4a_duration_estimator__d480__w6,104,714
4a_duration_estimator,4a_duration_estimator__d480__w6,105,737
4a_duration_estimator,4a_duration_estimator__d480__w6,106,793
4a_duration_estimator,4a_duration_estimator__d480__w6,107,796
4a_duration_estimator,4a_duration_estimator__d480__w6,108,1526
4a_duration_estimator,4a_duration_estimator__d480__w6,109,1077
4a_duration_estimator,4a_duration_estimator__d480__w6,110,1141
4a_duration_estimator,4a_duration_estimator__d480__w6,111,1216
4a_duration_estimator,4a_duration_estimator__d480__w6,112,1007
4a_duration_estimator,4a_duration_estimator__d480__w6,113,1049
4a_duration_estimator,4a_duration_estimator__d480__w6,114,1026
4a_duration_estimator,4a_duration_estimator__d480__w6,115,992
4a_duration_estimator,4a_duration_estimator__d480__w6,116,934
4a_duration_estimator,4a_duration_estimator__d480__w6,117,1033
4a_duration_estimator,4a_duration_estimator__d480__w6,118,1185
4a_duration_estimator,4a_duration_estimator__d480__w6,119,966
4a_duration_estimator,4a_duration_estimator__d480__w6,120,793
4a_duration_estimator,4a_duration_estimator__d480__w6,121,610
4a_duration_estimator,4a_duration_estimator__d480__w6,122,495
4a_duration_estimator,4a_duration_estimator__d480__w6,123,750
4a_duration_estimator,4a_duration_estimator__d480__w6,124,335
4a_duration_estimator,4a_duration_estimator__d480__w6,125,312
4a_duration_estimator,4a_duration_estimator__d480__w6,126,314
4a_duration_estimator,4a_duration_estimator__d480__w6,127,336
4a_duration_estimator,4a_duration_estimator__d480__w6,128,321
4a_duration_estimator,4a_duration_estimator__d480__w6,129,354
4a_duration_estimator,4a_duration_estimator__d480__w6,130,373
4a_duration_estimator,4a_duration_estimator__d480__w6,131,445
4a_duration_estimator,4a_duration_estimator__d480__w6,132,626
4a_duration_estimator,4a_duration_estimator__d480__w6,133,434
4a_duration_estimator,4a_duration_estimator__d480__w6,134,568
4a_duration_estimator,4a_duration_estimator__d480__w6,135,619
4a_duration_estimator,4a_duration_estimator__d480__w6,136,583
4a_duration_estimator,4a_duration_estimator__d480__w6,137,601
4a_duration_estimator,4a_duration_estimator__d480__w6,138,515
4a_duration_estimator,4a_duration_estimator__d480__w6,139,552
4a_duration_estimator,4a_duration_estimator__d480__w6,140,557
4a_duration_estimator,4a_duration_estimator__d480__w6,141,570
4a_duration_estimator,4a_duration_estimator__d480__w6,142,610
4a_duration_estimator,4a_duration_estimator__d480__w6,143,611
4a_duration_estimator,4a_duration_estimator__d480__w6,144,419
4a_duration_estimator,4a_duration_estimator__d480__w6,145,389
4a_duration_estimator,4a_duration_estimator__d480__w6,146,365
4a_duration_estimator,4a_duration_estimator__d480__w6,147,502
4a_duration_estimator,4a_duration_estimator__d480__w6,148,338
4a_duration_estimator,4a_duration_estimator__d480__w6,149,315
4a_duration_estimator,4a_duration_estimator__d480__w6,150,277
4a_duration_estimator,4a_duration_estimator__d480__w6,151,338
4a_duration_estimator,4a_duration_estimator__d480__w6,152,314
4a_duration_estimator,4a_duration_estimator__d480__w6,153,418
4a_duration_estimator,4a_duration_estimator__d480__w6,154,407
4a_duration_estimator,4a_duration_estimator__d480__w6,155,518
4a_duration_estimator,4a_duration_estimator__d480__w6,156,432
4a_duration_estimator,4a_duration_estimator__d480__w6,157,507
4a_duration_estimator,4a_duration_estimator__d480__w6,158,519
4a_duration_estimator,4a_duration_estimator__d480__w6,159,616
4a_duration_estimator,4a_duration_estimator__d480__w6,160,549
4a_duration_estimator,4a_duration_estimator__d480__w6,161,521
4a_duration_estimator,4a_duration_estimator__d480__w6,162,597
4a_duration_estimator,4a_duration_estimator__d480__w6,163,599
4a_duration_estimator,4a_duration_estimator__d480__w6,164,600
4a_duration_estimator,4a_duration_estimator__d480__w6,165,655
4a_duration_estimator,4a_duration_estimator__d480__w6,166,673
4a_duration_estimator,4a_duration_estimator__d480__w6,167,615
4a_duration_estimator,4a_duration_estimator__d960__w6,0,445
4a_duration_estimator,4a_duration_estimator__d960__w6,1,577
4a_duration_estimator,4a_duration_estimator__d960__w6,2,481
4a_duration_estimator,4a_duration_estimator__d960__w6,3,437
4a_duration_estimator,4a_duration_estimator__d960__w6,4,486
4a_duration_estimator,4a_duration_estimator__d960__w6,5,495
4a_duration_estimator,4a_duration_estimator__d960__w6,6,526
4a_duration_estimator,4a_duration_estimator__d960__w6,7,542
4a_duration_estimator,4a_duration_estimator__d960__w6,8,718
4a_duration_estimator,4a_duration_estimator__d960__w6,9,759
4a_duration_estimator,4a_duration_estimator__d960__w6,10,751
4a_duration_estimator,4a_duration_estimator__d960__w6,11,875
4a_duration_estimator,4a_duration_estimator__d960__w6,12,1277
4a_duration_estimator,4a_duration_estimator__d960__w6,13,1120
4a_duration_estimator,4a_duration_estimator__d960__w6,14,1316
4a_duration_estimator,4a_duration_estimator__d960__w6,15,1236
4a_duration_estimator,4a_duration_estimator__d960__w6,16,1162
4a_duration_estimator,4a_duration_estimator__d960__w6,17,1156
4a_duration_estimator,4a_duration_estimator__d960__w6,18,1161
4a_duration_estimator,4a_duration_estimator__d960__w6,19,1055
4a_duration_estimator,4a_duration_estimator__d960__w6,20,1086
4a_duration_estimator,4a_duration_estimator__d960__w6,21,1300
4a_duration_estimator,4a_duration_estimator__d960__w6,22,1299
4a_duration_estimator,4a_duration_estimator__d960__w6,23,1131
4a_duration_estimator,4a_duration_estimator__d960__w6,24,944
4a_duration_estimator,4a_duration_estimator__d960__w6,25,803
4a_duration_estimator,4a_duration_estimator__d960__w6,26,995
4a_duration_estimator,4a_duration_estimator__d960__w6,27,641
4a_duration_estimator,4a_duration_estimator__d960__w6,28,610
4a_duration_estimator,4a_duration_estimator__d960__w6,29,660
4a_duration_estimator,4a_duration_estimator__d960__w6,30,675
4a_duration_estimator,4a_duration_estimator__d960__w6,31,752
4a_duration_estimator,4a_duration_estimator__d960__w6,32,802
4a_duration_estimator,4a_duration_estimator__d960__w6,33,917
4a_duration_estimator,4a_duration_estimator__d960__w6,34,858
4a_duration_estimator,4a_duration_estimator__d960__w6,35,908
4a_duration_estimator,4a_duration_estimator__d960__w6,36,1357
4a_duration_estimator,4a_duration_estimator__d960__w6,37,1120
4a_duration_estimator,4a_duration_estimator__d960__w6,38,1221
4a_duration_estimator,4a_duration_estimator__d960__w6,39,1164
4a_duration_estimator,4a_duration_estimator__d960__w6,40,1238
4a_duration_estimator,4a_duration_estimator__d960__w6,41,1375
4a_duration_estimator,4a_duration_estimator__d960__w6,42,1193
4a_duration_estimator,4a_duration_estimator__d960__w6,43,1168
4a_duration_estimator,4a_duration_estimator__d960__w6,44,1107
4a_duration_estimator,4a_duration_estimator__d960__w6,45,1363
4a_duration_estimator,4a_duration_estimator__d960__w6,46,1244
4a_duration_estimator,4a_duration_estimator__d960__w6,47,1279
4a_duration_estimator,4a_duration_estimator__d960__w6,48,997
4a_duration_estimator,4a_duration_estimator__d960__w6,49,814
4a_duration_estimator,4a_duration_estimator__d960__w6,50,995
4a_duration_estimator,4a_duration_estimator__d960__w6,51,689
4a_duration_estimator,4a_duration_estimator__d960__w6,52,554
4a_duration_estimator,4a_duration_estimator__d960__w6,53,675
4a_duration_estimator,4a_duration_estimator__d960__w6,54,597
4a_duration_estimator,4a_duration_estimator__d960__w6,55,707
4a_duration_estimator,4a_duration_estimator__d960__w6,56,802
4a_duration_estimator,4a_duration_estimator__d960__w6,57,882
4a_duration_estimator,4a_duration_estimator__d960__w6,58,941
4a_duration_estimator,4a_duration_estimator__d960__w6,59,886
4a_duration_estimator,4a_duration_estimator__d960__w6,60,1296
4a_duration_estimator,4a_duration_estimator__d960__w6,61,1149
4a_duration_estimator,4a_duration_estimator__d960__w6,62,1199
4a_duration_estimator,4a_duration_estimator__d960__w6,63,1239
4a_duration_estimator,4a_duration_estimator__d960__w6,64,1358
4a_duration_estimator,4a_duration_estimator__d960__w6,65,1279
4a_duration_estimator,4a_duration_estimator__d960__w6,66,1160
4a_duration_estimator,4a_duration_estimator__d960__w6,67,1069
4a_duration_estimator,4a_duration_estimator__d960__w6,68,1172
4a_duration_estimator,4a_duration_estimator__d960__w6,69,1193
4a_duration_estimator,4a_duration_estimator__d960__w6,70,1262
4a_duration_estimator,4a_duration_estimator__d960__w6,71,1154
4a_duration_estimator,4a_duration_estimator__d960__w6,72,887
4a_duration_estimator,4a_duration_estimator__d960__w6,73,803
4a_duration_estimator,4a_duration_estimator__d960__w6,74,947
4a_duration_estimator,4a_duration_estimator__d960__w6,75,587
4a_duration_estimator,4a_duration_estimator__d960__w6,76,534
4a_duration_estimator,4a_duration_estimator__d960__w6,77,581
4a_duration_estimator,4a_duration_estimator__d960__w6,78,718
4a_duration_estimator,4a_duration_estimator__d960__w6,79,674
4a_duration_estimator,4a_duration_estimator__d960__w6,80,827
4a_duration_estimator,4a_duration_estimator__d960__w6,81,886
4a_duration_estimator,4a_duration_estimator__d960__w6,82,835
4a_duration_estimator,4a_duration_estimator__d960__w6,83,871
4a_duration_estimator,4a_duration_estimator__d960__w6,84,1177
4a_duration_estimator,4a_duration_estimator__d960__w6,85,1103
4a_duration_estimator,4a_duration_estimator__d960__w6,86,1238
4a_duration_estimator,4a_duration_estimator__d960__w6,87,1162
4a_duration_estimator,4a_duration_estimator__d960__w6,88,1221
4a_duration_estimator,4a_duration_estimator__d960__w6,89,1208
4a_duration_estimator,4a_duration_estimator__d960__w6,90,1204
4a_duration_estimator,4a_duration_estimator__d960__w6,91,1099
4a_duration_estimator,4a_duration_estimator__d960__w6,92,1057
4a_duration_estimator,4a_duration_estimator__d960__w6,93,1240
4a_duration_estimator,4a_duration_estimator__d960__w6,94,1227
4a_duration_estimator,4a_duration_estimator__d960__w6,95,1260
4a_duration_estimator,4a_duration_estimator__d960__w6,96,810
4a_duration_estimator,4a_duration_estimator__d960__w6,97,808
4a_duration_estimator,4a_duration_estimator__d960__w6,98,932
4a_duration_estimator,4a_duration_estimator__d960__w6,99,611
4a_duration_estimator,4a_duration_estimator__d960__w6,100,524
4a_duration_estimator,4a_duration_estimator__d960__w6,101,591
4a_duration_estimator,4a_duration_estimator__d960__w6,102,622
4a_duration_estimator,4a_duration_estimator__d960__w6,103,656
4a_duration_estimator,4a_duration_estimator__d960__w6,104,773
4a_duration_estimator,4a_duration_estimator__d960__w6,105,786
4a_duration_estimator,4a_duration_estimator__d960__w6,106,824
4a_duration_estimator,4a_duration_estimator__d960__w6,107,847
4a_duration_estimator,4a_duration_estimator__d960__w6,108,1207
4a_duration_estimator,4a_duration_estimator__d960__w6,109,1077
4a_duration_estimator,4a_duration_estimator__d960__w6,110,1141
4a_duration_estimator,4a_duration_estimator__d960__w6,111,1216
4a_duration_estimator,4a_duration_estimator__d960__w6,112,1091
4a_duration_estimator,4a_duration_estimator__d960__w6,113,1130
4a_duration_estimator,4a_duration_estimator__d960__w6,114,1094
4a_duration_estimator,4a_duration_estimator__d960__w6,115,1029
4a_duration_estimator,4a_duration_estimator__d960__w6,116,981
4a_duration_estimator,4a_duration_estimator__d960__w6,117,1073
4a_duration_estimator,4a_duration_estimator__d960__w6,118,1145
4a_duration_estimator,4a_duration_estimator__d960__w6,119,917
4a_duration_estimator,4a_duration_estimator__d960__w6,120,740
4a_duration_estimator,4a_duration_estimator__d960__w6,121,588
4a_duration_estimator,4a_duration_estimator__d960__w6,122,454
4a_duration_estimator,4a_duration_estimator__d960__w6,123,598
4a_duration_estimator,4a_duration_estimator__d960__w6,124,342
4a_duration_estimator,4a_duration_estimator__d960__w6,125,317
4a_duration_estimator,4a_duration_estimator__d960__w6,126,321
4a_duration_estimator,4a_duration_estimator__d960__w6,127,344
4a_duration_estimator,4a_duration_estimator__d960__w6,128,328
4a_duration_estimator,4a_duration_estimator__d960__w6,129,363
4a_duration_estimator,4a_duration_estimator__d960__w6,130,390
4a_duration_estimator,4a_duration_estimator__d960__w6,131,462
4a_duration_estimator,4a_duration_estimator__d960__w6,132,549
4a_duration_estimator,4a_duration_estimator__d960__w6,133,434
4a_duration_estimator,4a_duration_estimator__d960__w6,134,568
4a_duration_estimator,4a_duration_estimator__d960__w6,135,619
4a_duration_estimator,4a_duration_estimator__d960__w6,136,606
4a_duration_estimator,4a_duration_estimator__d960__w6,137,626
4a_duration_estimator,4a_duration_estimator__d960__w6,138,542
4a_duration_estimator,4a_duration_estimator__d960__w6,139,588
4a_duration_estimator,4a_duration_estimator__d960__w6,140,573
4a_duration_estimator,4a_duration_estimator__d960__w6,141,591
4a_duration_estimator,4a_duration_estimator__d960__w6,142,618
4a_duration_estimator,4a_duration_estimator__d960__w6,143,575
4a_duration_estimator,4a_duration_estimator__d960__w6,144,426
4a_duration_estimator,4a_duration_estimator__d960__w6,145,357
4a_duration_estimator,4a_duration_estimator__d960__w6,146,355
4a_duration_estimator,4a_duration_estimator__d960__w6,147,425
4a_duration_estimator,4a_duration_estimator__d960__w6,148,345
4a_duration_estimator,4a_duration_estimator__d960__w6,149,332
4a_duration_estimator,4a_duration_estimator__d960__w6,150,280
4a_duration_estimator,4a_duration_estimator__d960__w6,151,357
4a_duration_estimator,4a_duration_estimator__d960__w6,152,322
4a_duration_estimator,4a_duration_estimator__d960__w6,153,419
4a_duration_estimator,4a_duration_estimator__d960__w6,154,414
4a_duration_estimator,4a_duration_estimator__d960__w6,155,448
4a_duration_estimator,4a_duration_estimator__d960__w6,156,432
4a_duration_estimator,4a_duration_estimator__d960__w6,157,507
4a_duration_estimator,4a_duration_estimator__d960__w6,158,519
4a_duration_estimator,4a_duration_estimator__d960__w6,159,616
4a_duration_estimator,4a_duration_estimator__d960__w6,160,570
4a_duration_estimator,4a_duration_estimator__d960__w6,161,541
4a_duration_estimator,4a_duration_estimator__d960__w6,162,623
4a_duration_estimator,4a_duration_estimator__d960__w6,163,619
4a_duration_estimator,4a_duration_estimator__d960__w6,164,631
4a_duration_estimator,4a_duration_estimator__d960__w6,165,676
4a_duration_estimator,4a_duration_estimator__d960__w6,166,669
4a_duration_estimator,4a_duration_estimator__d960__w6,167,589
4a_duration_estimator,4a_duration_estimator__d1920__w6,0,470
4a_duration_estimator,4a_duration_estimator__d1920__w6,1,454
4a_duration_estimator,4a_duration_estimator__d1920__w6,2,481
4a_duration_estimator,4a_duration_estimator__d1920__w6,3,437
4a_duration_estimator,4a_duration_estimator__d1920__w6,4,486
4a_duration_estimator,4a_duration_estimator__d1920__w6,5,528
4a_duration_estimator,4a_duration_estimator__d1920__w6,6,543
4a_duration_estimator,4a_duration_estimator__d1920__w6,7,566
4a_duration_estimator,4a_duration_estimator__d1920__w6,8,737
4a_duration_estimator,4a_duration_estimator__d1920__w6,9,807
4a_duration_estimator,4a_duration_estimator__d1920__w6,10,781
4a_duration_estimator,4a_duration_estimator__d1920__w6,11,872
4a_duration_estimator,4a_duration_estimator__d1920__w6,12,1109
4a_duration_estimator,4a_duration_estimator__d1920__w6,13,1120
4a_duration_estimator,4a_duration_estimator__d1920__w6,14,1316
4a_duration_estimator,4a_duration_estimator__d1920__w6,15,1288
4a_duration_estimator,4a_duration_estimator__d1920__w6,16,1235
4a_duration_estimator,4a_duration_estimator__d1920__w6,17,1223
4a_duration_estimator,4a_duration_estimator__d1920__w6,18,1213
4a_duration_estimator,4a_duration_estimator__d1920__w6,19,1104
4a_duration_estimator,4a_duration_estimator__d1920__w6,20,1153
4a_duration_estimator,4a_duration_estimator__d1920__w6,21,1317
4a_duration_estimator,4a_duration_estimator__d1920__w6,22,1274
4a_duration_estimator,4a_duration_estimator__d1920__w6,23,1118
4a_duration_estimator,4a_duration_estimator__d1920__w6,24,924
4a_duration_estimator,4a_duration_estimator__d1920__w6,25,777
4a_duration_estimator,4a_duration_estimator__d1920__w6,26,702
4a_duration_estimator,4a_duration_estimator__d1920__w6,27,641
4a_duration_estimator,4a_duration_estimator__d1920__w6,28,610
4a_duration_estimator,4a_duration_estimator__d1920__w6,29,704
4a_duration_estimator,4a_duration_estimator__d1920__w6,30,706
4a_duration_estimator,4a_duration_estimator__d1920__w6,31,781
4a_duration_estimator,4a_duration_estimator__d1920__w6,32,845
4a_duration_estimator,4a_duration_estimator__d1920__w6,33,957
4a_duration_estimator,4a_duration_estimator__d1920__w6,34,894
4a_duration_estimator,4a_duration_estimator__d1920__w6,35,903
4a_duration_estimator,4a_duration_estimator__d1920__w6,36,1139
4a_duration_estimator,4a_duration_estimator__d1920__w6,37,1120
4a_duration_estimator,4a_duration_estimator__d1920__w6,38,1221
4a_duration_estimator,4a_duration_estimator__d1920__w6,39,1214
4a_duration_estimator,4a_duration_estimator__d1920__w6,40,1301
4a_duration_estimator,4a_duration_estimator__d1920__w6,41,1451
4a_duration_estimator,4a_duration_estimator__d1920__w6,42,1229
4a_duration_estimator,4a_duration_estimator__d1920__w6,43,1216
4a_duration_estimator,4a_duration_estimator__d1920__w6,44,1163
4a_duration_estimator,4a_duration_estimator__d1920__w6,45,1364
4a_duration_estimator,4a_duration_estimator__d1920__w6,46,1237
4a_duration_estimator,4a_duration_estimator__d1920__w6,47,1212
4a_duration_estimator,4a_duration_estimator__d1920__w6,48,1042
4a_duration_estimator,4a_duration_estimator__d1920__w6,49,801
4a_duration_estimator,4a_duration_estimator__d1920__w6,50,707
4a_duration_estimator,4a_duration_estimator__d1920__w6,51,689
4a_duration_estimator,4a_duration_estimator__d1920__w6,52,565
4a_duration_estimator,4a_duration_estimator__d1920__w6,53,690
4a_duration_estimator,4a_duration_estimator__d1920__w6,54,623
4a_duration_estimator,4a_duration_estimator__d1920__w6,55,741
4a_duration_estimator,4a_duration_estimator__d1920__w6,56,835
4a_duration_estimator,4a_duration_estimator__d1920__w6,57,918
4a_duration_estimator,4a_duration_estimator__d1920__w6,58,970
4a_duration_estimator,4a_duration_estimator__d1920__w6,59,905
4a_duration_estimator,4a_duration_estimator__d1920__w6,60,1093
4a_duration_estimator,4a_duration_estimator__d1920__w6,61,1149
4a_duration_estimator,4a_duration_estimator__d1920__w6,62,1199
4a_duration_estimator,4a_duration_estimator__d1920__w6,63,1287
4a_duration_estimator,4a_duration_estimator__d1920__w6,64,1427
4a_duration_estimator,4a_duration_estimator__d1920__w6,65,1340
4a_duration_estimator,4a_duration_estimator__d1920__w6,66,1219
4a_duration_estimator,4a_duration_estimator__d1920__w6,67,1123
4a_duration_estimator,4a_duration_estimator__d1920__w6,68,1226
4a_duration_estimator,4a_duration_estimator__d1920__w6,69,1189
4a_duration_estimator,4a_duration_estimator__d1920__w6,70,1256
4a_duration_estimator,4a_duration_estimator__d1920__w6,71,1155
4a_duration_estimator,4a_duration_estimator__d1920__w6,72,864
4a_duration_estimator,4a_duration_estimator__d1920__w6,73,775
4a_duration_estimator,4a_duration_estimator__d1920__w6,74,662
4a_duration_estimator,4a_duration_estimator__d1920__w6,75,587
4a_duration_estimator,4a_duration_estimator__d1920__w6,76,554
4a_duration_estimator,4a_duration_estimator__d1920__w6,77,595
4a_duration_estimator,4a_duration_estimator__d1920__w6,78,743
4a_duration_estimator,4a_duration_estimator__d1920__w6,79,708
4a_duration_estimator,4a_duration_estimator__d1920__w6,80,861
4a_duration_estimator,4a_duration_estimator__d1920__w6,81,925
4a_duration_estimator,4a_duration_estimator__d1920__w6,82,848
4a_duration_estimator,4a_duration_estimator__d1920__w6,83,882
4a_duration_estimator,4a_duration_estimator__d1920__w6,84,987
4a_duration_estimator,4a_duration_estimator__d1920__w6,85,1103
4a_duration_estimator,4a_duration_estimator__d1920__w6,86,1238
4a_duration_estimator,4a_duration_estimator__d1920__w6,87,1218
4a_duration_estimator,4a_duration_estimator__d1920__w6,88,1281
4a_duration_estimator,4a_duration_estimator__d1920__w6,89,1258
4a_duration_estimator,4a_duration_estimator__d1920__w6,90,1260
4a_duration_estimator,4a_duration_estimator__d1920__w6,91,1144
4a_duration_estimator,4a_duration_estimator__d1920__w6,92,1098
4a_duration_estimator,4a_duration_estimator__d1920__w6,93,1246
4a_duration_estimator,4a_duration_estimator__d1920__w6,94,1217
4a_duration_estimator,4a_duration_estimator__d1920__w6,95,1215
4a_duration_estimator,4a_duration_estimator__d1920__w6,96,854
4a_duration_estimator,4a_duration_estimator__d1920__w6,97,788
4a_duration_estimator,4a_duration_estimator__d1920__w6,98,649
4a_duration_estimator,4a_duration_estimator__d1920__w6,99,611
4a_duration_estimator,4a_duration_estimator__d1920__w6,100,537
4a_duration_estimator,4a_duration_estimator__d1920__w6,101,613
4a_duration_estimator,4a_duration_estimator__d1920__w6,102,651
4a_duration_estimator,4a_duration_estimator__d1920__w6,103,688
4a_duration_estimator,4a_duration_estimator__d1920__w6,104,796
4a_duration_estimator,4a_duration_estimator__d1920__w6,105,818
4a_duration_estimator,4a_duration_estimator__d1920__w6,106,859
4a_duration_estimator,4a_duration_estimator__d1920__w6,107,868
4a_duration_estimator,4a_duration_estimator__d1920__w6,108,1000
4a_duration_estimator,4a_duration_estimator__d1920__w6,109,1077
4a_duration_estimator,4a_duration_estimator__d1920__w6,110,1141
4a_duration_estimator,4a_duration_estimator__d1920__w6,111,1216
4a_duration_estimator,4a_duration_estimator__d1920__w6,112,1135
4a_duration_estimator,4a_duration_estimator__d1920__w6,113,1172
4a_duration_estimator,4a_duration_estimator__d1920__w6,114,1137
4a_duration_estimator,4a_duration_estimator__d1920__w6,115,1081
4a_duration_estimator,4a_duration_estimator__d1920__w6,116,1018
4a_duration_estimator,4a_duration_estimator__d1920__w6,117,1121
4a_duration_estimator,4a_duration_estimator__d1920__w6,118,1144
4a_duration_estimator,4a_duration_estimator__d1920__w6,119,906
4a_duration_estimator,4a_duration_estimator__d1920__w6,120,715
4a_duration_estimator,4a_duration_estimator__d1920__w6,121,555
4a_duration_estimator,4a_duration_estimator__d1920__w6,122,438
4a_duration_estimator,4a_duration_estimator__d1920__w6,123,418
4a_duration_estimator,4a_duration_estimator__d1920__w6,124,351
4a_duration_estimator,4a_duration_estimator__d1920__w6,125,326
4a_duration_estimator,4a_duration_estimator__d1920__w6,126,330
4a_duration_estimator,4a_duration_estimator__d1920__w6,127,356
4a_duration_estimator,4a_duration_estimator__d1920__w6,128,337
4a_duration_estimator,4a_duration_estimator__d1920__w6,129,377
4a_duration_estimator,4a_duration_estimator__d1920__w6,130,394
4a_duration_estimator,4a_duration_estimator__d1920__w6,131,473
4a_duration_estimator,4a_duration_estimator__d1920__w6,132,472
4a_duration_estimator,4a_duration_estimator__d1920__w6,133,434
4a_duration_estimator,4a_duration_estimator__d1920__w6,134,568
4a_duration_estimator,4a_duration_estimator__d1920__w6,135,619
4a_duration_estimator,4a_duration_estimator__d1920__w6,136,622
4a_duration_estimator,4a_duration_estimator__d1920__w6,137,653
4a_duration_estimator,4a_duration_estimator__d1920__w6,138,555
4a_duration_estimator,4a_duration_estimator__d1920__w6,139,602
4a_duration_estimator,4a_duration_estimator__d1920__w6,140,596
4a_duration_estimator,4a_duration_estimator__d1920__w6,141,608
4a_duration_estimator,4a_duration_estimator__d1920__w6,142,629
4a_duration_estimator,4a_duration_estimator__d1920__w6,143,549
4a_duration_estimator,4a_duration_estimator__d1920__w6,144,452
4a_duration_estimator,4a_duration_estimator__d1920__w6,145,355
4a_duration_estimator,4a_duration_estimator__d1920__w6,146,350
4a_duration_estimator,4a_duration_estimator__d1920__w6,147,332
4a_duration_estimator,4a_duration_estimator__d1920__w6,148,361
4a_duration_estimator,4a_duration_estimator__d1920__w6,149,345
4a_duration_estimator,4a_duration_estimator__d1920__w6,150,289
4a_duration_estimator,4a_duration_estimator__d1920__w6,151,368
4a_duration_estimator,4a_duration_estimator__d1920__w6,152,337
4a_duration_estimator,4a_duration_estimator__d1920__w6,153,409
4a_duration_estimator,4a_duration_estimator__d1920__w6,154,406
4a_duration_estimator,4a_duration_estimator__d1920__w6,155,381
4a_duration_estimator,4a_duration_estimator__d1920__w6,156,432
4a_duration_estimator,4a_duration_estimator__d1920__w6,157,507
4a_duration_estimator,4a_duration_estimator__d1920__w6,158,519
4a_duration_estimator,4a_duration_estimator__d1920__w6,159,616
4a_duration_estimator,4a_duration_estimator__d1920__w6,160,583
4a_duration_estimator,4a_duration_estimator__d1920__w6,161,552
4a_duration_estimator,4a_duration_estimator__d1920__w6,162,635
4a_duration_estimator,4a_duration_estimator__d1920__w6,163,627
4a_duration_estimator,4a_duration_estimator__d1920__w6,164,643
4a_duration_estimator,4a_duration_estimator__d1920__w6,165,703
4a_duration_estimator,4a_duration_estimator__d1920__w6,166,684
4a_duration_estimator,4a_duration_estimator__d1920__w6,167,589
4a_duration_estimator,4a_duration_estimator__d3840__w6,0,473
4a_duration_estimator,4a_duration_estimator__d3840__w6,1,446
4a_duration_estimator,4a_duration_estimator__d3840__w6,2,481
4a_duration_estimator,4a_duration_estimator__d3840__w6,3,437
4a_duration_estimator,4a_duration_estimator__d3840__w6,4,486
4a_duration_estimator,4a_duration_estimator__d3840__w6,5,530
4a_duration_estimator,4a_duration_estimator__d3840__w6,6,544
4a_duration_estimator,4a_duration_estimator__d3840__w6,7,569
4a_duration_estimator,4a_duration_estimator__d3840__w6,8,742
4a_duration_estimator,4a_duration_estimator__d3840__w6,9,817
4a_duration_estimator,4a_duration_estimator__d3840__w6,10,786
4a_duration_estimator,4a_duration_estimator__d3840__w6,11,875
4a_duration_estimator,4a_duration_estimator__d3840__w6,12,1080
4a_duration_estimator,4a_duration_estimator__d3840__w6,13,1120
4a_duration_estimator,4a_duration_estimator__d3840__w6,14,1316
4a_duration_estimator,4a_duration_estimator__d3840__w6,15,1294
4a_duration_estimator,4a_duration_estimator__d3840__w6,16,1238
4a_duration_estimator,4a_duration_estimator__d3840__w6,17,1233
4a_duration_estimator,4a_duration_estimator__d3840__w6,18,1220
4a_duration_estimator,4a_duration_estimator__d3840__w6,19,1111
4a_duration_estimator,4a_duration_estimator__d3840__w6,20,1161
4a_duration_estimator,4a_duration_estimator__d3840__w6,21,1324
4a_duration_estimator,4a_duration_estimator__d3840__w6,22,1278
4a_duration_estimator,4a_duration_estimator__d3840__w6,23,1110
4a_duration_estimator,4a_duration_estimator__d3840__w6,24,920
4a_duration_estimator,4a_duration_estimator__d3840__w6,25,775
4a_duration_estimator,4a_duration_estimator__d3840__w6,26,664
4a_duration_estimator,4a_duration_estimator__d3840__w6,27,641
4a_duration_estimator,4a_duration_estimator__d3840__w6,28,610
4a_duration_estimator,4a_duration_estimator__d3840__w6,29,706
4a_duration_estimator,4a_duration_estimator__d3840__w6,30,714
4a_duration_estimator,4a_duration_estimator__d3840__w6,31,792
4a_duration_estimator,4a_duration_estimator__d3840__w6,32,853
4a_duration_estimator,4a_duration_estimator__d3840__w6,33,970
4a_duration_estimator,4a_duration_estimator__d3840__w6,34,910
4a_duration_estimator,4a_duration_estimator__d3840__w6,35,908
4a_duration_estimator,4a_duration_estimator__d3840__w6,36,1076
4a_duration_estimator,4a_duration_estimator__d3840__w6,37,1120
4a_duration_estimator,4a_duration_estimator__d3840__w6,38,1221
4a_duration_estimator,4a_duration_estimator__d3840__w6,39,1225
4a_duration_estimator,4a_duration_estimator__d3840__w6,40,1306
4a_duration_estimator,4a_duration_estimator__d3840__w6,41,1457
4a_duration_estimator,4a_duration_estimator__d3840__w6,42,1236
4a_duration_estimator,4a_duration_estimator__d3840__w6,43,1222
4a_duration_estimator,4a_duration_estimator__d3840__w6,44,1168
4a_duration_estimator,4a_duration_estimator__d3840__w6,45,1357
4a_duration_estimator,4a_duration_estimator__d3840__w6,46,1238
4a_duration_estimator,4a_duration_estimator__d3840__w6,47,1203
4a_duration_estimator,4a_duration_estimator__d3840__w6,48,1044
4a_duration_estimator,4a_duration_estimator__d3840__w6,49,797
4a_duration_estimator,4a_duration_estimator__d3840__w6,50,684
4a_duration_estimator,4a_duration_estimator__d3840__w6,51,689
4a_duration_estimator,4a_duration_estimator__d3840__w6,52,566
4a_duration_estimator,4a_duration_estimator__d3840__w6,53,691
4a_duration_estimator,4a_duration_estimator__d3840__w6,54,624
4a_duration_estimator,4a_duration_estimator__d3840__w6,55,753
4a_duration_estimator,4a_duration_estimator__d3840__w6,56,843
4a_duration_estimator,4a_duration_estimator__d3840__w6,57,927
4a_duration_estimator,4a_duration_estimator__d3840__w6,58,974
4a_duration_estimator,4a_duration_estimator__d3840__w6,59,913
4a_duration_estimator,4a_duration_estimator__d3840__w6,60,1049
4a_duration_estimator,4a_duration_estimator__d3840__w6,61,1149
4a_duration_estimator,4a_duration_estimator__d3840__w6,62,1199
4a_duration_estimator,4a_duration_estimator__d3840__w6,63,1292
4a_duration_estimator,4a_duration_estimator__d3840__w6,64,1439
4a_duration_estimator,4a_duration_estimator__d3840__w6,65,1348
4a_duration_estimator,4a_duration_estimator__d3840__w6,66,1229
4a_duration_estimator,4a_duration_estimator__d3840__w6,67,1125
4a_duration_estimator,4a_duration_estimator__d3840__w6,68,1233
4a_duration_estimator,4a_duration_estimator__d3840__w6,69,1187
4a_duration_estimator,4a_duration_estimator__d3840__w6,70,1253
4a_duration_estimator,4a_duration_estimator__d3840__w6,71,1152
4a_duration_estimator,4a_duration_estimator__d3840__w6,72,854
4a_duration_estimator,4a_duration_estimator__d3840__w6,73,773
4a_duration_estimator,4a_duration_estimator__d3840__w6,74,638
4a_duration_estimator,4a_duration_estimator__d3840__w6,75,587
4a_duration_estimator,4a_duration_estimator__d3840__w6,76,554
4a_duration_estimator,4a_duration_estimator__d3840__w6,77,595
4a_duration_estimator,4a_duration_estimator__d3840__w6,78,751
4a_duration_estimator,4a_duration_estimator__d3840__w6,79,715
4a_duration_estimator,4a_duration_estimator__d3840__w6,80,869
4a_duration_estimator,4a_duration_estimator__d3840__w6,81,933
4a_duration_estimator,4a_duration_estimator__d3840__w6,82,855
4a_duration_estimator,4a_duration_estimator__d3840__w6,83,890
4a_duration_estimator,4a_duration_estimator__d3840__w6,84,941
4a_duration_estimator,4a_duration_estimator__d3840__w6,85,1103
4a_duration_estimator,4a_duration_estimator__d3840__w6,86,1238
4a_duration_estimator,4a_duration_estimator__d3840__w6,87,1221
4a_duration_estimator,4a_duration_estimator__d3840__w6,88,1285
4a_duration_estimator,4a_duration_estimator__d3840__w6,89,1265
4a_duration_estimator,4a_duration_estimator__d3840__w6,90,1263
4a_duration_estimator,4a_duration_estimator__d3840__w6,91,1148
4a_duration_estimator,4a_duration_estimator__d3840__w6,92,1100
4a_duration_estimator,4a_duration_estimator__d3840__w6,93,1247
4a_duration_estimator,4a_duration_estimator__d3840__w6,94,1219
4a_duration_estimator,4a_duration_estimator__d3840__w6,95,1206
4a_duration_estimator,4a_duration_estimator__d3840__w6,96,859
4a_duration_estimator,4a_duration_estimator__d3840__w6,97,784
4a_duration_estimator,4a_duration_estimator__d3840__w6,98,631
4a_duration_estimator,4a_duration_estimator__d3840__w6,99,611
4a_duration_estimator,4a_duration_estimator__d3840__w6,100,539
4a_duration_estimator,4a_duration_estimator__d3840__w6,101,617
4a_duration_estimator,4a_duration_estimator__d3840__w6,102,657
4a_duration_estimator,4a_duration_estimator__d3840__w6,103,697
4a_duration_estimator,4a_duration_estimator__d3840__w6,104,803
4a_duration_estimator,4a_duration_estimator__d3840__w6,105,822
4a_duration_estimator,4a_duration_estimator__d3840__w6,106,859
4a_duration_estimator,4a_duration_estimator__d3840__w6,107,877
4a_duration_estimator,4a_duration_estimator__d3840__w6,108,959
4a_duration_estimator,4a_duration_estimator__d3840__w6,109,1077
4a_duration_estimator,4a_duration_estimator__d3840__w6,110,1141
4a_duration_estimator,4a_duration_estimator__d3840__w6,111,1216
4a_duration_estimator,4a_duration_estimator__d3840__w6,112,1139
4a_duration_estimator,4a_duration_estimator__d3840__w6,113,1175
4a_duration_estimator,4a_duration_estimator__d3840__w6,114,1138
4a_duration_estimator,4a_duration_estimator__d3840__w6,115,1087
4a_duration_estimator,4a_duration_estimator__d3840__w6,116,1024
4a_duration_estimator,4a_duration_estimator__d3840__w6,117,1124
4a_duration_estimator,4a_duration_estimator__d3840__w6,118,1144
4a_duration_estimator,4a_duration_estimator__d3840__w6,119,905
4a_duration_estimator,4a_duration_estimator__d3840__w6,120,717
4a_duration_estimator,4a_duration_estimator__d3840__w6,121,551
4a_duration_estimator,4a_duration_estimator__d3840__w6,122,432
4a_duration_estimator,4a_duration_estimator__d3840__w6,123,404
4a_duration_estimator,4a_duration_estimator__d3840__w6,124,351
4a_duration_estimator,4a_duration_estimator__d3840__w6,125,326
4a_duration_estimator,4a_duration_estimator__d3840__w6,126,331
4a_duration_estimator,4a_duration_estimator__d3840__w6,127,356
4a_duration_estimator,4a_duration_estimator__d3840__w6,128,337
4a_duration_estimator,4a_duration_estimator__d3840__w6,129,377
4a_duration_estimator,4a_duration_estimator__d3840__w6,130,394
4a_duration_estimator,4a_duration_estimator__d3840__w6,131,473
4a_duration_estimator,4a_duration_estimator__d3840__w6,132,471
4a_duration_estimator,4a_duration_estimator__d3840__w6,133,434
4a_duration_estimator,4a_duration_estimator__d3840__w6,134,568
4a_duration_estimator,4a_duration_estimator__d3840__w6,135,619
4a_duration_estimator,4a_duration_estimator__d3840__w6,136,622
4a_duration_estimator,4a_duration_estimator__d3840__w6,137,653
4a_duration_estimator,4a_duration_estimator__d3840__w6,138,555
4a_duration_estimator,4a_duration_estimator__d3840__w6,139,602
4a_duration_estimator,4a_duration_estimator__d3840__w6,140,596
4a_duration_estimator,4a_duration_estimator__d3840__w6,141,608
4a_duration_estimator,4a_duration_estimator__d3840__w6,142,629
4a_duration_estimator,4a_duration_estimator__d3840__w6,143,549
4a_duration_estimator,4a_duration_estimator__d3840__w6,144,452
4a_duration_estimator,4a_duration_estimator__d3840__w6,145,356
4a_duration_estimator,4a_duration_estimator__d3840__w6,146,350
4a_duration_estimator,4a_duration_estimator__d3840__w6,147,332
4a_duration_estimator,4a_duration_estimator__d3840__w6,148,361
4a_duration_estimator,4a_duration_estimator__d3840__w6,149,346
4a_duration_estimator,4a_duration_estimator__d3840__w6,150,289
4a_duration_estimator,4a_duration_estimator__d3840__w6,151,369
4a_duration_estimator,4a_duration_estimator__d3840__w6,152,337
4a_duration_estimator,4a_duration_estimator__d3840__w6,153,408
4a_duration_estimator,4a_duration_estimator__d3840__w6,154,407
4a_duration_estimator,4a_duration_estimator__d3840__w6,155,378
4a_duration_estimator,4a_duration_estimator__d3840__w6,156,432
4a_duration_estimator,4a_duration_estimator__d3840__w6,157,507
4a_duration_estimator,4a_duration_estimator__d3840__w6,158,519
4a_duration_estimator,4a_duration_estimator__d3840__w6,159,616
4a_duration_estimator,4a_duration_estimator__d3840__w6,160,583
4a_duration_estimator,4a_duration_estimator__d3840__w6,161,553
4a_duration_estimator,4a_duration_estimator__d3840__w6,162,636
4a_duration_estimator,4a_duration_estimator__d3840__w6,163,628
4a_duration_estimator,4a_duration_estimator__d3840__w6,164,644
4a_duration_estimator,4a_duration_estimator__d3840__w6,165,703
4a_duration_estimator,4a_duration_estimator__d3840__w6,166,687
4a_duration_estimator,4a_duration_estimator__d3840__w6,167,587
4a_duration_estimator,4a_duration_estimator__d7680__w6,0,473
4a_duration_estimator,4a_duration_estimator__d7680__w6,1,446
4a_duration_estimator,4a_duration_estimator__d7680__w6,2,481
4a_duration_estimator,4a_duration_estimator__d7680__w6,3,437
4a_duration_estimator,4a_duration_estimator__d7680__w6,4,486
4a_duration_estimator,4a_duration_estimator__d7680__w6,5,530
4a_duration_estimator,4a_duration_estimator__d7680__w6,6,544
4a_duration_estimator,4a_duration_estimator__d7680__w6,7,569
4a_duration_estimator,4a_duration_estimator__d7680__w6,8,742
4a_duration_estimator,4a_duration_estimator__d7680__w6,9,817
4a_duration_estimator,4a_duration_estimator__d7680__w6,10,786
4a_duration_estimator,4a_duration_estimator__d7680__w6,11,875
4a_duration_estimator,4a_duration_estimator__d7680__w6,12,1080
4a_duration_estimator,4a_duration_estimator__d7680__w6,13,1120
4a_duration_estimator,4a_duration_estimator__d7680__w6,14,1316
4a_duration_estimator,4a_duration_estimator__d7680__w6,15,1294
4a_duration_estimator,4a_duration_estimator__d7680__w6,16,1238
4a_duration_estimator,4a_duration_estimator__d7680__w6,17,1233
4a_duration_estimator,4a_duration_estimator__d7680__w6,18,1220
4a_duration_estimator,4a_duration_estimator__d7680__w6,19,1111
4a_duration_estimator,4a_duration_estimator__d7680__w6,20,1161
4a_duration_estimator,4a_duration_estimator__d7680__w6,21,1325
4a_duration_estimator,4a_duration_estimator__d7680__w6,22,1278
4a_duration_estimator,4a_duration_estimator__d7680__w6,23,1110
4a_duration_estimator,4a_duration_estimator__d7680__w6,24,920
4a_duration_estimator,4a_duration_estimator__d7680__w6,25,775
4a_duration_estimator,4a_duration_estimator__d7680__w6,26,663
4a_duration_estimator,4a_duration_estimator__d7680__w6,27,641
4a_duration_estimator,4a_duration_estimator__d7680__w6,28,610
4a_duration_estimator,4a_duration_estimator__d7680__w6,29,706
4a_duration_estimator,4a_duration_estimator__d7680__w6,30,714
4a_duration_estimator,4a_duration_estimator__d7680__w6,31,792
4a_duration_estimator,4a_duration_estimator__d7680__w6,32,853
4a_duration_estimator,4a_duration_estimator__d7680__w6,33,970
4a_duration_estimator,4a_duration_estimator__d7680__w6,34,910
4a_duration_estimator,4a_duration_estimator__d7680__w6,35,908
4a_duration_estimator,4a_duration_estimator__d7680__w6,36,1076
4a_duration_estimator,4a_duration_estimator__d7680__w6,37,1120
4a_duration_estimator,4a_duration_estimator__d7680__w6,38,1221
4a_duration_estimator,4a_duration_estimator__d7680__w6,39,1225
4a_duration_estimator,4a_duration_estimator__d7680__w6,40,1306
4a_duration_estimator,4a_duration_estimator__d7680__w6,41,1457
4a_duration_estimator,4a_duration_estimator__d7680__w6,42,1236
4a_duration_estimator,4a_duration_estimator__d7680__w6,43,1222
4a_duration_estimator,4a_duration_estimator__d7680__w6,44,1168
4a_duration_estimator,4a_duration_estimator__d7680__w6,45,1357
4a_duration_estimator,4a_duration_estimator__d7680__w6,46,1238
4a_duration_estimator,4a_duration_estimator__d7680__w6,47,1203
4a_duration_estimator,4a_duration_estimator__d7680__w6,48,1044
4a_duration_estimator,4a_duration_estimator__d7680__w6,49,797
4a_duration_estimator,4a_duration_estimator__d7680__w6,50,684
4a_duration_estimator,4a_duration_estimator__d7680__w6,51,689
4a_duration_estimator,4a_duration_estimator__d7680__w6,52,566
4a_duration_estimator,4a_duration_estimator__d7680__w6,53,691
4a_duration_estimator,4a_duration_estimator__d7680__w6,54,624
4a_duration_estimator,4a_duration_estimator__d7680__w6,55,753
4a_duration_estimator,4a_duration_estimator__d7680__w6,56,843
4a_duration_estimator,4a_duration_estimator__d7680__w6,57,927
4a_duration_estimator,4a_duration_estimator__d7680__w6,58,974
4a_duration_estimator,4a_duration_estimator__d7680__w6,59,913
4a_duration_estimator,4a_duration_estimator__d7680__w6,60,1049
4a_duration_estimator,4a_duration_estimator__d7680__w6,61,1149
4a_duration_estimator,4a_duration_estimator__d7680__w6,62,1199
4a_duration_estimator,4a_duration_estimator__d7680__w6,63,1292
4a_duration_estimator,4a_duration_estimator__d7680__w6,64,1439
4a_duration_estimator,4a_duration_estimator__d7680__w6,65,1348
4a_duration_estimator,4a_duration_estimator__d7680__w6,66,1229
4a_duration_estimator,4a_duration_estimator__d7680__w6,67,1125
4a_duration_estimator,4a_duration_estimator__d7680__w6,68,1233
4a_duration_estimator,4a_duration_estimator__d7680__w6,69,1187
4a_duration_estimator,4a_duration_estimator__d7680__w6,70,1253
4a_duration_estimator,4a_duration_estimator__d7680__w6,71,1152
4a_duration_estimator,4a_duration_estimator__d7680__w6,72,854
4a_duration_estimator,4a_duration_estimator__d7680__w6,73,773
4a_duration_estimator,4a_duration_estimator__d7680__w6,74,638
4a_duration_estimator,4a_duration_estimator__d7680__w6,75,587
4a_duration_estimator,4a_duration_estimator__d7680__w6,76,554
4a_duration_estimator,4a_duration_estimator__d7680__w6,77,595
4a_duration_estimator,4a_duration_estimator__d7680__w6,78,751
4a_duration_estimator,4a_duration_estimator__d7680__w6,79,715
4a_duration_estimator,4a_duration_estimator__d7680__w6,80,869
4a_duration_estimator,4a_duration_estimator__d7680__w6,81,933
4a_duration_estimator,4a_duration_estimator__d7680__w6,82,855
4a_duration_estimator,4a_duration_estimator__d7680__w6,83,890
4a_duration_estimator,4a_duration_estimator__d7680__w6,84,941
4a_duration_estimator,4a_duration_estimator__d7680__w6,85,1103
4a_duration_estimator,4a_duration_estimator__d7680__w6,86,1238
4a_duration_estimator,4a_duration_estimator__d7680__w6,87,1221
4a_duration_estimator,4a_duration_estimator__d7680__w6,88,1285
4a_duration_estimator,4a_duration_estimator__d7680__w6,89,1265
4a_duration_estimator,4a_duration_estimator__d7680__w6,90,1263
4a_duration_estimator,4a_duration_estimator__d7680__w6,91,1148
4a_duration_estimator,4a_duration_estimator__d7680__w6,92,1100
4a_duration_estimator,4a_duration_estimator__d7680__w6,93,1247
4a_duration_estimator,4a_duration_estimator__d7680__w6,94,1219
4a_duration_estimator,4a_duration_estimator__d7680__w6,95,1206
4a_duration_estimator,4a_duration_estimator__d7680__w6,96,859
4a_duration_estimator,4a_duration_estimator__d7680__w6,97,784
4a_duration_estimator,4a_duration_estimator__d7680__w6,98,631
4a_duration_estimator,4a_duration_estimator__d7680__w6,99,611
4a_duration_estimator,4a_duration_estimator__d7680__w6,100,539
4a_duration_estimator,4a_duration_estimator__d7680__w6,101,617
4a_duration_estimator,4a_duration_estimator__d7680__w6,102,657
4a_duration_estimator,4a_duration_estimator__d7680__w6,103,697
4a_duration_estimator,4a_duration_estimator__d7680__w6,104,803
4a_duration_estimator,4a_duration_estimator__d7680__w6,105,822
4a_duration_estimator,4a_duration_estimator__d7680__w6,106,859
4a_duration_estimator,4a_duration_estimator__d7680__w6,107,877
4a_duration_estimator,4a_duration_estimator__d7680__w6,108,959
4a_duration_estimator,4a_duration_estimator__d7680__w6,109,1077
4a_duration_estimator,4a_duration_estimator__d7680__w6,110,1141
4a_duration_estimator,4a_duration_estimator__d7680__w6,111,1216
4a_duration_estimator,4a_duration_estimator__d7680__w6,112,1139
4a_duration_estimator,4a_duration_estimator__d7680__w6,113,1175
4a_duration_estimator,4a_duration_estimator__d7680__w6,114,1138
4a_duration_estimator,4a_duration_estimator__d7680__w6,115,1087
4a_duration_estimator,4a_duration_estimator__d7680__w6,116,1026
4a_duration_estimator,4a_duration_estimator__d7680__w6,117,1124
4a_duration_estimator,4a_duration_estimator__d7680__w6,118,1144
4a_duration_estimator,4a_duration_estimator__d7680__w6,119,905
4a_duration_estimator,4a_duration_estimator__d7680__w6,120,717
4a_duration_estimator,4a_duration_estimator__d7680__w6,121,551
4a_duration_estimator,4a_duration_estimator__d7680__w6,122,430
4a_duration_estimator,4a_duration_estimator__d7680__w6,123,404
4a_duration_estimator,4a_duration_estimator__d7680__w6,124,351
4a_duration_estimator,4a_duration_estimator__d7680__w6,125,326
4a_duration_estimator,4a_duration_estimator__d7680__w6,126,331
4a_duration_estimator,4a_duration_estimator__d7680__w6,127,356
4a_duration_estimator,4a_duration_estimator__d7680__w6,128,337
4a_duration_estimator,4a_duration_estimator__d7680__w6,129,377
4a_duration_estimator,4a_duration_estimator__d7680__w6,130,394
4a_duration_estimator,4a_duration_estimator__d7680__w6,131,473
4a_duration_estimator,4a_duration_estimator__d7680__w6,132,471
4a_duration_estimator,4a_duration_estimator__d7680__w6,133,434
4a_duration_estimator,4a_duration_estimator__d7680__w6,134,568
4a_duration_estimator,4a_duration_estimator__d7680__w6,135,619
4a_duration_estimator,4a_duration_estimator__d7680__w6,136,622
4a_duration_estimator,4a_duration_estimator__d7680__w6,137,653
4a_duration_estimator,4a_duration_estimator__d7680__w6,138,555
4a_duration_estimator,4a_duration_estimator__d7680__w6,139,602
4a_duration_estimator,4a_duration_estimator__d7680__w6,140,596
4a_duration_estimator,4a_duration_estimator__d7680__w6,141,608
4a_duration_estimator,4a_duration_estimator__d7680__w6,142,629
4a_duration_estimator,4a_duration_estimator__d7680__w6,143,549
4a_duration_estimator,4a_duration_estimator__d7680__w6,144,452
4a_duration_estimator,4a_duration_estimator__d7680__w6,145,356
4a_duration_estimator,4a_duration_estimator__d7680__w6,146,350
4a_duration_estimator,4a_duration_estimator__d7680__w6,147,332
4a_duration_estimator,4a_duration_estimator__d7680__w6,148,361
4a_duration_estimator,4a_duration_estimator__d7680__w6,149,346
4a_duration_estimator,4a_duration_estimator__d7680__w6,150,289
4a_duration_estimator,4a_duration_estimator__d7680__w6,151,369
4a_duration_estimator,4a_duration_estimator__d7680__w6,152,337
4a_duration_estimator,4a_duration_estimator__d7680__w6,153,408
4a_duration_estimator,4a_duration_estimator__d7680__w6,154,407
4a_duration_estimator,4a_duration_estimator__d7680__w6,155,378
4a_duration_estimator,4a_duration_estimator__d7680__w6,156,432
4a_duration_estimator,4a_duration_estimator__d7680__w6,157,507
4a_duration_estimator,4a_duration_estimator__d7680__w6,158,519
4a_duration_estimator,4a_duration_estimator__d7680__w6,159,616
4a_duration_estimator,4a_duration_estimator__d7680__w6,160,583
4a_duration_estimator,4a_duration_estimator__d7680__w6,161,553
4a_duration_estimator,4a_duration_estimator__d7680__w6,162,636
4a_duration_estimator,4a_duration_estimator__d7680__w6,163,628
4a_duration_estimator,4a_duration_estimator__d7680__w6,164,644
4a_duration_estimator,4a_duration_estimator__d7680__w6,165,703
4a_duration_estimator,4a_duration_estimator__d7680__w6,166,687
4a_duration_estimator,4a_duration_estimator__d7680__w6,167,587
4a_duration_estimator,4a_duration_estimator__d15360__w6,0,473
4a_duration_estimator,4a_duration_estimator__d15360__w6,1,446
4a_duration_estimator,4a_duration_estimator__d15360__w6,2,481
4a_duration_estimator,4a_duration_estimator__d15360__w6,3,437
4a_duration_estimator,4a_duration_estimator__d15360__w6,4,486
4a_duration_estimator,4a_duration_estimator__d15360__w6,5,530
4a_duration_estimator,4a_duration_estimator__d15360__w6,6,544
4a_duration_estimator,4a_duration_estimator__d15360__w6,7,569
4a_duration_estimator,4a_duration_estimator__d15360__w6,8,742
4a_duration_estimator,4a_duration_estimator__d15360__w6,9,817
4a_duration_estimator,4a_duration_estimator__d15360__w6,10,786
4a_duration_estimator,4a_duration_estimator__d15360__w6,11,875
4a_duration_estimator,4a_duration_estimator__d15360__w6,12,1080
4a_duration_estimator,4a_duration_estimator__d15360__w6,13,1120
4a_duration_estimator,4a_duration_estimator__d15360__w6,14,1316
4a_duration_estimator,4a_duration_estimator__d15360__w6,15,1294
4a_duration_estimator,4a_duration_estimator__d15360__w6,16,1238
4a_duration_estimator,4a_duration_estimator__d15360__w6,17,1233
4a_duration_estimator,4a_duration_estimator__d15360__w6,18,1220
4a_duration_estimator,4a_duration_estimator__d15360__w6,19,1111
4a_duration_estimator,4a_duration_estimator__d15360__w6,20,1161
4a_duration_estimator,4a_duration_estimator__d15360__w6,21,1325
4a_duration_estimator,4a_duration_estimator__d15360__w6,22,1278
4a_duration_estimator,4a_duration_estimator__d15360__w6,23,1110
4a_duration_estimator,4a_duration_estimator__d15360__w6,24,920
4a_duration_estimator,4a_duration_estimator__d15360__w6,25,775
4a_duration_estimator,4a_duration_estimator__d15360__w6,26,663
4a_duration_estimator,4a_duration_estimator__d15360__w6,27,641
4a_duration_estimator,4a_duration_estimator__d15360__w6,28,610
4a_duration_estimator,4a_duration_estimator__d15360__w6,29,706
4a_duration_estimator,4a_duration_estimator__d15360__w6,30,714
4a_duration_estimator,4a_duration_estimator__d15360__w6,31,792
4a_duration_estimator,4a_duration_estimator__d15360__w6,32,853
4a_duration_estimator,4a_duration_estimator__d15360__w6,33,970
4a_duration_estimator,4a_duration_estimator__d15360__w6,34,910
4a_duration_estimator,4a_duration_estimator__d15360__w6,35,908
4a_duration_estimator,4a_duration_estimator__d15360__w6,36,1076
4a_duration_estimator,4a_duration_estimator__d15360__w6,37,1120
4a_duration_estimator,4a_duration_estimator__d15360__w6,38,1221
4a_duration_estimator,4a_duration_estimator__d15360__w6,39,1225
4a_duration_estimator,4a_duration_estimator__d15360__w6,40,1306
4a_duration_estimator,4a_duration_estimator__d15360__w6,41,1457
4a_duration_estimator,4a_duration_estimator__d15360__w6,42,1236
4a_duration_estimator,4a_duration_estimator__d15360__w6,43,1222
4a_duration_estimator,4a_duration_estimator__d15360__w6,44,1168
4a_duration_estimator,4a_duration_estimator__d15360__w6,45,1357
4a_duration_estimator,4a_duration_estimator__d15360__w6,46,1238
4a_duration_estimator,4a_duration_estimator__d15360__w6,47,1203
4a_duration_estimator,4a_duration_estimator__d15360__w6,48,1044
4a_duration_estimator,4a_duration_estimator__d15360__w6,49,797
4a_duration_estimator,4a_duration_estimator__d15360__w6,50,684
4a_duration_estimator,4a_duration_estimator__d15360__w6,51,689
4a_duration_estimator,4a_duration_estimator__d15360__w6,52,566
4a_duration_estimator,4a_duration_estimator__d15360__w6,53,691
4a_duration_estimator,4a_duration_estimator__d15360__w6,54,624
4a_duration_estimator,4a_duration_estimator__d15360__w6,55,753
4a_duration_estimator,4a_duration_estimator__d15360__w6,56,843
4a_duration_estimator,4a_duration_estimator__d15360__w6,57,927
4a_duration_estimator,4a_duration_estimator__d15360__w6,58,974
4a_duration_estimator,4a_duration_estimator__d15360__w6,59,913
4a_duration_estimator,4a_duration_estimator__d15360__w6,60,1049
4a_duration_estimator,4a_duration_estimator__d15360__w6,61,1149
4a_duration_estimator,4a_duration_estimator__d15360__w6,62,1199
4a_duration_estimator,4a_duration_estimator__d15360__w6,63,1292
4a_duration_estimator,4a_duration_estimator__d15360__w6,64,1439
4a_duration_estimator,4a_duration_estimator__d15360__w6,65,1348
4a_duration_estimator,4a_duration_estimator__d15360__w6,66,1229
4a_duration_estimator,4a_duration_estimator__d15360__w6,67,1125
4a_duration_estimator,4a_duration_estimator__d15360__w6,68,1233
4a_duration_estimator,4a_duration_estimator__d15360__w6,69,1187
4a_duration_estimator,4a_duration_estimator__d15360__w6,70,1253
4a_duration_estimator,4a_duration_estimator__d15360__w6,71,1152
4a_duration_estimator,4a_duration_estimator__d15360__w6,72,854
4a_duration_estimator,4a_duration_estimator__d15360__w6,73,773
4a_duration_estimator,4a_duration_estimator__d15360__w6,74,638
4a_duration_estimator,4a_duration_estimator__d15360__w6,75,587
4a_duration_estimator,4a_duration_estimator__d15360__w6,76,554
4a_duration_estimator,4a_duration_estimator__d15360__w6,77,595
4a_duration_estimator,4a_duration_estimator__d15360__w6,78,751
4a_duration_estimator,4a_duration_estimator__d15360__w6,79,715
4a_duration_estimator,4a_duration_estimator__d15360__w6,80,869
4a_duration_estimator,4a_duration_estimator__d15360__w6,81,933
4a_duration_estimator,4a_duration_estimator__d15360__w6,82,855
4a_duration_estimator,4a_duration_estimator__d15360__w6,83,890
4a_duration_estimator,4a_duration_estimator__d15360__w6,84,941
4a_duration_estimator,4a_duration_estimator__d15360__w6,85,1103
4a_duration_estimator,4a_duration_estimator__d15360__w6,86,1238
4a_duration_estimator,4a_duration_estimator__d15360__w6,87,1221
4a_duration_estimator,4a_duration_estimator__d15360__w6,88,1285
4a_duration_estimator,4a_duration_estimator__d15360__w6,89,1265
4a_duration_estimator,4a_duration_estimator__d15360__w6,90,1263
4a_duration_estimator,4a_duration_estimator__d15360__w6,91,1148
4a_duration_estimator,4a_duration_estimator__d15360__w6,92,1100
4a_duration_estimator,4a_duration_estimator__d15360__w6,93,1247
4a_duration_estimator,4a_duration_estimator__d15360__w6,94,1219
4a_duration_estimator,4a_duration_estimator__d15360__w6,95,1206
4a_duration_estimator,4a_duration_estimator__d15360__w6,96,859
4a_duration_estimator,4a_duration_estimator__d15360__w6,97,784
4a_duration_estimator,4a_duration_estimator__d15360__w6,98,631
4a_duration_estimator,4a_duration_estimator__d15360__w6,99,611
4a_duration_estimator,4a_duration_estimator__d15360__w6,100,539
4a_duration_estimator,4a_duration_estimator__d15360__w6,101,617
4a_duration_estimator,4a_duration_estimator__d15360__w6,102,657
4a_duration_estimator,4a_duration_estimator__d15360__w6,103,697
4a_duration_estimator,4a_duration_estimator__d15360__w6,104,803
4a_duration_estimator,4a_duration_estimator__d15360__w6,105,822
4a_duration_estimator,4a_duration_estimator__d15360__w6,106,859
4a_duration_estimator,4a_duration_estimator__d15360__w6,107,877
4a_duration_estimator,4a_duration_estimator__d15360__w6,108,959
4a_duration_estimator,4a_duration_estimator__d15360__w6,109,1077
4a_duration_estimator,4a_duration_estimator__d15360__w6,110,1141
4a_duration_estimator,4a_duration_estimator__d15360__w6,111,1216
4a_duration_estimator,4a_duration_estimator__d15360__w6,112,1139
4a_duration_estimator,4a_duration_estimator__d15360__w6,113,1175
4a_duration_estimator,4a_duration_estimator__d15360__w6,114,1138
4a_duration_estimator,4a_duration_estimator__d15360__w6,115,1087
4a_duration_estimator,4a_duration_estimator__d15360__w6,116,1026
4a_duration_estimator,4a_duration_estimator__d15360__w6,117,1124
4a_duration_estimator,4a_duration_estimator__d15360__w6,118,1144
4a_duration_estimator,4a_duration_estimator__d15360__w6,119,905
4a_duration_estimator,4a_duration_estimator__d15360__w6,120,717
4a_duration_estimator,4a_duration_estimator__d15360__w6,121,551
4a_duration_estimator,4a_duration_estimator__d15360__w6,122,430
4a_duration_estimator,4a_duration_estimator__d15360__w6,123,404
4a_duration_estimator,4a_duration_estimator__d15360__w6,124,351
4a_duration_estimator,4a_duration_estimator__d15360__w6,125,326
4a_duration_estimator,4a_duration_estimator__d15360__w6,126,331
4a_duration_estimator,4a_duration_estimator__d15360__w6,127,356
4a_duration_estimator,4a_duration_estimator__d15360__w6,128,337
4a_duration_estimator,4a_duration_estimator__d15360__w6,129,377
4a_duration_estimator,4a_duration_estimator__d15360__w6,130,394
4a_duration_estimator,4a_duration_estimator__d15360__w6,131,473
4a_duration_estimator,4a_duration_estimator__d15360__w6,132,471
4a_duration_estimator,4a_duration_estimator__d15360__w6,133,434
4a_duration_estimator,4a_duration_estimator__d15360__w6,134,568
4a_duration_estimator,4a_duration_estimator__d15360__w6,135,619
4a_duration_estimator,4a_duration_estimator__d15360__w6,136,622
4a_duration_estimator,4a_duration_estimator__d15360__w6,137,653
4a_duration_estimator,4a_duration_estimator__d15360__w6,138,555
4a_duration_estimator,4a_duration_estimator__d15360__w6,139,602
4a_duration_estimator,4a_duration_estimator__d15360__w6,140,596
4a_duration_estimator,4a_duration_estimator__d15360__w6,141,608
4a_duration_estimator,4a_duration_estimator__d15360__w6,142,629
4a_duration_estimator,4a_duration_estimator__d15360__w6,143,549
4a_duration_estimator,4a_duration_estimator__d15360__w6,144,452
4a_duration_estimator,4a_duration_estimator__d15360__w6,145,356
4a_duration_estimator,4a_duration_estimator__d15360__w6,146,350
4a_duration_estimator,4a_duration_estimator__d15360__w6,147,332
4a_duration_estimator,4a_duration_estimator__d15360__w6,148,361
4a_duration_estimator,4a_duration_estimator__d15360__w6,149,346
4a_duration_estimator,4a_duration_estimator__d15360__w6,150,289
4a_duration_estimator,4a_duration_estimator__d15360__w6,151,369
4a_duration_estimator,4a_duration_estimator__d15360__w6,152,337
4a_duration_estimator,4a_duration_estimator__d15360__w6,153,408
4a_duration_estimator,4a_duration_estimator__d15360__w6,154,407
4a_duration_estimator,4a_duration_estimator__d15360__w6,155,378
4a_duration_estimator,4a_duration_estimator__d15360__w6,156,432
4a_duration_estimator,4a_duration_estimator__d15360__w6,157,507
4a_duration_estimator,4a_duration_estimator__d15360__w6,158,519
4a_duration_estimator,4a_duration_estimator__d15360__w6,159,616
4a_duration_estimator,4a_duration_estimator__d15360__w6,160,583
4a_duration_estimator,4a_duration_estimator__d15360__w6,161,553
4a_duration_estimator,4a_duration_estimator__d15360__w6,162,636
4a_duration_estimator,4a_duration_estimator__d15360__w6,163,628
4a_duration_estimator,4a_duration_estimator__d15360__w6,164,644
4a_duration_estimator,4a_duration_estimator__d15360__w6,165,703
4a_duration_estimator,4a_duration_estimator__d15360__w6,166,687
4a_duration_estimator,4a_duration_estimator__d15360__w6,167,587
4a_duration_estimator,4a_duration_estimator__d0__w12,0,395
4a_duration_estimator,4a_duration_estimator__d0__w12,1,1529
4a_duration_estimator,4a_duration_estimator__d0__w12,2,481
4a_duration_estimator,4a_duration_estimator__d0__w12,3,437
4a_duration_estimator,4a_duration_estimator__d0__w12,4,486
4a_duration_estimator,4a_duration_estimator__d0__w12,5,434
4a_duration_estimator,4a_duration_estimator__d0__w12,6,434
4a_duration_estimator,4a_duration_estimator__d0__w12,7,456
4a_duration_estimator,4a_duration_estimator__d0__w12,8,610
4a_duration_estimator,4a_duration_estimator__d0__w12,9,629
4a_duration_estimator,4a_duration_estimator__d0__w12,10,593
4a_duration_estimator,4a_duration_estimator__d0__w12,11,686
4a_duration_estimator,4a_duration_estimator__d0__w12,12,1508
4a_duration_estimator,4a_duration_estimator__d0__w12,13,880
4a_duration_estimator,4a_duration_estimator__d0__w12,14,1060
4a_duration_estimator,4a_duration_estimator__d0__w12,15,1034
4a_duration_estimator,4a_duration_estimator__d0__w12,16,993
4a_duration_estimator,4a_duration_estimator__d0__w12,17,953
4a_duration_estimator,4a_duration_estimator__d0__w12,18,975
4a_duration_estimator,4a_duration_estimator__d0__w12,19,888
4a_duration_estimator,4a_duration_estimator__d0__w12,20,918
4a_duration_estimator,4a_duration_estimator__d0__w12,21,1047
4a_duration_estimator,4a_duration_estimator__d0__w12,22,1188
4a_duration_estimator,4a_duration_estimator__d0__w12,23,1070
4a_duration_estimator,4a_duration_estimator__d0__w12,24,937
4a_duration_estimator,4a_duration_estimator__d0__w12,25,870
4a_duration_estimator,4a_duration_estimator__d0__w12,26,3544
4a_duration_estimator,4a_duration_estimator__d0__w12,27,641
4a_duration_estimator,4a_duration_estimator__d0__w12,28,610
4a_duration_estimator,4a_duration_estimator__d0__w12,29,553
4a_duration_estimator,4a_duration_estimator__d0__w12,30,570
4a_duration_estimator,4a_duration_estimator__d0__w12,31,621
4a_duration_estimator,4a_duration_estimator__d0__w12,32,690
4a_duration_estimator,4a_duration_estimator__d0__w12,33,759
4a_duration_estimator,4a_duration_estimator__d0__w12,34,691
4a_duration_estimator,4a_duration_estimator__d0__w12,35,698
4a_duration_estimator,4a_duration_estimator__d0__w12,36,2347
4a_duration_estimator,4a_duration_estimator__d0__w12,37,858
4a_duration_estimator,4a_duration_estimator__d0__w12,38,957
4a_duration_estimator,4a_duration_estimator__d0__w12,39,940
4a_duration_estimator,4a_duration_estimator__d0__w12,40,1021
4a_duration_estimator,4a_duration_estimator__d0__w12,41,1120
4a_duration_estimator,4a_duration_estimator__d0__w12,42,1001
4a_duration_estimator,4a_duration_estimator__d0__w12,43,974
4a_duration_estimator,4a_duration_estimator__d0__w12,44,917
4a_duration_estimator,4a_duration_estimator__d0__w12,45,1086
4a_duration_estimator,4a_duration_estimator__d0__w12,46,965
4a_duration_estimator,4a_duration_estimator__d0__w12,47,999
4a_duration_estimator,4a_duration_estimator__d0__w12,48,815
4a_duration_estimator,4a_duration_estimator__d0__w12,49,892
4a_duration_estimator,4a_duration_estimator__d0__w12,50,3733
4a_duration_estimator,4a_duration_estimator__d0__w12,51,689
4a_duration_estimator,4a_duration_estimator__d0__w12,52,464
4a_duration_estimator,4a_duration_estimator__d0__w12,53,580
4a_duration_estimator,4a_duration_estimator__d0__w12,54,518
4a_duration_estimator,4a_duration_estimator__d0__w12,55,604
4a_duration_estimator,4a_duration_estimator__d0__w12,56,666
4a_duration_estimator,4a_duration_estimator__d0__w12,57,700
4a_duration_estimator,4a_duration_estimator__d0__w12,58,740
4a_duration_estimator,4a_duration_estimator__d0__w12,59,720
4a_duration_estimator,4a_duration_estimator__d0__w12,60,1716
4a_duration_estimator,4a_duration_estimator__d0__w12,61,944
4a_duration_estimator,4a_duration_estimator__d0__w12,62,997
4a_duration_estimator,4a_duration_estimator__d0__w12,63,1022
4a_duration_estimator,4a_duration_estimator__d0__w12,64,1173
4a_duration_estimator,4a_duration_estimator__d0__w12,65,1094
4a_duration_estimator,4a_duration_estimator__d0__w12,66,978
4a_duration_estimator,4a_duration_estimator__d0__w12,67,898
4a_duration_estimator,4a_duration_estimator__d0__w12,68,1000
4a_duration_estimator,4a_duration_estimator__d0__w12,69,937
4a_duration_estimator,4a_duration_estimator__d0__w12,70,1219
4a_duration_estimator,4a_duration_estimator__d0__w12,71,1109
4a_duration_estimator,4a_duration_estimator__d0__w12,72,891
4a_duration_estimator,4a_duration_estimator__d0__w12,73,835
4a_duration_estimator,4a_duration_estimator__d0__w12,74,3406
4a_duration_estimator,4a_duration_estimator__d0__w12,75,587
4a_duration_estimator,4a_duration_estimator__d0__w12,76,467
4a_duration_estimator,4a_duration_estimator__d0__w12,77,492
4a_duration_estimator,4a_duration_estimator__d0__w12,78,592
4a_duration_estimator,4a_duration_estimator__d0__w12,79,571
4a_duration_estimator,4a_duration_estimator__d0__w12,80,690
4a_duration_estimator,4a_duration_estimator__d0__w12,81,722
4a_duration_estimator,4a_duration_estimator__d0__w12,82,665
4a_duration_estimator,4a_duration_estimator__d0__w12,83,719
4a_duration_estimator,4a_duration_estimator__d0__w12,84,1855
4a_duration_estimator,4a_duration_estimator__d0__w12,85,877
4a_duration_estimator,4a_duration_estimator__d0__w12,86,976
4a_duration_estimator,4a_duration_estimator__d0__w12,87,958
4a_duration_estimator,4a_duration_estimator__d0__w12,88,1007
4a_duration_estimator,4a_duration_estimator__d0__w12,89,1021
4a_duration_estimator,4a_duration_estimator__d0__w12,90,995
4a_duration_estimator,4a_duration_estimator__d0__w12,91,959
4a_duration_estimator,4a_duration_estimator__d0__w12,92,894
4a_duration_estimator,4a_duration_estimator__d0__w12,93,1005
4a_duration_estimator,4a_duration_estimator__d0__w12,94,986
4a_duration_estimator,4a_duration_estimator__d0__w12,95,1303
4a_duration_estimator,4a_duration_estimator__d0__w12,96,687
4a_duration_estimator,4a_duration_estimator__d0__w12,97,870
4a_duration_estimator,4a_duration_estimator__d0__w12,98,3361
4a_duration_estimator,4a_duration_estimator__d0__w12,99,503
4a_duration_estimator,4a_duration_estimator__d0__w12,100,438
4a_duration_estimator,4a_duration_estimator__d0__w12,101,491
4a_duration_estimator,4a_duration_estimator__d0__w12,102,526
4a_duration_estimator,4a_duration_estimator__d0__w12,103,552
4a_duration_estimator,4a_duration_estimator__d0__w12,104,639
4a_duration_estimator,4a_duration_estimator__d0__w12,105,672
4a_duration_estimator,4a_duration_estimator__d0__w12,106,685
4a_duration_estimator,4a_duration_estimator__d0__w12,107,681
4a_duration_estimator,4a_duration_estimator__d0__w12,108,2254
4a_duration_estimator,4a_duration_estimator__d0__w12,109,855
4a_duration_estimator,4a_duration_estimator__d0__w12,110,928
4a_duration_estimator,4a_duration_estimator__d0__w12,111,992
4a_duration_estimator,4a_duration_estimator__d0__w12,112,911
4a_duration_estimator,4a_duration_estimator__d0__w12,113,944
4a_duration_estimator,4a_duration_estimator__d0__w12,114,921
4a_duration_estimator,4a_duration_estimator__d0__w12,115,882
4a_duration_estimator,4a_duration_estimator__d0__w12,116,841
4a_duration_estimator,4a_duration_estimator__d0__w12,117,926
4a_duration_estimator,4a_duration_estimator__d0__w12,118,927
4a_duration_estimator,4a_duration_estimator__d0__w12,119,754
4a_duration_estimator,4a_duration_estimator__d0__w12,120,596
4a_duration_estimator,4a_duration_estimator__d0__w12,121,674
4a_duration_estimator,4a_duration_estimator__d0__w12,122,569
4a_duration_estimator,4a_duration_estimator__d0__w12,123,1831
4a_duration_estimator,4a_duration_estimator__d0__w12,124,292
4a_duration_estimator,4a_duration_estimator__d0__w12,125,271
4a_duration_estimator,4a_duration_estimator__d0__w12,126,267
4a_duration_estimator,4a_duration_estimator__d0__w12,127,287
4a_duration_estimator,4a_duration_estimator__d0__w12,128,268
4a_duration_estimator,4a_duration_estimator__d0__w12,129,302
4a_duration_estimator,4a_duration_estimator__d0__w12,130,540
4a_duration_estimator,4a_duration_estimator__d0__w12,131,528
4a_duration_estimator,4a_duration_estimator__d0__w12,132,1384
4a_duration_estimator,4a_duration_estimator__d0__w12,133,357
4a_duration_estimator,4a_duration_estimator__d0__w12,134,472
4a_duration_estimator,4a_duration_estimator__d0__w12,135,523
4a_duration_estimator,4a_duration_estimator__d0__w12,136,518
4a_duration_estimator,4a_duration_estimator__d0__w12,137,543
4a_duration_estimator,4a_duration_estimator__d0__w12,138,459
4a_duration_estimator,4a_duration_estimator__d0__w12,139,514
4a_duration_estimator,4a_duration_estimator__d0__w12,140,518
4a_duration_estimator,4a_duration_estimator__d0__w12,141,531
4a_duration_estimator,4a_duration_estimator__d0__w12,142,526
4a_duration_estimator,4a_duration_estimator__d0__w12,143,485
4a_duration_estimator,4a_duration_estimator__d0__w12,144,361
4a_duration_estimator,4a_duration_estimator__d0__w12,145,365
4a_duration_estimator,4a_duration_estimator__d0__w12,146,389
4a_duration_estimator,4a_duration_estimator__d0__w12,147,843
4a_duration_estimator,4a_duration_estimator__d0__w12,148,292
4a_duration_estimator,4a_duration_estimator__d0__w12,149,274
4a_duration_estimator,4a_duration_estimator__d0__w12,150,238
4a_duration_estimator,4a_duration_estimator__d0__w12,151,276
4a_duration_estimator,4a_duration_estimator__d0__w12,152,285
4a_duration_estimator,4a_duration_estimator__d0__w12,153,409
4a_duration_estimator,4a_duration_estimator__d0__w12,154,442
4a_duration_estimator,4a_duration_estimator__d0__w12,155,1200
4a_duration_estimator,4a_duration_estimator__d0__w12,156,432
4a_duration_estimator,4a_duration_estimator__d0__w12,157,507
4a_duration_estimator,4a_duration_estimator__d0__w12,158,439
4a_duration_estimator,4a_duration_estimator__d0__w12,159,507
4a_duration_estimator,4a_duration_estimator__d0__w12,160,475
4a_duration_estimator,4a_duration_estimator__d0__w12,161,475
4a_duration_estimator,4a_duration_estimator__d0__w12,162,546
4a_duration_estimator,4a_duration_estimator__d0__w12,163,545
4a_duration_estimator,4a_duration_estimator__d0__w12,164,548
4a_duration_estimator,4a_duration_estimator__d0__w12,165,582
4a_duration_estimator,4a_duration_estimator__d0__w12,166,551
4a_duration_estimator,4a_duration_estimator__d0__w12,167,483
4a_duration_estimator,4a_duration_estimator__d60__w12,0,398
4a_duration_estimator,4a_duration_estimator__d60__w12,1,1480
4a_duration_estimator,4a_duration_estimator__d60__w12,2,481
4a_duration_estimator,4a_duration_estimator__d60__w12,3,437
4a_duration_estimator,4a_duration_estimator__d60__w12,4,486
4a_duration_estimator,4a_duration_estimator__d60__w12,5,434
4a_duration_estimator,4a_duration_estimator__d60__w12,6,440
4a_duration_estimator,4a_duration_estimator__d60__w12,7,457
4a_duration_estimator,4a_duration_estimator__d60__w12,8,611
4a_duration_estimator,4a_duration_estimator__d60__w12,9,632
4a_duration_estimator,4a_duration_estimator__d60__w12,10,593
4a_duration_estimator,4a_duration_estimator__d60__w12,11,688
4a_duration_estimator,4a_duration_estimator__d60__w12,12,1500
4a_duration_estimator,4a_duration_estimator__d60__w12,13,890
4a_duration_estimator,4a_duration_estimator__d60__w12,14,1070
4a_duration_estimator,4a_duration_estimator__d60__w12,15,1047
4a_duration_estimator,4a_duration_estimator__d60__w12,16,1005
4a_duration_estimator,4a_duration_estimator__d60__w12,17,956
4a_duration_estimator,4a_duration_estimator__d60__w12,18,981
4a_duration_estimator,4a_duration_estimator__d60__w12,19,897
4a_duration_estimator,4a_duration_estimator__d60__w12,20,929
4a_duration_estimator,4a_duration_estimator__d60__w12,21,1050
4a_duration_estimator,4a_duration_estimator__d60__w12,22,1204
4a_duration_estimator,4a_duration_estimator__d60__w12,23,1069
4a_duration_estimator,4a_duration_estimator__d60__w12,24,950
4a_duration_estimator,4a_duration_estimator__d60__w12,25,867
4a_duration_estimator,4a_duration_estimator__d60__w12,26,3437
4a_duration_estimator,4a_duration_estimator__d60__w12,27,641
4a_duration_estimator,4a_duration_estimator__d60__w12,28,610
4a_duration_estimator,4a_duration_estimator__d60__w12,29,556
4a_duration_estimator,4a_duration_estimator__d60__w12,30,574
4a_duration_estimator,4a_duration_estimator__d60__w12,31,622
4a_duration_estimator,4a_duration_estimator__d60__w12,32,691
4a_duration_estimator,4a_duration_estimator__d60__w12,33,760
4a_duration_estimator,4a_duration_estimator__d60__w12,34,692
4a_duration_estimator,4a_duration_estimator__d60__w12,35,702
4a_duration_estimator,4a_duration_estimator__d60__w12,36,2332
4a_duration_estimator,4a_duration_estimator__d60__w12,37,861
4a_duration_estimator,4a_duration_estimator__d60__w12,38,970
4a_duration_estimator,4a_duration_estimator__d60__w12,39,956
4a_duration_estimator,4a_duration_estimator__d60__w12,40,1029
4a_duration_estimator,4a_duration_estimator__d60__w12,41,1127
4a_duration_estimator,4a_duration_estimator__d60__w12,42,1009
4a_duration_estimator,4a_duration_estimator__d60__w12,43,982
4a_duration_estimator,4a_duration_estimator__d60__w12,44,928
4a_duration_estimator,4a_duration_estimator__d60__w12,45,1095
4a_duration_estimator,4a_duration_estimator__d60__w12,46,977
4a_duration_estimator,4a_duration_estimator__d60__w12,47,1004
4a_duration_estimator,4a_duration_estimator__d60__w12,48,818
4a_duration_estimator,4a_duration_estimator__d60__w12,49,890
4a_duration_estimator,4a_duration_estimator__d60__w12,50,3632
4a_duration_estimator,4a_duration_estimator__d60__w12,51,689
4a_duration_estimator,4a_duration_estimator__d60__w12,52,464
4a_duration_estimator,4a_duration_estimator__d60__w12,53,583
4a_duration_estimator,4a_duration_estimator__d60__w12,54,519
4a_duration_estimator,4a_duration_estimator__d60__w12,55,608
4a_duration_estimator,4a_duration_estimator__d60__w12,56,668
4a_duration_estimator,4a_duration_estimator__d60__w12,57,701
4a_duration_estimator,4a_duration_estimator__d60__w12,58,742
4a_duration_estimator,4a_duration_estimator__d60__w12,59,725
4a_duration_estimator,4a_duration_estimator__d60__w12,60,1713
4a_duration_estimator,4a_duration_estimator__d60__w12,61,954
4a_duration_estimator,4a_duration_estimator__d60__w12,62,1007
4a_duration_estimator,4a_duration_estimator__d60__w12,63,1035
4a_duration_estimator,4a_duration_estimator__d60__w12,64,1182
4a_duration_estimator,4a_duration_estimator__d60__w12,65,1096
4a_duration_estimator,4a_duration_estimator__d60__w12,66,985
4a_duration_estimator,4a_duration_estimator__d60__w12,67,906
4a_duration_estimator,4a_duration_estimator__d60__w12,68,1006
4a_duration_estimator,4a_duration_estimator__d60__w12,69,941
4a_duration_estimator,4a_duration_estimator__d60__w12,70,1222
4a_duration_estimator,4a_duration_estimator__d60__w12,71,1112
4a_duration_estimator,4a_duration_estimator__d60__w12,72,885
4a_duration_estimator,4a_duration_estimator__d60__w12,73,836
4a_duration_estimator,4a_duration_estimator__d60__w12,74,3321
4a_duration_estimator,4a_duration_estimator__d60__w12,75,587
4a_duration_estimator,4a_duration_estimator__d60__w12,76,471
4a_duration_estimator,4a_duration_estimator__d60__w12,77,494
4a_duration_estimator,4a_duration_estimator__d60__w12,78,596
4a_duration_estimator,4a_duration_estimator__d60__w12,79,571
4a_duration_estimator,4a_duration_estimator__d60__w12,80,691
4a_duration_estimator,4a_duration_estimator__d60__w12,81,726
4a_duration_estimator,4a_duration_estimator__d60__w12,82,667
4a_duration_estimator,4a_duration_estimator__d60__w12,83,721
4a_duration_estimator,4a_duration_estimator__d60__w12,84,1846
4a_duration_estimator,4a_duration_estimator__d60__w12,85,883
4a_duration_estimator,4a_duration_estimator__d60__w12,86,987
4a_duration_estimator,4a_duration_estimator__d60__w12,87,985
4a_duration_estimator,4a_duration_estimator__d60__w12,88,1015
4a_duration_estimator,4a_duration_estimator__d60__w12,89,1027
4a_duration_estimator,4a_duration_estimator__d60__w12,90,1009
4a_duration_estimator,4a_duration_estimator__d60__w12,91,964
4a_duration_estimator,4a_duration_estimator__d60__w12,92,902
4a_duration_estimator,4a_duration_estimator__d60__w12,93,1012
4a_duration_estimator,4a_duration_estimator__d60__w12,94,997
4a_duration_estimator,4a_duration_estimator__d60__w12,95,1298
4a_duration_estimator,4a_duration_estimator__d60__w12,96,689
4a_duration_estimator,4a_duration_estimator__d60__w12,97,869
4a_duration_estimator,4a_duration_estimator__d60__w12,98,3252
4a_duration_estimator,4a_duration_estimator__d60__w12,99,504
4a_duration_estimator,4a_duration_estimator__d60__w12,100,443
4a_duration_estimator,4a_duration_estimator__d60__w12,101,495
4a_duration_estimator,4a_duration_estimator__d60__w12,102,526
4a_duration_estimator,4a_duration_estimator__d60__w12,103,554
4a_duration_estimator,4a_duration_estimator__d60__w12,104,639
4a_duration_estimator,4a_duration_estimator__d60__w12,105,677
4a_duration_estimator,4a_duration_estimator__d60__w12,106,686
4a_duration_estimator,4a_duration_estimator__d60__w12,107,683
4a_duration_estimator,4a_duration_estimator__d60__w12,108,2234
4a_duration_estimator,4a_duration_estimator__d60__w12,109,862
4a_duration_estimator,4a_duration_estimator__d60__w12,110,940
4a_duration_estimator,4a_duration_estimator__d60__w12,111,997
4a_duration_estimator,4a_duration_estimator__d60__w12,112,924
4a_duration_estimator,4a_duration_estimator__d60__w12,113,955
4a_duration_estimator,4a_duration_estimator__d60__w12,114,927
4a_duration_estimator,4a_duration_estimator__d60__w12,115,890
4a_duration_estimator,4a_duration_estimator__d60__w12,116,846
4a_duration_estimator,4a_duration_estimator__d60__w12,117,935
4a_duration_estimator,4a_duration_estimator__d60__w12,118,936
4a_duration_estimator,4a_duration_estimator__d60__w12,119,759
4a_duration_estimator,4a_duration_estimator__d60__w12,120,601
4a_duration_estimator,4a_duration_estimator__d60__w12,121,674
4a_duration_estimator,4a_duration_estimator__d60__w12,122,562
4a_duration_estimator,4a_duration_estimator__d60__w12,123,1779
4a_duration_estimator,4a_duration_estimator__d60__w12,124,298
4a_duration_estimator,4a_duration_estimator__d60__w12,125,271
4a_duration_estimator,4a_duration_estimator__d60__w12,126,267
4a_duration_estimator,4a_duration_estimator__d60__w12,127,287
4a_duration_estimator,4a_duration_estimator__d60__w12,128,269
4a_duration_estimator,4a_duration_estimator__d60__w12,129,304
4a_duration_estimator,4a_duration_estimator__d60__w12,130,531
4a_duration_estimator,4a_duration_estimator__d60__w12,131,524
4a_duration_estimator,4a_duration_estimator__d60__w12,132,1352
4a_duration_estimator,4a_duration_estimator__d60__w12,133,363
4a_duration_estimator,4a_duration_estimator__d60__w12,134,476
4a_duration_estimator,4a_duration_estimator__d60__w12,135,528
4a_duration_estimator,4a_duration_estimator__d60__w12,136,522
4a_duration_estimator,4a_duration_estimator__d60__w12,137,544
4a_duration_estimator,4a_duration_estimator__d60__w12,138,460
4a_duration_estimator,4a_duration_estimator__d60__w12,139,517
4a_duration_estimator,4a_duration_estimator__d60__w12,140,520
4a_duration_estimator,4a_duration_estimator__d60__w12,141,531
4a_duration_estimator,4a_duration_estimator__d60__w12,142,527
4a_duration_estimator,4a_duration_estimator__d60__w12,143,488
4a_duration_estimator,4a_duration_estimator__d60__w12,144,374
4a_duration_estimator,4a_duration_estimator__d60__w12,145,364
4a_duration_estimator,4a_duration_estimator__d60__w12,146,386
4a_duration_estimator,4a_duration_estimator__d60__w12,147,833
4a_duration_estimator,4a_duration_estimator__d60__w12,148,304
4a_duration_estimator,4a_duration_estimator__d60__w12,149,280
4a_duration_estimator,4a_duration_estimator__d60__w12,150,241
4a_duration_estimator,4a_duration_estimator__d60__w12,151,282
4a_duration_estimator,4a_duration_estimator__d60__w12,152,285
4a_duration_estimator,4a_duration_estimator__d60__w12,153,409
4a_duration_estimator,4a_duration_estimator__d60__w12,154,441
4a_duration_estimator,4a_duration_estimator__d60__w12,155,1145
4a_duration_estimator,4a_duration_estimator__d60__w12,156,432
4a_duration_estimator,4a_duration_estimator__d60__w12,157,507
4a_duration_estimator,4a_duration_estimator__d60__w12,158,442
4a_duration_estimator,4a_duration_estimator__d60__w12,159,508
4a_duration_estimator,4a_duration_estimator__d60__w12,160,478
4a_duration_estimator,4a_duration_estimator__d60__w12,161,476
4a_duration_estimator,4a_duration_estimator__d60__w12,162,550
4a_duration_estimator,4a_duration_estimator__d60__w12,163,548
4a_duration_estimator,4a_duration_estimator__d60__w12,164,554
4a_duration_estimator,4a_duration_estimator__d60__w12,165,592
4a_duration_estimator,4a_duration_estimator__d60__w12,166,565
4a_duration_estimator,4a_duration_estimator__d60__w12,167,484
4a_duration_estimator,4a_duration_estimator__d120__w12,0,404
4a_duration_estimator,4a_duration_estimator__d120__w12,1,1353
4a_duration_estimator,4a_duration_estimator__d120__w12,2,481
4a_duration_estimator,4a_duration_estimator__d120__w12,3,437
4a_duration_estimator,4a_duration_estimator__d120__w12,4,486
4a_duration_estimator,4a_duration_estimator__d120__w12,5,442
4a_duration_estimator,4a_duration_estimator__d120__w12,6,449
4a_duration_estimator,4a_duration_estimator__d120__w12,7,466
4a_duration_estimator,4a_duration_estimator__d120__w12,8,616
4a_duration_estimator,4a_duration_estimator__d120__w12,9,638
4a_duration_estimator,4a_duration_estimator__d120__w12,10,601
4a_duration_estimator,4a_duration_estimator__d120__w12,11,698
4a_duration_estimator,4a_duration_estimator__d120__w12,12,1468
4a_duration_estimator,4a_duration_estimator__d120__w12,13,896
4a_duration_estimator,4a_duration_estimator__d120__w12,14,1077
4a_duration_estimator,4a_duration_estimator__d120__w12,15,1061
4a_duration_estimator,4a_duration_estimator__d120__w12,16,1012
4a_duration_estimator,4a_duration_estimator__d120__w12,17,964
4a_duration_estimator,4a_duration_estimator__d120__w12,18,990
4a_duration_estimator,4a_duration_estimator__d120__w12,19,901
4a_duration_estimator,4a_duration_estimator__d120__w12,20,942
4a_duration_estimator,4a_duration_estimator__d120__w12,21,1072
4a_duration_estimator,4a_duration_estimator__d120__w12,22,1243
4a_duration_estimator,4a_duration_estimator__d120__w12,23,1089
4a_duration_estimator,4a_duration_estimator__d120__w12,24,962
4a_duration_estimator,4a_duration_estimator__d120__w12,25,872
4a_duration_estimator,4a_duration_estimator__d120__w12,26,3248
4a_duration_estimator,4a_duration_estimator__d120__w12,27,641
4a_duration_estimator,4a_duration_estimator__d120__w12,28,610
4a_duration_estimator,4a_duration_estimator__d120__w12,29,560
4a_duration_estimator,4a_duration_estimator__d120__w12,30,589
4a_duration_estimator,4a_duration_estimator__d120__w12,31,641
4a_duration_estimator,4a_duration_estimator__d120__w12,32,700
4a_duration_estimator,4a_duration_estimator__d120__w12,33,766
4a_duration_estimator,4a_duration_estimator__d120__w12,34,696
4a_duration_estimator,4a_duration_estimator__d120__w12,35,706
4a_duration_estimator,4a_duration_estimator__d120__w12,36,2271
4a_duration_estimator,4a_duration_estimator__d120__w12,37,873
4a_duration_estimator,4a_duration_estimator__d120__w12,38,981
4a_duration_estimator,4a_duration_estimator__d120__w12,39,963
4a_duration_estimator,4a_duration_estimator__d120__w12,40,1042
4a_duration_estimator,4a_duration_estimator__d120__w12,41,1144
4a_duration_estimator,4a_duration_estimator__d120__w12,42,1023
4a_duration_estimator,4a_duration_estimator__d120__w12,43,990
4a_duration_estimator,4a_duration_estimator__d120__w12,44,948
4a_duration_estimator,4a_duration_estimator__d120__w12,45,1124
4a_duration_estimator,4a_duration_estimator__d120__w12,46,997
4a_duration_estimator,4a_duration_estimator__d120__w12,47,1014
4a_duration_estimator,4a_duration_estimator__d120__w12,48,842
4a_duration_estimator,4a_duration_estimator__d120__w12,49,895
4a_duration_estimator,4a_duration_estimator__d120__w12,50,3442
4a_duration_estimator,4a_duration_estimator__d120__w12,51,689
4a_duration_estimator,4a_duration_estimator__d120__w12,52,484
4a_duration_estimator,4a_duration_estimator__d120__w12,53,592
4a_duration_estimator,4a_duration_estimator__d120__w12,54,525
4a_duration_estimator,4a_duration_estimator__d120__w12,55,620
4a_duration_estimator,4a_duration_estimator__d120__w12,56,680
4a_duration_estimator,4a_duration_estimator__d120__w12,57,714
4a_duration_estimator,4a_duration_estimator__d120__w12,58,747
4a_duration_estimator,4a_duration_estimator__d120__w12,59,740
4a_duration_estimator,4a_duration_estimator__d120__w12,60,1655
4a_duration_estimator,4a_duration_estimator__d120__w12,61,961
4a_duration_estimator,4a_duration_estimator__d120__w12,62,1017
4a_duration_estimator,4a_duration_estimator__d120__w12,63,1044
4a_duration_estimator,4a_duration_estimator__d120__w12,64,1193
4a_duration_estimator,4a_duration_estimator__d120__w12,65,1112
4a_duration_estimator,4a_duration_estimator__d120__w12,66,1000
4a_duration_estimator,4a_duration_estimator__d120__w12,67,925
4a_duration_estimator,4a_duration_estimator__d120__w12,68,1021
4a_duration_estimator,4a_duration_estimator__d120__w12,69,961
4a_duration_estimator,4a_duration_estimator__d120__w12,70,1239
4a_duration_estimator,4a_duration_estimator__d120__w12,71,1114
4a_duration_estimator,4a_duration_estimator__d120__w12,72,890
4a_duration_estimator,4a_duration_estimator__d120__w12,73,842
4a_duration_estimator,4a_duration_estimator__d120__w12,74,3135
4a_duration_estimator,4a_duration_estimator__d120__w12,75,587
4a_duration_estimator,4a_duration_estimator__d120__w12,76,477
4a_duration_estimator,4a_duration_estimator__d120__w12,77,497
4a_duration_estimator,4a_duration_estimator__d120__w12,78,604
4a_duration_estimator,4a_duration_estimator__d120__w12,79,575
4a_duration_estimator,4a_duration_estimator__d120__w12,80,695
4a_duration_estimator,4a_duration_estimator__d120__w12,81,733
4a_duration_estimator,4a_duration_estimator__d120__w12,82,680
4a_duration_estimator,4a_duration_estimator__d120__w12,83,734
4a_duration_estimator,4a_duration_estimator__d120__w12,84,1817
4a_duration_estimator,4a_duration_estimator__d120__w12,85,889
4a_duration_estimator,4a_duration_estimator__d120__w12,86,996
4a_duration_estimator,4a_duration_estimator__d120__w12,87,994
4a_duration_estimator,4a_duration_estimator__d120__w12,88,1025
4a_duration_estimator,4a_duration_estimator__d120__w12,89,1043
4a_duration_estimator,4a_duration_estimator__d120__w12,90,1032
4a_duration_estimator,4a_duration_estimator__d120__w12,91,970
4a_duration_estimator,4a_duration_estimator__d120__w12,92,915
4a_duration_estimator,4a_duration_estimator__d120__w12,93,1031
4a_duration_estimator,4a_duration_estimator__d120__w12,94,1023
4a_duration_estimator,4a_duration_estimator__d120__w12,95,1281
4a_duration_estimator,4a_duration_estimator__d120__w12,96,698
4a_duration_estimator,4a_duration_estimator__d120__w12,97,879
4a_duration_estimator,4a_duration_estimator__d120__w12,98,3084
4a_duration_estimator,4a_duration_estimator__d120__w12,99,511
4a_duration_estimator,4a_duration_estimator__d120__w12,100,450
4a_duration_estimator,4a_duration_estimator__d120__w12,101,501
4a_duration_estimator,4a_duration_estimator__d120__w12,102,532
4a_duration_estimator,4a_duration_estimator__d120__w12,103,566
4a_duration_estimator,4a_duration_estimator__d120__w12,104,647
4a_duration_estimator,4a_duration_estimator__d120__w12,105,684
4a_duration_estimator,4a_duration_estimator__d120__w12,106,699
4a_duration_estimator,4a_duration_estimator__d120__w12,107,688
4a_duration_estimator,4a_duration_estimator__d120__w12,108,2163
4a_duration_estimator,4a_duration_estimator__d120__w12,109,870
4a_duration_estimator,4a_duration_estimator__d120__w12,110,955
4a_duration_estimator,4a_duration_estimator__d120__w12,111,1014
4a_duration_estimator,4a_duration_estimator__d120__w12,112,934
4a_duration_estimator,4a_duration_estimator__d120__w12,113,975
4a_duration_estimator,4a_duration_estimator__d120__w12,114,950
4a_duration_estimator,4a_duration_estimator__d120__w12,115,916
4a_duration_estimator,4a_duration_estimator__d120__w12,116,863
4a_duration_estimator,4a_duration_estimator__d120__w12,117,943
4a_duration_estimator,4a_duration_estimator__d120__w12,118,958
4a_duration_estimator,4a_duration_estimator__d120__w12,119,773
4a_duration_estimator,4a_duration_estimator__d120__w12,120,617
4a_duration_estimator,4a_duration_estimator__d120__w12,121,678
4a_duration_estimator,4a_duration_estimator__d120__w12,122,555
4a_duration_estimator,4a_duration_estimator__d120__w12,123,1663
4a_duration_estimator,4a_duration_estimator__d120__w12,124,306
4a_duration_estimator,4a_duration_estimator__d120__w12,125,278
4a_duration_estimator,4a_duration_estimator__d120__w12,126,274
4a_duration_estimator,4a_duration_estimator__d120__w12,127,296
4a_duration_estimator,4a_duration_estimator__d120__w12,128,276
4a_duration_estimator,4a_duration_estimator__d120__w12,129,316
4a_duration_estimator,4a_duration_estimator__d120__w12,130,518
4a_duration_estimator,4a_duration_estimator__d120__w12,131,523
4a_duration_estimator,4a_duration_estimator__d120__w12,132,1239
4a_duration_estimator,4a_duration_estimator__d120__w12,133,367
4a_duration_estimator,4a_duration_estimator__d120__w12,134,479
4a_duration_estimator,4a_duration_estimator__d120__w12,135,540
4a_duration_estimator,4a_duration_estimator__d120__w12,136,529
4a_duration_estimator,4a_duration_estimator__d120__w12,137,554
4a_duration_estimator,4a_duration_estimator__d120__w12,138,478
4a_duration_estimator,4a_duration_estimator__d120__w12,139,522
4a_duration_estimator,4a_duration_estimator__d120__w12,140,525
4a_duration_estimator,4a_duration_estimator__d120__w12,141,538
4a_duration_estimator,4a_duration_estimator__d120__w12,142,541
4a_duration_estimator,4a_duration_estimator__d120__w12,143,495
4a_duration_estimator,4a_duration_estimator__d120__w12,144,389
4a_duration_estimator,4a_duration_estimator__d120__w12,145,367
4a_duration_estimator,4a_duration_estimator__d120__w12,146,386
4a_duration_estimator,4a_duration_estimator__d120__w12,147,783
4a_duration_estimator,4a_duration_estimator__d120__w12,148,309
4a_duration_estimator,4a_duration_estimator__d120__w12,149,284
4a_duration_estimator,4a_duration_estimator__d120__w12,150,243
4a_duration_estimator,4a_duration_estimator__d120__w12,151,286
4a_duration_estimator,4a_duration_estimator__d120__w12,152,288
4a_duration_estimator,4a_duration_estimator__d120__w12,153,410
4a_duration_estimator,4a_duration_estimator__d120__w12,154,433
4a_duration_estimator,4a_duration_estimator__d120__w12,155,1074
4a_duration_estimator,4a_duration_estimator__d120__w12,156,432
4a_duration_estimator,4a_duration_estimator__d120__w12,157,507
4a_duration_estimator,4a_duration_estimator__d120__w12,158,448
4a_duration_estimator,4a_duration_estimator__d120__w12,159,512
4a_duration_estimator,4a_duration_estimator__d120__w12,160,490
4a_duration_estimator,4a_duration_estimator__d120__w12,161,482
4a_duration_estimator,4a_duration_estimator__d120__w12,162,555
4a_duration_estimator,4a_duration_estimator__d120__w12,163,565
4a_duration_estimator,4a_duration_estimator__d120__w12,164,563
4a_duration_estimator,4a_duration_estimator__d120__w12,165,613
4a_duration_estimator,4a_duration_estimator__d120__w12,166,588
4a_duration_estimator,4a_duration_estimator__d120__w12,167,502
4a_duration_estimator,4a_duration_estimator__d240__w12,0,416
4a_duration_estimator,4a_duration_estimator__d240__w12,1,1210
4a_duration_estimator,4a_duration_estimator__d240__w12,2,481
4a_duration_estimator,4a_duration_estimator__d240__w12,3,437
4a_duration_estimator,4a_duration_estimator__d240__w12,4,486
4a_duration_estimator,4a_duration_estimator__d240__w12,5,450
4a_duration_estimator,4a_duration_estimator__d240__w12,6,466
4a_duration_estimator,4a_duration_estimator__d240__w12,7,476
4a_duration_estimator,4a_duration_estimator__d240__w12,8,632
4a_duration_estimator,4a_duration_estimator__d240__w12,9,654
4a_duration_estimator,4a_duration_estimator__d240__w12,10,622
4a_duration_estimator,4a_duration_estimator__d240__w12,11,711
4a_duration_estimator,4a_duration_estimator__d240__w12,12,1419
4a_duration_estimator,4a_duration_estimator__d240__w12,13,936
4a_duration_estimator,4a_duration_estimator__d240__w12,14,1122
4a_duration_estimator,4a_duration_estimator__d240__w12,15,1098
4a_duration_estimator,4a_duration_estimator__d240__w12,16,1039
4a_duration_estimator,4a_duration_estimator__d240__w12,17,995
4a_duration_estimator,4a_duration_estimator__d240__w12,18,1016
4a_duration_estimator,4a_duration_estimator__d240__w12,19,923
4a_duration_estimator,4a_duration_estimator__d240__w12,20,970
4a_duration_estimator,4a_duration_estimator__d240__w12,21,1110
4a_duration_estimator,4a_duration_estimator__d240__w12,22,1264
4a_duration_estimator,4a_duration_estimator__d240__w12,23,1115
4a_duration_estimator,4a_duration_estimator__d240__w12,24,1001
4a_duration_estimator,4a_duration_estimator__d240__w12,25,886
4a_duration_estimator,4a_duration_estimator__d240__w12,26,2802
4a_duration_estimator,4a_duration_estimator__d240__w12,27,641
4a_duration_estimator,4a_duration_estimator__d240__w12,28,610
4a_duration_estimator,4a_duration_estimator__d240__w12,29,596
4a_duration_estimator,4a_duration_estimator__d240__w12,30,604
4a_duration_estimator,4a_duration_estimator__d240__w12,31,663
4a_duration_estimator,4a_duration_estimator__d240__w12,32,711
4a_duration_estimator,4a_duration_estimator__d240__w12,33,783
4a_duration_estimator,4a_duration_estimator__d240__w12,34,710
4a_duration_estimator,4a_duration_estimator__d240__w12,35,719
4a_duration_estimator,4a_duration_estimator__d240__w12,36,2143
4a_duration_estimator,4a_duration_estimator__d240__w12,37,894
4a_duration_estimator,4a_duration_estimator__d240__w12,38,1012
4a_duration_estimator,4a_duration_estimator__d240__w12,39,996
4a_duration_estimator,4a_duration_estimator__d240__w12,40,1078
4a_duration_estimator,4a_duration_estimator__d240__w12,41,1201
4a_duration_estimator,4a_duration_estimator__d240__w12,42,1050
4a_duration_estimator,4a_duration_estimator__d240__w12,43,1022
4a_duration_estimator,4a_duration_estimator__d240__w12,44,992
4a_duration_estimator,4a_duration_estimator__d240__w12,45,1168
4a_duration_estimator,4a_duration_estimator__d240__w12,46,1049
4a_duration_estimator,4a_duration_estimator__d240__w12,47,1045
4a_duration_estimator,4a_duration_estimator__d240__w12,48,910
4a_duration_estimator,4a_duration_estimator__d240__w12,49,923
4a_duration_estimator,4a_duration_estimator__d240__w12,50,2938
4a_duration_estimator,4a_duration_estimator__d240__w12,51,689
4a_duration_estimator,4a_duration_estimator__d240__w12,52,498
4a_duration_estimator,4a_duration_estimator__d240__w12,53,609
4a_duration_estimator,4a_duration_estimator__d240__w12,54,535
4a_duration_estimator,4a_duration_estimator__d240__w12,55,624
4a_duration_estimator,4a_duration_estimator__d240__w12,56,697
4a_duration_estimator,4a_duration_estimator__d240__w12,57,742
4a_duration_estimator,4a_duration_estimator__d240__w12,58,779
4a_duration_estimator,4a_duration_estimator__d240__w12,59,767
4a_duration_estimator,4a_duration_estimator__d240__w12,60,1585
4a_duration_estimator,4a_duration_estimator__d240__w12,61,995
4a_duration_estimator,4a_duration_estimator__d240__w12,62,1042
4a_duration_estimator,4a_duration_estimator__d240__w12,63,1077
4a_duration_estimator,4a_duration_estimator__d240__w12,64,1230
4a_duration_estimator,4a_duration_estimator__d240__w12,65,1141
4a_duration_estimator,4a_duration_estimator__d240__w12,66,1031
4a_duration_estimator,4a_duration_estimator__d240__w12,67,946
4a_duration_estimator,4a_duration_estimator__d240__w12,68,1057
4a_duration_estimator,4a_duration_estimator__d240__w12,69,1013
4a_duration_estimator,4a_duration_estimator__d240__w12,70,1257
4a_duration_estimator,4a_duration_estimator__d240__w12,71,1133
4a_duration_estimator,4a_duration_estimator__d240__w12,72,918
4a_duration_estimator,4a_duration_estimator__d240__w12,73,845
4a_duration_estimator,4a_duration_estimator__d240__w12,74,2690
4a_duration_estimator,4a_duration_estimator__d240__w12,75,587
4a_duration_estimator,4a_duration_estimator__d240__w12,76,488
4a_duration_estimator,4a_duration_estimator__d240__w12,77,516
4a_duration_estimator,4a_duration_estimator__d240__w12,78,631
4a_duration_estimator,4a_duration_estimator__d240__w12,79,594
4a_duration_estimator,4a_duration_estimator__d240__w12,80,718
4a_duration_estimator,4a_duration_estimator__d240__w12,81,750
4a_duration_estimator,4a_duration_estimator__d240__w12,82,691
4a_duration_estimator,4a_duration_estimator__d240__w12,83,743
4a_duration_estimator,4a_duration_estimator__d240__w12,84,1705
4a_duration_estimator,4a_duration_estimator__d240__w12,85,908
4a_duration_estimator,4a_duration_estimator__d240__w12,86,1033
4a_duration_estimator,4a_duration_estimator__d240__w12,87,1033
4a_duration_estimator,4a_duration_estimator__d240__w12,88,1055
4a_duration_estimator,4a_duration_estimator__d240__w12,89,1076
4a_duration_estimator,4a_duration_estimator__d240__w12,90,1062
4a_duration_estimator,4a_duration_estimator__d240__w12,91,1001
4a_duration_estimator,4a_duration_estimator__d240__w12,92,945
4a_duration_estimator,4a_duration_estimator__d240__w12,93,1063
4a_duration_estimator,4a_duration_estimator__d240__w12,94,1052
4a_duration_estimator,4a_duration_estimator__d240__w12,95,1301
4a_duration_estimator,4a_duration_estimator__d240__w12,96,747
4a_duration_estimator,4a_duration_estimator__d240__w12,97,898
4a_duration_estimator,4a_duration_estimator__d240__w12,98,2662
4a_duration_estimator,4a_duration_estimator__d240__w12,99,532
4a_duration_estimator,4a_duration_estimator__d240__w12,100,469
4a_duration_estimator,4a_duration_estimator__d240__w12,101,521
4a_duration_estimator,4a_duration_estimator__d240__w12,102,552
4a_duration_estimator,4a_duration_estimator__d240__w12,103,575
4a_duration_estimator,4a_duration_estimator__d240__w12,104,664
4a_duration_estimator,4a_duration_estimator__d240__w12,105,694
4a_duration_estimator,4a_duration_estimator__d240__w12,106,717
4a_duration_estimator,4a_duration_estimator__d240__w12,107,705
4a_duration_estimator,4a_duration_estimator__d240__w12,108,2012
4a_duration_estimator,4a_duration_estimator__d240__w12,109,901
4a_duration_estimator,4a_duration_estimator__d240__w12,110,977
4a_duration_estimator,4a_duration_estimator__d240__w12,111,1044
4a_duration_estimator,4a_duration_estimator__d240__w12,112,969
4a_duration_estimator,4a_duration_estimator__d240__w12,113,998
4a_duration_estimator,4a_duration_estimator__d240__w12,114,979
4a_duration_estimator,4a_duration_estimator__d240__w12,115,936
4a_duration_estimator,4a_duration_estimator__d240__w12,116,884
4a_duration_estimator,4a_duration_estimator__d240__w12,117,973
4a_duration_estimator,4a_duration_estimator__d240__w12,118,990
4a_duration_estimator,4a_duration_estimator__d240__w12,119,803
4a_duration_estimator,4a_duration_estimator__d240__w12,120,653
4a_duration_estimator,4a_duration_estimator__d240__w12,121,674
4a_duration_estimator,4a_duration_estimator__d240__w12,122,554
4a_duration_estimator,4a_duration_estimator__d240__w12,123,1484
4a_duration_estimator,4a_duration_estimator__d240__w12,124,316
4a_duration_estimator,4a_duration_estimator__d240__w12,125,291
4a_duration_estimator,4a_duration_estimator__d240__w12,126,287
4a_duration_estimator,4a_duration_estimator__d240__w12,127,312
4a_duration_estimator,4a_duration_estimator__d240__w12,128,295
4a_duration_estimator,4a_duration_estimator__d240__w12,129,334
4a_duration_estimator,4a_duration_estimator__d240__w12,130,498
4a_duration_estimator,4a_duration_estimator__d240__w12,131,504
4a_duration_estimator,4a_duration_estimator__d240__w12,132,1034
4a_duration_estimator,4a_duration_estimator__d240__w12,133,391
4a_duration_estimator,4a_duration_estimator__d240__w12,134,497
4a_duration_estimator,4a_duration_estimator__d240__w12,135,559
4a_duration_estimator,4a_duration_estimator__d240__w12,136,549
4a_duration_estimator,4a_duration_estimator__d240__w12,137,577
4a_duration_estimator,4a_duration_estimator__d240__w12,138,493
4a_duration_estimator,4a_duration_estimator__d240__w12,139,541
4a_duration_estimator,4a_duration_estimator__d240__w12,140,542
4a_duration_estimator,4a_duration_estimator__d240__w12,141,559
4a_duration_estimator,4a_duration_estimator__d240__w12,142,553
4a_duration_estimator,4a_duration_estimator__d240__w12,143,505
4a_duration_estimator,4a_duration_estimator__d240__w12,144,405
4a_duration_estimator,4a_duration_estimator__d240__w12,145,362
4a_duration_estimator,4a_duration_estimator__d240__w12,146,384
4a_duration_estimator,4a_duration_estimator__d240__w12,147,678
4a_duration_estimator,4a_duration_estimator__d240__w12,148,320
4a_duration_estimator,4a_duration_estimator__d240__w12,149,296
4a_duration_estimator,4a_duration_estimator__d240__w12,150,253
4a_duration_estimator,4a_duration_estimator__d240__w12,151,297
4a_duration_estimator,4a_duration_estimator__d240__w12,152,291
4a_duration_estimator,4a_duration_estimator__d240__w12,153,401
4a_duration_estimator,4a_duration_estimator__d240__w12,154,443
4a_duration_estimator,4a_duration_estimator__d240__w12,155,924
4a_duration_estimator,4a_duration_estimator__d240__w12,156,432
4a_duration_estimator,4a_duration_estimator__d240__w12,157,507
4a_duration_estimator,4a_duration_estimator__d240__w12,158,461
4a_duration_estimator,4a_duration_estimator__d240__w12,159,526
4a_duration_estimator,4a_duration_estimator__d240__w12,160,500
4a_duration_estimator,4a_duration_estimator__d240__w12,161,494
4a_duration_estimator,4a_duration_estimator__d240__w12,162,568
4a_duration_estimator,4a_duration_estimator__d240__w12,163,575
4a_duration_estimator,4a_duration_estimator__d240__w12,164,573
4a_duration_estimator,4a_duration_estimator__d240__w12,165,627
4a_duration_estimator,4a_duration_estimator__d240__w12,166,606
4a_duration_estimator,4a_duration_estimator__d240__w12,167,519
4a_duration_estimator,4a_duration_estimator__d480__w12,0,430
4a_duration_estimator,4a_duration_estimator__d480__w12,1,874
4a_duration_estimator,4a_duration_estimator__d480__w12,2,481
4a_duration_estimator,4a_duration_estimator__d480__w12,3,437
4a_duration_estimator,4a_duration_estimator__d480__w12,4,486
4a_duration_estimator,4a_duration_estimator__d480__w12,5,480
4a_duration_estimator,4a_duration_estimator__d480__w12,6,512
4a_duration_estimator,4a_duration_estimator__d480__w12,7,520
4a_duration_estimator,4a_duration_estimator__d480__w12,8,686
4a_duration_estimator,4a_duration_estimator__d480__w12,9,705
4a_duration_estimator,4a_duration_estimator__d480__w12,10,663
4a_duration_estimator,4a_duration_estimator__d480__w12,11,755
4a_duration_estimator,4a_duration_estimator__d480__w12,12,1238
4a_duration_estimator,4a_duration_estimator__d480__w12,13,988
4a_duration_estimator,4a_duration_estimator__d480__w12,14,1167
4a_duration_estimator,4a_duration_estimator__d480__w12,15,1152
4a_duration_estimator,4a_duration_estimator__d480__w12,16,1074
4a_duration_estimator,4a_duration_estimator__d480__w12,17,1045
4a_duration_estimator,4a_duration_estimator__d480__w12,18,1071
4a_duration_estimator,4a_duration_estimator__d480__w12,19,988
4a_duration_estimator,4a_duration_estimator__d480__w12,20,1036
4a_duration_estimator,4a_duration_estimator__d480__w12,21,1172
4a_duration_estimator,4a_duration_estimator__d480__w12,22,1293
4a_duration_estimator,4a_duration_estimator__d480__w12,23,1133
4a_duration_estimator,4a_duration_estimator__d480__w12,24,991
4a_duration_estimator,4a_duration_estimator__d480__w12,25,867
4a_duration_estimator,4a_duration_estimator__d480__w12,26,2171
4a_duration_estimator,4a_duration_estimator__d480__w12,27,641
4a_duration_estimator,4a_duration_estimator__d480__w12,28,610
4a_duration_estimator,4a_duration_estimator__d480__w12,29,641
4a_duration_estimator,4a_duration_estimator__d480__w12,30,649
4a_duration_estimator,4a_duration_estimator__d480__w12,31,720
4a_duration_estimator,4a_duration_estimator__d480__w12,32,758
4a_duration_estimator,4a_duration_estimator__d480__w12,33,846
4a_duration_estimator,4a_duration_estimator__d480__w12,34,759
4a_duration_estimator,4a_duration_estimator__d480__w12,35,766
4a_duration_estimator,4a_duration_estimator__d480__w12,36,1790
4a_duration_estimator,4a_duration_estimator__d480__w12,37,956
4a_duration_estimator,4a_duration_estimator__d480__w12,38,1059
4a_duration_estimator,4a_duration_estimator__d480__w12,39,1054
4a_duration_estimator,4a_duration_estimator__d480__w12,40,1137
4a_duration_estimator,4a_duration_estimator__d480__w12,41,1269
4a_duration_estimator,4a_duration_estimator__d480__w12,42,1103
4a_duration_estimator,4a_duration_estimator__d480__w12,43,1086
4a_duration_estimator,4a_duration_estimator__d480__w12,44,1051
4a_duration_estimator,4a_duration_estimator__d480__w12,45,1238
4a_duration_estimator,4a_duration_estimator__d480__w12,46,1121
4a_duration_estimator,4a_duration_estimator__d480__w12,47,1118
4a_duration_estimator,4a_duration_estimator__d480__w12,48,967
4a_duration_estimator,4a_duration_estimator__d480__w12,49,904
4a_duration_estimator,4a_duration_estimator__d480__w12,50,2215
4a_duration_estimator,4a_duration_estimator__d480__w12,51,689
4a_duration_estimator,4a_duration_estimator__d480__w12,52,538
4a_duration_estimator,4a_duration_estimator__d480__w12,53,656
4a_duration_estimator,4a_duration_estimator__d480__w12,54,581
4a_duration_estimator,4a_duration_estimator__d480__w12,55,678
4a_duration_estimator,4a_duration_estimator__d480__w12,56,740
4a_duration_estimator,4a_duration_estimator__d480__w12,57,794
4a_duration_estimator,4a_duration_estimator__d480__w12,58,840
4a_duration_estimator,4a_duration_estimator__d480__w12,59,800
4a_duration_estimator,4a_duration_estimator__d480__w12,60,1348
4a_duration_estimator,4a_duration_estimator__d480__w12,61,1022
4a_duration_estimator,4a_duration_estimator__d480__w12,62,1086
4a_duration_estimator,4a_duration_estimator__d480__w12,63,1129
4a_duration_estimator,4a_duration_estimator__d480__w12,64,1272
4a_duration_estimator,4a_duration_estimator__d480__w12,65,1204
4a_duration_estimator,4a_duration_estimator__d480__w12,66,1086
4a_duration_estimator,4a_duration_estimator__d480__w12,67,1005
4a_duration_estimator,4a_duration_estimator__d480__w12,68,1113
4a_duration_estimator,4a_duration_estimator__d480__w12,69,1083
4a_duration_estimator,4a_duration_estimator__d480__w12,70,1271
4a_duration_estimator,4a_duration_estimator__d480__w12,71,1159
4a_duration_estimator,4a_duration_estimator__d480__w12,72,910
4a_duration_estimator,4a_duration_estimator__d480__w12,73,860
4a_duration_estimator,4a_duration_estimator__d480__w12,74,2036
4a_duration_estimator,4a_duration_estimator__d480__w12,75,587
4a_duration_estimator,4a_duration_estimator__d480__w12,76,517
4a_duration_estimator,4a_duration_estimator__d480__w12,77,555
4a_duration_estimator,4a_duration_estimator__d480__w12,78,685
4a_duration_estimator,4a_duration_estimator__d480__w12,79,645
4a_duration_estimator,4a_duration_estimator__d480__w12,80,774
4a_duration_estimator,4a_duration_estimator__d480__w12,81,815
4a_duration_estimator,4a_duration_estimator__d480__w12,82,745
4a_duration_estimator,4a_duration_estimator__d480__w12,83,783
4a_duration_estimator,4a_duration_estimator__d480__w12,84,1394
4a_duration_estimator,4a_duration_estimator__d480__w12,85,962
4a_duration_estimator,4a_duration_estimator__d480__w12,86,1085
4a_duration_estimator,4a_duration_estimator__d480__w12,87,1066
4a_duration_estimator,4a_duration_estimator__d480__w12,88,1109
4a_duration_estimator,4a_duration_estimator__d480__w12,89,1123
4a_duration_estimator,4a_duration_estimator__d480__w12,90,1126
4a_duration_estimator,4a_duration_estimator__d480__w12,91,1048
4a_duration_estimator,4a_duration_estimator__d480__w12,92,1006
4a_duration_estimator,4a_duration_estimator__d480__w12,93,1132
4a_duration_estimator,4a_duration_estimator__d480__w12,94,1122
4a_duration_estimator,4a_duration_estimator__d480__w12,95,1278
4a_duration_estimator,4a_duration_estimator__d480__w12,96,775
4a_duration_estimator,4a_duration_estimator__d480__w12,97,884
4a_duration_estimator,4a_duration_estimator__d480__w12,98,2043
4a_duration_estimator,4a_duration_estimator__d480__w12,99,573
4a_duration_estimator,4a_duration_estimator__d480__w12,100,495
4a_duration_estimator,4a_duration_estimator__d480__w12,101,554
4a_duration_estimator,4a_duration_estimator__d480__w12,102,593
4a_duration_estimator,4a_duration_estimator__d480__w12,103,622
4a_duration_estimator,4a_duration_estimator__d480__w12,104,714
4a_duration_estimator,4a_duration_estimator__d480__w12,105,737
4a_duration_estimator,4a_duration_estimator__d480__w12,106,749
4a_duration_estimator,4a_duration_estimator__d480__w12,107,733
4a_duration_estimator,4a_duration_estimator__d480__w12,108,1671
4a_duration_estimator,4a_duration_estimator__d480__w12,109,948
4a_duration_estimator,4a_duration_estimator__d480__w12,110,1013
4a_duration_estimator,4a_duration_estimator__d480__w12,111,1081
4a_duration_estimator,4a_duration_estimator__d480__w12,112,1007
4a_duration_estimator,4a_duration_estimator__d480__w12,113,1049
4a_duration_estimator,4a_duration_estimator__d480__w12,114,1026
4a_duration_estimator,4a_duration_estimator__d480__w12,115,992
4a_duration_estimator,4a_duration_estimator__d480__w12,116,934
4a_duration_estimator,4a_duration_estimator__d480__w12,117,1033
4a_duration_estimator,4a_duration_estimator__d480__w12,118,1053
4a_duration_estimator,4a_duration_estimator__d480__w12,119,840
4a_duration_estimator,4a_duration_estimator__d480__w12,120,681
4a_duration_estimator,4a_duration_estimator__d480__w12,121,644
4a_duration_estimator,4a_duration_estimator__d480__w12,122,531
4a_duration_estimator,4a_duration_estimator__d480__w12,123,1163
4a_duration_estimator,4a_duration_estimator__d480__w12,124,335
4a_duration_estimator,4a_duration_estimator__d480__w12,125,312
4a_duration_estimator,4a_duration_estimator__d480__w12,126,314
4a_duration_estimator,4a_duration_estimator__d480__w12,127,336
4a_duration_estimator,4a_duration_estimator__d480__w12,128,321
4a_duration_estimator,4a_duration_estimator__d480__w12,129,354
4a_duration_estimator,4a_duration_estimator__d480__w12,130,448
4a_duration_estimator,4a_duration_estimator__d480__w12,131,496
4a_duration_estimator,4a_duration_estimator__d480__w12,132,779
4a_duration_estimator,4a_duration_estimator__d480__w12,133,411
4a_duration_estimator,4a_duration_estimator__d480__w12,134,530
4a_duration_estimator,4a_duration_estimator__d480__w12,135,580
4a_duration_estimator,4a_duration_estimator__d480__w12,136,583
4a_duration_estimator,4a_duration_estimator__d480__w12,137,601
4a_duration_estimator,4a_duration_estimator__d480__w12,138,515
4a_duration_estimator,4a_duration_estimator__d480__w12,139,552
4a_duration_estimator,4a_duration_estimator__d480__w12,140,557
4a_duration_estimator,4a_duration_estimator__d480__w12,141,570
4a_duration_estimator,4a_duration_estimator__d480__w12,142,571
4a_duration_estimator,4a_duration_estimator__d480__w12,143,519
4a_duration_estimator,4a_duration_estimator__d480__w12,144,419
4a_duration_estimator,4a_duration_estimator__d480__w12,145,362
4a_duration_estimator,4a_duration_estimator__d480__w12,146,364
4a_duration_estimator,4a_duration_estimator__d480__w12,147,561
4a_duration_estimator,4a_duration_estimator__d480__w12,148,338
4a_duration_estimator,4a_duration_estimator__d480__w12,149,315
4a_duration_estimator,4a_duration_estimator__d480__w12,150,277
4a_duration_estimator,4a_duration_estimator__d480__w12,151,338
4a_duration_estimator,4a_duration_estimator__d480__w12,152,314
4a_duration_estimator,4a_duration_estimator__d480__w12,153,426
4a_duration_estimator,4a_duration_estimator__d480__w12,154,442
4a_duration_estimator,4a_duration_estimator__d480__w12,155,675
4a_duration_estimator,4a_duration_estimator__d480__w12,156,432
4a_duration_estimator,4a_duration_estimator__d480__w12,157,507
4a_duration_estimator,4a_duration_estimator__d480__w12,158,494
4a_duration_estimator,4a_duration_estimator__d480__w12,159,573
4a_duration_estimator,4a_duration_estimator__d480__w12,160,549
4a_duration_estimator,4a_duration_estimator__d480__w12,161,521
4a_duration_estimator,4a_duration_estimator__d480__w12,162,597
4a_duration_estimator,4a_duration_estimator__d480__w12,163,599
4a_duration_estimator,4a_duration_estimator__d480__w12,164,600
4a_duration_estimator,4a_duration_estimator__d480__w12,165,655
4a_duration_estimator,4a_duration_estimator__d480__w12,166,639
4a_duration_estimator,4a_duration_estimator__d480__w12,167,544
4a_duration_estimator,4a_duration_estimator__d960__w12,0,445
4a_duration_estimator,4a_duration_estimator__d960__w12,1,641
4a_duration_estimator,4a_duration_estimator__d960__w12,2,481
4a_duration_estimator,4a_duration_estimator__d960__w12,3,437
4a_duration_estimator,4a_duration_estimator__d960__w12,4,486
4a_duration_estimator,4a_duration_estimator__d960__w12,5,495
4a_duration_estimator,4a_duration_estimator__d960__w12,6,526
4a_duration_estimator,4a_duration_estimator__d960__w12,7,542
4a_duration_estimator,4a_duration_estimator__d960__w12,8,718
4a_duration_estimator,4a_duration_estimator__d960__w12,9,759
4a_duration_estimator,4a_duration_estimator__d960__w12,10,751
4a_duration_estimator,4a_duration_estimator__d960__w12,11,840
4a_duration_estimator,4a_duration_estimator__d960__w12,12,1192
4a_duration_estimator,4a_duration_estimator__d960__w12,13,1063
4a_duration_estimator,4a_duration_estimator__d960__w12,14,1267
4a_duration_estimator,4a_duration_estimator__d960__w12,15,1236
4a_duration_estimator,4a_duration_estimator__d960__w12,16,1162
4a_duration_estimator,4a_duration_estimator__d960__w12,17,1156
4a_duration_estimator,4a_duration_estimator__d960__w12,18,1161
4a_duration_estimator,4a_duration_estimator__d960__w12,19,1055
4a_duration_estimator,4a_duration_estimator__d960__w12,20,1086
4a_duration_estimator,4a_duration_estimator__d960__w12,21,1242
4a_duration_estimator,4a_duration_estimator__d960__w12,22,1258
4a_duration_estimator,4a_duration_estimator__d960__w12,23,1089
4a_duration_estimator,4a_duration_estimator__d960__w12,24,935
4a_duration_estimator,4a_duration_estimator__d960__w12,25,804
4a_duration_estimator,4a_duration_estimator__d960__w12,26,1370
4a_duration_estimator,4a_duration_estimator__d960__w12,27,641
4a_duration_estimator,4a_duration_estimator__d960__w12,28,610
4a_duration_estimator,4a_duration_estimator__d960__w12,29,660
4a_duration_estimator,4a_duration_estimator__d960__w12,30,675
4a_duration_estimator,4a_duration_estimator__d960__w12,31,752
4a_duration_estimator,4a_duration_estimator__d960__w12,32,802
4a_duration_estimator,4a_duration_estimator__d960__w12,33,917
4a_duration_estimator,4a_duration_estimator__d960__w12,34,858
4a_duration_estimator,4a_duration_estimator__d960__w12,35,862
4a_duration_estimator,4a_duration_estimator__d960__w12,36,1403
4a_duration_estimator,4a_duration_estimator__d960__w12,37,1052
4a_duration_estimator,4a_duration_estimator__d960__w12,38,1173
4a_duration_estimator,4a_duration_estimator__d960__w12,39,1164
4a_duration_estimator,4a_duration_estimator__d960__w12,40,1238
4a_duration_estimator,4a_duration_estimator__d960__w12,41,1375
4a_duration_estimator,4a_duration_estimator__d960__w12,42,1193
4a_duration_estimator,4a_duration_estimator__d960__w12,43,1168
4a_duration_estimator,4a_duration_estimator__d960__w12,44,1107
4a_duration_estimator,4a_duration_estimator__d960__w12,45,1302
4a_duration_estimator,4a_duration_estimator__d960__w12,46,1176
4a_duration_estimator,4a_duration_estimator__d960__w12,47,1154
4a_duration_estimator,4a_duration_estimator__d960__w12,48,997
4a_duration_estimator,4a_duration_estimator__d960__w12,49,828
4a_duration_estimator,4a_duration_estimator__d960__w12,50,1351
4a_duration_estimator,4a_duration_estimator__d960__w12,51,689
4a_duration_estimator,4a_duration_estimator__d960__w12,52,554
4a_duration_estimator,4a_duration_estimator__d960__w12,53,675
4a_duration_estimator,4a_duration_estimator__d960__w12,54,597
4a_duration_estimator,4a_duration_estimator__d960__w12,55,707
4a_duration_estimator,4a_duration_estimator__d960__w12,56,802
4a_duration_estimator,4a_duration_estimator__d960__w12,57,882
4a_duration_estimator,4a_duration_estimator__d960__w12,58,929
4a_duration_estimator,4a_duration_estimator__d960__w12,59,870
4a_duration_estimator,4a_duration_estimator__d960__w12,60,1194
4a_duration_estimator,4a_duration_estimator__d960__w12,61,1098
4a_duration_estimator,4a_duration_estimator__d960__w12,62,1154
4a_duration_estimator,4a_duration_estimator__d960__w12,63,1239
4a_duration_estimator,4a_duration_estimator__d960__w12,64,1358
4a_duration_estimator,4a_duration_estimator__d960__w12,65,1279
4a_duration_estimator,4a_duration_estimator__d960__w12,66,1160
4a_duration_estimator,4a_duration_estimator__d960__w12,67,1069
4a_duration_estimator,4a_duration_estimator__d960__w12,68,1172
4a_duration_estimator,4a_duration_estimator__d960__w12,69,1140
4a_duration_estimator,4a_duration_estimator__d960__w12,70,1226
4a_duration_estimator,4a_duration_estimator__d960__w12,71,1128
4a_duration_estimator,4a_duration_estimator__d960__w12,72,860
4a_duration_estimator,4a_duration_estimator__d960__w12,73,798
4a_duration_estimator,4a_duration_estimator__d960__w12,74,1320
4a_duration_estimator,4a_duration_estimator__d960__w12,75,587
4a_duration_estimator,4a_duration_estimator__d960__w12,76,534
4a_duration_estimator,4a_duration_estimator__d960__w12,77,581
4a_duration_estimator,4a_duration_estimator__d960__w12,78,718
4a_duration_estimator,4a_duration_estimator__d960__w12,79,674
4a_duration_estimator,4a_duration_estimator__d960__w12,80,827
4a_duration_estimator,4a_duration_estimator__d960__w12,81,886
4a_duration_estimator,4a_duration_estimator__d960__w12,82,815
4a_duration_estimator,4a_duration_estimator__d960__w12,83,857
4a_duration_estimator,4a_duration_estimator__d960__w12,84,1146
4a_duration_estimator,4a_duration_estimator__d960__w12,85,1048
4a_duration_estimator,4a_duration_estimator__d960__w12,86,1188
4a_duration_estimator,4a_duration_estimator__d960__w12,87,1162
4a_duration_estimator,4a_duration_estimator__d960__w12,88,1221
4a_duration_estimator,4a_duration_estimator__d960__w12,89,1208
4a_duration_estimator,4a_duration_estimator__d960__w12,90,1204
4a_duration_estimator,4a_duration_estimator__d960__w12,91,1099
4a_duration_estimator,4a_duration_estimator__d960__w12,92,1057
4a_duration_estimator,4a_duration_estimator__d960__w12,93,1181
4a_duration_estimator,4a_duration_estimator__d960__w12,94,1163
4a_duration_estimator,4a_duration_estimator__d960__w12,95,1209
4a_duration_estimator,4a_duration_estimator__d960__w12,96,810
4a_duration_estimator,4a_duration_estimator__d960__w12,97,814
4a_duration_estimator,4a_duration_estimator__d960__w12,98,1270
4a_duration_estimator,4a_duration_estimator__d960__w12,99,586
4a_duration_estimator,4a_duration_estimator__d960__w12,100,524
4a_duration_estimator,4a_duration_estimator__d960__w12,101,591
4a_duration_estimator,4a_duration_estimator__d960__w12,102,622
4a_duration_estimator,4a_duration_estimator__d960__w12,103,656
4a_duration_estimator,4a_duration_estimator__d960__w12,104,773
4a_duration_estimator,4a_duration_estimator__d960__w12,105,786
4a_duration_estimator,4a_duration_estimator__d960__w12,106,809
4a_duration_estimator,4a_duration_estimator__d960__w12,107,821
4a_duration_estimator,4a_duration_estimator__d960__w12,108,1273
4a_duration_estimator,4a_duration_estimator__d960__w12,109,1027
4a_duration_estimator,4a_duration_estimator__d960__w12,110,1099
4a_duration_estimator,4a_duration_estimator__d960__w12,111,1172
4a_duration_estimator,4a_duration_estimator__d960__w12,112,1091
4a_duration_estimator,4a_duration_estimator__d960__w12,113,1130
4a_duration_estimator,4a_duration_estimator__d960__w12,114,1094
4a_duration_estimator,4a_duration_estimator__d960__w12,115,1029
4a_duration_estimator,4a_duration_estimator__d960__w12,116,981
4a_duration_estimator,4a_duration_estimator__d960__w12,117,1073
4a_duration_estimator,4a_duration_estimator__d960__w12,118,1097
4a_duration_estimator,4a_duration_estimator__d960__w12,119,872
4a_duration_estimator,4a_duration_estimator__d960__w12,120,696
4a_duration_estimator,4a_duration_estimator__d960__w12,121,580
4a_duration_estimator,4a_duration_estimator__d960__w12,122,451
4a_duration_estimator,4a_duration_estimator__d960__w12,123,724
4a_duration_estimator,4a_duration_estimator__d960__w12,124,342
4a_duration_estimator,4a_duration_estimator__d960__w12,125,317
4a_duration_estimator,4a_duration_estimator__d960__w12,126,321
4a_duration_estimator,4a_duration_estimator__d960__w12,127,344
4a_duration_estimator,4a_duration_estimator__d960__w12,128,328
4a_duration_estimator,4a_duration_estimator__d960__w12,129,363
4a_duration_estimator,4a_duration_estimator__d960__w12,130,428
4a_duration_estimator,4a_duration_estimator__d960__w12,131,486
4a_duration_estimator,4a_duration_estimator__d960__w12,132,645
4a_duration_estimator,4a_duration_estimator__d960__w12,133,418
4a_duration_estimator,4a_duration_estimator__d960__w12,134,549
4a_duration_estimator,4a_duration_estimator__d960__w12,135,605
4a_duration_estimator,4a_duration_estimator__d960__w12,136,606
4a_duration_estimator,4a_duration_estimator__d960__w12,137,626
4a_duration_estimator,4a_duration_estimator__d960__w12,138,542
4a_duration_estimator,4a_duration_estimator__d960__w12,139,588
4a_duration_estimator,4a_duration_estimator__d960__w12,140,573
4a_duration_estimator,4a_duration_estimator__d960__w12,141,591
4a_duration_estimator,4a_duration_estimator__d960__w12,142,602
4a_duration_estimator,4a_duration_estimator__d960__w12,143,535
4a_duration_estimator,4a_duration_estimator__d960__w12,144,426
4a_duration_estimator,4a_duration_estimator__d960__w12,145,359
4a_duration_estimator,4a_duration_estimator__d960__w12,146,351
4a_duration_estimator,4a_duration_estimator__d960__w12,147,417
4a_duration_estimator,4a_duration_estimator__d960__w12,148,345
4a_duration_estimator,4a_duration_estimator__d960__w12,149,332
4a_duration_estimator,4a_duration_estimator__d960__w12,150,280
4a_duration_estimator,4a_duration_estimator__d960__w12,151,357
4a_duration_estimator,4a_duration_estimator__d960__w12,152,322
4a_duration_estimator,4a_duration_estimator__d960__w12,153,414
4a_duration_estimator,4a_duration_estimator__d960__w12,154,425
4a_duration_estimator,4a_duration_estimator__d960__w12,155,557
4a_duration_estimator,4a_duration_estimator__d960__w12,156,432
4a_duration_estimator,4a_duration_estimator__d960__w12,157,507
4a_duration_estimator,4a_duration_estimator__d960__w12,158,507
4a_duration_estimator,4a_duration_estimator__d960__w12,159,602
4a_duration_estimator,4a_duration_estimator__d960__w12,160,570
4a_duration_estimator,4a_duration_estimator__d960__w12,161,541
4a_duration_estimator,4a_duration_estimator__d960__w12,162,623
4a_duration_estimator,4a_duration_estimator__d960__w12,163,619
4a_duration_estimator,4a_duration_estimator__d960__w12,164,631
4a_duration_estimator,4a_duration_estimator__d960__w12,165,676
4a_duration_estimator,4a_duration_estimator__d960__w12,166,656
4a_duration_estimator,4a_duration_estimator__d960__w12,167,564
4a_duration_estimator,4a_duration_estimator__d1920__w12,0,470
4a_duration_estimator,4a_duration_estimator__d1920__w12,1,458
4a_duration_estimator,4a_duration_estimator__d1920__w12,2,481
4a_duration_estimator,4a_duration_estimator__d1920__w12,3,437
4a_duration_estimator,4a_duration_estimator__d1920__w12,4,486
4a_duration_estimator,4a_duration_estimator__d1920__w12,5,528
4a_duration_estimator,4a_duration_estimator__d1920__w12,6,543
4a_duration_estimator,4a_duration_estimator__d1920__w12,7,566
4a_duration_estimator,4a_duration_estimator__d1920__w12,8,737
4a_duration_estimator,4a_duration_estimator__d1920__w12,9,807
4a_duration_estimator,4a_duration_estimator__d1920__w12,10,781
4a_duration_estimator,4a_duration_estimator__d1920__w12,11,870
4a_duration_estimator,4a_duration_estimator__d1920__w12,12,1093
4a_duration_estimator,4a_duration_estimator__d1920__w12,13,1113
4a_duration_estimator,4a_duration_estimator__d1920__w12,14,1309
4a_duration_estimator,4a_duration_estimator__d1920__w12,15,1288
4a_duration_estimator,4a_duration_estimator__d1920__w12,16,1235
4a_duration_estimator,4a_duration_estimator__d1920__w12,17,1223
4a_duration_estimator,4a_duration_estimator__d1920__w12,18,1213
4a_duration_estimator,4a_duration_estimator__d1920__w12,19,1104
4a_duration_estimator,4a_duration_estimator__d1920__w12,20,1153
4a_duration_estimator,4a_duration_estimator__d1920__w12,21,1311
4a_duration_estimator,4a_duration_estimator__d1920__w12,22,1276
4a_duration_estimator,4a_duration_estimator__d1920__w12,23,1113
4a_duration_estimator,4a_duration_estimator__d1920__w12,24,925
4a_duration_estimator,4a_duration_estimator__d1920__w12,25,777
4a_duration_estimator,4a_duration_estimator__d1920__w12,26,742
4a_duration_estimator,4a_duration_estimator__d1920__w12,27,641
4a_duration_estimator,4a_duration_estimator__d1920__w12,28,610
4a_duration_estimator,4a_duration_estimator__d1920__w12,29,704
4a_duration_estimator,4a_duration_estimator__d1920__w12,30,706
4a_duration_estimator,4a_duration_estimator__d1920__w12,31,781
4a_duration_estimator,4a_duration_estimator__d1920__w12,32,845
4a_duration_estimator,4a_duration_estimator__d1920__w12,33,957
4a_duration_estimator,4a_duration_estimator__d1920__w12,34,894
4a_duration_estimator,4a_duration_estimator__d1920__w12,35,901
4a_duration_estimator,4a_duration_estimator__d1920__w12,36,1141
4a_duration_estimator,4a_duration_estimator__d1920__w12,37,1111
4a_duration_estimator,4a_duration_estimator__d1920__w12,38,1216
4a_duration_estimator,4a_duration_estimator__d1920__w12,39,1214
4a_duration_estimator,4a_duration_estimator__d1920__w12,40,1301
4a_duration_estimator,4a_duration_estimator__d1920__w12,41,1451
4a_duration_estimator,4a_duration_estimator__d1920__w12,42,1229
4a_duration_estimator,4a_duration_estimator__d1920__w12,43,1216
4a_duration_estimator,4a_duration_estimator__d1920__w12,44,1163
4a_duration_estimator,4a_duration_estimator__d1920__w12,45,1353
4a_duration_estimator,4a_duration_estimator__d1920__w12,46,1232
4a_duration_estimator,4a_duration_estimator__d1920__w12,47,1199
4a_duration_estimator,4a_duration_estimator__d1920__w12,48,1042
4a_duration_estimator,4a_duration_estimator__d1920__w12,49,804
4a_duration_estimator,4a_duration_estimator__d1920__w12,50,747
4a_duration_estimator,4a_duration_estimator__d1920__w12,51,689
4a_duration_estimator,4a_duration_estimator__d1920__w12,52,565
4a_duration_estimator,4a_duration_estimator__d1920__w12,53,690
4a_duration_estimator,4a_duration_estimator__d1920__w12,54,623
4a_duration_estimator,4a_duration_estimator__d1920__w12,55,741
4a_duration_estimator,4a_duration_estimator__d1920__w12,56,835
4a_duration_estimator,4a_duration_estimator__d1920__w12,57,918
4a_duration_estimator,4a_duration_estimator__d1920__w12,58,969
4a_duration_estimator,4a_duration_estimator__d1920__w12,59,904
4a_duration_estimator,4a_duration_estimator__d1920__w12,60,1076
4a_duration_estimator,4a_duration_estimator__d1920__w12,61,1145
4a_duration_estimator,4a_duration_estimator__d1920__w12,62,1192
4a_duration_estimator,4a_duration_estimator__d1920__w12,63,1287
4a_duration_estimator,4a_duration_estimator__d1920__w12,64,1427
4a_duration_estimator,4a_duration_estimator__d1920__w12,65,1340
4a_duration_estimator,4a_duration_estimator__d1920__w12,66,1219
4a_duration_estimator,4a_duration_estimator__d1920__w12,67,1123
4a_duration_estimator,4a_duration_estimator__d1920__w12,68,1226
4a_duration_estimator,4a_duration_estimator__d1920__w12,69,1184
4a_duration_estimator,4a_duration_estimator__d1920__w12,70,1249
4a_duration_estimator,4a_duration_estimator__d1920__w12,71,1156
4a_duration_estimator,4a_duration_estimator__d1920__w12,72,859
4a_duration_estimator,4a_duration_estimator__d1920__w12,73,777
4a_duration_estimator,4a_duration_estimator__d1920__w12,74,706
4a_duration_estimator,4a_duration_estimator__d1920__w12,75,587
4a_duration_estimator,4a_duration_estimator__d1920__w12,76,554
4a_duration_estimator,4a_duration_estimator__d1920__w12,77,595
4a_duration_estimator,4a_duration_estimator__d1920__w12,78,743
4a_duration_estimator,4a_duration_estimator__d1920__w12,79,708
4a_duration_estimator,4a_duration_estimator__d1920__w12,80,861
4a_duration_estimator,4a_duration_estimator__d1920__w12,81,925
4a_duration_estimator,4a_duration_estimator__d1920__w12,82,848
4a_duration_estimator,4a_duration_estimator__d1920__w12,83,882
4a_duration_estimator,4a_duration_estimator__d1920__w12,84,976
4a_duration_estimator,4a_duration_estimator__d1920__w12,85,1088
4a_duration_estimator,4a_duration_estimator__d1920__w12,86,1231
4a_duration_estimator,4a_duration_estimator__d1920__w12,87,1218
4a_duration_estimator,4a_duration_estimator__d1920__w12,88,1281
4a_duration_estimator,4a_duration_estimator__d1920__w12,89,1258
4a_duration_estimator,4a_duration_estimator__d1920__w12,90,1260
4a_duration_estimator,4a_duration_estimator__d1920__w12,91,1144
4a_duration_estimator,4a_duration_estimator__d1920__w12,92,1098
4a_duration_estimator,4a_duration_estimator__d1920__w12,93,1243
4a_duration_estimator,4a_duration_estimator__d1920__w12,94,1213
4a_duration_estimator,4a_duration_estimator__d1920__w12,95,1216
4a_duration_estimator,4a_duration_estimator__d1920__w12,96,854
4a_duration_estimator,4a_duration_estimator__d1920__w12,97,799
4a_duration_estimator,4a_duration_estimator__d1920__w12,98,677
4a_duration_estimator,4a_duration_estimator__d1920__w12,99,611
4a_duration_estimator,4a_duration_estimator__d1920__w12,100,537
4a_duration_estimator,4a_duration_estimator__d1920__w12,101,613
4a_duration_estimator,4a_duration_estimator__d1920__w12,102,651
4a_duration_estimator,4a_duration_estimator__d1920__w12,103,688
4a_duration_estimator,4a_duration_estimator__d1920__w12,104,796
4a_duration_estimator,4a_duration_estimator__d1920__w12,105,818
4a_duration_estimator,4a_duration_estimator__d1920__w12,106,857
4a_duration_estimator,4a_duration_estimator__d1920__w12,107,864
4a_duration_estimator,4a_duration_estimator__d1920__w12,108,1006
4a_duration_estimator,4a_duration_estimator__d1920__w12,109,1069
4a_duration_estimator,4a_duration_estimator__d1920__w12,110,1135
4a_duration_estimator,4a_duration_estimator__d1920__w12,111,1216
4a_duration_estimator,4a_duration_estimator__d1920__w12,112,1135
4a_duration_estimator,4a_duration_estimator__d1920__w12,113,1172
4a_duration_estimator,4a_duration_estimator__d1920__w12,114,1137
4a_duration_estimator,4a_duration_estimator__d1920__w12,115,1081
4a_duration_estimator,4a_duration_estimator__d1920__w12,116,1018
4a_duration_estimator,4a_duration_estimator__d1920__w12,117,1121
4a_duration_estimator,4a_duration_estimator__d1920__w12,118,1140
4a_duration_estimator,4a_duration_estimator__d1920__w12,119,903
4a_duration_estimator,4a_duration_estimator__d1920__w12,120,714
4a_duration_estimator,4a_duration_estimator__d1920__w12,121,557
4a_duration_estimator,4a_duration_estimator__d1920__w12,122,436
4a_duration_estimator,4a_duration_estimator__d1920__w12,123,427
4a_duration_estimator,4a_duration_estimator__d1920__w12,124,351
4a_duration_estimator,4a_duration_estimator__d1920__w12,125,326
4a_duration_estimator,4a_duration_estimator__d1920__w12,126,330
4a_duration_estimator,4a_duration_estimator__d1920__w12,127,356
4a_duration_estimator,4a_duration_estimator__d1920__w12,128,337
4a_duration_estimator,4a_duration_estimator__d1920__w12,129,377
4a_duration_estimator,4a_duration_estimator__d1920__w12,130,398
4a_duration_estimator,4a_duration_estimator__d1920__w12,131,475
4a_duration_estimator,4a_duration_estimator__d1920__w12,132,479
4a_duration_estimator,4a_duration_estimator__d1920__w12,133,434
4a_duration_estimator,4a_duration_estimator__d1920__w12,134,568
4a_duration_estimator,4a_duration_estimator__d1920__w12,135,619
4a_duration_estimator,4a_duration_estimator__d1920__w12,136,622
4a_duration_estimator,4a_duration_estimator__d1920__w12,137,653
4a_duration_estimator,4a_duration_estimator__d1920__w12,138,555
4a_duration_estimator,4a_duration_estimator__d1920__w12,139,602
4a_duration_estimator,4a_duration_estimator__d1920__w12,140,596
4a_duration_estimator,4a_duration_estimator__d1920__w12,141,608
4a_duration_estimator,4a_duration_estimator__d1920__w12,142,629
4a_duration_estimator,4a_duration_estimator__d1920__w12,143,549
4a_duration_estimator,4a_duration_estimator__d1920__w12,144,452
4a_duration_estimator,4a_duration_estimator__d1920__w12,145,355
4a_duration_estimator,4a_duration_estimator__d1920__w12,146,350
4a_duration_estimator,4a_duration_estimator__d1920__w12,147,331
4a_duration_estimator,4a_duration_estimator__d1920__w12,148,361
4a_duration_estimator,4a_duration_estimator__d1920__w12,149,345
4a_duration_estimator,4a_duration_estimator__d1920__w12,150,289
4a_duration_estimator,4a_duration_estimator__d1920__w12,151,368
4a_duration_estimator,4a_duration_estimator__d1920__w12,152,337
4a_duration_estimator,4a_duration_estimator__d1920__w12,153,408
4a_duration_estimator,4a_duration_estimator__d1920__w12,154,406
4a_duration_estimator,4a_duration_estimator__d1920__w12,155,383
4a_duration_estimator,4a_duration_estimator__d1920__w12,156,432
4a_duration_estimator,4a_duration_estimator__d1920__w12,157,507
4a_duration_estimator,4a_duration_estimator__d1920__w12,158,517
4a_duration_estimator,4a_duration_estimator__d1920__w12,159,616
4a_duration_estimator,4a_duration_estimator__d1920__w12,160,583
4a_duration_estimator,4a_duration_estimator__d1920__w12,161,552
4a_duration_estimator,4a_duration_estimator__d1920__w12,162,635
4a_duration_estimator,4a_duration_estimator__d1920__w12,163,627
4a_duration_estimator,4a_duration_estimator__d1920__w12,164,643
4a_duration_estimator,4a_duration_estimator__d1920__w12,165,703
4a_duration_estimator,4a_duration_estimator__d1920__w12,166,684
4a_duration_estimator,4a_duration_estimator__d1920__w12,167,587
4a_duration_estimator,4a_duration_estimator__d3840__w12,0,473
4a_duration_estimator,4a_duration_estimator__d3840__w12,1,446
4a_duration_estimator,4a_duration_estimator__d3840__w12,2,481
4a_duration_estimator,4a_duration_estimator__d3840__w12,3,437
4a_duration_estimator,4a_duration_estimator__d3840__w12,4,486
4a_duration_estimator,4a_duration_estimator__d3840__w12,5,530
4a_duration_estimator,4a_duration_estimator__d3840__w12,6,544
4a_duration_estimator,4a_duration_estimator__d3840__w12,7,569
4a_duration_estimator,4a_duration_estimator__d3840__w12,8,742
4a_duration_estimator,4a_duration_estimator__d3840__w12,9,817
4a_duration_estimator,4a_duration_estimator__d3840__w12,10,786
4a_duration_estimator,4a_duration_estimator__d3840__w12,11,875
4a_duration_estimator,4a_duration_estimator__d3840__w12,12,1080
4a_duration_estimator,4a_duration_estimator__d3840__w12,13,1120
4a_duration_estimator,4a_duration_estimator__d3840__w12,14,1316
4a_duration_estimator,4a_duration_estimator__d3840__w12,15,1294
4a_duration_estimator,4a_duration_estimator__d3840__w12,16,1238
4a_duration_estimator,4a_duration_estimator__d3840__w12,17,1233
4a_duration_estimator,4a_duration_estimator__d3840__w12,18,1220
4a_duration_estimator,4a_duration_estimator__d3840__w12,19,1111
4a_duration_estimator,4a_duration_estimator__d3840__w12,20,1161
4a_duration_estimator,4a_duration_estimator__d3840__w12,21,1324
4a_duration_estimator,4a_duration_estimator__d3840__w12,22,1278
4a_duration_estimator,4a_duration_estimator__d3840__w12,23,1110
4a_duration_estimator,4a_duration_estimator__d3840__w12,24,920
4a_duration_estimator,4a_duration_estimator__d3840__w12,25,775
4a_duration_estimator,4a_duration_estimator__d3840__w12,26,664
4a_duration_estimator,4a_duration_estimator__d3840__w12,27,641
4a_duration_estimator,4a_duration_estimator__d3840__w12,28,610
4a_duration_estimator,4a_duration_estimator__d3840__w12,29,706
4a_duration_estimator,4a_duration_estimator__d3840__w12,30,714
4a_duration_estimator,4a_duration_estimator__d3840__w12,31,792
4a_duration_estimator,4a_duration_estimator__d3840__w12,32,853
4a_duration_estimator,4a_duration_estimator__d3840__w12,33,970
4a_duration_estimator,4a_duration_estimator__d3840__w12,34,910
4a_duration_estimator,4a_duration_estimator__d3840__w12,35,908
4a_duration_estimator,4a_duration_estimator__d3840__w12,36,1076
4a_duration_estimator,4a_duration_estimator__d3840__w12,37,1120
4a_duration_estimator,4a_duration_estimator__d3840__w12,38,1221
4a_duration_estimator,4a_duration_estimator__d3840__w12,39,1225
4a_duration_estimator,4a_duration_estimator__d3840__w12,40,1306
4a_duration_estimator,4a_duration_estimator__d3840__w12,41,1457
4a_duration_estimator,4a_duration_estimator__d3840__w12,42,1236
4a_duration_estimator,4a_duration_estimator__d3840__w12,43,1222
4a_duration_estimator,4a_duration_estimator__d3840__w12,44,1168
4a_duration_estimator,4a_duration_estimator__d3840__w12,45,1357
4a_duration_estimator,4a_duration_estimator__d3840__w12,46,1238
4a_duration_estimator,4a_duration_estimator__d3840__w12,47,1203
4a_duration_estimator,4a_duration_estimator__d3840__w12,48,1044
4a_duration_estimator,4a_duration_estimator__d3840__w12,49,797
4a_duration_estimator,4a_duration_estimator__d3840__w12,50,684
4a_duration_estimator,4a_duration_estimator__d3840__w12,51,689
4a_duration_estimator,4a_duration_estimator__d3840__w12,52,566
4a_duration_estimator,4a_duration_estimator__d3840__w12,53,691
4a_duration_estimator,4a_duration_estimator__d3840__w12,54,624
4a_duration_estimator,4a_duration_estimator__d3840__w12,55,753
4a_duration_estimator,4a_duration_estimator__d3840__w12,56,843
4a_duration_estimator,4a_duration_estimator__d3840__w12,57,927
4a_duration_estimator,4a_duration_estimator__d3840__w12,58,974
4a_duration_estimator,4a_duration_estimator__d3840__w12,59,913
4a_duration_estimator,4a_duration_estimator__d3840__w12,60,1049
4a_duration_estimator,4a_duration_estimator__d3840__w12,61,1149
4a_duration_estimator,4a_duration_estimator__d3840__w12,62,1199
4a_duration_estimator,4a_duration_estimator__d3840__w12,63,1292
4a_duration_estimator,4a_duration_estimator__d3840__w12,64,1439
4a_duration_estimator,4a_duration_estimator__d3840__w12,65,1348
4a_duration_estimator,4a_duration_estimator__d3840__w12,66,1229
4a_duration_estimator,4a_duration_estimator__d3840__w12,67,1125
4a_duration_estimator,4a_duration_estimator__d3840__w12,68,1233
4a_duration_estimator,4a_duration_estimator__d3840__w12,69,1187
4a_duration_estimator,4a_duration_estimator__d3840__w12,70,1253
4a_duration_estimator,4a_duration_estimator__d3840__w12,71,1152
4a_duration_estimator,4a_duration_estimator__d3840__w12,72,854
4a_duration_estimator,4a_duration_estimator__d3840__w12,73,773
4a_duration_estimator,4a_duration_estimator__d3840__w12,74,638
4a_duration_estimator,4a_duration_estimator__d3840__w12,75,587
4a_duration_estimator,4a_duration_estimator__d3840__w12,76,554
4a_duration_estimator,4a_duration_estimator__d3840__w12,77,595
4a_duration_estimator,4a_duration_estimator__d3840__w12,78,751
4a_duration_estimator,4a_duration_estimator__d3840__w12,79,715
4a_duration_estimator,4a_duration_estimator__d3840__w12,80,869
4a_duration_estimator,4a_duration_estimator__d3840__w12,81,933
4a_duration_estimator,4a_duration_estimator__d3840__w12,82,855
4a_duration_estimator,4a_duration_estimator__d3840__w12,83,890
4a_duration_estimator,4a_duration_estimator__d3840__w12,84,941
4a_duration_estimator,4a_duration_estimator__d3840__w12,85,1103
4a_duration_estimator,4a_duration_estimator__d3840__w12,86,1238
4a_duration_estimator,4a_duration_estimator__d3840__w12,87,1221
4a_duration_estimator,4a_duration_estimator__d3840__w12,88,1285
4a_duration_estimator,4a_duration_estimator__d3840__w12,89,1265
4a_duration_estimator,4a_duration_estimator__d3840__w12,90,1263
4a_duration_estimator,4a_duration_estimator__d3840__w12,91,1148
4a_duration_estimator,4a_duration_estimator__d3840__w12,92,1100
4a_duration_estimator,4a_duration_estimator__d3840__w12,93,1247
4a_duration_estimator,4a_duration_estimator__d3840__w12,94,1219
4a_duration_estimator,4a_duration_estimator__d3840__w12,95,1206
4a_duration_estimator,4a_duration_estimator__d3840__w12,96,859
4a_duration_estimator,4a_duration_estimator__d3840__w12,97,784
4a_duration_estimator,4a_duration_estimator__d3840__w12,98,631
4a_duration_estimator,4a_duration_estimator__d3840__w12,99,611
4a_duration_estimator,4a_duration_estimator__d3840__w12,100,539
4a_duration_estimator,4a_duration_estimator__d3840__w12,101,617
4a_duration_estimator,4a_duration_estimator__d3840__w12,102,657
4a_duration_estimator,4a_duration_estimator__d3840__w12,103,697
4a_duration_estimator,4a_duration_estimator__d3840__w12,104,803
4a_duration_estimator,4a_duration_estimator__d3840__w12,105,822
4a_duration_estimator,4a_duration_estimator__d3840__w12,106,859
4a_duration_estimator,4a_duration_estimator__d3840__w12,107,877
4a_duration_estimator,4a_duration_estimator__d3840__w12,108,959
4a_duration_estimator,4a_duration_estimator__d3840__w12,109,1077
4a_duration_estimator,4a_duration_estimator__d3840__w12,110,1141
4a_duration_estimator,4a_duration_estimator__d3840__w12,111,1216
4a_duration_estimator,4a_duration_estimator__d3840__w12,112,1139
4a_duration_estimator,4a_duration_estimator__d3840__w12,113,1175
4a_duration_estimator,4a_duration_estimator__d3840__w12,114,1138
4a_duration_estimator,4a_duration_estimator__d3840__w12,115,1087
4a_duration_estimator,4a_duration_estimator__d3840__w12,116,1024
4a_duration_estimator,4a_duration_estimator__d3840__w12,117,1124
4a_duration_estimator,4a_duration_estimator__d3840__w12,118,1144
4a_duration_estimator,4a_duration_estimator__d3840__w12,119,905
4a_duration_estimator,4a_duration_estimator__d3840__w12,120,717
4a_duration_estimator,4a_duration_estimator__d3840__w12,121,551
4a_duration_estimator,4a_duration_estimator__d3840__w12,122,430
4a_duration_estimator,4a_duration_estimator__d3840__w12,123,406
4a_duration_estimator,4a_duration_estimator__d3840__w12,124,351
4a_duration_estimator,4a_duration_estimator__d3840__w12,125,326
4a_duration_estimator,4a_duration_estimator__d3840__w12,126,331
4a_duration_estimator,4a_duration_estimator__d3840__w12,127,356
4a_duration_estimator,4a_duration_estimator__d3840__w12,128,337
4a_duration_estimator,4a_duration_estimator__d3840__w12,129,377
4a_duration_estimator,4a_duration_estimator__d3840__w12,130,394
4a_duration_estimator,4a_duration_estimator__d3840__w12,131,473
4a_duration_estimator,4a_duration_estimator__d3840__w12,132,471
4a_duration_estimator,4a_duration_estimator__d3840__w12,133,434
4a_duration_estimator,4a_duration_estimator__d3840__w12,134,568
4a_duration_estimator,4a_duration_estimator__d3840__w12,135,619
4a_duration_estimator,4a_duration_estimator__d3840__w12,136,622
4a_duration_estimator,4a_duration_estimator__d3840__w12,137,653
4a_duration_estimator,4a_duration_estimator__d3840__w12,138,555
4a_duration_estimator,4a_duration_estimator__d3840__w12,139,602
4a_duration_estimator,4a_duration_estimator__d3840__w12,140,596
4a_duration_estimator,4a_duration_estimator__d3840__w12,141,608
4a_duration_estimator,4a_duration_estimator__d3840__w12,142,629
4a_duration_estimator,4a_duration_estimator__d3840__w12,143,549
4a_duration_estimator,4a_duration_estimator__d3840__w12,144,452
4a_duration_estimator,4a_duration_estimator__d3840__w12,145,356
4a_duration_estimator,4a_duration_estimator__d3840__w12,146,350
4a_duration_estimator,4a_duration_estimator__d3840__w12,147,332
4a_duration_estimator,4a_duration_estimator__d3840__w12,148,361
4a_duration_estimator,4a_duration_estimator__d3840__w12,149,346
4a_duration_estimator,4a_duration_estimator__d3840__w12,150,289
4a_duration_estimator,4a_duration_estimator__d3840__w12,151,369
4a_duration_estimator,4a_duration_estimator__d3840__w12,152,337
4a_duration_estimator,4a_duration_estimator__d3840__w12,153,408
4a_duration_estimator,4a_duration_estimator__d3840__w12,154,407
4a_duration_estimator,4a_duration_estimator__d3840__w12,155,378
4a_duration_estimator,4a_duration_estimator__d3840__w12,156,432
4a_duration_estimator,4a_duration_estimator__d3840__w12,157,507
4a_duration_estimator,4a_duration_estimator__d3840__w12,158,519
4a_duration_estimator,4a_duration_estimator__d3840__w12,159,616
4a_duration_estimator,4a_duration_estimator__d3840__w12,160,583
4a_duration_estimator,4a_duration_estimator__d3840__w12,161,553
4a_duration_estimator,4a_duration_estimator__d3840__w12,162,636
4a_duration_estimator,4a_duration_estimator__d3840__w12,163,628
4a_duration_estimator,4a_duration_estimator__d3840__w12,164,644
4a_duration_estimator,4a_duration_estimator__d3840__w12,165,703
4a_duration_estimator,4a_duration_estimator__d3840__w12,166,687
4a_duration_estimator,4a_duration_estimator__d3840__w12,167,587
4a_duration_estimator,4a_duration_estimator__d7680__w12,0,473
4a_duration_estimator,4a_duration_estimator__d7680__w12,1,446
4a_duration_estimator,4a_duration_estimator__d7680__w12,2,481
4a_duration_estimator,4a_duration_estimator__d7680__w12,3,437
4a_duration_estimator,4a_duration_estimator__d7680__w12,4,486
4a_duration_estimator,4a_duration_estimator__d7680__w12,5,530
4a_duration_estimator,4a_duration_estimator__d7680__w12,6,544
4a_duration_estimator,4a_duration_estimator__d7680__w12,7,569
4a_duration_estimator,4a_duration_estimator__d7680__w12,8,742
4a_duration_estimator,4a_duration_estimator__d7680__w12,9,817
4a_duration_estimator,4a_duration_estimator__d7680__w12,10,786
4a_duration_estimator,4a_duration_estimator__d7680__w12,11,875
4a_duration_estimator,4a_duration_estimator__d7680__w12,12,1080
4a_duration_estimator,4a_duration_estimator__d7680__w12,13,1120
4a_duration_estimator,4a_duration_estimator__d7680__w12,14,1316
4a_duration_estimator,4a_duration_estimator__d7680__w12,15,1294
4a_duration_estimator,4a_duration_estimator__d7680__w12,16,1238
4a_duration_estimator,4a_duration_estimator__d7680__w12,17,1233
4a_duration_estimator,4a_duration_estimator__d7680__w12,18,1220
4a_duration_estimator,4a_duration_estimator__d7680__w12,19,1111
4a_duration_estimator,4a_duration_estimator__d7680__w12,20,1161
4a_duration_estimator,4a_duration_estimator__d7680__w12,21,1325
4a_duration_estimator,4a_duration_estimator__d7680__w12,22,1278
4a_duration_estimator,4a_duration_estimator__d7680__w12,23,1110
4a_duration_estimator,4a_duration_estimator__d7680__w12,24,920
4a_duration_estimator,4a_duration_estimator__d7680__w12,25,775
4a_duration_estimator,4a_duration_estimator__d7680__w12,26,663
4a_duration_estimator,4a_duration_estimator__d7680__w12,27,641
4a_duration_estimator,4a_duration_estimator__d7680__w12,28,610
4a_duration_estimator,4a_duration_estimator__d7680__w12,29,706
4a_duration_estimator,4a_duration_estimator__d7680__w12,30,714
4a_duration_estimator,4a_duration_estimator__d7680__w12,31,792
4a_duration_estimator,4a_duration_estimator__d7680__w12,32,853
4a_duration_estimator,4a_duration_estimator__d7680__w12,33,970
4a_duration_estimator,4a_duration_estimator__d7680__w12,34,910
4a_duration_estimator,4a_duration_estimator__d7680__w12,35,908
4a_duration_estimator,4a_duration_estimator__d7680__w12,36,1076
4a_duration_estimator,4a_duration_estimator__d7680__w12,37,1120
4a_duration_estimator,4a_duration_estimator__d7680__w12,38,1221
4a_duration_estimator,4a_duration_estimator__d7680__w12,39,1225
4a_duration_estimator,4a_duration_estimator__d7680__w12,40,1306
4a_duration_estimator,4a_duration_estimator__d7680__w12,41,1457
4a_duration_estimator,4a_duration_estimator__d7680__w12,42,1236
4a_duration_estimator,4a_duration_estimator__d7680__w12,43,1222
4a_duration_estimator,4a_duration_estimator__d7680__w12,44,1168
4a_duration_estimator,4a_duration_estimator__d7680__w12,45,1357
4a_duration_estimator,4a_duration_estimator__d7680__w12,46,1238
4a_duration_estimator,4a_duration_estimator__d7680__w12,47,1203
4a_duration_estimator,4a_duration_estimator__d7680__w12,48,1044
4a_duration_estimator,4a_duration_estimator__d7680__w12,49,797
4a_duration_estimator,4a_duration_estimator__d7680__w12,50,684
4a_duration_estimator,4a_duration_estimator__d7680__w12,51,689
4a_duration_estimator,4a_duration_estimator__d7680__w12,52,566
4a_duration_estimator,4a_duration_estimator__d7680__w12,53,691
4a_duration_estimator,4a_duration_estimator__d7680__w12,54,624
4a_duration_estimator,4a_duration_estimator__d7680__w12,55,753
4a_duration_estimator,4a_duration_estimator__d7680__w12,56,843
4a_duration_estimator,4a_duration_estimator__d7680__w12,57,927
4a_duration_estimator,4a_duration_estimator__d7680__w12,58,974
4a_duration_estimator,4a_duration_estimator__d7680__w12,59,913
4a_duration_estimator,4a_duration_estimator__d7680__w12,60,1049
4a_duration_estimator,4a_duration_estimator__d7680__w12,61,1149
4a_duration_estimator,4a_duration_estimator__d7680__w12,62,1199
4a_duration_estimator,4a_duration_estimator__d7680__w12,63,1292
4a_duration_estimator,4a_duration_estimator__d7680__w12,64,1439
4a_duration_estimator,4a_duration_estimator__d7680__w12,65,1348
4a_duration_estimator,4a_duration_estimator__d7680__w12,66,1229
4a_duration_estimator,4a_duration_estimator__d7680__w12,67,1125
4a_duration_estimator,4a_duration_estimator__d7680__w12,68,1233
4a_duration_estimator,4a_duration_estimator__d7680__w12,69,1187
4a_duration_estimator,4a_duration_estimator__d7680__w12,70,1253
4a_duration_estimator,4a_duration_estimator__d7680__w12,71,1152
4a_duration_estimator,4a_duration_estimator__d7680__w12,72,854
4a_duration_estimator,4a_duration_estimator__d7680__w12,73,773
4a_duration_estimator,4a_duration_estimator__d7680__w12,74,638
4a_duration_estimator,4a_duration_estimator__d7680__w12,75,587
4a_duration_estimator,4a_duration_estimator__d7680__w12,76,554
4a_duration_estimator,4a_duration_estimator__d7680__w12,77,595
4a_duration_estimator,4a_duration_estimator__d7680__w12,78,751
4a_duration_estimator,4a_duration_estimator__d7680__w12,79,715
4a_duration_estimator,4a_duration_estimator__d7680__w12,80,869
4a_duration_estimator,4a_duration_estimator__d7680__w12,81,933
4a_duration_estimator,4a_duration_estimator__d7680__w12,82,855
4a_duration_estimator,4a_duration_estimator__d7680__w12,83,890
4a_duration_estimator,4a_duration_estimator__d7680__w12,84,941
4a_duration_estimator,4a_duration_estimator__d7680__w12,85,1103
4a_duration_estimator,4a_duration_estimator__d7680__w12,86,1238
4a_duration_estimator,4a_duration_estimator__d7680__w12,87,1221
4a_duration_estimator,4a_duration_estimator__d7680__w12,88,1285
4a_duration_estimator,4a_duration_estimator__d7680__w12,89,1265
4a_duration_estimator,4a_duration_estimator__d7680__w12,90,1263
4a_duration_estimator,4a_duration_estimator__d7680__w12,91,1148
4a_duration_estimator,4a_duration_estimator__d7680__w12,92,1100
4a_duration_estimator,4a_duration_estimator__d7680__w12,93,1247
4a_duration_estimator,4a_duration_estimator__d7680__w12,94,1219
4a_duration_estimator,4a_duration_estimator__d7680__w12,95,1206
4a_duration_estimator,4a_duration_estimator__d7680__w12,96,859
4a_duration_estimator,4a_duration_estimator__d7680__w12,97,784
4a_duration_estimator,4a_duration_estimator__d7680__w12,98,631
4a_duration_estimator,4a_duration_estimator__d7680__w12,99,611
4a_duration_estimator,4a_duration_estimator__d7680__w12,100,539
4a_duration_estimator,4a_duration_estimator__d7680__w12,101,617
4a_duration_estimator,4a_duration_estimator__d7680__w12,102,657
4a_duration_estimator,4a_duration_estimator__d7680__w12,103,697
4a_duration_estimator,4a_duration_estimator__d7680__w12,104,803
4a_duration_estimator,4a_duration_estimator__d7680__w12,105,822
4a_duration_estimator,4a_duration_estimator__d7680__w12,106,859
4a_duration_estimator,4a_duration_estimator__d7680__w12,107,877
4a_duration_estimator,4a_duration_estimator__d7680__w12,108,959
4a_duration_estimator,4a_duration_estimator__d7680__w12,109,1077
4a_duration_estimator,4a_duration_estimator__d7680__w12,110,1141
4a_duration_estimator,4a_duration_estimator__d7680__w12,111,1216
4a_duration_estimator,4a_duration_estimator__d7680__w12,112,1139
4a_duration_estimator,4a_duration_estimator__d7680__w12,113,1175
4a_duration_estimator,4a_duration_estimator__d7680__w12,114,1138
4a_duration_estimator,4a_duration_estimator__d7680__w12,115,1087
4a_duration_estimator,4a_duration_estimator__d7680__w12,116,1026
4a_duration_estimator,4a_duration_estimator__d7680__w12,117,1124
4a_duration_estimator,4a_duration_estimator__d7680__w12,118,1144
4a_duration_estimator,4a_duration_estimator__d7680__w12,119,905
4a_duration_estimator,4a_duration_estimator__d7680__w12,120,717
4a_duration_estimator,4a_duration_estimator__d7680__w12,121,551
4a_duration_estimator,4a_duration_estimator__d7680__w12,122,430
4a_duration_estimator,4a_duration_estimator__d7680__w12,123,404
4a_duration_estimator,4a_duration_estimator__d7680__w12,124,351
4a_duration_estimator,4a_duration_estimator__d7680__w12,125,326
4a_duration_estimator,4a_duration_estimator__d7680__w12,126,331
4a_duration_estimator,4a_duration_estimator__d7680__w12,127,356
4a_duration_estimator,4a_duration_estimator__d7680__w12,128,337
4a_duration_estimator,4a_duration_estimator__d7680__w12,129,377
4a_duration_estimator,4a_duration_estimator__d7680__w12,130,394
4a_duration_estimator,4a_duration_estimator__d7680__w12,131,473
4a_duration_estimator,4a_duration_estimator__d7680__w12,132,471
4a_duration_estimator,4a_duration_estimator__d7680__w12,133,434
4a_duration_estimator,4a_duration_estimator__d7680__w12,134,568
4a_duration_estimator,4a_duration_estimator__d7680__w12,135,619
4a_duration_estimator,4a_duration_estimator__d7680__w12,136,622
4a_duration_estimator,4a_duration_estimator__d7680__w12,137,653
4a_duration_estimator,4a_duration_estimator__d7680__w12,138,555
4a_duration_estimator,4a_duration_estimator__d7680__w12,139,602
4a_duration_estimator,4a_duration_estimator__d7680__w12,140,596
4a_duration_estimator,4a_duration_estimator__d7680__w12,141,608
4a_duration_estimator,4a_duration_estimator__d7680__w12,142,629
4a_duration_estimator,4a_duration_estimator__d7680__w12,143,549
4a_duration_estimator,4a_duration_estimator__d7680__w12,144,452
4a_duration_estimator,4a_duration_estimator__d7680__w12,145,356
4a_duration_estimator,4a_duration_estimator__d7680__w12,146,350
4a_duration_estimator,4a_duration_estimator__d7680__w12,147,332
4a_duration_estimator,4a_duration_estimator__d7680__w12,148,361
4a_duration_estimator,4a_duration_estimator__d7680__w12,149,346
4a_duration_estimator,4a_duration_estimator__d7680__w12,150,289
4a_duration_estimator,4a_duration_estimator__d7680__w12,151,369
4a_duration_estimator,4a_duration_estimator__d7680__w12,152,337
4a_duration_estimator,4a_duration_estimator__d7680__w12,153,408
4a_duration_estimator,4a_duration_estimator__d7680__w12,154,407
4a_duration_estimator,4a_duration_estimator__d7680__w12,155,378
4a_duration_estimator,4a_duration_estimator__d7680__w12,156,432
4a_duration_estimator,4a_duration_estimator__d7680__w12,157,507
4a_duration_estimator,4a_duration_estimator__d7680__w12,158,519
4a_duration_estimator,4a_duration_estimator__d7680__w12,159,616
4a_duration_estimator,4a_duration_estimator__d7680__w12,160,583
4a_duration_estimator,4a_duration_estimator__d7680__w12,161,553
4a_duration_estimator,4a_duration_estimator__d7680__w12,162,636
4a_duration_estimator,4a_duration_estimator__d7680__w12,163,628
4a_duration_estimator,4a_duration_estimator__d7680__w12,164,644
4a_duration_estimator,4a_duration_estimator__d7680__w12,165,703
4a_duration_estimator,4a_duration_estimator__d7680__w12,166,687
4a_duration_estimator,4a_duration_estimator__d7680__w12,167,587
4a_duration_estimator,4a_duration_estimator__d15360__w12,0,473
4a_duration_estimator,4a_duration_estimator__d15360__w12,1,446
4a_duration_estimator,4a_duration_estimator__d15360__w12,2,481
4a_duration_estimator,4a_duration_estimator__d15360__w12,3,437
4a_duration_estimator,4a_duration_estimator__d15360__w12,4,486
4a_duration_estimator,4a_duration_estimator__d15360__w12,5,530
4a_duration_estimator,4a_duration_estimator__d15360__w12,6,544
4a_duration_estimator,4a_duration_estimator__d15360__w12,7,569
4a_duration_estimator,4a_duration_estimator__d15360__w12,8,742
4a_duration_estimator,4a_duration_estimator__d15360__w12,9,817
4a_duration_estimator,4a_duration_estimator__d15360__w12,10,786
4a_duration_estimator,4a_duration_estimator__d15360__w12,11,875
4a_duration_estimator,4a_duration_estimator__d15360__w12,12,1080
4a_duration_estimator,4a_duration_estimator__d15360__w12,13,1120
4a_duration_estimator,4a_duration_estimator__d15360__w12,14,1316
4a_duration_estimator,4a_duration_estimator__d15360__w12,15,1294
4a_duration_estimator,4a_duration_estimator__d15360__w12,16,1238
4a_duration_estimator,4a_duration_estimator__d15360__w12,17,1233
4a_duration_estimator,4a_duration_estimator__d15360__w12,18,1220
4a_duration_estimator,4a_duration_estimator__d15360__w12,19,1111
4a_duration_estimator,4a_duration_estimator__d15360__w12,20,1161
4a_duration_estimator,4a_duration_estimator__d15360__w12,21,1325
4a_duration_estimator,4a_duration_estimator__d15360__w12,22,1278
4a_duration_estimator,4a_duration_estimator__d15360__w12,23,1110
4a_duration_estimator,4a_duration_estimator__d15360__w12,24,920
4a_duration_estimator,4a_duration_estimator__d15360__w12,25,775
4a_duration_estimator,4a_duration_estimator__d15360__w12,26,663
4a_duration_estimator,4a_duration_estimator__d15360__w12,27,641
4a_duration_estimator,4a_duration_estimator__d15360__w12,28,610
4a_duration_estimator,4a_duration_estimator__d15360__w12,29,706
4a_duration_estimator,4a_duration_estimator__d15360__w12,30,714
4a_duration_estimator,4a_duration_estimator__d15360__w12,31,792
4a_duration_estimator,4a_duration_estimator__d15360__w12,32,853
4a_duration_estimator,4a_duration_estimator__d15360__w12,33,970
4a_duration_estimator,4a_duration_estimator__d15360__w12,34,910
4a_duration_estimator,4a_duration_estimator__d15360__w12,35,908
4a_duration_estimator,4a_duration_estimator__d15360__w12,36,1076
4a_duration_estimator,4a_duration_estimator__d15360__w12,37,1120
4a_duration_estimator,4a_duration_estimator__d15360__w12,38,1221
4a_duration_estimator,4a_duration_estimator__d15360__w12,39,1225
4a_duration_estimator,4a_duration_estimator__d15360__w12,40,1306
4a_duration_estimator,4a_duration_estimator__d15360__w12,41,1457
4a_duration_estimator,4a_duration_estimator__d15360__w12,42,1236
4a_duration_estimator,4a_duration_estimator__d15360__w12,43,1222
4a_duration_estimator,4a_duration_estimator__d15360__w12,44,1168
4a_duration_estimator,4a_duration_estimator__d15360__w12,45,1357
4a_duration_estimator,4a_duration_estimator__d15360__w12,46,1238
4a_duration_estimator,4a_duration_estimator__d15360__w12,47,1203
4a_duration_estimator,4a_duration_estimator__d15360__w12,48,1044
4a_duration_estimator,4a_duration_estimator__d15360__w12,49,797
4a_duration_estimator,4a_duration_estimator__d15360__w12,50,684
4a_duration_estimator,4a_duration_estimator__d15360__w12,51,689
4a_duration_estimator,4a_duration_estimator__d15360__w12,52,566
4a_duration_estimator,4a_duration_estimator__d15360__w12,53,691
4a_duration_estimator,4a_duration_estimator__d15360__w12,54,624
4a_duration_estimator,4a_duration_estimator__d15360__w12,55,753
4a_duration_estimator,4a_duration_estimator__d15360__w12,56,843
4a_duration_estimator,4a_duration_estimator__d15360__w12,57,927
4a_duration_estimator,4a_duration_estimator__d15360__w12,58,974
4a_duration_estimator,4a_duration_estimator__d15360__w12,59,913
4a_duration_estimator,4a_duration_estimator__d15360__w12,60,1049
4a_duration_estimator,4a_duration_estimator__d15360__w12,61,1149
4a_duration_estimator,4a_duration_estimator__d15360__w12,62,1199
4a_duration_estimator,4a_duration_estimator__d15360__w12,63,1292
4a_duration_estimator,4a_duration_estimator__d15360__w12,64,1439
4a_duration_estimator,4a_duration_estimator__d15360__w12,65,1348
4a_duration_estimator,4a_duration_estimator__d15360__w12,66,1229
4a_duration_estimator,4a_duration_estimator__d15360__w12,67,1125
4a_duration_estimator,4a_duration_estimator__d15360__w12,68,1233
4a_duration_estimator,4a_duration_estimator__d15360__w12,69,1187
4a_duration_estimator,4a_duration_estimator__d15360__w12,70,1253
4a_duration_estimator,4a_duration_estimator__d15360__w12,71,1152
4a_duration_estimator,4a_duration_estimator__d15360__w12,72,854
4a_duration_estimator,4a_duration_estimator__d15360__w12,73,773
4a_duration_estimator,4a_duration_estimator__d15360__w12,74,638
4a_duration_estimator,4a_duration_estimator__d15360__w12,75,587
4a_duration_estimator,4a_duration_estimator__d15360__w12,76,554
4a_duration_estimator,4a_duration_estimator__d15360__w12,77,595
4a_duration_estimator,4a_duration_estimator__d15360__w12,78,751
4a_duration_estimator,4a_duration_estimator__d15360__w12,79,715
4a_duration_estimator,4a_duration_estimator__d15360__w12,80,869
4a_duration_estimator,4a_duration_estimator__d15360__w12,81,933
4a_duration_estimator,4a_duration_estimator__d15360__w12,82,855
4a_duration_estimator,4a_duration_estimator__d15360__w12,83,890
4a_duration_estimator,4a_duration_estimator__d15360__w12,84,941
4a_duration_estimator,4a_duration_estimator__d15360__w12,85,1103
4a_duration_estimator,4a_duration_estimator__d15360__w12,86,1238
4a_duration_estimator,4a_duration_estimator__d15360__w12,87,1221
4a_duration_estimator,4a_duration_estimator__d15360__w12,88,1285
4a_duration_estimator,4a_duration_estimator__d15360__w12,89,1265
4a_duration_estimator,4a_duration_estimator__d15360__w12,90,1263
4a_duration_estimator,4a_duration_estimator__d15360__w12,91,1148
4a_duration_estimator,4a_duration_estimator__d15360__w12,92,1100
4a_duration_estimator,4a_duration_estimator__d15360__w12,93,1247
4a_duration_estimator,4a_duration_estimator__d15360__w12,94,1219
4a_duration_estimator,4a_duration_estimator__d15360__w12,95,1206
4a_duration_estimator,4a_duration_estimator__d15360__w12,96,859
4a_duration_estimator,4a_duration_estimator__d15360__w12,97,784
4a_duration_estimator,4a_duration_estimator__d15360__w12,98,631
4a_duration_estimator,4a_duration_estimator__d15360__w12,99,611
4a_duration_estimator,4a_duration_estimator__d15360__w12,100,539
4a_duration_estimator,4a_duration_estimator__d15360__w12,101,617
4a_duration_estimator,4a_duration_estimator__d15360__w12,102,657
4a_duration_estimator,4a_duration_estimator__d15360__w12,103,697
4a_duration_estimator,4a_duration_estimator__d15360__w12,104,803
4a_duration_estimator,4a_duration_estimator__d15360__w12,105,822
4a_duration_estimator,4a_duration_estimator__d15360__w12,106,859
4a_duration_estimator,4a_duration_estimator__d15360__w12,107,877
4a_duration_estimator,4a_duration_estimator__d15360__w12,108,959
4a_duration_estimator,4a_duration_estimator__d15360__w12,109,1077
4a_duration_estimator,4a_duration_estimator__d15360__w12,110,1141
4a_duration_estimator,4a_duration_estimator__d15360__w12,111,1216
4a_duration_estimator,4a_duration_estimator__d15360__w12,112,1139
4a_duration_estimator,4a_duration_estimator__d15360__w12,113,1175
4a_duration_estimator,4a_duration_estimator__d15360__w12,114,1138
4a_duration_estimator,4a_duration_estimator__d15360__w12,115,1087
4a_duration_estimator,4a_duration_estimator__d15360__w12,116,1026
4a_duration_estimator,4a_duration_estimator__d15360__w12,117,1124
4a_duration_estimator,4a_duration_estimator__d15360__w12,118,1144
4a_duration_estimator,4a_duration_estimator__d15360__w12,119,905
4a_duration_estimator,4a_duration_estimator__d15360__w12,120,717
4a_duration_estimator,4a_duration_estimator__d15360__w12,121,551
4a_duration_estimator,4a_duration_estimator__d15360__w12,122,430
4a_duration_estimator,4a_duration_estimator__d15360__w12,123,404
4a_duration_estimator,4a_duration_estimator__d15360__w12,124,351
4a_duration_estimator,4a_duration_estimator__d15360__w12,125,326
4a_duration_estimator,4a_duration_estimator__d15360__w12,126,331
4a_duration_estimator,4a_duration_estimator__d15360__w12,127,356
4a_duration_estimator,4a_duration_estimator__d15360__w12,128,337
4a_duration_estimator,4a_duration_estimator__d15360__w12,129,377
4a_duration_estimator,4a_duration_estimator__d15360__w12,130,394
4a_duration_estimator,4a_duration_estimator__d15360__w12,131,473
4a_duration_estimator,4a_duration_estimator__d15360__w12,132,471
4a_duration_estimator,4a_duration_estimator__d15360__w12,133,434
4a_duration_estimator,4a_duration_estimator__d15360__w12,134,568
4a_duration_estimator,4a_duration_estimator__d15360__w12,135,619
4a_duration_estimator,4a_duration_estimator__d15360__w12,136,622
4a_duration_estimator,4a_duration_estimator__d15360__w12,137,653
4a_duration_estimator,4a_duration_estimator__d15360__w12,138,555
4a_duration_estimator,4a_duration_estimator__d15360__w12,139,602
4a_duration_estimator,4a_duration_estimator__d15360__w12,140,596
4a_duration_estimator,4a_duration_estimator__d15360__w12,141,608
4a_duration_estimator,4a_duration_estimator__d15360__w12,142,629
4a_duration_estimator,4a_duration_estimator__d15360__w12,143,549
4a_duration_estimator,4a_duration_estimator__d15360__w12,144,452
4a_duration_estimator,4a_duration_estimator__d15360__w12,145,356
4a_duration_estimator,4a_duration_estimator__d15360__w12,146,350
4a_duration_estimator,4a_duration_estimator__d15360__w12,147,332
4a_duration_estimator,4a_duration_estimator__d15360__w12,148,361
4a_duration_estimator,4a_duration_estimator__d15360__w12,149,346
4a_duration_estimator,4a_duration_estimator__d15360__w12,150,289
4a_duration_estimator,4a_duration_estimator__d15360__w12,151,369
4a_duration_estimator,4a_duration_estimator__d15360__w12,152,337
4a_duration_estimator,4a_duration_estimator__d15360__w12,153,408
4a_duration_estimator,4a_duration_estimator__d15360__w12,154,407
4a_duration_estimator,4a_duration_estimator__d15360__w12,155,378
4a_duration_estimator,4a_duration_estimator__d15360__w12,156,432
4a_duration_estimator,4a_duration_estimator__d15360__w12,157,507
4a_duration_estimator,4a_duration_estimator__d15360__w12,158,519
4a_duration_estimator,4a_duration_estimator__d15360__w12,159,616
4a_duration_estimator,4a_duration_estimator__d15360__w12,160,583
4a_duration_estimator,4a_duration_estimator__d15360__w12,161,553
4a_duration_estimator,4a_duration_estimator__d15360__w12,162,636
4a_duration_estimator,4a_duration_estimator__d15360__w12,163,628
4a_duration_estimator,4a_duration_estimator__d15360__w12,164,644
4a_duration_estimator,4a_duration_estimator__d15360__w12,165,703
4a_duration_estimator,4a_duration_estimator__d15360__w12,166,687
4a_duration_estimator,4a_duration_estimator__d15360__w12,167,587
4a_duration_estimator,4a_duration_estimator__d0__w24,0,395
4a_duration_estimator,4a_duration_estimator__d0__w24,1,1529
4a_duration_estimator,4a_duration_estimator__d0__w24,2,481
4a_duration_estimator,4a_duration_estimator__d0__w24,3,437
4a_duration_estimator,4a_duration_estimator__d0__w24,4,416
4a_duration_estimator,4a_duration_estimator__d0__w24,5,434
4a_duration_estimator,4a_duration_estimator__d0__w24,6,434
4a_duration_estimator,4a_duration_estimator__d0__w24,7,456
4a_duration_estimator,4a_duration_estimator__d0__w24,8,610
4a_duration_estimator,4a_duration_estimator__d0__w24,9,629
4a_duration_estimator,4a_duration_estimator__d0__w24,10,593
4a_duration_estimator,4a_duration_estimator__d0__w24,11,686
4a_duration_estimator,4a_duration_estimator__d0__w24,12,869
4a_duration_estimator,4a_duration_estimator__d0__w24,13,880
4a_duration_estimator,4a_duration_estimator__d0__w24,14,1060
4a_duration_estimator,4a_duration_estimator__d0__w24,15,1034
4a_duration_estimator,4a_duration_estimator__d0__w24,16,993
4a_duration_estimator,4a_duration_estimator__d0__w24,17,953
4a_duration_estimator,4a_duration_estimator__d0__w24,18,975
4a_duration_estimator,4a_duration_estimator__d0__w24,19,888
4a_duration_estimator,4a_duration_estimator__d0__w24,20,918
4a_duration_estimator,4a_duration_estimator__d0__w24,21,1047
4a_duration_estimator,4a_duration_estimator__d0__w24,22,995
4a_duration_estimator,4a_duration_estimator__d0__w24,23,881
4a_duration_estimator,4a_duration_estimator__d0__w24,24,726
4a_duration_estimator,4a_duration_estimator__d0__w24,25,630
4a_duration_estimator,4a_duration_estimator__d0__w24,26,5086
4a_duration_estimator,4a_duration_estimator__d0__w24,27,641
4a_duration_estimator,4a_duration_estimator__d0__w24,28,610
4a_duration_estimator,4a_duration_estimator__d0__w24,29,553
4a_duration_estimator,4a_duration_estimator__d0__w24,30,570
4a_duration_estimator,4a_duration_estimator__d0__w24,31,621
4a_duration_estimator,4a_duration_estimator__d0__w24,32,690
4a_duration_estimator,4a_duration_estimator__d0__w24,33,759
4a_duration_estimator,4a_duration_estimator__d0__w24,34,691
4a_duration_estimator,4a_duration_estimator__d0__w24,35,698
4a_duration_estimator,4a_duration_estimator__d0__w24,36,2347
4a_duration_estimator,4a_duration_estimator__d0__w24,37,858
4a_duration_estimator,4a_duration_estimator__d0__w24,38,957
4a_duration_estimator,4a_duration_estimator__d0__w24,39,940
4a_duration_estimator,4a_duration_estimator__d0__w24,40,1021
4a_duration_estimator,4a_duration_estimator__d0__w24,41,1120
4a_duration_estimator,4a_duration_estimator__d0__w24,42,1001
4a_duration_estimator,4a_duration_estimator__d0__w24,43,974
4a_duration_estimator,4a_duration_estimator__d0__w24,44,917
4a_duration_estimator,4a_duration_estimator__d0__w24,45,1086
4a_duration_estimator,4a_duration_estimator__d0__w24,46,965
4a_duration_estimator,4a_duration_estimator__d0__w24,47,999
4a_duration_estimator,4a_duration_estimator__d0__w24,48,815
4a_duration_estimator,4a_duration_estimator__d0__w24,49,630
4a_duration_estimator,4a_duration_estimator__d0__w24,50,3003
4a_duration_estimator,4a_duration_estimator__d0__w24,51,573
4a_duration_estimator,4a_duration_estimator__d0__w24,52,464
4a_duration_estimator,4a_duration_estimator__d0__w24,53,580
4a_duration_estimator,4a_duration_estimator__d0__w24,54,518
4a_duration_estimator,4a_duration_estimator__d0__w24,55,604
4a_duration_estimator,4a_duration_estimator__d0__w24,56,666
4a_duration_estimator,4a_duration_estimator__d0__w24,57,700
4a_duration_estimator,4a_duration_estimator__d0__w24,58,740
4a_duration_estimator,4a_duration_estimator__d0__w24,59,720
4a_duration_estimator,4a_duration_estimator__d0__w24,60,844
4a_duration_estimator,4a_duration_estimator__d0__w24,61,944
4a_duration_estimator,4a_duration_estimator__d0__w24,62,997
4a_duration_estimator,4a_duration_estimator__d0__w24,63,1022
4a_duration_estimator,4a_duration_estimator__d0__w24,64,1173
4a_duration_estimator,4a_duration_estimator__d0__w24,65,1094
4a_duration_estimator,4a_duration_estimator__d0__w24,66,978
4a_duration_estimator,4a_duration_estimator__d0__w24,67,898
4a_duration_estimator,4a_duration_estimator__d0__w24,68,1000
4a_duration_estimator,4a_duration_estimator__d0__w24,69,937
4a_duration_estimator,4a_duration_estimator__d0__w24,70,1258
4a_duration_estimator,4a_duration_estimator__d0__w24,71,1120
4a_duration_estimator,4a_duration_estimator__d0__w24,72,915
4a_duration_estimator,4a_duration_estimator__d0__w24,73,797
4a_duration_estimator,4a_duration_estimator__d0__w24,74,4701
4a_duration_estimator,4a_duration_estimator__d0__w24,75,497
4a_duration_estimator,4a_duration_estimator__d0__w24,76,467
4a_duration_estimator,4a_duration_estimator__d0__w24,77,492
4a_duration_estimator,4a_duration_estimator__d0__w24,78,592
4a_duration_estimator,4a_duration_estimator__d0__w24,79,571
4a_duration_estimator,4a_duration_estimator__d0__w24,80,690
4a_duration_estimator,4a_duration_estimator__d0__w24,81,722
4a_duration_estimator,4a_duration_estimator__d0__w24,82,665
4a_duration_estimator,4a_duration_estimator__d0__w24,83,719
4a_duration_estimator,4a_duration_estimator__d0__w24,84,782
4a_duration_estimator,4a_duration_estimator__d0__w24,85,877
4a_duration_estimator,4a_duration_estimator__d0__w24,86,976
4a_duration_estimator,4a_duration_estimator__d0__w24,87,958
4a_duration_estimator,4a_duration_estimator__d0__w24,88,1007
4a_duration_estimator,4a_duration_estimator__d0__w24,89,1021
4a_duration_estimator,4a_duration_estimator__d0__w24,90,995
4a_duration_estimator,4a_duration_estimator__d0__w24,91,959
4a_duration_estimator,4a_duration_estimator__d0__w24,92,894
4a_duration_estimator,4a_duration_estimator__d0__w24,93,1005
4a_duration_estimator,4a_duration_estimator__d0__w24,94,986
4a_duration_estimator,4a_duration_estimator__d0__w24,95,1377
4a_duration_estimator,4a_duration_estimator__d0__w24,96,687
4a_duration_estimator,4a_duration_estimator__d0__w24,97,787
4a_duration_estimator,4a_duration_estimator__d0__w24,98,4923
4a_duration_estimator,4a_duration_estimator__d0__w24,99,503
4a_duration_estimator,4a_duration_estimator__d0__w24,100,438
4a_duration_estimator,4a_duration_estimator__d0__w24,101,491
4a_duration_estimator,4a_duration_estimator__d0__w24,102,526
4a_duration_estimator,4a_duration_estimator__d0__w24,103,552
4a_duration_estimator,4a_duration_estimator__d0__w24,104,639
4a_duration_estimator,4a_duration_estimator__d0__w24,105,672
4a_duration_estimator,4a_duration_estimator__d0__w24,106,685
4a_duration_estimator,4a_duration_estimator__d0__w24,107,681
4a_duration_estimator,4a_duration_estimator__d0__w24,108,762
4a_duration_estimator,4a_duration_estimator__d0__w24,109,855
4a_duration_estimator,4a_duration_estimator__d0__w24,110,928
4a_duration_estimator,4a_duration_estimator__d0__w24,111,992
4a_duration_estimator,4a_duration_estimator__d0__w24,112,911
4a_duration_estimator,4a_duration_estimator__d0__w24,113,944
4a_duration_estimator,4a_duration_estimator__d0__w24,114,921
4a_duration_estimator,4a_duration_estimator__d0__w24,115,882
4a_duration_estimator,4a_duration_estimator__d0__w24,116,841
4a_duration_estimator,4a_duration_estimator__d0__w24,117,926
4a_duration_estimator,4a_duration_estimator__d0__w24,118,927
4a_duration_estimator,4a_duration_estimator__d0__w24,119,754
4a_duration_estimator,4a_duration_estimator__d0__w24,120,596
4a_duration_estimator,4a_duration_estimator__d0__w24,121,592
4a_duration_estimator,4a_duration_estimator__d0__w24,122,475
4a_duration_estimator,4a_duration_estimator__d0__w24,123,1268
4a_duration_estimator,4a_duration_estimator__d0__w24,124,292
4a_duration_estimator,4a_duration_estimator__d0__w24,125,271
4a_duration_estimator,4a_duration_estimator__d0__w24,126,267
4a_duration_estimator,4a_duration_estimator__d0__w24,127,287
4a_duration_estimator,4a_duration_estimator__d0__w24,128,268
4a_duration_estimator,4a_duration_estimator__d0__w24,129,302
4a_duration_estimator,4a_duration_estimator__d0__w24,130,497
4a_duration_estimator,4a_duration_estimator__d0__w24,131,573
4a_duration_estimator,4a_duration_estimator__d0__w24,132,3004
4a_duration_estimator,4a_duration_estimator__d0__w24,133,357
4a_duration_estimator,4a_duration_estimator__d0__w24,134,472
4a_duration_estimator,4a_duration_estimator__d0__w24,135,523
4a_duration_estimator,4a_duration_estimator__d0__w24,136,518
4a_duration_estimator,4a_duration_estimator__d0__w24,137,543
4a_duration_estimator,4a_duration_estimator__d0__w24,138,459
4a_duration_estimator,4a_duration_estimator__d0__w24,139,514
4a_duration_estimator,4a_duration_estimator__d0__w24,140,518
4a_duration_estimator,4a_duration_estimator__d0__w24,141,531
4a_duration_estimator,4a_duration_estimator__d0__w24,142,526
4a_duration_estimator,4a_duration_estimator__d0__w24,143,485
4a_duration_estimator,4a_duration_estimator__d0__w24,144,361
4a_duration_estimator,4a_duration_estimator__d0__w24,145,387
4a_duration_estimator,4a_duration_estimator__d0__w24,146,367
4a_duration_estimator,4a_duration_estimator__d0__w24,147,648
4a_duration_estimator,4a_duration_estimator__d0__w24,148,292
4a_duration_estimator,4a_duration_estimator__d0__w24,149,274
4a_duration_estimator,4a_duration_estimator__d0__w24,150,238
4a_duration_estimator,4a_duration_estimator__d0__w24,151,276
4a_duration_estimator,4a_duration_estimator__d0__w24,152,285
4a_duration_estimator,4a_duration_estimator__d0__w24,153,407
4a_duration_estimator,4a_duration_estimator__d0__w24,154,410
4a_duration_estimator,4a_duration_estimator__d0__w24,155,2297
4a_duration_estimator,4a_duration_estimator__d0__w24,156,432
4a_duration_estimator,4a_duration_estimator__d0__w24,157,507
4a_duration_estimator,4a_duration_estimator__d0__w24,158,439
4a_duration_estimator,4a_duration_estimator__d0__w24,159,507
4a_duration_estimator,4a_duration_estimator__d0__w24,160,475
4a_duration_estimator,4a_duration_estimator__d0__w24,161,475
4a_duration_estimator,4a_duration_estimator__d0__w24,162,546
4a_duration_estimator,4a_duration_estimator__d0__w24,163,545
4a_duration_estimator,4a_duration_estimator__d0__w24,164,548
4a_duration_estimator,4a_duration_estimator__d0__w24,165,582
4a_duration_estimator,4a_duration_estimator__d0__w24,166,551
4a_duration_estimator,4a_duration_estimator__d0__w24,167,483
4a_duration_estimator,4a_duration_estimator__d60__w24,0,398
4a_duration_estimator,4a_duration_estimator__d60__w24,1,1480
4a_duration_estimator,4a_duration_estimator__d60__w24,2,481
4a_duration_estimator,4a_duration_estimator__d60__w24,3,437
4a_duration_estimator,4a_duration_estimator__d60__w24,4,417
4a_duration_estimator,4a_duration_estimator__d60__w24,5,434
4a_duration_estimator,4a_duration_estimator__d60__w24,6,440
4a_duration_estimator,4a_duration_estimator__d60__w24,7,457
4a_duration_estimator,4a_duration_estimator__d60__w24,8,611
4a_duration_estimator,4a_duration_estimator__d60__w24,9,632
4a_duration_estimator,4a_duration_estimator__d60__w24,10,593
4a_duration_estimator,4a_duration_estimator__d60__w24,11,688
4a_duration_estimator,4a_duration_estimator__d60__w24,12,872
4a_duration_estimator,4a_duration_estimator__d60__w24,13,890
4a_duration_estimator,4a_duration_estimator__d60__w24,14,1070
4a_duration_estimator,4a_duration_estimator__d60__w24,15,1047
4a_duration_estimator,4a_duration_estimator__d60__w24,16,1005
4a_duration_estimator,4a_duration_estimator__d60__w24,17,956
4a_duration_estimator,4a_duration_estimator__d60__w24,18,981
4a_duration_estimator,4a_duration_estimator__d60__w24,19,897
4a_duration_estimator,4a_duration_estimator__d60__w24,20,929
4a_duration_estimator,4a_duration_estimator__d60__w24,21,1050
4a_duration_estimator,4a_duration_estimator__d60__w24,22,1011
4a_duration_estimator,4a_duration_estimator__d60__w24,23,882
4a_duration_estimator,4a_duration_estimator__d60__w24,24,742
4a_duration_estimator,4a_duration_estimator__d60__w24,25,637
4a_duration_estimator,4a_duration_estimator__d60__w24,26,4952
4a_duration_estimator,4a_duration_estimator__d60__w24,27,641
4a_duration_estimator,4a_duration_estimator__d60__w24,28,610
4a_duration_estimator,4a_duration_estimator__d60__w24,29,556
4a_duration_estimator,4a_duration_estimator__d60__w24,30,574
4a_duration_estimator,4a_duration_estimator__d60__w24,31,622
4a_duration_estimator,4a_duration_estimator__d60__w24,32,691
4a_duration_estimator,4a_duration_estimator__d60__w24,33,760
4a_duration_estimator,4a_duration_estimator__d60__w24,34,692
4a_duration_estimator,4a_duration_estimator__d60__w24,35,702
4a_duration_estimator,4a_duration_estimator__d60__w24,36,2332
4a_duration_estimator,4a_duration_estimator__d60__w24,37,861
4a_duration_estimator,4a_duration_estimator__d60__w24,38,970
4a_duration_estimator,4a_duration_estimator__d60__w24,39,956
4a_duration_estimator,4a_duration_estimator__d60__w24,40,1029
4a_duration_estimator,4a_duration_estimator__d60__w24,41,1127
4a_duration_estimator,4a_duration_estimator__d60__w24,42,1009
4a_duration_estimator,4a_duration_estimator__d60__w24,43,982
4a_duration_estimator,4a_duration_estimator__d60__w24,44,928
4a_duration_estimator,4a_duration_estimator__d60__w24,45,1095
4a_duration_estimator,4a_duration_estimator__d60__w24,46,977
4a_duration_estimator,4a_duration_estimator__d60__w24,47,1004
4a_duration_estimator,4a_duration_estimator__d60__w24,48,818
4a_duration_estimator,4a_duration_estimator__d60__w24,49,631
4a_duration_estimator,4a_duration_estimator__d60__w24,50,2923
4a_duration_estimator,4a_duration_estimator__d60__w24,51,581
4a_duration_estimator,4a_duration_estimator__d60__w24,52,464
4a_duration_estimator,4a_duration_estimator__d60__w24,53,583
4a_duration_estimator,4a_duration_estimator__d60__w24,54,519
4a_duration_estimator,4a_duration_estimator__d60__w24,55,608
4a_duration_estimator,4a_duration_estimator__d60__w24,56,668
4a_duration_estimator,4a_duration_estimator__d60__w24,57,701
4a_duration_estimator,4a_duration_estimator__d60__w24,58,742
4a_duration_estimator,4a_duration_estimator__d60__w24,59,725
4a_duration_estimator,4a_duration_estimator__d60__w24,60,852
4a_duration_estimator,4a_duration_estimator__d60__w24,61,954
4a_duration_estimator,4a_duration_estimator__d60__w24,62,1007
4a_duration_estimator,4a_duration_estimator__d60__w24,63,1035
4a_duration_estimator,4a_duration_estimator__d60__w24,64,1182
4a_duration_estimator,4a_duration_estimator__d60__w24,65,1096
4a_duration_estimator,4a_duration_estimator__d60__w24,66,985
4a_duration_estimator,4a_duration_estimator__d60__w24,67,906
4a_duration_estimator,4a_duration_estimator__d60__w24,68,1006
4a_duration_estimator,4a_duration_estimator__d60__w24,69,941
4a_duration_estimator,4a_duration_estimator__d60__w24,70,1251
4a_duration_estimator,4a_duration_estimator__d60__w24,71,1123
4a_duration_estimator,4a_duration_estimator__d60__w24,72,914
4a_duration_estimator,4a_duration_estimator__d60__w24,73,807
4a_duration_estimator,4a_duration_estimator__d60__w24,74,4594
4a_duration_estimator,4a_duration_estimator__d60__w24,75,504
4a_duration_estimator,4a_duration_estimator__d60__w24,76,471
4a_duration_estimator,4a_duration_estimator__d60__w24,77,494
4a_duration_estimator,4a_duration_estimator__d60__w24,78,596
4a_duration_estimator,4a_duration_estimator__d60__w24,79,571
4a_duration_estimator,4a_duration_estimator__d60__w24,80,691
4a_duration_estimator,4a_duration_estimator__d60__w24,81,726
4a_duration_estimator,4a_duration_estimator__d60__w24,82,667
4a_duration_estimator,4a_duration_estimator__d60__w24,83,721
4a_duration_estimator,4a_duration_estimator__d60__w24,84,790
4a_duration_estimator,4a_duration_estimator__d60__w24,85,883
4a_duration_estimator,4a_duration_estimator__d60__w24,86,987
4a_duration_estimator,4a_duration_estimator__d60__w24,87,985
4a_duration_estimator,4a_duration_estimator__d60__w24,88,1015
4a_duration_estimator,4a_duration_estimator__d60__w24,89,1027
4a_duration_estimator,4a_duration_estimator__d60__w24,90,1009
4a_duration_estimator,4a_duration_estimator__d60__w24,91,964
4a_duration_estimator,4a_duration_estimator__d60__w24,92,902
4a_duration_estimator,4a_duration_estimator__d60__w24,93,1012
4a_duration_estimator,4a_duration_estimator__d60__w24,94,997
4a_duration_estimator,4a_duration_estimator__d60__w24,95,1372
4a_duration_estimator,4a_duration_estimator__d60__w24,96,689
4a_duration_estimator,4a_duration_estimator__d60__w24,97,781
4a_duration_estimator,4a_duration_estimator__d60__w24,98,4777
4a_duration_estimator,4a_duration_estimator__d60__w24,99,504
4a_duration_estimator,4a_duration_estimator__d60__w24,100,443
4a_duration_estimator,4a_duration_estimator__d60__w24,101,495
4a_duration_estimator,4a_duration_estimator__d60__w24,102,526
4a_duration_estimator,4a_duration_estimator__d60__w24,103,554
4a_duration_estimator,4a_duration_estimator__d60__w24,104,639
4a_duration_estimator,4a_duration_estimator__d60__w24,105,677
4a_duration_estimator,4a_duration_estimator__d60__w24,106,686
4a_duration_estimator,4a_duration_estimator__d60__w24,107,683
4a_duration_estimator,4a_duration_estimator__d60__w24,108,764
4a_duration_estimator,4a_duration_estimator__d60__w24,109,862
4a_duration_estimator,4a_duration_estimator__d60__w24,110,940
4a_duration_estimator,4a_duration_estimator__d60__w24,111,997
4a_duration_estimator,4a_duration_estimator__d60__w24,112,924
4a_duration_estimator,4a_duration_estimator__d60__w24,113,955
4a_duration_estimator,4a_duration_estimator__d60__w24,114,927
4a_duration_estimator,4a_duration_estimator__d60__w24,115,890
4a_duration_estimator,4a_duration_estimator__d60__w24,116,846
4a_duration_estimator,4a_duration_estimator__d60__w24,117,935
4a_duration_estimator,4a_duration_estimator__d60__w24,118,936
4a_duration_estimator,4a_duration_estimator__d60__w24,119,759
4a_duration_estimator,4a_duration_estimator__d60__w24,120,601
4a_duration_estimator,4a_duration_estimator__d60__w24,121,594
4a_duration_estimator,4a_duration_estimator__d60__w24,122,478
4a_duration_estimator,4a_duration_estimator__d60__w24,123,1256
4a_duration_estimator,4a_duration_estimator__d60__w24,124,298
4a_duration_estimator,4a_duration_estimator__d60__w24,125,271
4a_duration_estimator,4a_duration_estimator__d60__w24,126,267
4a_duration_estimator,4a_duration_estimator__d60__w24,127,287
4a_duration_estimator,4a_duration_estimator__d60__w24,128,269
4a_duration_estimator,4a_duration_estimator__d60__w24,129,304
4a_duration_estimator,4a_duration_estimator__d60__w24,130,496
4a_duration_estimator,4a_duration_estimator__d60__w24,131,572
4a_duration_estimator,4a_duration_estimator__d60__w24,132,2908
4a_duration_estimator,4a_duration_estimator__d60__w24,133,363
4a_duration_estimator,4a_duration_estimator__d60__w24,134,476
4a_duration_estimator,4a_duration_estimator__d60__w24,135,528
4a_duration_estimator,4a_duration_estimator__d60__w24,136,522
4a_duration_estimator,4a_duration_estimator__d60__w24,137,544
4a_duration_estimator,4a_duration_estimator__d60__w24,138,460
4a_duration_estimator,4a_duration_estimator__d60__w24,139,517
4a_duration_estimator,4a_duration_estimator__d60__w24,140,520
4a_duration_estimator,4a_duration_estimator__d60__w24,141,531
4a_duration_estimator,4a_duration_estimator__d60__w24,142,527
4a_duration_estimator,4a_duration_estimator__d60__w24,143,488
4a_duration_estimator,4a_duration_estimator__d60__w24,144,374
4a_duration_estimator,4a_duration_estimator__d60__w24,145,385
4a_duration_estimator,4a_duration_estimator__d60__w24,146,363
4a_duration_estimator,4a_duration_estimator__d60__w24,147,642
4a_duration_estimator,4a_duration_estimator__d60__w24,148,304
4a_duration_estimator,4a_duration_estimator__d60__w24,149,280
4a_duration_estimator,4a_duration_estimator__d60__w24,150,241
4a_duration_estimator,4a_duration_estimator__d60__w24,151,282
4a_duration_estimator,4a_duration_estimator__d60__w24,152,285
4a_duration_estimator,4a_duration_estimator__d60__w24,153,405
4a_duration_estimator,4a_duration_estimator__d60__w24,154,410
4a_duration_estimator,4a_duration_estimator__d60__w24,155,2213
4a_duration_estimator,4a_duration_estimator__d60__w24,156,432
4a_duration_estimator,4a_duration_estimator__d60__w24,157,507
4a_duration_estimator,4a_duration_estimator__d60__w24,158,442
4a_duration_estimator,4a_duration_estimator__d60__w24,159,508
4a_duration_estimator,4a_duration_estimator__d60__w24,160,478
4a_duration_estimator,4a_duration_estimator__d60__w24,161,476
4a_duration_estimator,4a_duration_estimator__d60__w24,162,550
4a_duration_estimator,4a_duration_estimator__d60__w24,163,548
4a_duration_estimator,4a_duration_estimator__d60__w24,164,554
4a_duration_estimator,4a_duration_estimator__d60__w24,165,592
4a_duration_estimator,4a_duration_estimator__d60__w24,166,565
4a_duration_estimator,4a_duration_estimator__d60__w24,167,484
4a_duration_estimator,4a_duration_estimator__d120__w24,0,404
4a_duration_estimator,4a_duration_estimator__d120__w24,1,1353
4a_duration_estimator,4a_duration_estimator__d120__w24,2,481
4a_duration_estimator,4a_duration_estimator__d120__w24,3,437
4a_duration_estimator,4a_duration_estimator__d120__w24,4,424
4a_duration_estimator,4a_duration_estimator__d120__w24,5,442
4a_duration_estimator,4a_duration_estimator__d120__w24,6,449
4a_duration_estimator,4a_duration_estimator__d120__w24,7,466
4a_duration_estimator,4a_duration_estimator__d120__w24,8,616
4a_duration_estimator,4a_duration_estimator__d120__w24,9,638
4a_duration_estimator,4a_duration_estimator__d120__w24,10,601
4a_duration_estimator,4a_duration_estimator__d120__w24,11,698
4a_duration_estimator,4a_duration_estimator__d120__w24,12,877
4a_duration_estimator,4a_duration_estimator__d120__w24,13,896
4a_duration_estimator,4a_duration_estimator__d120__w24,14,1077
4a_duration_estimator,4a_duration_estimator__d120__w24,15,1061
4a_duration_estimator,4a_duration_estimator__d120__w24,16,1012
4a_duration_estimator,4a_duration_estimator__d120__w24,17,964
4a_duration_estimator,4a_duration_estimator__d120__w24,18,990
4a_duration_estimator,4a_duration_estimator__d120__w24,19,901
4a_duration_estimator,4a_duration_estimator__d120__w24,20,942
4a_duration_estimator,4a_duration_estimator__d120__w24,21,1072
4a_duration_estimator,4a_duration_estimator__d120__w24,22,1058
4a_duration_estimator,4a_duration_estimator__d120__w24,23,912
4a_duration_estimator,4a_duration_estimator__d120__w24,24,759
4a_duration_estimator,4a_duration_estimator__d120__w24,25,648
4a_duration_estimator,4a_duration_estimator__d120__w24,26,4690
4a_duration_estimator,4a_duration_estimator__d120__w24,27,641
4a_duration_estimator,4a_duration_estimator__d120__w24,28,610
4a_duration_estimator,4a_duration_estimator__d120__w24,29,560
4a_duration_estimator,4a_duration_estimator__d120__w24,30,589
4a_duration_estimator,4a_duration_estimator__d120__w24,31,641
4a_duration_estimator,4a_duration_estimator__d120__w24,32,700
4a_duration_estimator,4a_duration_estimator__d120__w24,33,766
4a_duration_estimator,4a_duration_estimator__d120__w24,34,696
4a_duration_estimator,4a_duration_estimator__d120__w24,35,706
4a_duration_estimator,4a_duration_estimator__d120__w24,36,2271
4a_duration_estimator,4a_duration_estimator__d120__w24,37,873
4a_duration_estimator,4a_duration_estimator__d120__w24,38,981
4a_duration_estimator,4a_duration_estimator__d120__w24,39,963
4a_duration_estimator,4a_duration_estimator__d120__w24,40,1042
4a_duration_estimator,4a_duration_estimator__d120__w24,41,1144
4a_duration_estimator,4a_duration_estimator__d120__w24,42,1023
4a_duration_estimator,4a_duration_estimator__d120__w24,43,990
4a_duration_estimator,4a_duration_estimator__d120__w24,44,948
4a_duration_estimator,4a_duration_estimator__d120__w24,45,1124
4a_duration_estimator,4a_duration_estimator__d120__w24,46,997
4a_duration_estimator,4a_duration_estimator__d120__w24,47,1014
4a_duration_estimator,4a_duration_estimator__d120__w24,48,842
4a_duration_estimator,4a_duration_estimator__d120__w24,49,648
4a_duration_estimator,4a_duration_estimator__d120__w24,50,2803
4a_duration_estimator,4a_duration_estimator__d120__w24,51,598
4a_duration_estimator,4a_duration_estimator__d120__w24,52,484
4a_duration_estimator,4a_duration_estimator__d120__w24,53,592
4a_duration_estimator,4a_duration_estimator__d120__w24,54,525
4a_duration_estimator,4a_duration_estimator__d120__w24,55,620
4a_duration_estimator,4a_duration_estimator__d120__w24,56,680
4a_duration_estimator,4a_duration_estimator__d120__w24,57,714
4a_duration_estimator,4a_duration_estimator__d120__w24,58,747
4a_duration_estimator,4a_duration_estimator__d120__w24,59,740
4a_duration_estimator,4a_duration_estimator__d120__w24,60,866
4a_duration_estimator,4a_duration_estimator__d120__w24,61,961
4a_duration_estimator,4a_duration_estimator__d120__w24,62,1017
4a_duration_estimator,4a_duration_estimator__d120__w24,63,1044
4a_duration_estimator,4a_duration_estimator__d120__w24,64,1193
4a_duration_estimator,4a_duration_estimator__d120__w24,65,1112
4a_duration_estimator,4a_duration_estimator__d120__w24,66,1000
4a_duration_estimator,4a_duration_estimator__d120__w24,67,925
4a_duration_estimator,4a_duration_estimator__d120__w24,68,1021
4a_duration_estimator,4a_duration_estimator__d120__w24,69,961
4a_duration_estimator,4a_duration_estimator__d120__w24,70,1253
4a_duration_estimator,4a_duration_estimator__d120__w24,71,1130
4a_duration_estimator,4a_duration_estimator__d120__w24,72,909
4a_duration_estimator,4a_duration_estimator__d120__w24,73,803
4a_duration_estimator,4a_duration_estimator__d120__w24,74,4327
4a_duration_estimator,4a_duration_estimator__d120__w24,75,509
4a_duration_estimator,4a_duration_estimator__d120__w24,76,477
4a_duration_estimator,4a_duration_estimator__d120__w24,77,497
4a_duration_estimator,4a_duration_estimator__d120__w24,78,604
4a_duration_estimator,4a_duration_estimator__d120__w24,79,575
4a_duration_estimator,4a_duration_estimator__d120__w24,80,695
4a_duration_estimator,4a_duration_estimator__d120__w24,81,733
4a_duration_estimator,4a_duration_estimator__d120__w24,82,680
4a_duration_estimator,4a_duration_estimator__d120__w24,83,734
4a_duration_estimator,4a_duration_estimator__d120__w24,84,806
4a_duration_estimator,4a_duration_estimator__d120__w24,85,889
4a_duration_estimator,4a_duration_estimator__d120__w24,86,996
4a_duration_estimator,4a_duration_estimator__d120__w24,87,994
4a_duration_estimator,4a_duration_estimator__d120__w24,88,1025
4a_duration_estimator,4a_duration_estimator__d120__w24,89,1043
4a_duration_estimator,4a_duration_estimator__d120__w24,90,1032
4a_duration_estimator,4a_duration_estimator__d120__w24,91,970
4a_duration_estimator,4a_duration_estimator__d120__w24,92,915
4a_duration_estimator,4a_duration_estimator__d120__w24,93,1031
4a_duration_estimator,4a_duration_estimator__d120__w24,94,1023
4a_duration_estimator,4a_duration_estimator__d120__w24,95,1348
4a_duration_estimator,4a_duration_estimator__d120__w24,96,698
4a_duration_estimator,4a_duration_estimator__d120__w24,97,784
4a_duration_estimator,4a_duration_estimator__d120__w24,98,4538
4a_duration_estimator,4a_duration_estimator__d120__w24,99,511
4a_duration_estimator,4a_duration_estimator__d120__w24,100,450
4a_duration_estimator,4a_duration_estimator__d120__w24,101,501
4a_duration_estimator,4a_duration_estimator__d120__w24,102,532
4a_duration_estimator,4a_duration_estimator__d120__w24,103,566
4a_duration_estimator,4a_duration_estimator__d120__w24,104,647
4a_duration_estimator,4a_duration_estimator__d120__w24,105,684
4a_duration_estimator,4a_duration_estimator__d120__w24,106,699
4a_duration_estimator,4a_duration_estimator__d120__w24,107,688
4a_duration_estimator,4a_duration_estimator__d120__w24,108,773
4a_duration_estimator,4a_duration_estimator__d120__w24,109,870
4a_duration_estimator,4a_duration_estimator__d120__w24,110,955
4a_duration_estimator,4a_duration_estimator__d120__w24,111,1014
4a_duration_estimator,4a_duration_estimator__d120__w24,112,934
4a_duration_estimator,4a_duration_estimator__d120__w24,113,975
4a_duration_estimator,4a_duration_estimator__d120__w24,114,950
4a_duration_estimator,4a_duration_estimator__d120__w24,115,916
4a_duration_estimator,4a_duration_estimator__d120__w24,116,863
4a_duration_estimator,4a_duration_estimator__d120__w24,117,943
4a_duration_estimator,4a_duration_estimator__d120__w24,118,958
4a_duration_estimator,4a_duration_estimator__d120__w24,119,773
4a_duration_estimator,4a_duration_estimator__d120__w24,120,617
4a_duration_estimator,4a_duration_estimator__d120__w24,121,590
4a_duration_estimator,4a_duration_estimator__d120__w24,122,477
4a_duration_estimator,4a_duration_estimator__d120__w24,123,1208
4a_duration_estimator,4a_duration_estimator__d120__w24,124,306
4a_duration_estimator,4a_duration_estimator__d120__w24,125,278
4a_duration_estimator,4a_duration_estimator__d120__w24,126,274
4a_duration_estimator,4a_duration_estimator__d120__w24,127,296
4a_duration_estimator,4a_duration_estimator__d120__w24,128,276
4a_duration_estimator,4a_duration_estimator__d120__w24,129,316
4a_duration_estimator,4a_duration_estimator__d120__w24,130,492
4a_duration_estimator,4a_duration_estimator__d120__w24,131,580
4a_duration_estimator,4a_duration_estimator__d120__w24,132,2711
4a_duration_estimator,4a_duration_estimator__d120__w24,133,367
4a_duration_estimator,4a_duration_estimator__d120__w24,134,479
4a_duration_estimator,4a_duration_estimator__d120__w24,135,540
4a_duration_estimator,4a_duration_estimator__d120__w24,136,529
4a_duration_estimator,4a_duration_estimator__d120__w24,137,554
4a_duration_estimator,4a_duration_estimator__d120__w24,138,478
4a_duration_estimator,4a_duration_estimator__d120__w24,139,522
4a_duration_estimator,4a_duration_estimator__d120__w24,140,525
4a_duration_estimator,4a_duration_estimator__d120__w24,141,538
4a_duration_estimator,4a_duration_estimator__d120__w24,142,541
4a_duration_estimator,4a_duration_estimator__d120__w24,143,495
4a_duration_estimator,4a_duration_estimator__d120__w24,144,389
4a_duration_estimator,4a_duration_estimator__d120__w24,145,380
4a_duration_estimator,4a_duration_estimator__d120__w24,146,358
4a_duration_estimator,4a_duration_estimator__d120__w24,147,606
4a_duration_estimator,4a_duration_estimator__d120__w24,148,309
4a_duration_estimator,4a_duration_estimator__d120__w24,149,284
4a_duration_estimator,4a_duration_estimator__d120__w24,150,243
4a_duration_estimator,4a_duration_estimator__d120__w24,151,286
4a_duration_estimator,4a_duration_estimator__d120__w24,152,288
4a_duration_estimator,4a_duration_estimator__d120__w24,153,401
4a_duration_estimator,4a_duration_estimator__d120__w24,154,407
4a_duration_estimator,4a_duration_estimator__d120__w24,155,2036
4a_duration_estimator,4a_duration_estimator__d120__w24,156,432
4a_duration_estimator,4a_duration_estimator__d120__w24,157,507
4a_duration_estimator,4a_duration_estimator__d120__w24,158,448
4a_duration_estimator,4a_duration_estimator__d120__w24,159,512
4a_duration_estimator,4a_duration_estimator__d120__w24,160,490
4a_duration_estimator,4a_duration_estimator__d120__w24,161,482
4a_duration_estimator,4a_duration_estimator__d120__w24,162,555
4a_duration_estimator,4a_duration_estimator__d120__w24,163,565
4a_duration_estimator,4a_duration_estimator__d120__w24,164,563
4a_duration_estimator,4a_duration_estimator__d120__w24,165,613
4a_duration_estimator,4a_duration_estimator__d120__w24,166,588
4a_duration_estimator,4a_duration_estimator__d120__w24,167,502
4a_duration_estimator,4a_duration_estimator__d240__w24,0,416
4a_duration_estimator,4a_duration_estimator__d240__w24,1,1210
4a_duration_estimator,4a_duration_estimator__d240__w24,2,481
4a_duration_estimator,4a_duration_estimator__d240__w24,3,437
4a_duration_estimator,4a_duration_estimator__d240__w24,4,439
4a_duration_estimator,4a_duration_estimator__d240__w24,5,450
4a_duration_estimator,4a_duration_estimator__d240__w24,6,466
4a_duration_estimator,4a_duration_estimator__d240__w24,7,476
4a_duration_estimator,4a_duration_estimator__d240__w24,8,632
4a_duration_estimator,4a_duration_estimator__d240__w24,9,654
4a_duration_estimator,4a_duration_estimator__d240__w24,10,622
4a_duration_estimator,4a_duration_estimator__d240__w24,11,711
4a_duration_estimator,4a_duration_estimator__d240__w24,12,895
4a_duration_estimator,4a_duration_estimator__d240__w24,13,936
4a_duration_estimator,4a_duration_estimator__d240__w24,14,1122
4a_duration_estimator,4a_duration_estimator__d240__w24,15,1098
4a_duration_estimator,4a_duration_estimator__d240__w24,16,1039
4a_duration_estimator,4a_duration_estimator__d240__w24,17,995
4a_duration_estimator,4a_duration_estimator__d240__w24,18,1016
4a_duration_estimator,4a_duration_estimator__d240__w24,19,923
4a_duration_estimator,4a_duration_estimator__d240__w24,20,970
4a_duration_estimator,4a_duration_estimator__d240__w24,21,1110
4a_duration_estimator,4a_duration_estimator__d240__w24,22,1100
4a_duration_estimator,4a_duration_estimator__d240__w24,23,951
4a_duration_estimator,4a_duration_estimator__d240__w24,24,816
4a_duration_estimator,4a_duration_estimator__d240__w24,25,702
4a_duration_estimator,4a_duration_estimator__d240__w24,26,4070
4a_duration_estimator,4a_duration_estimator__d240__w24,27,641
4a_duration_estimator,4a_duration_estimator__d240__w24,28,610
4a_duration_estimator,4a_duration_estimator__d240__w24,29,596
4a_duration_estimator,4a_duration_estimator__d240__w24,30,604
4a_duration_estimator,4a_duration_estimator__d240__w24,31,663
4a_duration_estimator,4a_duration_estimator__d240__w24,32,711
4a_duration_estimator,4a_duration_estimator__d240__w24,33,783
4a_duration_estimator,4a_duration_estimator__d240__w24,34,710
4a_duration_estimator,4a_duration_estimator__d240__w24,35,719
4a_duration_estimator,4a_duration_estimator__d240__w24,36,2143
4a_duration_estimator,4a_duration_estimator__d240__w24,37,894
4a_duration_estimator,4a_duration_estimator__d240__w24,38,1012
4a_duration_estimator,4a_duration_estimator__d240__w24,39,996
4a_duration_estimator,4a_duration_estimator__d240__w24,40,1078
4a_duration_estimator,4a_duration_estimator__d240__w24,41,1201
4a_duration_estimator,4a_duration_estimator__d240__w24,42,1050
4a_duration_estimator,4a_duration_estimator__d240__w24,43,1022
4a_duration_estimator,4a_duration_estimator__d240__w24,44,992
4a_duration_estimator,4a_duration_estimator__d240__w24,45,1168
4a_duration_estimator,4a_duration_estimator__d240__w24,46,1049
4a_duration_estimator,4a_duration_estimator__d240__w24,47,1045
4a_duration_estimator,4a_duration_estimator__d240__w24,48,910
4a_duration_estimator,4a_duration_estimator__d240__w24,49,697
4a_duration_estimator,4a_duration_estimator__d240__w24,50,2522
4a_duration_estimator,4a_duration_estimator__d240__w24,51,613
4a_duration_estimator,4a_duration_estimator__d240__w24,52,498
4a_duration_estimator,4a_duration_estimator__d240__w24,53,609
4a_duration_estimator,4a_duration_estimator__d240__w24,54,535
4a_duration_estimator,4a_duration_estimator__d240__w24,55,624
4a_duration_estimator,4a_duration_estimator__d240__w24,56,697
4a_duration_estimator,4a_duration_estimator__d240__w24,57,742
4a_duration_estimator,4a_duration_estimator__d240__w24,58,779
4a_duration_estimator,4a_duration_estimator__d240__w24,59,767
4a_duration_estimator,4a_duration_estimator__d240__w24,60,886
4a_duration_estimator,4a_duration_estimator__d240__w24,61,995
4a_duration_estimator,4a_duration_estimator__d240__w24,62,1042
4a_duration_estimator,4a_duration_estimator__d240__w24,63,1077
4a_duration_estimator,4a_duration_estimator__d240__w24,64,1230
4a_duration_estimator,4a_duration_estimator__d240__w24,65,1141
4a_duration_estimator,4a_duration_estimator__d240__w24,66,1031
4a_duration_estimator,4a_duration_estimator__d240__w24,67,946
4a_duration_estimator,4a_duration_estimator__d240__w24,68,1057
4a_duration_estimator,4a_duration_estimator__d240__w24,69,1013
4a_duration_estimator,4a_duration_estimator__d240__w24,70,1251
4a_duration_estimator,4a_duration_estimator__d240__w24,71,1145
4a_duration_estimator,4a_duration_estimator__d240__w24,72,889
4a_duration_estimator,4a_duration_estimator__d240__w24,73,791
4a_duration_estimator,4a_duration_estimator__d240__w24,74,3775
4a_duration_estimator,4a_duration_estimator__d240__w24,75,526
4a_duration_estimator,4a_duration_estimator__d240__w24,76,488
4a_duration_estimator,4a_duration_estimator__d240__w24,77,516
4a_duration_estimator,4a_duration_estimator__d240__w24,78,631
4a_duration_estimator,4a_duration_estimator__d240__w24,79,594
4a_duration_estimator,4a_duration_estimator__d240__w24,80,718
4a_duration_estimator,4a_duration_estimator__d240__w24,81,750
4a_duration_estimator,4a_duration_estimator__d240__w24,82,691
4a_duration_estimator,4a_duration_estimator__d240__w24,83,743
4a_duration_estimator,4a_duration_estimator__d240__w24,84,821
4a_duration_estimator,4a_duration_estimator__d240__w24,85,908
4a_duration_estimator,4a_duration_estimator__d240__w24,86,1033
4a_duration_estimator,4a_duration_estimator__d240__w24,87,1033
4a_duration_estimator,4a_duration_estimator__d240__w24,88,1055
4a_duration_estimator,4a_duration_estimator__d240__w24,89,1076
4a_duration_estimator,4a_duration_estimator__d240__w24,90,1062
4a_duration_estimator,4a_duration_estimator__d240__w24,91,1001
4a_duration_estimator,4a_duration_estimator__d240__w24,92,945
4a_duration_estimator,4a_duration_estimator__d240__w24,93,1063
4a_duration_estimator,4a_duration_estimator__d240__w24,94,1052
4a_duration_estimator,4a_duration_estimator__d240__w24,95,1298
4a_duration_estimator,4a_duration_estimator__d240__w24,96,747
4a_duration_estimator,4a_duration_estimator__d240__w24,97,785
4a_duration_estimator,4a_duration_estimator__d240__w24,98,3980
4a_duration_estimator,4a_duration_estimator__d240__w24,99,532
4a_duration_estimator,4a_duration_estimator__d240__w24,100,469
4a_duration_estimator,4a_duration_estimator__d240__w24,101,521
4a_duration_estimator,4a_duration_estimator__d240__w24,102,552
4a_duration_estimator,4a_duration_estimator__d240__w24,103,575
4a_duration_estimator,4a_duration_estimator__d240__w24,104,664
4a_duration_estimator,4a_duration_estimator__d240__w24,105,694
4a_duration_estimator,4a_duration_estimator__d240__w24,106,717
4a_duration_estimator,4a_duration_estimator__d240__w24,107,705
4a_duration_estimator,4a_duration_estimator__d240__w24,108,799
4a_duration_estimator,4a_duration_estimator__d240__w24,109,901
4a_duration_estimator,4a_duration_estimator__d240__w24,110,977
4a_duration_estimator,4a_duration_estimator__d240__w24,111,1044
4a_duration_estimator,4a_duration_estimator__d240__w24,112,969
4a_duration_estimator,4a_duration_estimator__d240__w24,113,998
4a_duration_estimator,4a_duration_estimator__d240__w24,114,979
4a_duration_estimator,4a_duration_estimator__d240__w24,115,936
4a_duration_estimator,4a_duration_estimator__d240__w24,116,884
4a_duration_estimator,4a_duration_estimator__d240__w24,117,973
4a_duration_estimator,4a_duration_estimator__d240__w24,118,990
4a_duration_estimator,4a_duration_estimator__d240__w24,119,803
4a_duration_estimator,4a_duration_estimator__d240__w24,120,653
4a_duration_estimator,4a_duration_estimator__d240__w24,121,579
4a_duration_estimator,4a_duration_estimator__d240__w24,122,461
4a_duration_estimator,4a_duration_estimator__d240__w24,123,1101
4a_duration_estimator,4a_duration_estimator__d240__w24,124,316
4a_duration_estimator,4a_duration_estimator__d240__w24,125,291
4a_duration_estimator,4a_duration_estimator__d240__w24,126,287
4a_duration_estimator,4a_duration_estimator__d240__w24,127,312
4a_duration_estimator,4a_duration_estimator__d240__w24,128,295
4a_duration_estimator,4a_duration_estimator__d240__w24,129,334
4a_duration_estimator,4a_duration_estimator__d240__w24,130,486
4a_duration_estimator,4a_duration_estimator__d240__w24,131,574
4a_duration_estimator,4a_duration_estimator__d240__w24,132,2356
4a_duration_estimator,4a_duration_estimator__d240__w24,133,391
4a_duration_estimator,4a_duration_estimator__d240__w24,134,497
4a_duration_estimator,4a_duration_estimator__d240__w24,135,559
4a_duration_estimator,4a_duration_estimator__d240__w24,136,549
4a_duration_estimator,4a_duration_estimator__d240__w24,137,577
4a_duration_estimator,4a_duration_estimator__d240__w24,138,493
4a_duration_estimator,4a_duration_estimator__d240__w24,139,541
4a_duration_estimator,4a_duration_estimator__d240__w24,140,542
4a_duration_estimator,4a_duration_estimator__d240__w24,141,559
4a_duration_estimator,4a_duration_estimator__d240__w24,142,553
4a_duration_estimator,4a_duration_estimator__d240__w24,143,505
4a_duration_estimator,4a_duration_estimator__d240__w24,144,405
4a_duration_estimator,4a_duration_estimator__d240__w24,145,372
4a_duration_estimator,4a_duration_estimator__d240__w24,146,353
4a_duration_estimator,4a_duration_estimator__d240__w24,147,534
4a_duration_estimator,4a_duration_estimator__d240__w24,148,320
4a_duration_estimator,4a_duration_estimator__d240__w24,149,296
4a_duration_estimator,4a_duration_estimator__d240__w24,150,253
4a_duration_estimator,4a_duration_estimator__d240__w24,151,297
4a_duration_estimator,4a_duration_estimator__d240__w24,152,291
4a_duration_estimator,4a_duration_estimator__d240__w24,153,395
4a_duration_estimator,4a_duration_estimator__d240__w24,154,417
4a_duration_estimator,4a_duration_estimator__d240__w24,155,1677
4a_duration_estimator,4a_duration_estimator__d240__w24,156,432
4a_duration_estimator,4a_duration_estimator__d240__w24,157,507
4a_duration_estimator,4a_duration_estimator__d240__w24,158,461
4a_duration_estimator,4a_duration_estimator__d240__w24,159,526
4a_duration_estimator,4a_duration_estimator__d240__w24,160,500
4a_duration_estimator,4a_duration_estimator__d240__w24,161,494
4a_duration_estimator,4a_duration_estimator__d240__w24,162,568
4a_duration_estimator,4a_duration_estimator__d240__w24,163,575
4a_duration_estimator,4a_duration_estimator__d240__w24,164,573
4a_duration_estimator,4a_duration_estimator__d240__w24,165,627
4a_duration_estimator,4a_duration_estimator__d240__w24,166,606
4a_duration_estimator,4a_duration_estimator__d240__w24,167,519
4a_duration_estimator,4a_duration_estimator__d480__w24,0,430
4a_duration_estimator,4a_duration_estimator__d480__w24,1,874
4a_duration_estimator,4a_duration_estimator__d480__w24,2,481
4a_duration_estimator,4a_duration_estimator__d480__w24,3,437
4a_duration_estimator,4a_duration_estimator__d480__w24,4,456
4a_duration_estimator,4a_duration_estimator__d480__w24,5,480
4a_duration_estimator,4a_duration_estimator__d480__w24,6,512
4a_duration_estimator,4a_duration_estimator__d480__w24,7,520
4a_duration_estimator,4a_duration_estimator__d480__w24,8,686
4a_duration_estimator,4a_duration_estimator__d480__w24,9,705
4a_duration_estimator,4a_duration_estimator__d480__w24,10,663
4a_duration_estimator,4a_duration_estimator__d480__w24,11,755
4a_duration_estimator,4a_duration_estimator__d480__w24,12,939
4a_duration_estimator,4a_duration_estimator__d480__w24,13,988
4a_duration_estimator,4a_duration_estimator__d480__w24,14,1167
4a_duration_estimator,4a_duration_estimator__d480__w24,15,1152
4a_duration_estimator,4a_duration_estimator__d480__w24,16,1074
4a_duration_estimator,4a_duration_estimator__d480__w24,17,1045
4a_duration_estimator,4a_duration_estimator__d480__w24,18,1071
4a_duration_estimator,4a_duration_estimator__d480__w24,19,988
4a_duration_estimator,4a_duration_estimator__d480__w24,20,1036
4a_duration_estimator,4a_duration_estimator__d480__w24,21,1172
4a_duration_estimator,4a_duration_estimator__d480__w24,22,1170
4a_duration_estimator,4a_duration_estimator__d480__w24,23,1013
4a_duration_estimator,4a_duration_estimator__d480__w24,24,850
4a_duration_estimator,4a_duration_estimator__d480__w24,25,735
4a_duration_estimator,4a_duration_estimator__d480__w24,26,3016
4a_duration_estimator,4a_duration_estimator__d480__w24,27,641
4a_duration_estimator,4a_duration_estimator__d480__w24,28,610
4a_duration_estimator,4a_duration_estimator__d480__w24,29,641
4a_duration_estimator,4a_duration_estimator__d480__w24,30,649
4a_duration_estimator,4a_duration_estimator__d480__w24,31,720
4a_duration_estimator,4a_duration_estimator__d480__w24,32,758
4a_duration_estimator,4a_duration_estimator__d480__w24,33,846
4a_duration_estimator,4a_duration_estimator__d480__w24,34,759
4a_duration_estimator,4a_duration_estimator__d480__w24,35,766
4a_duration_estimator,4a_duration_estimator__d480__w24,36,1790
4a_duration_estimator,4a_duration_estimator__d480__w24,37,956
4a_duration_estimator,4a_duration_estimator__d480__w24,38,1059
4a_duration_estimator,4a_duration_estimator__d480__w24,39,1054
4a_duration_estimator,4a_duration_estimator__d480__w24,40,1137
4a_duration_estimator,4a_duration_estimator__d480__w24,41,1269
4a_duration_estimator,4a_duration_estimator__d480__w24,42,1103
4a_duration_estimator,4a_duration_estimator__d480__w24,43,1086
4a_duration_estimator,4a_duration_estimator__d480__w24,44,1051
4a_duration_estimator,4a_duration_estimator__d480__w24,45,1238
4a_duration_estimator,4a_duration_estimator__d480__w24,46,1121
4a_duration_estimator,4a_duration_estimator__d480__w24,47,1118
4a_duration_estimator,4a_duration_estimator__d480__w24,48,967
4a_duration_estimator,4a_duration_estimator__d480__w24,49,740
4a_duration_estimator,4a_duration_estimator__d480__w24,50,2008
4a_duration_estimator,4a_duration_estimator__d480__w24,51,645
4a_duration_estimator,4a_duration_estimator__d480__w24,52,538
4a_duration_estimator,4a_duration_estimator__d480__w24,53,656
4a_duration_estimator,4a_duration_estimator__d480__w24,54,581
4a_duration_estimator,4a_duration_estimator__d480__w24,55,678
4a_duration_estimator,4a_duration_estimator__d480__w24,56,740
4a_duration_estimator,4a_duration_estimator__d480__w24,57,794
4a_duration_estimator,4a_duration_estimator__d480__w24,58,840
4a_duration_estimator,4a_duration_estimator__d480__w24,59,800
4a_duration_estimator,4a_duration_estimator__d480__w24,60,931
4a_duration_estimator,4a_duration_estimator__d480__w24,61,1022
4a_duration_estimator,4a_duration_estimator__d480__w24,62,1086
4a_duration_estimator,4a_duration_estimator__d480__w24,63,1129
4a_duration_estimator,4a_duration_estimator__d480__w24,64,1272
4a_duration_estimator,4a_duration_estimator__d480__w24,65,1204
4a_duration_estimator,4a_duration_estimator__d480__w24,66,1086
4a_duration_estimator,4a_duration_estimator__d480__w24,67,1005
4a_duration_estimator,4a_duration_estimator__d480__w24,68,1113
4a_duration_estimator,4a_duration_estimator__d480__w24,69,1083
4a_duration_estimator,4a_duration_estimator__d480__w24,70,1254
4a_duration_estimator,4a_duration_estimator__d480__w24,71,1131
4a_duration_estimator,4a_duration_estimator__d480__w24,72,869
4a_duration_estimator,4a_duration_estimator__d480__w24,73,790
4a_duration_estimator,4a_duration_estimator__d480__w24,74,2775
4a_duration_estimator,4a_duration_estimator__d480__w24,75,551
4a_duration_estimator,4a_duration_estimator__d480__w24,76,517
4a_duration_estimator,4a_duration_estimator__d480__w24,77,555
4a_duration_estimator,4a_duration_estimator__d480__w24,78,685
4a_duration_estimator,4a_duration_estimator__d480__w24,79,645
4a_duration_estimator,4a_duration_estimator__d480__w24,80,774
4a_duration_estimator,4a_duration_estimator__d480__w24,81,815
4a_duration_estimator,4a_duration_estimator__d480__w24,82,745
4a_duration_estimator,4a_duration_estimator__d480__w24,83,783
4a_duration_estimator,4a_duration_estimator__d480__w24,84,858
4a_duration_estimator,4a_duration_estimator__d480__w24,85,962
4a_duration_estimator,4a_duration_estimator__d480__w24,86,1085
4a_duration_estimator,4a_duration_estimator__d480__w24,87,1066
4a_duration_estimator,4a_duration_estimator__d480__w24,88,1109
4a_duration_estimator,4a_duration_estimator__d480__w24,89,1123
4a_duration_estimator,4a_duration_estimator__d480__w24,90,1126
4a_duration_estimator,4a_duration_estimator__d480__w24,91,1048
4a_duration_estimator,4a_duration_estimator__d480__w24,92,1006
4a_duration_estimator,4a_duration_estimator__d480__w24,93,1132
4a_duration_estimator,4a_duration_estimator__d480__w24,94,1122
4a_duration_estimator,4a_duration_estimator__d480__w24,95,1256
4a_duration_estimator,4a_duration_estimator__d480__w24,96,775
4a_duration_estimator,4a_duration_estimator__d480__w24,97,783
4a_duration_estimator,4a_duration_estimator__d480__w24,98,2904
4a_duration_estimator,4a_duration_estimator__d480__w24,99,573
4a_duration_estimator,4a_duration_estimator__d480__w24,100,495
4a_duration_estimator,4a_duration_estimator__d480__w24,101,554
4a_duration_estimator,4a_duration_estimator__d480__w24,102,593
4a_duration_estimator,4a_duration_estimator__d480__w24,103,622
4a_duration_estimator,4a_duration_estimator__d480__w24,104,714
4a_duration_estimator,4a_duration_estimator__d480__w24,105,737
4a_duration_estimator,4a_duration_estimator__d480__w24,106,749
4a_duration_estimator,4a_duration_estimator__d480__w24,107,733
4a_duration_estimator,4a_duration_estimator__d480__w24,108,830
4a_duration_estimator,4a_duration_estimator__d480__w24,109,948
4a_duration_estimator,4a_duration_estimator__d480__w24,110,1013
4a_duration_estimator,4a_duration_estimator__d480__w24,111,1081
4a_duration_estimator,4a_duration_estimator__d480__w24,112,1007
4a_duration_estimator,4a_duration_estimator__d480__w24,113,1049
4a_duration_estimator,4a_duration_estimator__d480__w24,114,1026
4a_duration_estimator,4a_duration_estimator__d480__w24,115,992
4a_duration_estimator,4a_duration_estimator__d480__w24,116,934
4a_duration_estimator,4a_duration_estimator__d480__w24,117,1033
4a_duration_estimator,4a_duration_estimator__d480__w24,118,1053
4a_duration_estimator,4a_duration_estimator__d480__w24,119,840
4a_duration_estimator,4a_duration_estimator__d480__w24,120,681
4a_duration_estimator,4a_duration_estimator__d480__w24,121,556
4a_duration_estimator,4a_duration_estimator__d480__w24,122,445
4a_duration_estimator,4a_duration_estimator__d480__w24,123,838
4a_duration_estimator,4a_duration_estimator__d480__w24,124,335
4a_duration_estimator,4a_duration_estimator__d480__w24,125,312
4a_duration_estimator,4a_duration_estimator__d480__w24,126,314
4a_duration_estimator,4a_duration_estimator__d480__w24,127,336
4a_duration_estimator,4a_duration_estimator__d480__w24,128,321
4a_duration_estimator,4a_duration_estimator__d480__w24,129,354
4a_duration_estimator,4a_duration_estimator__d480__w24,130,467
4a_duration_estimator,4a_duration_estimator__d480__w24,131,575
4a_duration_estimator,4a_duration_estimator__d480__w24,132,1797
4a_duration_estimator,4a_duration_estimator__d480__w24,133,411
4a_duration_estimator,4a_duration_estimator__d480__w24,134,530
4a_duration_estimator,4a_duration_estimator__d480__w24,135,580
4a_duration_estimator,4a_duration_estimator__d480__w24,136,583
4a_duration_estimator,4a_duration_estimator__d480__w24,137,601
4a_duration_estimator,4a_duration_estimator__d480__w24,138,515
4a_duration_estimator,4a_duration_estimator__d480__w24,139,552
4a_duration_estimator,4a_duration_estimator__d480__w24,140,557
4a_duration_estimator,4a_duration_estimator__d480__w24,141,570
4a_duration_estimator,4a_duration_estimator__d480__w24,142,571
4a_duration_estimator,4a_duration_estimator__d480__w24,143,519
4a_duration_estimator,4a_duration_estimator__d480__w24,144,419
4a_duration_estimator,4a_duration_estimator__d480__w24,145,375
4a_duration_estimator,4a_duration_estimator__d480__w24,146,353
4a_duration_estimator,4a_duration_estimator__d480__w24,147,409
4a_duration_estimator,4a_duration_estimator__d480__w24,148,338
4a_duration_estimator,4a_duration_estimator__d480__w24,149,315
4a_duration_estimator,4a_duration_estimator__d480__w24,150,277
4a_duration_estimator,4a_duration_estimator__d480__w24,151,338
4a_duration_estimator,4a_duration_estimator__d480__w24,152,314
4a_duration_estimator,4a_duration_estimator__d480__w24,153,411
4a_duration_estimator,4a_duration_estimator__d480__w24,154,421
4a_duration_estimator,4a_duration_estimator__d480__w24,155,1168
4a_duration_estimator,4a_duration_estimator__d480__w24,156,432
4a_duration_estimator,4a_duration_estimator__d480__w24,157,507
4a_duration_estimator,4a_duration_estimator__d480__w24,158,494
4a_duration_estimator,4a_duration_estimator__d480__w24,159,573
4a_duration_estimator,4a_duration_estimator__d480__w24,160,549
4a_duration_estimator,4a_duration_estimator__d480__w24,161,521
4a_duration_estimator,4a_duration_estimator__d480__w24,162,597
4a_duration_estimator,4a_duration_estimator__d480__w24,163,599
4a_duration_estimator,4a_duration_estimator__d480__w24,164,600
4a_duration_estimator,4a_duration_estimator__d480__w24,165,655
4a_duration_estimator,4a_duration_estimator__d480__w24,166,639
4a_duration_estimator,4a_duration_estimator__d480__w24,167,544
4a_duration_estimator,4a_duration_estimator__d960__w24,0,445
4a_duration_estimator,4a_duration_estimator__d960__w24,1,641
4a_duration_estimator,4a_duration_estimator__d960__w24,2,481
4a_duration_estimator,4a_duration_estimator__d960__w24,3,437
4a_duration_estimator,4a_duration_estimator__d960__w24,4,466
4a_duration_estimator,4a_duration_estimator__d960__w24,5,495
4a_duration_estimator,4a_duration_estimator__d960__w24,6,526
4a_duration_estimator,4a_duration_estimator__d960__w24,7,542
4a_duration_estimator,4a_duration_estimator__d960__w24,8,718
4a_duration_estimator,4a_duration_estimator__d960__w24,9,759
4a_duration_estimator,4a_duration_estimator__d960__w24,10,751
4a_duration_estimator,4a_duration_estimator__d960__w24,11,840
4a_duration_estimator,4a_duration_estimator__d960__w24,12,1030
4a_duration_estimator,4a_duration_estimator__d960__w24,13,1063
4a_duration_estimator,4a_duration_estimator__d960__w24,14,1267
4a_duration_estimator,4a_duration_estimator__d960__w24,15,1236
4a_duration_estimator,4a_duration_estimator__d960__w24,16,1162
4a_duration_estimator,4a_duration_estimator__d960__w24,17,1156
4a_duration_estimator,4a_duration_estimator__d960__w24,18,1161
4a_duration_estimator,4a_duration_estimator__d960__w24,19,1055
4a_duration_estimator,4a_duration_estimator__d960__w24,20,1086
4a_duration_estimator,4a_duration_estimator__d960__w24,21,1242
4a_duration_estimator,4a_duration_estimator__d960__w24,22,1223
4a_duration_estimator,4a_duration_estimator__d960__w24,23,1054
4a_duration_estimator,4a_duration_estimator__d960__w24,24,885
4a_duration_estimator,4a_duration_estimator__d960__w24,25,747
4a_duration_estimator,4a_duration_estimator__d960__w24,26,1729
4a_duration_estimator,4a_duration_estimator__d960__w24,27,641
4a_duration_estimator,4a_duration_estimator__d960__w24,28,610
4a_duration_estimator,4a_duration_estimator__d960__w24,29,660
4a_duration_estimator,4a_duration_estimator__d960__w24,30,675
4a_duration_estimator,4a_duration_estimator__d960__w24,31,752
4a_duration_estimator,4a_duration_estimator__d960__w24,32,802
4a_duration_estimator,4a_duration_estimator__d960__w24,33,917
4a_duration_estimator,4a_duration_estimator__d960__w24,34,858
4a_duration_estimator,4a_duration_estimator__d960__w24,35,862
4a_duration_estimator,4a_duration_estimator__d960__w24,36,1403
4a_duration_estimator,4a_duration_estimator__d960__w24,37,1052
4a_duration_estimator,4a_duration_estimator__d960__w24,38,1173
4a_duration_estimator,4a_duration_estimator__d960__w24,39,1164
4a_duration_estimator,4a_duration_estimator__d960__w24,40,1238
4a_duration_estimator,4a_duration_estimator__d960__w24,41,1375
4a_duration_estimator,4a_duration_estimator__d960__w24,42,1193
4a_duration_estimator,4a_duration_estimator__d960__w24,43,1168
4a_duration_estimator,4a_duration_estimator__d960__w24,44,1107
4a_duration_estimator,4a_duration_estimator__d960__w24,45,1302
4a_duration_estimator,4a_duration_estimator__d960__w24,46,1176
4a_duration_estimator,4a_duration_estimator__d960__w24,47,1154
4a_duration_estimator,4a_duration_estimator__d960__w24,48,997
4a_duration_estimator,4a_duration_estimator__d960__w24,49,760
4a_duration_estimator,4a_duration_estimator__d960__w24,50,1206
4a_duration_estimator,4a_duration_estimator__d960__w24,51,661
4a_duration_estimator,4a_duration_estimator__d960__w24,52,554
4a_duration_estimator,4a_duration_estimator__d960__w24,53,675
4a_duration_estimator,4a_duration_estimator__d960__w24,54,597
4a_duration_estimator,4a_duration_estimator__d960__w24,55,707
4a_duration_estimator,4a_duration_estimator__d960__w24,56,802
4a_duration_estimator,4a_duration_estimator__d960__w24,57,882
4a_duration_estimator,4a_duration_estimator__d960__w24,58,929
4a_duration_estimator,4a_duration_estimator__d960__w24,59,870
4a_duration_estimator,4a_duration_estimator__d960__w24,60,1007
4a_duration_estimator,4a_duration_estimator__d960__w24,61,1098
4a_duration_estimator,4a_duration_estimator__d960__w24,62,1154
4a_duration_estimator,4a_duration_estimator__d960__w24,63,1239
4a_duration_estimator,4a_duration_estimator__d960__w24,64,1358
4a_duration_estimator,4a_duration_estimator__d960__w24,65,1279
4a_duration_estimator,4a_duration_estimator__d960__w24,66,1160
4a_duration_estimator,4a_duration_estimator__d960__w24,67,1069
4a_duration_estimator,4a_duration_estimator__d960__w24,68,1172
4a_duration_estimator,4a_duration_estimator__d960__w24,69,1140
4a_duration_estimator,4a_duration_estimator__d960__w24,70,1243
4a_duration_estimator,4a_duration_estimator__d960__w24,71,1134
4a_duration_estimator,4a_duration_estimator__d960__w24,72,865
4a_duration_estimator,4a_duration_estimator__d960__w24,73,784
4a_duration_estimator,4a_duration_estimator__d960__w24,74,1586
4a_duration_estimator,4a_duration_estimator__d960__w24,75,573
4a_duration_estimator,4a_duration_estimator__d960__w24,76,534
4a_duration_estimator,4a_duration_estimator__d960__w24,77,581
4a_duration_estimator,4a_duration_estimator__d960__w24,78,718
4a_duration_estimator,4a_duration_estimator__d960__w24,79,674
4a_duration_estimator,4a_duration_estimator__d960__w24,80,827
4a_duration_estimator,4a_duration_estimator__d960__w24,81,886
4a_duration_estimator,4a_duration_estimator__d960__w24,82,815
4a_duration_estimator,4a_duration_estimator__d960__w24,83,857
4a_duration_estimator,4a_duration_estimator__d960__w24,84,909
4a_duration_estimator,4a_duration_estimator__d960__w24,85,1048
4a_duration_estimator,4a_duration_estimator__d960__w24,86,1188
4a_duration_estimator,4a_duration_estimator__d960__w24,87,1162
4a_duration_estimator,4a_duration_estimator__d960__w24,88,1221
4a_duration_estimator,4a_duration_estimator__d960__w24,89,1208
4a_duration_estimator,4a_duration_estimator__d960__w24,90,1204
4a_duration_estimator,4a_duration_estimator__d960__w24,91,1099
4a_duration_estimator,4a_duration_estimator__d960__w24,92,1057
4a_duration_estimator,4a_duration_estimator__d960__w24,93,1181
4a_duration_estimator,4a_duration_estimator__d960__w24,94,1163
4a_duration_estimator,4a_duration_estimator__d960__w24,95,1247
4a_duration_estimator,4a_duration_estimator__d960__w24,96,810
4a_duration_estimator,4a_duration_estimator__d960__w24,97,785
4a_duration_estimator,4a_duration_estimator__d960__w24,98,1609
4a_duration_estimator,4a_duration_estimator__d960__w24,99,586
4a_duration_estimator,4a_duration_estimator__d960__w24,100,524
4a_duration_estimator,4a_duration_estimator__d960__w24,101,591
4a_duration_estimator,4a_duration_estimator__d960__w24,102,622
4a_duration_estimator,4a_duration_estimator__d960__w24,103,656
4a_duration_estimator,4a_duration_estimator__d960__w24,104,773
4a_duration_estimator,4a_duration_estimator__d960__w24,105,786
4a_duration_estimator,4a_duration_estimator__d960__w24,106,809
4a_duration_estimator,4a_duration_estimator__d960__w24,107,821
4a_duration_estimator,4a_duration_estimator__d960__w24,108,911
4a_duration_estimator,4a_duration_estimator__d960__w24,109,1027
4a_duration_estimator,4a_duration_estimator__d960__w24,110,1099
4a_duration_estimator,4a_duration_estimator__d960__w24,111,1172
4a_duration_estimator,4a_duration_estimator__d960__w24,112,1091
4a_duration_estimator,4a_duration_estimator__d960__w24,113,1130
4a_duration_estimator,4a_duration_estimator__d960__w24,114,1094
4a_duration_estimator,4a_duration_estimator__d960__w24,115,1029
4a_duration_estimator,4a_duration_estimator__d960__w24,116,981
4a_duration_estimator,4a_duration_estimator__d960__w24,117,1073
4a_duration_estimator,4a_duration_estimator__d960__w24,118,1097
4a_duration_estimator,4a_duration_estimator__d960__w24,119,872
4a_duration_estimator,4a_duration_estimator__d960__w24,120,696
4a_duration_estimator,4a_duration_estimator__d960__w24,121,555
4a_duration_estimator,4a_duration_estimator__d960__w24,122,435
4a_duration_estimator,4a_duration_estimator__d960__w24,123,597
4a_duration_estimator,4a_duration_estimator__d960__w24,124,342
4a_duration_estimator,4a_duration_estimator__d960__w24,125,317
4a_duration_estimator,4a_duration_estimator__d960__w24,126,321
4a_duration_estimator,4a_duration_estimator__d960__w24,127,344
4a_duration_estimator,4a_duration_estimator__d960__w24,128,328
4a_duration_estimator,4a_duration_estimator__d960__w24,129,363
4a_duration_estimator,4a_duration_estimator__d960__w24,130,431
4a_duration_estimator,4a_duration_estimator__d960__w24,131,509
4a_duration_estimator,4a_duration_estimator__d960__w24,132,1036
4a_duration_estimator,4a_duration_estimator__d960__w24,133,418
4a_duration_estimator,4a_duration_estimator__d960__w24,134,549
4a_duration_estimator,4a_duration_estimator__d960__w24,135,605
4a_duration_estimator,4a_duration_estimator__d960__w24,136,606
4a_duration_estimator,4a_duration_estimator__d960__w24,137,626
4a_duration_estimator,4a_duration_estimator__d960__w24,138,542
4a_duration_estimator,4a_duration_estimator__d960__w24,139,588
4a_duration_estimator,4a_duration_estimator__d960__w24,140,573
4a_duration_estimator,4a_duration_estimator__d960__w24,141,591
4a_duration_estimator,4a_duration_estimator__d960__w24,142,602
4a_duration_estimator,4a_duration_estimator__d960__w24,143,535
4a_duration_estimator,4a_duration_estimator__d960__w24,144,426
4a_duration_estimator,4a_duration_estimator__d960__w24,145,364
4a_duration_estimator,4a_duration_estimator__d960__w24,146,353
4a_duration_estimator,4a_duration_estimator__d960__w24,147,374
4a_duration_estimator,4a_duration_estimator__d960__w24,148,345
4a_duration_estimator,4a_duration_estimator__d960__w24,149,332
4a_duration_estimator,4a_duration_estimator__d960__w24,150,280
4a_duration_estimator,4a_duration_estimator__d960__w24,151,357
4a_duration_estimator,4a_duration_estimator__d960__w24,152,322
4a_duration_estimator,4a_duration_estimator__d960__w24,153,411
4a_duration_estimator,4a_duration_estimator__d960__w24,154,411
4a_duration_estimator,4a_duration_estimator__d960__w24,155,774
4a_duration_estimator,4a_duration_estimator__d960__w24,156,432
4a_duration_estimator,4a_duration_estimator__d960__w24,157,507
4a_duration_estimator,4a_duration_estimator__d960__w24,158,507
4a_duration_estimator,4a_duration_estimator__d960__w24,159,602
4a_duration_estimator,4a_duration_estimator__d960__w24,160,570
4a_duration_estimator,4a_duration_estimator__d960__w24,161,541
4a_duration_estimator,4a_duration_estimator__d960__w24,162,623
4a_duration_estimator,4a_duration_estimator__d960__w24,163,619
4a_duration_estimator,4a_duration_estimator__d960__w24,164,631
4a_duration_estimator,4a_duration_estimator__d960__w24,165,676
4a_duration_estimator,4a_duration_estimator__d960__w24,166,656
4a_duration_estimator,4a_duration_estimator__d960__w24,167,564
4a_duration_estimator,4a_duration_estimator__d1920__w24,0,470
4a_duration_estimator,4a_duration_estimator__d1920__w24,1,458
4a_duration_estimator,4a_duration_estimator__d1920__w24,2,481
4a_duration_estimator,4a_duration_estimator__d1920__w24,3,437
4a_duration_estimator,4a_duration_estimator__d1920__w24,4,486
4a_duration_estimator,4a_duration_estimator__d1920__w24,5,528
4a_duration_estimator,4a_duration_estimator__d1920__w24,6,543
4a_duration_estimator,4a_duration_estimator__d1920__w24,7,566
4a_duration_estimator,4a_duration_estimator__d1920__w24,8,737
4a_duration_estimator,4a_duration_estimator__d1920__w24,9,807
4a_duration_estimator,4a_duration_estimator__d1920__w24,10,781
4a_duration_estimator,4a_duration_estimator__d1920__w24,11,870
4a_duration_estimator,4a_duration_estimator__d1920__w24,12,1072
4a_duration_estimator,4a_duration_estimator__d1920__w24,13,1113
4a_duration_estimator,4a_duration_estimator__d1920__w24,14,1309
4a_duration_estimator,4a_duration_estimator__d1920__w24,15,1288
4a_duration_estimator,4a_duration_estimator__d1920__w24,16,1235
4a_duration_estimator,4a_duration_estimator__d1920__w24,17,1223
4a_duration_estimator,4a_duration_estimator__d1920__w24,18,1213
4a_duration_estimator,4a_duration_estimator__d1920__w24,19,1104
4a_duration_estimator,4a_duration_estimator__d1920__w24,20,1153
4a_duration_estimator,4a_duration_estimator__d1920__w24,21,1311
4a_duration_estimator,4a_duration_estimator__d1920__w24,22,1271
4a_duration_estimator,4a_duration_estimator__d1920__w24,23,1108
4a_duration_estimator,4a_duration_estimator__d1920__w24,24,917
4a_duration_estimator,4a_duration_estimator__d1920__w24,25,770
4a_duration_estimator,4a_duration_estimator__d1920__w24,26,788
4a_duration_estimator,4a_duration_estimator__d1920__w24,27,641
4a_duration_estimator,4a_duration_estimator__d1920__w24,28,610
4a_duration_estimator,4a_duration_estimator__d1920__w24,29,704
4a_duration_estimator,4a_duration_estimator__d1920__w24,30,706
4a_duration_estimator,4a_duration_estimator__d1920__w24,31,781
4a_duration_estimator,4a_duration_estimator__d1920__w24,32,845
4a_duration_estimator,4a_duration_estimator__d1920__w24,33,957
4a_duration_estimator,4a_duration_estimator__d1920__w24,34,894
4a_duration_estimator,4a_duration_estimator__d1920__w24,35,901
4a_duration_estimator,4a_duration_estimator__d1920__w24,36,1141
4a_duration_estimator,4a_duration_estimator__d1920__w24,37,1111
4a_duration_estimator,4a_duration_estimator__d1920__w24,38,1216
4a_duration_estimator,4a_duration_estimator__d1920__w24,39,1214
4a_duration_estimator,4a_duration_estimator__d1920__w24,40,1301
4a_duration_estimator,4a_duration_estimator__d1920__w24,41,1451
4a_duration_estimator,4a_duration_estimator__d1920__w24,42,1229
4a_duration_estimator,4a_duration_estimator__d1920__w24,43,1216
4a_duration_estimator,4a_duration_estimator__d1920__w24,44,1163
4a_duration_estimator,4a_duration_estimator__d1920__w24,45,1353
4a_duration_estimator,4a_duration_estimator__d1920__w24,46,1232
4a_duration_estimator,4a_duration_estimator__d1920__w24,47,1199
4a_duration_estimator,4a_duration_estimator__d1920__w24,48,1042
4a_duration_estimator,4a_duration_estimator__d1920__w24,49,795
4a_duration_estimator,4a_duration_estimator__d1920__w24,50,741
4a_duration_estimator,4a_duration_estimator__d1920__w24,51,687
4a_duration_estimator,4a_duration_estimator__d1920__w24,52,565
4a_duration_estimator,4a_duration_estimator__d1920__w24,53,690
4a_duration_estimator,4a_duration_estimator__d1920__w24,54,623
4a_duration_estimator,4a_duration_estimator__d1920__w24,55,741
4a_duration_estimator,4a_duration_estimator__d1920__w24,56,835
4a_duration_estimator,4a_duration_estimator__d1920__w24,57,918
4a_duration_estimator,4a_duration_estimator__d1920__w24,58,969
4a_duration_estimator,4a_duration_estimator__d1920__w24,59,904
4a_duration_estimator,4a_duration_estimator__d1920__w24,60,1044
4a_duration_estimator,4a_duration_estimator__d1920__w24,61,1145
4a_duration_estimator,4a_duration_estimator__d1920__w24,62,1192
4a_duration_estimator,4a_duration_estimator__d1920__w24,63,1287
4a_duration_estimator,4a_duration_estimator__d1920__w24,64,1427
4a_duration_estimator,4a_duration_estimator__d1920__w24,65,1340
4a_duration_estimator,4a_duration_estimator__d1920__w24,66,1219
4a_duration_estimator,4a_duration_estimator__d1920__w24,67,1123
4a_duration_estimator,4a_duration_estimator__d1920__w24,68,1226
4a_duration_estimator,4a_duration_estimator__d1920__w24,69,1184
4a_duration_estimator,4a_duration_estimator__d1920__w24,70,1250
4a_duration_estimator,4a_duration_estimator__d1920__w24,71,1151
4a_duration_estimator,4a_duration_estimator__d1920__w24,72,856
4a_duration_estimator,4a_duration_estimator__d1920__w24,73,775
4a_duration_estimator,4a_duration_estimator__d1920__w24,74,759
4a_duration_estimator,4a_duration_estimator__d1920__w24,75,585
4a_duration_estimator,4a_duration_estimator__d1920__w24,76,554
4a_duration_estimator,4a_duration_estimator__d1920__w24,77,595
4a_duration_estimator,4a_duration_estimator__d1920__w24,78,743
4a_duration_estimator,4a_duration_estimator__d1920__w24,79,708
4a_duration_estimator,4a_duration_estimator__d1920__w24,80,861
4a_duration_estimator,4a_duration_estimator__d1920__w24,81,925
4a_duration_estimator,4a_duration_estimator__d1920__w24,82,848
4a_duration_estimator,4a_duration_estimator__d1920__w24,83,882
4a_duration_estimator,4a_duration_estimator__d1920__w24,84,938
4a_duration_estimator,4a_duration_estimator__d1920__w24,85,1088
4a_duration_estimator,4a_duration_estimator__d1920__w24,86,1231
4a_duration_estimator,4a_duration_estimator__d1920__w24,87,1218
4a_duration_estimator,4a_duration_estimator__d1920__w24,88,1281
4a_duration_estimator,4a_duration_estimator__d1920__w24,89,1258
4a_duration_estimator,4a_duration_estimator__d1920__w24,90,1260
4a_duration_estimator,4a_duration_estimator__d1920__w24,91,1144
4a_duration_estimator,4a_duration_estimator__d1920__w24,92,1098
4a_duration_estimator,4a_duration_estimator__d1920__w24,93,1243
4a_duration_estimator,4a_duration_estimator__d1920__w24,94,1213
4a_duration_estimator,4a_duration_estimator__d1920__w24,95,1210
4a_duration_estimator,4a_duration_estimator__d1920__w24,96,854
4a_duration_estimator,4a_duration_estimator__d1920__w24,97,784
4a_duration_estimator,4a_duration_estimator__d1920__w24,98,741
4a_duration_estimator,4a_duration_estimator__d1920__w24,99,611
4a_duration_estimator,4a_duration_estimator__d1920__w24,100,537
4a_duration_estimator,4a_duration_estimator__d1920__w24,101,613
4a_duration_estimator,4a_duration_estimator__d1920__w24,102,651
4a_duration_estimator,4a_duration_estimator__d1920__w24,103,688
4a_duration_estimator,4a_duration_estimator__d1920__w24,104,796
4a_duration_estimator,4a_duration_estimator__d1920__w24,105,818
4a_duration_estimator,4a_duration_estimator__d1920__w24,106,857
4a_duration_estimator,4a_duration_estimator__d1920__w24,107,864
4a_duration_estimator,4a_duration_estimator__d1920__w24,108,955
4a_duration_estimator,4a_duration_estimator__d1920__w24,109,1069
4a_duration_estimator,4a_duration_estimator__d1920__w24,110,1135
4a_duration_estimator,4a_duration_estimator__d1920__w24,111,1216
4a_duration_estimator,4a_duration_estimator__d1920__w24,112,1135
4a_duration_estimator,4a_duration_estimator__d1920__w24,113,1172
4a_duration_estimator,4a_duration_estimator__d1920__w24,114,1137
4a_duration_estimator,4a_duration_estimator__d1920__w24,115,1081
4a_duration_estimator,4a_duration_estimator__d1920__w24,116,1018
4a_duration_estimator,4a_duration_estimator__d1920__w24,117,1121
4a_duration_estimator,4a_duration_estimator__d1920__w24,118,1140
4a_duration_estimator,4a_duration_estimator__d1920__w24,119,903
4a_duration_estimator,4a_duration_estimator__d1920__w24,120,714
4a_duration_estimator,4a_duration_estimator__d1920__w24,121,549
4a_duration_estimator,4a_duration_estimator__d1920__w24,122,432
4a_duration_estimator,4a_duration_estimator__d1920__w24,123,434
4a_duration_estimator,4a_duration_estimator__d1920__w24,124,351
4a_duration_estimator,4a_duration_estimator__d1920__w24,125,326
4a_duration_estimator,4a_duration_estimator__d1920__w24,126,330
4a_duration_estimator,4a_duration_estimator__d1920__w24,127,356
4a_duration_estimator,4a_duration_estimator__d1920__w24,128,337
4a_duration_estimator,4a_duration_estimator__d1920__w24,129,377
4a_duration_estimator,4a_duration_estimator__d1920__w24,130,396
4a_duration_estimator,4a_duration_estimator__d1920__w24,131,486
4a_duration_estimator,4a_duration_estimator__d1920__w24,132,522
4a_duration_estimator,4a_duration_estimator__d1920__w24,133,434
4a_duration_estimator,4a_duration_estimator__d1920__w24,134,568
4a_duration_estimator,4a_duration_estimator__d1920__w24,135,619
4a_duration_estimator,4a_duration_estimator__d1920__w24,136,622
4a_duration_estimator,4a_duration_estimator__d1920__w24,137,653
4a_duration_estimator,4a_duration_estimator__d1920__w24,138,555
4a_duration_estimator,4a_duration_estimator__d1920__w24,139,602
4a_duration_estimator,4a_duration_estimator__d1920__w24,140,596
4a_duration_estimator,4a_duration_estimator__d1920__w24,141,608
4a_duration_estimator,4a_duration_estimator__d1920__w24,142,629
4a_duration_estimator,4a_duration_estimator__d1920__w24,143,549
4a_duration_estimator,4a_duration_estimator__d1920__w24,144,452
4a_duration_estimator,4a_duration_estimator__d1920__w24,145,357
4a_duration_estimator,4a_duration_estimator__d1920__w24,146,350
4a_duration_estimator,4a_duration_estimator__d1920__w24,147,334
4a_duration_estimator,4a_duration_estimator__d1920__w24,148,361
4a_duration_estimator,4a_duration_estimator__d1920__w24,149,345
4a_duration_estimator,4a_duration_estimator__d1920__w24,150,289
4a_duration_estimator,4a_duration_estimator__d1920__w24,151,368
4a_duration_estimator,4a_duration_estimator__d1920__w24,152,337
4a_duration_estimator,4a_duration_estimator__d1920__w24,153,408
4a_duration_estimator,4a_duration_estimator__d1920__w24,154,406
4a_duration_estimator,4a_duration_estimator__d1920__w24,155,384
4a_duration_estimator,4a_duration_estimator__d1920__w24,156,432
4a_duration_estimator,4a_duration_estimator__d1920__w24,157,507
4a_duration_estimator,4a_duration_estimator__d1920__w24,158,517
4a_duration_estimator,4a_duration_estimator__d1920__w24,159,616
4a_duration_estimator,4a_duration_estimator__d1920__w24,160,583
4a_duration_estimator,4a_duration_estimator__d1920__w24,161,552
4a_duration_estimator,4a_duration_estimator__d1920__w24,162,635
4a_duration_estimator,4a_duration_estimator__d1920__w24,163,627
4a_duration_estimator,4a_duration_estimator__d1920__w24,164,643
4a_duration_estimator,4a_duration_estimator__d1920__w24,165,703
4a_duration_estimator,4a_duration_estimator__d1920__w24,166,684
4a_duration_estimator,4a_duration_estimator__d1920__w24,167,587
4a_duration_estimator,4a_duration_estimator__d3840__w24,0,473
4a_duration_estimator,4a_duration_estimator__d3840__w24,1,446
4a_duration_estimator,4a_duration_estimator__d3840__w24,2,481
4a_duration_estimator,4a_duration_estimator__d3840__w24,3,437
4a_duration_estimator,4a_duration_estimator__d3840__w24,4,486
4a_duration_estimator,4a_duration_estimator__d3840__w24,5,530
4a_duration_estimator,4a_duration_estimator__d3840__w24,6,544
4a_duration_estimator,4a_duration_estimator__d3840__w24,7,569
4a_duration_estimator,4a_duration_estimator__d3840__w24,8,742
4a_duration_estimator,4a_duration_estimator__d3840__w24,9,817
4a_duration_estimator,4a_duration_estimator__d3840__w24,10,786
4a_duration_estimator,4a_duration_estimator__d3840__w24,11,875
4a_duration_estimator,4a_duration_estimator__d3840__w24,12,1080
4a_duration_estimator,4a_duration_estimator__d3840__w24,13,1120
4a_duration_estimator,4a_duration_estimator__d3840__w24,14,1316
4a_duration_estimator,4a_duration_estimator__d3840__w24,15,1294
4a_duration_estimator,4a_duration_estimator__d3840__w24,16,1238
4a_duration_estimator,4a_duration_estimator__d3840__w24,17,1233
4a_duration_estimator,4a_duration_estimator__d3840__w24,18,1220
4a_duration_estimator,4a_duration_estimator__d3840__w24,19,1111
4a_duration_estimator,4a_duration_estimator__d3840__w24,20,1161
4a_duration_estimator,4a_duration_estimator__d3840__w24,21,1324
4a_duration_estimator,4a_duration_estimator__d3840__w24,22,1278
4a_duration_estimator,4a_duration_estimator__d3840__w24,23,1110
4a_duration_estimator,4a_duration_estimator__d3840__w24,24,920
4a_duration_estimator,4a_duration_estimator__d3840__w24,25,775
4a_duration_estimator,4a_duration_estimator__d3840__w24,26,664
4a_duration_estimator,4a_duration_estimator__d3840__w24,27,641
4a_duration_estimator,4a_duration_estimator__d3840__w24,28,610
4a_duration_estimator,4a_duration_estimator__d3840__w24,29,706
4a_duration_estimator,4a_duration_estimator__d3840__w24,30,714
4a_duration_estimator,4a_duration_estimator__d3840__w24,31,792
4a_duration_estimator,4a_duration_estimator__d3840__w24,32,853
4a_duration_estimator,4a_duration_estimator__d3840__w24,33,970
4a_duration_estimator,4a_duration_estimator__d3840__w24,34,910
4a_duration_estimator,4a_duration_estimator__d3840__w24,35,908
4a_duration_estimator,4a_duration_estimator__d3840__w24,36,1076
4a_duration_estimator,4a_duration_estimator__d3840__w24,37,1120
4a_duration_estimator,4a_duration_estimator__d3840__w24,38,1221
4a_duration_estimator,4a_duration_estimator__d3840__w24,39,1225
4a_duration_estimator,4a_duration_estimator__d3840__w24,40,1306
4a_duration_estimator,4a_duration_estimator__d3840__w24,41,1457
4a_duration_estimator,4a_duration_estimator__d3840__w24,42,1236
4a_duration_estimator,4a_duration_estimator__d3840__w24,43,1222
4a_duration_estimator,4a_duration_estimator__d3840__w24,44,1168
4a_duration_estimator,4a_duration_estimator__d3840__w24,45,1357
4a_duration_estimator,4a_duration_estimator__d3840__w24,46,1238
4a_duration_estimator,4a_duration_estimator__d3840__w24,47,1203
4a_duration_estimator,4a_duration_estimator__d3840__w24,48,1044
4a_duration_estimator,4a_duration_estimator__d3840__w24,49,797
4a_duration_estimator,4a_duration_estimator__d3840__w24,50,684
4a_duration_estimator,4a_duration_estimator__d3840__w24,51,689
4a_duration_estimator,4a_duration_estimator__d3840__w24,52,566
4a_duration_estimator,4a_duration_estimator__d3840__w24,53,691
4a_duration_estimator,4a_duration_estimator__d3840__w24,54,624
4a_duration_estimator,4a_duration_estimator__d3840__w24,55,753
4a_duration_estimator,4a_duration_estimator__d3840__w24,56,843
4a_duration_estimator,4a_duration_estimator__d3840__w24,57,927
4a_duration_estimator,4a_duration_estimator__d3840__w24,58,974
4a_duration_estimator,4a_duration_estimator__d3840__w24,59,913
4a_duration_estimator,4a_duration_estimator__d3840__w24,60,1049
4a_duration_estimator,4a_duration_estimator__d3840__w24,61,1149
4a_duration_estimator,4a_duration_estimator__d3840__w24,62,1199
4a_duration_estimator,4a_duration_estimator__d3840__w24,63,1292
4a_duration_estimator,4a_duration_estimator__d3840__w24,64,1439
4a_duration_estimator,4a_duration_estimator__d3840__w24,65,1348
4a_duration_estimator,4a_duration_estimator__d3840__w24,66,1229
4a_duration_estimator,4a_duration_estimator__d3840__w24,67,1125
4a_duration_estimator,4a_duration_estimator__d3840__w24,68,1233
4a_duration_estimator,4a_duration_estimator__d3840__w24,69,1187
4a_duration_estimator,4a_duration_estimator__d3840__w24,70,1253
4a_duration_estimator,4a_duration_estimator__d3840__w24,71,1152
4a_duration_estimator,4a_duration_estimator__d3840__w24,72,854
4a_duration_estimator,4a_duration_estimator__d3840__w24,73,773
4a_duration_estimator,4a_duration_estimator__d3840__w24,74,638
4a_duration_estimator,4a_duration_estimator__d3840__w24,75,587
4a_duration_estimator,4a_duration_estimator__d3840__w24,76,554
4a_duration_estimator,4a_duration_estimator__d3840__w24,77,595
4a_duration_estimator,4a_duration_estimator__d3840__w24,78,751
4a_duration_estimator,4a_duration_estimator__d3840__w24,79,715
4a_duration_estimator,4a_duration_estimator__d3840__w24,80,869
4a_duration_estimator,4a_duration_estimator__d3840__w24,81,933
4a_duration_estimator,4a_duration_estimator__d3840__w24,82,855
4a_duration_estimator,4a_duration_estimator__d3840__w24,83,890
4a_duration_estimator,4a_duration_estimator__d3840__w24,84,941
4a_duration_estimator,4a_duration_estimator__d3840__w24,85,1103
4a_duration_estimator,4a_duration_estimator__d3840__w24,86,1238
4a_duration_estimator,4a_duration_estimator__d3840__w24,87,1221
4a_duration_estimator,4a_duration_estimator__d3840__w24,88,1285
4a_duration_estimator,4a_duration_estimator__d3840__w24,89,1265
4a_duration_estimator,4a_duration_estimator__d3840__w24,90,1263
4a_duration_estimator,4a_duration_estimator__d3840__w24,91,1148
4a_duration_estimator,4a_duration_estimator__d3840__w24,92,1100
4a_duration_estimator,4a_duration_estimator__d3840__w24,93,1247
4a_duration_estimator,4a_duration_estimator__d3840__w24,94,1219
4a_duration_estimator,4a_duration_estimator__d3840__w24,95,1206
4a_duration_estimator,4a_duration_estimator__d3840__w24,96,859
4a_duration_estimator,4a_duration_estimator__d3840__w24,97,784
4a_duration_estimator,4a_duration_estimator__d3840__w24,98,631
4a_duration_estimator,4a_duration_estimator__d3840__w24,99,611
4a_duration_estimator,4a_duration_estimator__d3840__w24,100,539
4a_duration_estimator,4a_duration_estimator__d3840__w24,101,617
4a_duration_estimator,4a_duration_estimator__d3840__w24,102,657
4a_duration_estimator,4a_duration_estimator__d3840__w24,103,697
4a_duration_estimator,4a_duration_estimator__d3840__w24,104,803
4a_duration_estimator,4a_duration_estimator__d3840__w24,105,822
4a_duration_estimator,4a_duration_estimator__d3840__w24,106,859
4a_duration_estimator,4a_duration_estimator__d3840__w24,107,877
4a_duration_estimator,4a_duration_estimator__d3840__w24,108,959
4a_duration_estimator,4a_duration_estimator__d3840__w24,109,1077
4a_duration_estimator,4a_duration_estimator__d3840__w24,110,1141
4a_duration_estimator,4a_duration_estimator__d3840__w24,111,1216
4a_duration_estimator,4a_duration_estimator__d3840__w24,112,1139
4a_duration_estimator,4a_duration_estimator__d3840__w24,113,1175
4a_duration_estimator,4a_duration_estimator__d3840__w24,114,1138
4a_duration_estimator,4a_duration_estimator__d3840__w24,115,1087
4a_duration_estimator,4a_duration_estimator__d3840__w24,116,1024
4a_duration_estimator,4a_duration_estimator__d3840__w24,117,1124
4a_duration_estimator,4a_duration_estimator__d3840__w24,118,1144
4a_duration_estimator,4a_duration_estimator__d3840__w24,119,905
4a_duration_estimator,4a_duration_estimator__d3840__w24,120,717
4a_duration_estimator,4a_duration_estimator__d3840__w24,121,551
4a_duration_estimator,4a_duration_estimator__d3840__w24,122,430
4a_duration_estimator,4a_duration_estimator__d3840__w24,123,404
4a_duration_estimator,4a_duration_estimator__d3840__w24,124,351
4a_duration_estimator,4a_duration_estimator__d3840__w24,125,326
4a_duration_estimator,4a_duration_estimator__d3840__w24,126,331
4a_duration_estimator,4a_duration_estimator__d3840__w24,127,356
4a_duration_estimator,4a_duration_estimator__d3840__w24,128,337
4a_duration_estimator,4a_duration_estimator__d3840__w24,129,377
4a_duration_estimator,4a_duration_estimator__d3840__w24,130,394
4a_duration_estimator,4a_duration_estimator__d3840__w24,131,473
4a_duration_estimator,4a_duration_estimator__d3840__w24,132,473
4a_duration_estimator,4a_duration_estimator__d3840__w24,133,434
4a_duration_estimator,4a_duration_estimator__d3840__w24,134,568
4a_duration_estimator,4a_duration_estimator__d3840__w24,135,619
4a_duration_estimator,4a_duration_estimator__d3840__w24,136,622
4a_duration_estimator,4a_duration_estimator__d3840__w24,137,653
4a_duration_estimator,4a_duration_estimator__d3840__w24,138,555
4a_duration_estimator,4a_duration_estimator__d3840__w24,139,602
4a_duration_estimator,4a_duration_estimator__d3840__w24,140,596
4a_duration_estimator,4a_duration_estimator__d3840__w24,141,608
4a_duration_estimator,4a_duration_estimator__d3840__w24,142,629
4a_duration_estimator,4a_duration_estimator__d3840__w24,143,549
4a_duration_estimator,4a_duration_estimator__d3840__w24,144,452
4a_duration_estimator,4a_duration_estimator__d3840__w24,145,356
4a_duration_estimator,4a_duration_estimator__d3840__w24,146,350
4a_duration_estimator,4a_duration_estimator__d3840__w24,147,332
4a_duration_estimator,4a_duration_estimator__d3840__w24,148,361
4a_duration_estimator,4a_duration_estimator__d3840__w24,149,346
4a_duration_estimator,4a_duration_estimator__d3840__w24,150,289
4a_duration_estimator,4a_duration_estimator__d3840__w24,151,369
4a_duration_estimator,4a_duration_estimator__d3840__w24,152,337
4a_duration_estimator,4a_duration_estimator__d3840__w24,153,408
4a_duration_estimator,4a_duration_estimator__d3840__w24,154,407
4a_duration_estimator,4a_duration_estimator__d3840__w24,155,378
4a_duration_estimator,4a_duration_estimator__d3840__w24,156,432
4a_duration_estimator,4a_duration_estimator__d3840__w24,157,507
4a_duration_estimator,4a_duration_estimator__d3840__w24,158,519
4a_duration_estimator,4a_duration_estimator__d3840__w24,159,616
4a_duration_estimator,4a_duration_estimator__d3840__w24,160,583
4a_duration_estimator,4a_duration_estimator__d3840__w24,161,553
4a_duration_estimator,4a_duration_estimator__d3840__w24,162,636
4a_duration_estimator,4a_duration_estimator__d3840__w24,163,628
4a_duration_estimator,4a_duration_estimator__d3840__w24,164,644
4a_duration_estimator,4a_duration_estimator__d3840__w24,165,703
4a_duration_estimator,4a_duration_estimator__d3840__w24,166,687
4a_duration_estimator,4a_duration_estimator__d3840__w24,167,587
4a_duration_estimator,4a_duration_estimator__d7680__w24,0,473
4a_duration_estimator,4a_duration_estimator__d7680__w24,1,446
4a_duration_estimator,4a_duration_estimator__d7680__w24,2,481
4a_duration_estimator,4a_duration_estimator__d7680__w24,3,437
4a_duration_estimator,4a_duration_estimator__d7680__w24,4,486
4a_duration_estimator,4a_duration_estimator__d7680__w24,5,530
4a_duration_estimator,4a_duration_estimator__d7680__w24,6,544
4a_duration_estimator,4a_duration_estimator__d7680__w24,7,569
4a_duration_estimator,4a_duration_estimator__d7680__w24,8,742
4a_duration_estimator,4a_duration_estimator__d7680__w24,9,817
4a_duration_estimator,4a_duration_estimator__d7680__w24,10,786
4a_duration_estimator,4a_duration_estimator__d7680__w24,11,875
4a_duration_estimator,4a_duration_estimator__d7680__w24,12,1080
4a_duration_estimator,4a_duration_estimator__d7680__w24,13,1120
4a_duration_estimator,4a_duration_estimator__d7680__w24,14,1316
4a_duration_estimator,4a_duration_estimator__d7680__w24,15,1294
4a_duration_estimator,4a_duration_estimator__d7680__w24,16,1238
4a_duration_estimator,4a_duration_estimator__d7680__w24,17,1233
4a_duration_estimator,4a_duration_estimator__d7680__w24,18,1220
4a_duration_estimator,4a_duration_estimator__d7680__w24,19,1111
4a_duration_estimator,4a_duration_estimator__d7680__w24,20,1161
4a_duration_estimator,4a_duration_estimator__d7680__w24,21,1325
4a_duration_estimator,4a_duration_estimator__d7680__w24,22,1278
4a_duration_estimator,4a_duration_estimator__d7680__w24,23,1110
4a_duration_estimator,4a_duration_estimator__d7680__w24,24,920
4a_duration_estimator,4a_duration_estimator__d7680__w24,25,775
4a_duration_estimator,4a_duration_estimator__d7680__w24,26,663
4a_duration_estimator,4a_duration_estimator__d7680__w24,27,641
4a_duration_estimator,4a_duration_estimator__d7680__w24,28,610
4a_duration_estimator,4a_duration_estimator__d7680__w24,29,706
4a_duration_estimator,4a_duration_estimator__d7680__w24,30,714
4a_duration_estimator,4a_duration_estimator__d7680__w24,31,792
4a_duration_estimator,4a_duration_estimator__d7680__w24,32,853
4a_duration_estimator,4a_duration_estimator__d7680__w24,33,970
4a_duration_estimator,4a_duration_estimator__d7680__w24,34,910
4a_duration_estimator,4a_duration_estimator__d7680__w24,35,908
4a_duration_estimator,4a_duration_estimator__d7680__w24,36,1076
4a_duration_estimator,4a_duration_estimator__d7680__w24,37,1120
4a_duration_estimator,4a_duration_estimator__d7680__w24,38,1221
4a_duration_estimator,4a_duration_estimator__d7680__w24,39,1225
4a_duration_estimator,4a_duration_estimator__d7680__w24,40,1306
4a_duration_estimator,4a_duration_estimator__d7680__w24,41,1457
4a_duration_estimator,4a_duration_estimator__d7680__w24,42,1236
4a_duration_estimator,4a_duration_estimator__d7680__w24,43,1222
4a_duration_estimator,4a_duration_estimator__d7680__w24,44,1168
4a_duration_estimator,4a_duration_estimator__d7680__w24,45,1357
4a_duration_estimator,4a_duration_estimator__d7680__w24,46,1238
4a_duration_estimator,4a_duration_estimator__d7680__w24,47,1203
4a_duration_estimator,4a_duration_estimator__d7680__w24,48,1044
4a_duration_estimator,4a_duration_estimator__d7680__w24,49,797
4a_duration_estimator,4a_duration_estimator__d7680__w24,50,684
4a_duration_estimator,4a_duration_estimator__d7680__w24,51,689
4a_duration_estimator,4a_duration_estimator__d7680__w24,52,566
4a_duration_estimator,4a_duration_estimator__d7680__w24,53,691
4a_duration_estimator,4a_duration_estimator__d7680__w24,54,624
4a_duration_estimator,4a_duration_estimator__d7680__w24,55,753
4a_duration_estimator,4a_duration_estimator__d7680__w24,56,843
4a_duration_estimator,4a_duration_estimator__d7680__w24,57,927
4a_duration_estimator,4a_duration_estimator__d7680__w24,58,974
4a_duration_estimator,4a_duration_estimator__d7680__w24,59,913
4a_duration_estimator,4a_duration_estimator__d7680__w24,60,1049
4a_duration_estimator,4a_duration_estimator__d7680__w24,61,1149
4a_duration_estimator,4a_duration_estimator__d7680__w24,62,1199
4a_duration_estimator,4a_duration_estimator__d7680__w24,63,1292
4a_duration_estimator,4a_duration_estimator__d7680__w24,64,1439
4a_duration_estimator,4a_duration_estimator__d7680__w24,65,1348
4a_duration_estimator,4a_duration_estimator__d7680__w24,66,1229
4a_duration_estimator,4a_duration_estimator__d7680__w24,67,1125
4a_duration_estimator,4a_duration_estimator__d7680__w24,68,1233
4a_duration_estimator,4a_duration_estimator__d7680__w24,69,1187
4a_duration_estimator,4a_duration_estimator__d7680__w24,70,1253
4a_duration_estimator,4a_duration_estimator__d7680__w24,71,1152
4a_duration_estimator,4a_duration_estimator__d7680__w24,72,854
4a_duration_estimator,4a_duration_estimator__d7680__w24,73,773
4a_duration_estimator,4a_duration_estimator__d7680__w24,74,638
4a_duration_estimator,4a_duration_estimator__d7680__w24,75,587
4a_duration_estimator,4a_duration_estimator__d7680__w24,76,554
4a_duration_estimator,4a_duration_estimator__d7680__w24,77,595
4a_duration_estimator,4a_duration_estimator__d7680__w24,78,751
4a_duration_estimator,4a_duration_estimator__d7680__w24,79,715
4a_duration_estimator,4a_duration_estimator__d7680__w24,80,869
4a_duration_estimator,4a_duration_estimator__d7680__w24,81,933
4a_duration_estimator,4a_duration_estimator__d7680__w24,82,855
4a_duration_estimator,4a_duration_estimator__d7680__w24,83,890
4a_duration_estimator,4a_duration_estimator__d7680__w24,84,941
4a_duration_estimator,4a_duration_estimator__d7680__w24,85,1103
4a_duration_estimator,4a_duration_estimator__d7680__w24,86,1238
4a_duration_estimator,4a_duration_estimator__d7680__w24,87,1221
4a_duration_estimator,4a_duration_estimator__d7680__w24,88,1285
4a_duration_estimator,4a_duration_estimator__d7680__w24,89,1265
4a_duration_estimator,4a_duration_estimator__d7680__w24,90,1263
4a_duration_estimator,4a_duration_estimator__d7680__w24,91,1148
4a_duration_estimator,4a_duration_estimator__d7680__w24,92,1100
4a_duration_estimator,4a_duration_estimator__d7680__w24,93,1247
4a_duration_estimator,4a_duration_estimator__d7680__w24,94,1219
4a_duration_estimator,4a_duration_estimator__d7680__w24,95,1206
4a_duration_estimator,4a_duration_estimator__d7680__w24,96,859
4a_duration_estimator,4a_duration_estimator__d7680__w24,97,784
4a_duration_estimator,4a_duration_estimator__d7680__w24,98,631
4a_duration_estimator,4a_duration_estimator__d7680__w24,99,611
4a_duration_estimator,4a_duration_estimator__d7680__w24,100,539
4a_duration_estimator,4a_duration_estimator__d7680__w24,101,617
4a_duration_estimator,4a_duration_estimator__d7680__w24,102,657
4a_duration_estimator,4a_duration_estimator__d7680__w24,103,697
4a_duration_estimator,4a_duration_estimator__d7680__w24,104,803
4a_duration_estimator,4a_duration_estimator__d7680__w24,105,822
4a_duration_estimator,4a_duration_estimator__d7680__w24,106,859
4a_duration_estimator,4a_duration_estimator__d7680__w24,107,877
4a_duration_estimator,4a_duration_estimator__d7680__w24,108,959
4a_duration_estimator,4a_duration_estimator__d7680__w24,109,1077
4a_duration_estimator,4a_duration_estimator__d7680__w24,110,1141
4a_duration_estimator,4a_duration_estimator__d7680__w24,111,1216
4a_duration_estimator,4a_duration_estimator__d7680__w24,112,1139
4a_duration_estimator,4a_duration_estimator__d7680__w24,113,1175
4a_duration_estimator,4a_duration_estimator__d7680__w24,114,1138
4a_duration_estimator,4a_duration_estimator__d7680__w24,115,1087
4a_duration_estimator,4a_duration_estimator__d7680__w24,116,1026
4a_duration_estimator,4a_duration_estimator__d7680__w24,117,1124
4a_duration_estimator,4a_duration_estimator__d7680__w24,118,1144
4a_duration_estimator,4a_duration_estimator__d7680__w24,119,905
4a_duration_estimator,4a_duration_estimator__d7680__w24,120,717
4a_duration_estimator,4a_duration_estimator__d7680__w24,121,551
4a_duration_estimator,4a_duration_estimator__d7680__w24,122,430
4a_duration_estimator,4a_duration_estimator__d7680__w24,123,404
4a_duration_estimator,4a_duration_estimator__d7680__w24,124,351
4a_duration_estimator,4a_duration_estimator__d7680__w24,125,326
4a_duration_estimator,4a_duration_estimator__d7680__w24,126,331
4a_duration_estimator,4a_duration_estimator__d7680__w24,127,356
4a_duration_estimator,4a_duration_estimator__d7680__w24,128,337
4a_duration_estimator,4a_duration_estimator__d7680__w24,129,377
4a_duration_estimator,4a_duration_estimator__d7680__w24,130,394
4a_duration_estimator,4a_duration_estimator__d7680__w24,131,473
4a_duration_estimator,4a_duration_estimator__d7680__w24,132,471
4a_duration_estimator,4a_duration_estimator__d7680__w24,133,434
4a_duration_estimator,4a_duration_estimator__d7680__w24,134,568
4a_duration_estimator,4a_duration_estimator__d7680__w24,135,619
4a_duration_estimator,4a_duration_estimator__d7680__w24,136,622
4a_duration_estimator,4a_duration_estimator__d7680__w24,137,653
4a_duration_estimator,4a_duration_estimator__d7680__w24,138,555
4a_duration_estimator,4a_duration_estimator__d7680__w24,139,602
4a_duration_estimator,4a_duration_estimator__d7680__w24,140,596
4a_duration_estimator,4a_duration_estimator__d7680__w24,141,608
4a_duration_estimator,4a_duration_estimator__d7680__w24,142,629
4a_duration_estimator,4a_duration_estimator__d7680__w24,143,549
4a_duration_estimator,4a_duration_estimator__d7680__w24,144,452
4a_duration_estimator,4a_duration_estimator__d7680__w24,145,356
4a_duration_estimator,4a_duration_estimator__d7680__w24,146,350
4a_duration_estimator,4a_duration_estimator__d7680__w24,147,332
4a_duration_estimator,4a_duration_estimator__d7680__w24,148,361
4a_duration_estimator,4a_duration_estimator__d7680__w24,149,346
4a_duration_estimator,4a_duration_estimator__d7680__w24,150,289
4a_duration_estimator,4a_duration_estimator__d7680__w24,151,369
4a_duration_estimator,4a_duration_estimator__d7680__w24,152,337
4a_duration_estimator,4a_duration_estimator__d7680__w24,153,408
4a_duration_estimator,4a_duration_estimator__d7680__w24,154,407
4a_duration_estimator,4a_duration_estimator__d7680__w24,155,378
4a_duration_estimator,4a_duration_estimator__d7680__w24,156,432
4a_duration_estimator,4a_duration_estimator__d7680__w24,157,507
4a_duration_estimator,4a_duration_estimator__d7680__w24,158,519
4a_duration_estimator,4a_duration_estimator__d7680__w24,159,616
4a_duration_estimator,4a_duration_estimator__d7680__w24,160,583
4a_duration_estimator,4a_duration_estimator__d7680__w24,161,553
4a_duration_estimator,4a_duration_estimator__d7680__w24,162,636
4a_duration_estimator,4a_duration_estimator__d7680__w24,163,628
4a_duration_estimator,4a_duration_estimator__d7680__w24,164,644
4a_duration_estimator,4a_duration_estimator__d7680__w24,165,703
4a_duration_estimator,4a_duration_estimator__d7680__w24,166,687
4a_duration_estimator,4a_duration_estimator__d7680__w24,167,587
4a_duration_estimator,4a_duration_estimator__d15360__w24,0,473
4a_duration_estimator,4a_duration_estimator__d15360__w24,1,446
4a_duration_estimator,4a_duration_estimator__d15360__w24,2,481
4a_duration_estimator,4a_duration_estimator__d15360__w24,3,437
4a_duration_estimator,4a_duration_estimator__d15360__w24,4,486
4a_duration_estimator,4a_duration_estimator__d15360__w24,5,530
4a_duration_estimator,4a_duration_estimator__d15360__w24,6,544
4a_duration_estimator,4a_duration_estimator__d15360__w24,7,569
4a_duration_estimator,4a_duration_estimator__d15360__w24,8,742
4a_duration_estimator,4a_duration_estimator__d15360__w24,9,817
4a_duration_estimator,4a_duration_estimator__d15360__w24,10,786
4a_duration_estimator,4a_duration_estimator__d15360__w24,11,875
4a_duration_estimator,4a_duration_estimator__d15360__w24,12,1080
4a_duration_estimator,4a_duration_estimator__d15360__w24,13,1120
4a_duration_estimator,4a_duration_estimator__d15360__w24,14,1316
4a_duration_estimator,4a_duration_estimator__d15360__w24,15,1294
4a_duration_estimator,4a_duration_estimator__d15360__w24,16,1238
4a_duration_estimator,4a_duration_estimator__d15360__w24,17,1233
4a_duration_estimator,4a_duration_estimator__d15360__w24,18,1220
4a_duration_estimator,4a_duration_estimator__d15360__w24,19,1111
4a_duration_estimator,4a_duration_estimator__d15360__w24,20,1161
4a_duration_estimator,4a_duration_estimator__d15360__w24,21,1325
4a_duration_estimator,4a_duration_estimator__d15360__w24,22,1278
4a_duration_estimator,4a_duration_estimator__d15360__w24,23,1110
4a_duration_estimator,4a_duration_estimator__d15360__w24,24,920
4a_duration_estimator,4a_duration_estimator__d15360__w24,25,775
4a_duration_estimator,4a_duration_estimator__d15360__w24,26,663
4a_duration_estimator,4a_duration_estimator__d15360__w24,27,641
4a_duration_estimator,4a_duration_estimator__d15360__w24,28,610
4a_duration_estimator,4a_duration_estimator__d15360__w24,29,706
4a_duration_estimator,4a_duration_estimator__d15360__w24,30,714
4a_duration_estimator,4a_duration_estimator__d15360__w24,31,792
4a_duration_estimator,4a_duration_estimator__d15360__w24,32,853
4a_duration_estimator,4a_duration_estimator__d15360__w24,33,970
4a_duration_estimator,4a_duration_estimator__d15360__w24,34,910
4a_duration_estimator,4a_duration_estimator__d15360__w24,35,908
4a_duration_estimator,4a_duration_estimator__d15360__w24,36,1076
4a_duration_estimator,4a_duration_estimator__d15360__w24,37,1120
4a_duration_estimator,4a_duration_estimator__d15360__w24,38,1221
4a_duration_estimator,4a_duration_estimator__d15360__w24,39,1225
4a_duration_estimator,4a_duration_estimator__d15360__w24,40,1306
4a_duration_estimator,4a_duration_estimator__d15360__w24,41,1457
4a_duration_estimator,4a_duration_estimator__d15360__w24,42,1236
4a_duration_estimator,4a_duration_estimator__d15360__w24,43,1222
4a_duration_estimator,4a_duration_estimator__d15360__w24,44,1168
4a_duration_estimator,4a_duration_estimator__d15360__w24,45,1357
4a_duration_estimator,4a_duration_estimator__d15360__w24,46,1238
4a_duration_estimator,4a_duration_estimator__d15360__w24,47,1203
4a_duration_estimator,4a_duration_estimator__d15360__w24,48,1044
4a_duration_estimator,4a_duration_estimator__d15360__w24,49,797
4a_duration_estimator,4a_duration_estimator__d15360__w24,50,684
4a_duration_estimator,4a_duration_estimator__d15360__w24,51,689
4a_duration_estimator,4a_duration_estimator__d15360__w24,52,566
4a_duration_estimator,4a_duration_estimator__d15360__w24,53,691
4a_duration_estimator,4a_duration_estimator__d15360__w24,54,624
4a_duration_estimator,4a_duration_estimator__d15360__w24,55,753
4a_duration_estimator,4a_duration_estimator__d15360__w24,56,843
4a_duration_estimator,4a_duration_estimator__d15360__w24,57,927
4a_duration_estimator,4a_duration_estimator__d15360__w24,58,974
4a_duration_estimator,4a_duration_estimator__d15360__w24,59,913
4a_duration_estimator,4a_duration_estimator__d15360__w24,60,1049
4a_duration_estimator,4a_duration_estimator__d15360__w24,61,1149
4a_duration_estimator,4a_duration_estimator__d15360__w24,62,1199
4a_duration_estimator,4a_duration_estimator__d15360__w24,63,1292
4a_duration_estimator,4a_duration_estimator__d15360__w24,64,1439
4a_duration_estimator,4a_duration_estimator__d15360__w24,65,1348
4a_duration_estimator,4a_duration_estimator__d15360__w24,66,1229
4a_duration_estimator,4a_duration_estimator__d15360__w24,67,1125
4a_duration_estimator,4a_duration_estimator__d15360__w24,68,1233
4a_duration_estimator,4a_duration_estimator__d15360__w24,69,1187
4a_duration_estimator,4a_duration_estimator__d15360__w24,70,1253
4a_duration_estimator,4a_duration_estimator__d15360__w24,71,1152
4a_duration_estimator,4a_duration_estimator__d15360__w24,72,854
4a_duration_estimator,4a_duration_estimator__d15360__w24,73,773
4a_duration_estimator,4a_duration_estimator__d15360__w24,74,638
4a_duration_estimator,4a_duration_estimator__d15360__w24,75,587
4a_duration_estimator,4a_duration_estimator__d15360__w24,76,554
4a_duration_estimator,4a_duration_estimator__d15360__w24,77,595
4a_duration_estimator,4a_duration_estimator__d15360__w24,78,751
4a_duration_estimator,4a_duration_estimator__d15360__w24,79,715
4a_duration_estimator,4a_duration_estimator__d15360__w24,80,869
4a_duration_estimator,4a_duration_estimator__d15360__w24,81,933
4a_duration_estimator,4a_duration_estimator__d15360__w24,82,855
4a_duration_estimator,4a_duration_estimator__d15360__w24,83,890
4a_duration_estimator,4a_duration_estimator__d15360__w24,84,941
4a_duration_estimator,4a_duration_estimator__d15360__w24,85,1103
4a_duration_estimator,4a_duration_estimator__d15360__w24,86,1238
4a_duration_estimator,4a_duration_estimator__d15360__w24,87,1221
4a_duration_estimator,4a_duration_estimator__d15360__w24,88,1285
4a_duration_estimator,4a_duration_estimator__d15360__w24,89,1265
4a_duration_estimator,4a_duration_estimator__d15360__w24,90,1263
4a_duration_estimator,4a_duration_estimator__d15360__w24,91,1148
4a_duration_estimator,4a_duration_estimator__d15360__w24,92,1100
4a_duration_estimator,4a_duration_estimator__d15360__w24,93,1247
4a_duration_estimator,4a_duration_estimator__d15360__w24,94,1219
4a_duration_estimator,4a_duration_estimator__d15360__w24,95,1206
4a_duration_estimator,4a_duration_estimator__d15360__w24,96,859
4a_duration_estimator,4a_duration_estimator__d15360__w24,97,784
4a_duration_estimator,4a_duration_estimator__d15360__w24,98,631
4a_duration_estimator,4a_duration_estimator__d15360__w24,99,611
4a_duration_estimator,4a_duration_estimator__d15360__w24,100,539
4a_duration_estimator,4a_duration_estimator__d15360__w24,101,617
4a_duration_estimator,4a_duration_estimator__d15360__w24,102,657
4a_duration_estimator,4a_duration_estimator__d15360__w24,103,697
4a_duration_estimator,4a_duration_estimator__d15360__w24,104,803
4a_duration_estimator,4a_duration_estimator__d15360__w24,105,822
4a_duration_estimator,4a_duration_estimator__d15360__w24,106,859
4a_duration_estimator,4a_duration_estimator__d15360__w24,107,877
4a_duration_estimator,4a_duration_estimator__d15360__w24,108,959
4a_duration_estimator,4a_duration_estimator__d15360__w24,109,1077
4a_duration_estimator,4a_duration_estimator__d15360__w24,110,1141
4a_duration_estimator,4a_duration_estimator__d15360__w24,111,1216
4a_duration_estimator,4a_duration_estimator__d15360__w24,112,1139
4a_duration_estimator,4a_duration_estimator__d15360__w24,113,1175
4a_duration_estimator,4a_duration_estimator__d15360__w24,114,1138
4a_duration_estimator,4a_duration_estimator__d15360__w24,115,1087
4a_duration_estimator,4a_duration_estimator__d15360__w24,116,1026
4a_duration_estimator,4a_duration_estimator__d15360__w24,117,1124
4a_duration_estimator,4a_duration_estimator__d15360__w24,118,1144
4a_duration_estimator,4a_duration_estimator__d15360__w24,119,905
4a_duration_estimator,4a_duration_estimator__d15360__w24,120,717
4a_duration_estimator,4a_duration_estimator__d15360__w24,121,551
4a_duration_estimator,4a_duration_estimator__d15360__w24,122,430
4a_duration_estimator,4a_duration_estimator__d15360__w24,123,404
4a_duration_estimator,4a_duration_estimator__d15360__w24,124,351
4a_duration_estimator,4a_duration_estimator__d15360__w24,125,326
4a_duration_estimator,4a_duration_estimator__d15360__w24,126,331
4a_duration_estimator,4a_duration_estimator__d15360__w24,127,356
4a_duration_estimator,4a_duration_estimator__d15360__w24,128,337
4a_duration_estimator,4a_duration_estimator__d15360__w24,129,377
4a_duration_estimator,4a_duration_estimator__d15360__w24,130,394
4a_duration_estimator,4a_duration_estimator__d15360__w24,131,473
4a_duration_estimator,4a_duration_estimator__d15360__w24,132,471
4a_duration_estimator,4a_duration_estimator__d15360__w24,133,434
4a_duration_estimator,4a_duration_estimator__d15360__w24,134,568
4a_duration_estimator,4a_duration_estimator__d15360__w24,135,619
4a_duration_estimator,4a_duration_estimator__d15360__w24,136,622
4a_duration_estimator,4a_duration_estimator__d15360__w24,137,653
4a_duration_estimator,4a_duration_estimator__d15360__w24,138,555
4a_duration_estimator,4a_duration_estimator__d15360__w24,139,602
4a_duration_estimator,4a_duration_estimator__d15360__w24,140,596
4a_duration_estimator,4a_duration_estimator__d15360__w24,141,608
4a_duration_estimator,4a_duration_estimator__d15360__w24,142,629
4a_duration_estimator,4a_duration_estimator__d15360__w24,143,549
4a_duration_estimator,4a_duration_estimator__d15360__w24,144,452
4a_duration_estimator,4a_duration_estimator__d15360__w24,145,356
4a_duration_estimator,4a_duration_estimator__d15360__w24,146,350
4a_duration_estimator,4a_duration_estimator__d15360__w24,147,332
4a_duration_estimator,4a_duration_estimator__d15360__w24,148,361
4a_duration_estimator,4a_duration_estimator__d15360__w24,149,346
4a_duration_estimator,4a_duration_estimator__d15360__w24,150,289
4a_duration_estimator,4a_duration_estimator__d15360__w24,151,369
4a_duration_estimator,4a_duration_estimator__d15360__w24,152,337
4a_duration_estimator,4a_duration_estimator__d15360__w24,153,408
4a_duration_estimator,4a_duration_estimator__d15360__w24,154,407
4a_duration_estimator,4a_duration_estimator__d15360__w24,155,378
4a_duration_estimator,4a_duration_estimator__d15360__w24,156,432
4a_duration_estimator,4a_duration_estimator__d15360__w24,157,507
4a_duration_estimator,4a_duration_estimator__d15360__w24,158,519
4a_duration_estimator,4a_duration_estimator__d15360__w24,159,616
4a_duration_estimator,4a_duration_estimator__d15360__w24,160,583
4a_duration_estimator,4a_duration_estimator__d15360__w24,161,553
4a_duration_estimator,4a_duration_estimator__d15360__w24,162,636
4a_duration_estimator,4a_duration_estimator__d15360__w24,163,628
4a_duration_estimator,4a_duration_estimator__d15360__w24,164,644
4a_duration_estimator,4a_duration_estimator__d15360__w24,165,703
4a_duration_estimator,4a_duration_estimator__d15360__w24,166,687
4a_duration_estimator,4a_duration_estimator__d15360__w24,167,587
4b_duration_prior,4b_duration_prior__d0__w6,0,395
4b_duration_prior,4b_duration_prior__d0__w6,1,1064
4b_duration_prior,4b_duration_prior__d0__w6,2,481
4b_duration_prior,4b_duration_prior__d0__w6,3,437
4b_duration_prior,4b_duration_prior__d0__w6,4,486
4b_duration_prior,4b_duration_prior__d0__w6,5,434
4b_duration_prior,4b_duration_prior__d0__w6,6,434
4b_duration_prior,4b_duration_prior__d0__w6,7,456
4b_duration_prior,4b_duration_prior__d0__w6,8,610
4b_duration_prior,4b_duration_prior__d0__w6,9,629
4b_duration_prior,4b_duration_prior__d0__w6,10,593
4b_duration_prior,4b_duration_prior__d0__w6,11,782
4b_duration_prior,4b_duration_prior__d0__w6,12,2005
4b_duration_prior,4b_duration_prior__d0__w6,13,1120
4b_duration_prior,4b_duration_prior__d0__w6,14,1316
4b_duration_prior,4b_duration_prior__d0__w6,15,1034
4b_duration_prior,4b_duration_prior__d0__w6,16,993
4b_duration_prior,4b_duration_prior__d0__w6,17,953
4b_duration_prior,4b_duration_prior__d0__w6,18,975
4b_duration_prior,4b_duration_prior__d0__w6,19,888
4b_duration_prior,4b_duration_prior__d0__w6,20,918
4b_duration_prior,4b_duration_prior__d0__w6,21,1307
4b_duration_prior,4b_duration_prior__d0__w6,22,1240
4b_duration_prior,4b_duration_prior__d0__w6,23,1161
4b_duration_prior,4b_duration_prior__d0__w6,24,971
4b_duration_prior,4b_duration_prior__d0__w6,25,853
4b_duration_prior,4b_duration_prior__d0__w6,26,2035
4b_duration_prior,4b_duration_prior__d0__w6,27,641
4b_duration_prior,4b_duration_prior__d0__w6,28,610
4b_duration_prior,4b_duration_prior__d0__w6,29,553
4b_duration_prior,4b_duration_prior__d0__w6,30,570
4b_duration_prior,4b_duration_prior__d0__w6,31,621
4b_duration_prior,4b_duration_prior__d0__w6,32,690
4b_duration_prior,4b_duration_prior__d0__w6,33,759
4b_duration_prior,4b_duration_prior__d0__w6,34,691
4b_duration_prior,4b_duration_prior__d0__w6,35,851
4b_duration_prior,4b_duration_prior__d0__w6,36,2194
4b_duration_prior,4b_duration_prior__d0__w6,37,1120
4b_duration_prior,4b_duration_prior__d0__w6,38,1221
4b_duration_prior,4b_duration_prior__d0__w6,39,940
4b_duration_prior,4b_duration_prior__d0__w6,40,1021
4b_duration_prior,4b_duration_prior__d0__w6,41,1120
4b_duration_prior,4b_duration_prior__d0__w6,42,1001
4b_duration_prior,4b_duration_prior__d0__w6,43,974
4b_duration_prior,4b_duration_prior__d0__w6,44,917
4b_duration_prior,4b_duration_prior__d0__w6,45,1371
4b_duration_prior,4b_duration_prior__d0__w6,46,1250
4b_duration_prior,4b_duration_prior__d0__w6,47,1571
4b_duration_prior,4b_duration_prior__d0__w6,48,815
4b_duration_prior,4b_duration_prior__d0__w6,49,878
4b_duration_prior,4b_duration_prior__d0__w6,50,2079
4b_duration_prior,4b_duration_prior__d0__w6,51,689
4b_duration_prior,4b_duration_prior__d0__w6,52,464
4b_duration_prior,4b_duration_prior__d0__w6,53,580
4b_duration_prior,4b_duration_prior__d0__w6,54,518
4b_duration_prior,4b_duration_prior__d0__w6,55,604
4b_duration_prior,4b_duration_prior__d0__w6,56,666
4b_duration_prior,4b_duration_prior__d0__w6,57,700
4b_duration_prior,4b_duration_prior__d0__w6,58,842
4b_duration_prior,4b_duration_prior__d0__w6,59,831
4b_duration_prior,4b_duration_prior__d0__w6,60,2135
4b_duration_prior,4b_duration_prior__d0__w6,61,1149
4b_duration_prior,4b_duration_prior__d0__w6,62,1199
4b_duration_prior,4b_duration_prior__d0__w6,63,1022
4b_duration_prior,4b_duration_prior__d0__w6,64,1173
4b_duration_prior,4b_duration_prior__d0__w6,65,1094
4b_duration_prior,4b_duration_prior__d0__w6,66,978
4b_duration_prior,4b_duration_prior__d0__w6,67,898
4b_duration_prior,4b_duration_prior__d0__w6,68,1000
4b_duration_prior,4b_duration_prior__d0__w6,69,1207
4b_duration_prior,4b_duration_prior__d0__w6,70,1251
4b_duration_prior,4b_duration_prior__d0__w6,71,1170
4b_duration_prior,4b_duration_prior__d0__w6,72,937
4b_duration_prior,4b_duration_prior__d0__w6,73,857
4b_duration_prior,4b_duration_prior__d0__w6,74,1936
4b_duration_prior,4b_duration_prior__d0__w6,75,587
4b_duration_prior,4b_duration_prior__d0__w6,76,467
4b_duration_prior,4b_duration_prior__d0__w6,77,492
4b_duration_prior,4b_duration_prior__d0__w6,78,592
4b_duration_prior,4b_duration_prior__d0__w6,79,571
4b_duration_prior,4b_duration_prior__d0__w6,80,690
4b_duration_prior,4b_duration_prior__d0__w6,81,722
4b_duration_prior,4b_duration_prior__d0__w6,82,752
4b_duration_prior,4b_duration_prior__d0__w6,83,822
4b_duration_prior,4b_duration_prior__d0__w6,84,1995
4b_duration_prior,4b_duration_prior__d0__w6,85,1103
4b_duration_prior,4b_duration_prior__d0__w6,86,1238
4b_duration_prior,4b_duration_prior__d0__w6,87,958
4b_duration_prior,4b_duration_prior__d0__w6,88,1007
4b_duration_prior,4b_duration_prior__d0__w6,89,1021
4b_duration_prior,4b_duration_prior__d0__w6,90,995
4b_duration_prior,4b_duration_prior__d0__w6,91,959
4b_duration_prior,4b_duration_prior__d0__w6,92,894
4b_duration_prior,4b_duration_prior__d0__w6,93,1268
4b_duration_prior,4b_duration_prior__d0__w6,94,1264
4b_duration_prior,4b_duration_prior__d0__w6,95,1485
4b_duration_prior,4b_duration_prior__d0__w6,96,687
4b_duration_prior,4b_duration_prior__d0__w6,97,833
4b_duration_prior,4b_duration_prior__d0__w6,98,1857
4b_duration_prior,4b_duration_prior__d0__w6,99,611
4b_duration_prior,4b_duration_prior__d0__w6,100,438
4b_duration_prior,4b_duration_prior__d0__w6,101,491
4b_duration_prior,4b_duration_prior__d0__w6,102,526
4b_duration_prior,4b_duration_prior__d0__w6,103,552
4b_duration_prior,4b_duration_prior__d0__w6,104,639
4b_duration_prior,4b_duration_prior__d0__w6,105,672
4b_duration_prior,4b_duration_prior__d0__w6,106,786
4b_duration_prior,4b_duration_prior__d0__w6,107,807
4b_duration_prior,4b_duration_prior__d0__w6,108,1919
4b_duration_prior,4b_duration_prior__d0__w6,109,1077
4b_duration_prior,4b_duration_prior__d0__w6,110,1141
4b_duration_prior,4b_duration_prior__d0__w6,111,1216
4b_duration_prior,4b_duration_prior__d0__w6,112,911
4b_duration_prior,4b_duration_prior__d0__w6,113,944
4b_duration_prior,4b_duration_prior__d0__w6,114,921
4b_duration_prior,4b_duration_prior__d0__w6,115,882
4b_duration_prior,4b_duration_prior__d0__w6,116,841
4b_duration_prior,4b_duration_prior__d0__w6,117,926
4b_duration_prior,4b_duration_prior__d0__w6,118,1155
4b_duration_prior,4b_duration_prior__d0__w6,119,985
4b_duration_prior,4b_duration_prior__d0__w6,120,813
4b_duration_prior,4b_duration_prior__d0__w6,121,657
4b_duration_prior,4b_duration_prior__d0__w6,122,541
4b_duration_prior,4b_duration_prior__d0__w6,123,1264
4b_duration_prior,4b_duration_prior__d0__w6,124,292
4b_duration_prior,4b_duration_prior__d0__w6,125,271
4b_duration_prior,4b_duration_prior__d0__w6,126,267
4b_duration_prior,4b_duration_prior__d0__w6,127,287
4b_duration_prior,4b_duration_prior__d0__w6,128,268
4b_duration_prior,4b_duration_prior__d0__w6,129,302
4b_duration_prior,4b_duration_prior__d0__w6,130,382
4b_duration_prior,4b_duration_prior__d0__w6,131,432
4b_duration_prior,4b_duration_prior__d0__w6,132,915
4b_duration_prior,4b_duration_prior__d0__w6,133,434
4b_duration_prior,4b_duration_prior__d0__w6,134,568
4b_duration_prior,4b_duration_prior__d0__w6,135,619
4b_duration_prior,4b_duration_prior__d0__w6,136,518
4b_duration_prior,4b_duration_prior__d0__w6,137,543
4b_duration_prior,4b_duration_prior__d0__w6,138,459
4b_duration_prior,4b_duration_prior__d0__w6,139,514
4b_duration_prior,4b_duration_prior__d0__w6,140,518
4b_duration_prior,4b_duration_prior__d0__w6,141,531
4b_duration_prior,4b_duration_prior__d0__w6,142,630
4b_duration_prior,4b_duration_prior__d0__w6,143,691
4b_duration_prior,4b_duration_prior__d0__w6,144,361
4b_duration_prior,4b_duration_prior__d0__w6,145,376
4b_duration_prior,4b_duration_prior__d0__w6,146,371
4b_duration_prior,4b_duration_prior__d0__w6,147,731
4b_duration_prior,4b_duration_prior__d0__w6,148,292
4b_duration_prior,4b_duration_prior__d0__w6,149,274
4b_duration_prior,4b_duration_prior__d0__w6,150,238
4b_duration_prior,4b_duration_prior__d0__w6,151,276
4b_duration_prior,4b_duration_prior__d0__w6,152,285
4b_duration_prior,4b_duration_prior__d0__w6,153,393
4b_duration_prior,4b_duration_prior__d0__w6,154,408
4b_duration_prior,4b_duration_prior__d0__w6,155,790
4b_duration_prior,4b_duration_prior__d0__w6,156,432
4b_duration_prior,4b_duration_prior__d0__w6,157,507
4b_duration_prior,4b_duration_prior__d0__w6,158,519
4b_duration_prior,4b_duration_prior__d0__w6,159,616
4b_duration_prior,4b_duration_prior__d0__w6,160,475
4b_duration_prior,4b_duration_prior__d0__w6,161,475
4b_duration_prior,4b_duration_prior__d0__w6,162,546
4b_duration_prior,4b_duration_prior__d0__w6,163,545
4b_duration_prior,4b_duration_prior__d0__w6,164,548
4b_duration_prior,4b_duration_prior__d0__w6,165,582
4b_duration_prior,4b_duration_prior__d0__w6,166,659
4b_duration_prior,4b_duration_prior__d0__w6,167,651
4b_duration_prior,4b_duration_prior__d60__w6,0,403
4b_duration_prior,4b_duration_prior__d60__w6,1,986
4b_duration_prior,4b_duration_prior__d60__w6,2,481
4b_duration_prior,4b_duration_prior__d60__w6,3,437
4b_duration_prior,4b_duration_prior__d60__w6,4,486
4b_duration_prior,4b_duration_prior__d60__w6,5,438
4b_duration_prior,4b_duration_prior__d60__w6,6,446
4b_duration_prior,4b_duration_prior__d60__w6,7,460
4b_duration_prior,4b_duration_prior__d60__w6,8,618
4b_duration_prior,4b_duration_prior__d60__w6,9,635
4b_duration_prior,4b_duration_prior__d60__w6,10,598
4b_duration_prior,4b_duration_prior__d60__w6,11,786
4b_duration_prior,4b_duration_prior__d60__w6,12,1962
4b_duration_prior,4b_duration_prior__d60__w6,13,1120
4b_duration_prior,4b_duration_prior__d60__w6,14,1316
4b_duration_prior,4b_duration_prior__d60__w6,15,1065
4b_duration_prior,4b_duration_prior__d60__w6,16,1019
4b_duration_prior,4b_duration_prior__d60__w6,17,976
4b_duration_prior,4b_duration_prior__d60__w6,18,1006
4b_duration_prior,4b_duration_prior__d60__w6,19,911
4b_duration_prior,4b_duration_prior__d60__w6,20,951
4b_duration_prior,4b_duration_prior__d60__w6,21,1312
4b_duration_prior,4b_duration_prior__d60__w6,22,1271
4b_duration_prior,4b_duration_prior__d60__w6,23,1176
4b_duration_prior,4b_duration_prior__d60__w6,24,977
4b_duration_prior,4b_duration_prior__d60__w6,25,853
4b_duration_prior,4b_duration_prior__d60__w6,26,1811
4b_duration_prior,4b_duration_prior__d60__w6,27,641
4b_duration_prior,4b_duration_prior__d60__w6,28,610
4b_duration_prior,4b_duration_prior__d60__w6,29,573
4b_duration_prior,4b_duration_prior__d60__w6,30,577
4b_duration_prior,4b_duration_prior__d60__w6,31,634
4b_duration_prior,4b_duration_prior__d60__w6,32,693
4b_duration_prior,4b_duration_prior__d60__w6,33,767
4b_duration_prior,4b_duration_prior__d60__w6,34,696
4b_duration_prior,4b_duration_prior__d60__w6,35,841
4b_duration_prior,4b_duration_prior__d60__w6,36,2148
4b_duration_prior,4b_duration_prior__d60__w6,37,1120
4b_duration_prior,4b_duration_prior__d60__w6,38,1221
4b_duration_prior,4b_duration_prior__d60__w6,39,979
4b_duration_prior,4b_duration_prior__d60__w6,40,1044
4b_duration_prior,4b_duration_prior__d60__w6,41,1175
4b_duration_prior,4b_duration_prior__d60__w6,42,1031
4b_duration_prior,4b_duration_prior__d60__w6,43,1006
4b_duration_prior,4b_duration_prior__d60__w6,44,951
4b_duration_prior,4b_duration_prior__d60__w6,45,1364
4b_duration_prior,4b_duration_prior__d60__w6,46,1254
4b_duration_prior,4b_duration_prior__d60__w6,47,1500
4b_duration_prior,4b_duration_prior__d60__w6,48,824
4b_duration_prior,4b_duration_prior__d60__w6,49,855
4b_duration_prior,4b_duration_prior__d60__w6,50,1954
4b_duration_prior,4b_duration_prior__d60__w6,51,689
4b_duration_prior,4b_duration_prior__d60__w6,52,466
4b_duration_prior,4b_duration_prior__d60__w6,53,589
4b_duration_prior,4b_duration_prior__d60__w6,54,522
4b_duration_prior,4b_duration_prior__d60__w6,55,611
4b_duration_prior,4b_duration_prior__d60__w6,56,669
4b_duration_prior,4b_duration_prior__d60__w6,57,709
4b_duration_prior,4b_duration_prior__d60__w6,58,853
4b_duration_prior,4b_duration_prior__d60__w6,59,848
4b_duration_prior,4b_duration_prior__d60__w6,60,2073
4b_duration_prior,4b_duration_prior__d60__w6,61,1149
4b_duration_prior,4b_duration_prior__d60__w6,62,1199
4b_duration_prior,4b_duration_prior__d60__w6,63,1051
4b_duration_prior,4b_duration_prior__d60__w6,64,1199
4b_duration_prior,4b_duration_prior__d60__w6,65,1114
4b_duration_prior,4b_duration_prior__d60__w6,66,999
4b_duration_prior,4b_duration_prior__d60__w6,67,911
4b_duration_prior,4b_duration_prior__d60__w6,68,1028
4b_duration_prior,4b_duration_prior__d60__w6,69,1214
4b_duration_prior,4b_duration_prior__d60__w6,70,1261
4b_duration_prior,4b_duration_prior__d60__w6,71,1173
4b_duration_prior,4b_duration_prior__d60__w6,72,929
4b_duration_prior,4b_duration_prior__d60__w6,73,870
4b_duration_prior,4b_duration_prior__d60__w6,74,1774
4b_duration_prior,4b_duration_prior__d60__w6,75,587
4b_duration_prior,4b_duration_prior__d60__w6,76,474
4b_duration_prior,4b_duration_prior__d60__w6,77,499
4b_duration_prior,4b_duration_prior__d60__w6,78,605
4b_duration_prior,4b_duration_prior__d60__w6,79,576
4b_duration_prior,4b_duration_prior__d60__w6,80,696
4b_duration_prior,4b_duration_prior__d60__w6,81,729
4b_duration_prior,4b_duration_prior__d60__w6,82,756
4b_duration_prior,4b_duration_prior__d60__w6,83,824
4b_duration_prior,4b_duration_prior__d60__w6,84,1944
4b_duration_prior,4b_duration_prior__d60__w6,85,1103
4b_duration_prior,4b_duration_prior__d60__w6,86,1238
4b_duration_prior,4b_duration_prior__d60__w6,87,1002
4b_duration_prior,4b_duration_prior__d60__w6,88,1036
4b_duration_prior,4b_duration_prior__d60__w6,89,1060
4b_duration_prior,4b_duration_prior__d60__w6,90,1032
4b_duration_prior,4b_duration_prior__d60__w6,91,982
4b_duration_prior,4b_duration_prior__d60__w6,92,920
4b_duration_prior,4b_duration_prior__d60__w6,93,1254
4b_duration_prior,4b_duration_prior__d60__w6,94,1264
4b_duration_prior,4b_duration_prior__d60__w6,95,1427
4b_duration_prior,4b_duration_prior__d60__w6,96,692
4b_duration_prior,4b_duration_prior__d60__w6,97,823
4b_duration_prior,4b_duration_prior__d60__w6,98,1736
4b_duration_prior,4b_duration_prior__d60__w6,99,611
4b_duration_prior,4b_duration_prior__d60__w6,100,449
4b_duration_prior,4b_duration_prior__d60__w6,101,504
4b_duration_prior,4b_duration_prior__d60__w6,102,531
4b_duration_prior,4b_duration_prior__d60__w6,103,566
4b_duration_prior,4b_duration_prior__d60__w6,104,648
4b_duration_prior,4b_duration_prior__d60__w6,105,683
4b_duration_prior,4b_duration_prior__d60__w6,106,788
4b_duration_prior,4b_duration_prior__d60__w6,107,802
4b_duration_prior,4b_duration_prior__d60__w6,108,1859
4b_duration_prior,4b_duration_prior__d60__w6,109,1077
4b_duration_prior,4b_duration_prior__d60__w6,110,1141
4b_duration_prior,4b_duration_prior__d60__w6,111,1216
4b_duration_prior,4b_duration_prior__d60__w6,112,936
4b_duration_prior,4b_duration_prior__d60__w6,113,980
4b_duration_prior,4b_duration_prior__d60__w6,114,951
4b_duration_prior,4b_duration_prior__d60__w6,115,902
4b_duration_prior,4b_duration_prior__d60__w6,116,865
4b_duration_prior,4b_duration_prior__d60__w6,117,956
4b_duration_prior,4b_duration_prior__d60__w6,118,1160
4b_duration_prior,4b_duration_prior__d60__w6,119,964
4b_duration_prior,4b_duration_prior__d60__w6,120,798
4b_duration_prior,4b_duration_prior__d60__w6,121,652
4b_duration_prior,4b_duration_prior__d60__w6,122,529
4b_duration_prior,4b_duration_prior__d60__w6,123,1147
4b_duration_prior,4b_duration_prior__d60__w6,124,305
4b_duration_prior,4b_duration_prior__d60__w6,125,277
4b_duration_prior,4b_duration_prior__d60__w6,126,276
4b_duration_prior,4b_duration_prior__d60__w6,127,297
4b_duration_prior,4b_duration_prior__d60__w6,128,274
4b_duration_prior,4b_duration_prior__d60__w6,129,304
4b_duration_prior,4b_duration_prior__d60__w6,130,374
4b_duration_prior,4b_duration_prior__d60__w6,131,435
4b_duration_prior,4b_duration_prior__d60__w6,132,874
4b_duration_prior,4b_duration_prior__d60__w6,133,434
4b_duration_prior,4b_duration_prior__d60__w6,134,568
4b_duration_prior,4b_duration_prior__d60__w6,135,619
4b_duration_prior,4b_duration_prior__d60__w6,136,534
4b_duration_prior,4b_duration_prior__d60__w6,137,554
4b_duration_prior,4b_duration_prior__d60__w6,138,472
4b_duration_prior,4b_duration_prior__d60__w6,139,527
4b_duration_prior,4b_duration_prior__d60__w6,140,525
4b_duration_prior,4b_duration_prior__d60__w6,141,535
4b_duration_prior,4b_duration_prior__d60__w6,142,625
4b_duration_prior,4b_duration_prior__d60__w6,143,671
4b_duration_prior,4b_duration_prior__d60__w6,144,374
4b_duration_prior,4b_duration_prior__d60__w6,145,370
4b_duration_prior,4b_duration_prior__d60__w6,146,366
4b_duration_prior,4b_duration_prior__d60__w6,147,701
4b_duration_prior,4b_duration_prior__d60__w6,148,311
4b_duration_prior,4b_duration_prior__d60__w6,149,286
4b_duration_prior,4b_duration_prior__d60__w6,150,246
4b_duration_prior,4b_duration_prior__d60__w6,151,287
4b_duration_prior,4b_duration_prior__d60__w6,152,288
4b_duration_prior,4b_duration_prior__d60__w6,153,397
4b_duration_prior,4b_duration_prior__d60__w6,154,400
4b_duration_prior,4b_duration_prior__d60__w6,155,730
4b_duration_prior,4b_duration_prior__d60__w6,156,432
4b_duration_prior,4b_duration_prior__d60__w6,157,507
4b_duration_prior,4b_duration_prior__d60__w6,158,519
4b_duration_prior,4b_duration_prior__d60__w6,159,616
4b_duration_prior,4b_duration_prior__d60__w6,160,482
4b_duration_prior,4b_duration_prior__d60__w6,161,479
4b_duration_prior,4b_duration_prior__d60__w6,162,557
4b_duration_prior,4b_duration_prior__d60__w6,163,549
4b_duration_prior,4b_duration_prior__d60__w6,164,556
4b_duration_prior,4b_duration_prior__d60__w6,165,597
4b_duration_prior,4b_duration_prior__d60__w6,166,681
4b_duration_prior,4b_duration_prior__d60__w6,167,650
4b_duration_prior,4b_duration_prior__d120__w6,0,409
4b_duration_prior,4b_duration_prior__d120__w6,1,933
4b_duration_prior,4b_duration_prior__d120__w6,2,481
4b_duration_prior,4b_duration_prior__d120__w6,3,437
4b_duration_prior,4b_duration_prior__d120__w6,4,486
4b_duration_prior,4b_duration_prior__d120__w6,5,445
4b_duration_prior,4b_duration_prior__d120__w6,6,460
4b_duration_prior,4b_duration_prior__d120__w6,7,480
4b_duration_prior,4b_duration_prior__d120__w6,8,630
4b_duration_prior,4b_duration_prior__d120__w6,9,649
4b_duration_prior,4b_duration_prior__d120__w6,10,624
4b_duration_prior,4b_duration_prior__d120__w6,11,805
4b_duration_prior,4b_duration_prior__d120__w6,12,1850
4b_duration_prior,4b_duration_prior__d120__w6,13,1120
4b_duration_prior,4b_duration_prior__d120__w6,14,1316
4b_duration_prior,4b_duration_prior__d120__w6,15,1108
4b_duration_prior,4b_duration_prior__d120__w6,16,1040
4b_duration_prior,4b_duration_prior__d120__w6,17,993
4b_duration_prior,4b_duration_prior__d120__w6,18,1020
4b_duration_prior,4b_duration_prior__d120__w6,19,924
4b_duration_prior,4b_duration_prior__d120__w6,20,963
4b_duration_prior,4b_duration_prior__d120__w6,21,1285
4b_duration_prior,4b_duration_prior__d120__w6,22,1263
4b_duration_prior,4b_duration_prior__d120__w6,23,1176
4b_duration_prior,4b_duration_prior__d120__w6,24,973
4b_duration_prior,4b_duration_prior__d120__w6,25,852
4b_duration_prior,4b_duration_prior__d120__w6,26,1731
4b_duration_prior,4b_duration_prior__d120__w6,27,641
4b_duration_prior,4b_duration_prior__d120__w6,28,610
4b_duration_prior,4b_duration_prior__d120__w6,29,578
4b_duration_prior,4b_duration_prior__d120__w6,30,591
4b_duration_prior,4b_duration_prior__d120__w6,31,646
4b_duration_prior,4b_duration_prior__d120__w6,32,712
4b_duration_prior,4b_duration_prior__d120__w6,33,782
4b_duration_prior,4b_duration_prior__d120__w6,34,718
4b_duration_prior,4b_duration_prior__d120__w6,35,851
4b_duration_prior,4b_duration_prior__d120__w6,36,2051
4b_duration_prior,4b_duration_prior__d120__w6,37,1120
4b_duration_prior,4b_duration_prior__d120__w6,38,1221
4b_duration_prior,4b_duration_prior__d120__w6,39,1007
4b_duration_prior,4b_duration_prior__d120__w6,40,1089
4b_duration_prior,4b_duration_prior__d120__w6,41,1202
4b_duration_prior,4b_duration_prior__d120__w6,42,1044
4b_duration_prior,4b_duration_prior__d120__w6,43,1020
4b_duration_prior,4b_duration_prior__d120__w6,44,967
4b_duration_prior,4b_duration_prior__d120__w6,45,1357
4b_duration_prior,4b_duration_prior__d120__w6,46,1226
4b_duration_prior,4b_duration_prior__d120__w6,47,1466
4b_duration_prior,4b_duration_prior__d120__w6,48,842
4b_duration_prior,4b_duration_prior__d120__w6,49,868
4b_duration_prior,4b_duration_prior__d120__w6,50,1849
4b_duration_prior,4b_duration_prior__d120__w6,51,689
4b_duration_prior,4b_duration_prior__d120__w6,52,484
4b_duration_prior,4b_duration_prior__d120__w6,53,600
4b_duration_prior,4b_duration_prior__d120__w6,54,536
4b_duration_prior,4b_duration_prior__d120__w6,55,618
4b_duration_prior,4b_duration_prior__d120__w6,56,694
4b_duration_prior,4b_duration_prior__d120__w6,57,745
4b_duration_prior,4b_duration_prior__d120__w6,58,862
4b_duration_prior,4b_duration_prior__d120__w6,59,860
4b_duration_prior,4b_duration_prior__d120__w6,60,1941
4b_duration_prior,4b_duration_prior__d120__w6,61,1149
4b_duration_prior,4b_duration_prior__d120__w6,62,1199
4b_duration_prior,4b_duration_prior__d120__w6,63,1074
4b_duration_prior,4b_duration_prior__d120__w6,64,1225
4b_duration_prior,4b_duration_prior__d120__w6,65,1152
4b_duration_prior,4b_duration_prior__d120__w6,66,1028
4b_duration_prior,4b_duration_prior__d120__w6,67,926
4b_duration_prior,4b_duration_prior__d120__w6,68,1039
4b_duration_prior,4b_duration_prior__d120__w6,69,1205
4b_duration_prior,4b_duration_prior__d120__w6,70,1256
4b_duration_prior,4b_duration_prior__d120__w6,71,1147
4b_duration_prior,4b_duration_prior__d120__w6,72,911
4b_duration_prior,4b_duration_prior__d120__w6,73,867
4b_duration_prior,4b_duration_prior__d120__w6,74,1693
4b_duration_prior,4b_duration_prior__d120__w6,75,587
4b_duration_prior,4b_duration_prior__d120__w6,76,485
4b_duration_prior,4b_duration_prior__d120__w6,77,507
4b_duration_prior,4b_duration_prior__d120__w6,78,617
4b_duration_prior,4b_duration_prior__d120__w6,79,590
4b_duration_prior,4b_duration_prior__d120__w6,80,720
4b_duration_prior,4b_duration_prior__d120__w6,81,760
4b_duration_prior,4b_duration_prior__d120__w6,82,766
4b_duration_prior,4b_duration_prior__d120__w6,83,838
4b_duration_prior,4b_duration_prior__d120__w6,84,1820
4b_duration_prior,4b_duration_prior__d120__w6,85,1103
4b_duration_prior,4b_duration_prior__d120__w6,86,1238
4b_duration_prior,4b_duration_prior__d120__w6,87,1024
4b_duration_prior,4b_duration_prior__d120__w6,88,1062
4b_duration_prior,4b_duration_prior__d120__w6,89,1084
4b_duration_prior,4b_duration_prior__d120__w6,90,1051
4b_duration_prior,4b_duration_prior__d120__w6,91,995
4b_duration_prior,4b_duration_prior__d120__w6,92,935
4b_duration_prior,4b_duration_prior__d120__w6,93,1251
4b_duration_prior,4b_duration_prior__d120__w6,94,1257
4b_duration_prior,4b_duration_prior__d120__w6,95,1398
4b_duration_prior,4b_duration_prior__d120__w6,96,706
4b_duration_prior,4b_duration_prior__d120__w6,97,826
4b_duration_prior,4b_duration_prior__d120__w6,98,1639
4b_duration_prior,4b_duration_prior__d120__w6,99,611
4b_duration_prior,4b_duration_prior__d120__w6,100,463
4b_duration_prior,4b_duration_prior__d120__w6,101,522
4b_duration_prior,4b_duration_prior__d120__w6,102,546
4b_duration_prior,4b_duration_prior__d120__w6,103,579
4b_duration_prior,4b_duration_prior__d120__w6,104,659
4b_duration_prior,4b_duration_prior__d120__w6,105,696
4b_duration_prior,4b_duration_prior__d120__w6,106,792
4b_duration_prior,4b_duration_prior__d120__w6,107,803
4b_duration_prior,4b_duration_prior__d120__w6,108,1770
4b_duration_prior,4b_duration_prior__d120__w6,109,1077
4b_duration_prior,4b_duration_prior__d120__w6,110,1141
4b_duration_prior,4b_duration_prior__d120__w6,111,1216
4b_duration_prior,4b_duration_prior__d120__w6,112,974
4b_duration_prior,4b_duration_prior__d120__w6,113,1013
4b_duration_prior,4b_duration_prior__d120__w6,114,965
4b_duration_prior,4b_duration_prior__d120__w6,115,921
4b_duration_prior,4b_duration_prior__d120__w6,116,887
4b_duration_prior,4b_duration_prior__d120__w6,117,978
4b_duration_prior,4b_duration_prior__d120__w6,118,1142
4b_duration_prior,4b_duration_prior__d120__w6,119,943
4b_duration_prior,4b_duration_prior__d120__w6,120,793
4b_duration_prior,4b_duration_prior__d120__w6,121,641
4b_duration_prior,4b_duration_prior__d120__w6,122,510
4b_duration_prior,4b_duration_prior__d120__w6,123,1073
4b_duration_prior,4b_duration_prior__d120__w6,124,312
4b_duration_prior,4b_duration_prior__d120__w6,125,287
4b_duration_prior,4b_duration_prior__d120__w6,126,286
4b_duration_prior,4b_duration_prior__d120__w6,127,310
4b_duration_prior,4b_duration_prior__d120__w6,128,286
4b_duration_prior,4b_duration_prior__d120__w6,129,320
4b_duration_prior,4b_duration_prior__d120__w6,130,386
4b_duration_prior,4b_duration_prior__d120__w6,131,448
4b_duration_prior,4b_duration_prior__d120__w6,132,781
4b_duration_prior,4b_duration_prior__d120__w6,133,434
4b_duration_prior,4b_duration_prior__d120__w6,134,568
4b_duration_prior,4b_duration_prior__d120__w6,135,619
4b_duration_prior,4b_duration_prior__d120__w6,136,543
4b_duration_prior,4b_duration_prior__d120__w6,137,571
4b_duration_prior,4b_duration_prior__d120__w6,138,485
4b_duration_prior,4b_duration_prior__d120__w6,139,530
4b_duration_prior,4b_duration_prior__d120__w6,140,528
4b_duration_prior,4b_duration_prior__d120__w6,141,547
4b_duration_prior,4b_duration_prior__d120__w6,142,626
4b_duration_prior,4b_duration_prior__d120__w6,143,643
4b_duration_prior,4b_duration_prior__d120__w6,144,380
4b_duration_prior,4b_duration_prior__d120__w6,145,380
4b_duration_prior,4b_duration_prior__d120__w6,146,369
4b_duration_prior,4b_duration_prior__d120__w6,147,653
4b_duration_prior,4b_duration_prior__d120__w6,148,319
4b_duration_prior,4b_duration_prior__d120__w6,149,288
4b_duration_prior,4b_duration_prior__d120__w6,150,250
4b_duration_prior,4b_duration_prior__d120__w6,151,291
4b_duration_prior,4b_duration_prior__d120__w6,152,290
4b_duration_prior,4b_duration_prior__d120__w6,153,406
4b_duration_prior,4b_duration_prior__d120__w6,154,399
4b_duration_prior,4b_duration_prior__d120__w6,155,701
4b_duration_prior,4b_duration_prior__d120__w6,156,432
4b_duration_prior,4b_duration_prior__d120__w6,157,507
4b_duration_prior,4b_duration_prior__d120__w6,158,519
4b_duration_prior,4b_duration_prior__d120__w6,159,616
4b_duration_prior,4b_duration_prior__d120__w6,160,491
4b_duration_prior,4b_duration_prior__d120__w6,161,484
4b_duration_prior,4b_duration_prior__d120__w6,162,565
4b_duration_prior,4b_duration_prior__d120__w6,163,555
4b_duration_prior,4b_duration_prior__d120__w6,164,567
4b_duration_prior,4b_duration_prior__d120__w6,165,604
4b_duration_prior,4b_duration_prior__d120__w6,166,683
4b_duration_prior,4b_duration_prior__d120__w6,167,649
4b_duration_prior,4b_duration_prior__d240__w6,0,419
4b_duration_prior,4b_duration_prior__d240__w6,1,847
4b_duration_prior,4b_duration_prior__d240__w6,2,481
4b_duration_prior,4b_duration_prior__d240__w6,3,437
4b_duration_prior,4b_duration_prior__d240__w6,4,486
4b_duration_prior,4b_duration_prior__d240__w6,5,469
4b_duration_prior,4b_duration_prior__d240__w6,6,479
4b_duration_prior,4b_duration_prior__d240__w6,7,495
4b_duration_prior,4b_duration_prior__d240__w6,8,657
4b_duration_prior,4b_duration_prior__d240__w6,9,691
4b_duration_prior,4b_duration_prior__d240__w6,10,674
4b_duration_prior,4b_duration_prior__d240__w6,11,823
4b_duration_prior,4b_duration_prior__d240__w6,12,1655
4b_duration_prior,4b_duration_prior__d240__w6,13,1120
4b_duration_prior,4b_duration_prior__d240__w6,14,1316
4b_duration_prior,4b_duration_prior__d240__w6,15,1159
4b_duration_prior,4b_duration_prior__d240__w6,16,1079
4b_duration_prior,4b_duration_prior__d240__w6,17,1047
4b_duration_prior,4b_duration_prior__d240__w6,18,1069
4b_duration_prior,4b_duration_prior__d240__w6,19,966
4b_duration_prior,4b_duration_prior__d240__w6,20,989
4b_duration_prior,4b_duration_prior__d240__w6,21,1277
4b_duration_prior,4b_duration_prior__d240__w6,22,1254
4b_duration_prior,4b_duration_prior__d240__w6,23,1156
4b_duration_prior,4b_duration_prior__d240__w6,24,939
4b_duration_prior,4b_duration_prior__d240__w6,25,819
4b_duration_prior,4b_duration_prior__d240__w6,26,1574
4b_duration_prior,4b_duration_prior__d240__w6,27,641
4b_duration_prior,4b_duration_prior__d240__w6,28,610
4b_duration_prior,4b_duration_prior__d240__w6,29,623
4b_duration_prior,4b_duration_prior__d240__w6,30,622
4b_duration_prior,4b_duration_prior__d240__w6,31,675
4b_duration_prior,4b_duration_prior__d240__w6,32,742
4b_duration_prior,4b_duration_prior__d240__w6,33,832
4b_duration_prior,4b_duration_prior__d240__w6,34,756
4b_duration_prior,4b_duration_prior__d240__w6,35,858
4b_duration_prior,4b_duration_prior__d240__w6,36,1821
4b_duration_prior,4b_duration_prior__d240__w6,37,1120
4b_duration_prior,4b_duration_prior__d240__w6,38,1221
4b_duration_prior,4b_duration_prior__d240__w6,39,1082
4b_duration_prior,4b_duration_prior__d240__w6,40,1145
4b_duration_prior,4b_duration_prior__d240__w6,41,1271
4b_duration_prior,4b_duration_prior__d240__w6,42,1099
4b_duration_prior,4b_duration_prior__d240__w6,43,1053
4b_duration_prior,4b_duration_prior__d240__w6,44,1007
4b_duration_prior,4b_duration_prior__d240__w6,45,1317
4b_duration_prior,4b_duration_prior__d240__w6,46,1201
4b_duration_prior,4b_duration_prior__d240__w6,47,1364
4b_duration_prior,4b_duration_prior__d240__w6,48,869
4b_duration_prior,4b_duration_prior__d240__w6,49,846
4b_duration_prior,4b_duration_prior__d240__w6,50,1683
4b_duration_prior,4b_duration_prior__d240__w6,51,689
4b_duration_prior,4b_duration_prior__d240__w6,52,516
4b_duration_prior,4b_duration_prior__d240__w6,53,626
4b_duration_prior,4b_duration_prior__d240__w6,54,556
4b_duration_prior,4b_duration_prior__d240__w6,55,640
4b_duration_prior,4b_duration_prior__d240__w6,56,726
4b_duration_prior,4b_duration_prior__d240__w6,57,794
4b_duration_prior,4b_duration_prior__d240__w6,58,883
4b_duration_prior,4b_duration_prior__d240__w6,59,867
4b_duration_prior,4b_duration_prior__d240__w6,60,1732
4b_duration_prior,4b_duration_prior__d240__w6,61,1149
4b_duration_prior,4b_duration_prior__d240__w6,62,1199
4b_duration_prior,4b_duration_prior__d240__w6,63,1127
4b_duration_prior,4b_duration_prior__d240__w6,64,1270
4b_duration_prior,4b_duration_prior__d240__w6,65,1195
4b_duration_prior,4b_duration_prior__d240__w6,66,1078
4b_duration_prior,4b_duration_prior__d240__w6,67,967
4b_duration_prior,4b_duration_prior__d240__w6,68,1077
4b_duration_prior,4b_duration_prior__d240__w6,69,1197
4b_duration_prior,4b_duration_prior__d240__w6,70,1241
4b_duration_prior,4b_duration_prior__d240__w6,71,1129
4b_duration_prior,4b_duration_prior__d240__w6,72,887
4b_duration_prior,4b_duration_prior__d240__w6,73,839
4b_duration_prior,4b_duration_prior__d240__w6,74,1516
4b_duration_prior,4b_duration_prior__d240__w6,75,587
4b_duration_prior,4b_duration_prior__d240__w6,76,507
4b_duration_prior,4b_duration_prior__d240__w6,77,546
4b_duration_prior,4b_duration_prior__d240__w6,78,668
4b_duration_prior,4b_duration_prior__d240__w6,79,621
4b_duration_prior,4b_duration_prior__d240__w6,80,763
4b_duration_prior,4b_duration_prior__d240__w6,81,792
4b_duration_prior,4b_duration_prior__d240__w6,82,790
4b_duration_prior,4b_duration_prior__d240__w6,83,837
4b_duration_prior,4b_duration_prior__d240__w6,84,1579
4b_duration_prior,4b_duration_prior__d240__w6,85,1103
4b_duration_prior,4b_duration_prior__d240__w6,86,1238
4b_duration_prior,4b_duration_prior__d240__w6,87,1069
4b_duration_prior,4b_duration_prior__d240__w6,88,1121
4b_duration_prior,4b_duration_prior__d240__w6,89,1126
4b_duration_prior,4b_duration_prior__d240__w6,90,1100
4b_duration_prior,4b_duration_prior__d240__w6,91,1030
4b_duration_prior,4b_duration_prior__d240__w6,92,968
4b_duration_prior,4b_duration_prior__d240__w6,93,1242
4b_duration_prior,4b_duration_prior__d240__w6,94,1215
4b_duration_prior,4b_duration_prior__d240__w6,95,1332
4b_duration_prior,4b_duration_prior__d240__w6,96,720
4b_duration_prior,4b_duration_prior__d240__w6,97,806
4b_duration_prior,4b_duration_prior__d240__w6,98,1499
4b_duration_prior,4b_duration_prior__d240__w6,99,611
4b_duration_prior,4b_duration_prior__d240__w6,100,489
4b_duration_prior,4b_duration_prior__d240__w6,101,556
4b_duration_prior,4b_duration_prior__d240__w6,102,578
4b_duration_prior,4b_duration_prior__d240__w6,103,604
4b_duration_prior,4b_duration_prior__d240__w6,104,701
4b_duration_prior,4b_duration_prior__d240__w6,105,730
4b_duration_prior,4b_duration_prior__d240__w6,106,807
4b_duration_prior,4b_duration_prior__d240__w6,107,810
4b_duration_prior,4b_duration_prior__d240__w6,108,1555
4b_duration_prior,4b_duration_prior__d240__w6,109,1077
4b_duration_prior,4b_duration_prior__d240__w6,110,1141
4b_duration_prior,4b_duration_prior__d240__w6,111,1216
4b_duration_prior,4b_duration_prior__d240__w6,112,1012
4b_duration_prior,4b_duration_prior__d240__w6,113,1048
4b_duration_prior,4b_duration_prior__d240__w6,114,1003
4b_duration_prior,4b_duration_prior__d240__w6,115,946
4b_duration_prior,4b_duration_prior__d240__w6,116,914
4b_duration_prior,4b_duration_prior__d240__w6,117,997
4b_duration_prior,4b_duration_prior__d240__w6,118,1127
4b_duration_prior,4b_duration_prior__d240__w6,119,926
4b_duration_prior,4b_duration_prior__d240__w6,120,771
4b_duration_prior,4b_duration_prior__d240__w6,121,623
4b_duration_prior,4b_duration_prior__d240__w6,122,494
4b_duration_prior,4b_duration_prior__d240__w6,123,979
4b_duration_prior,4b_duration_prior__d240__w6,124,324
4b_duration_prior,4b_duration_prior__d240__w6,125,297
4b_duration_prior,4b_duration_prior__d240__w6,126,300
4b_duration_prior,4b_duration_prior__d240__w6,127,328
4b_duration_prior,4b_duration_prior__d240__w6,128,300
4b_duration_prior,4b_duration_prior__d240__w6,129,334
4b_duration_prior,4b_duration_prior__d240__w6,130,380
4b_duration_prior,4b_duration_prior__d240__w6,131,462
4b_duration_prior,4b_duration_prior__d240__w6,132,691
4b_duration_prior,4b_duration_prior__d240__w6,133,434
4b_duration_prior,4b_duration_prior__d240__w6,134,568
4b_duration_prior,4b_duration_prior__d240__w6,135,619
4b_duration_prior,4b_duration_prior__d240__w6,136,562
4b_duration_prior,4b_duration_prior__d240__w6,137,589
4b_duration_prior,4b_duration_prior__d240__w6,138,500
4b_duration_prior,4b_duration_prior__d240__w6,139,549
4b_duration_prior,4b_duration_prior__d240__w6,140,546
4b_duration_prior,4b_duration_prior__d240__w6,141,559
4b_duration_prior,4b_duration_prior__d240__w6,142,619
4b_duration_prior,4b_duration_prior__d240__w6,143,617
4b_duration_prior,4b_duration_prior__d240__w6,144,389
4b_duration_prior,4b_duration_prior__d240__w6,145,366
4b_duration_prior,4b_duration_prior__d240__w6,146,358
4b_duration_prior,4b_duration_prior__d240__w6,147,608
4b_duration_prior,4b_duration_prior__d240__w6,148,330
4b_duration_prior,4b_duration_prior__d240__w6,149,299
4b_duration_prior,4b_duration_prior__d240__w6,150,261
4b_duration_prior,4b_duration_prior__d240__w6,151,327
4b_duration_prior,4b_duration_prior__d240__w6,152,306
4b_duration_prior,4b_duration_prior__d240__w6,153,423
4b_duration_prior,4b_duration_prior__d240__w6,154,408
4b_duration_prior,4b_duration_prior__d240__w6,155,583
4b_duration_prior,4b_duration_prior__d240__w6,156,432
4b_duration_prior,4b_duration_prior__d240__w6,157,507
4b_duration_prior,4b_duration_prior__d240__w6,158,519
4b_duration_prior,4b_duration_prior__d240__w6,159,616
4b_duration_prior,4b_duration_prior__d240__w6,160,527
4b_duration_prior,4b_duration_prior__d240__w6,161,509
4b_duration_prior,4b_duration_prior__d240__w6,162,587
4b_duration_prior,4b_duration_prior__d240__w6,163,571
4b_duration_prior,4b_duration_prior__d240__w6,164,583
4b_duration_prior,4b_duration_prior__d240__w6,165,616
4b_duration_prior,4b_duration_prior__d240__w6,166,670
4b_duration_prior,4b_duration_prior__d240__w6,167,611
4b_duration_prior,4b_duration_prior__d480__w6,0,433
4b_duration_prior,4b_duration_prior__d480__w6,1,673
4b_duration_prior,4b_duration_prior__d480__w6,2,481
4b_duration_prior,4b_duration_prior__d480__w6,3,437
4b_duration_prior,4b_duration_prior__d480__w6,4,486
4b_duration_prior,4b_duration_prior__d480__w6,5,481
4b_duration_prior,4b_duration_prior__d480__w6,6,502
4b_duration_prior,4b_duration_prior__d480__w6,7,522
4b_duration_prior,4b_duration_prior__d480__w6,8,678
4b_duration_prior,4b_duration_prior__d480__w6,9,737
4b_duration_prior,4b_duration_prior__d480__w6,10,717
4b_duration_prior,4b_duration_prior__d480__w6,11,850
4b_duration_prior,4b_duration_prior__d480__w6,12,1456
4b_duration_prior,4b_duration_prior__d480__w6,13,1120
4b_duration_prior,4b_duration_prior__d480__w6,14,1316
4b_duration_prior,4b_duration_prior__d480__w6,15,1217
4b_duration_prior,4b_duration_prior__d480__w6,16,1137
4b_duration_prior,4b_duration_prior__d480__w6,17,1098
4b_duration_prior,4b_duration_prior__d480__w6,18,1110
4b_duration_prior,4b_duration_prior__d480__w6,19,1004
4b_duration_prior,4b_duration_prior__d480__w6,20,1035
4b_duration_prior,4b_duration_prior__d480__w6,21,1271
4b_duration_prior,4b_duration_prior__d480__w6,22,1240
4b_duration_prior,4b_duration_prior__d480__w6,23,1143
4b_duration_prior,4b_duration_prior__d480__w6,24,943
4b_duration_prior,4b_duration_prior__d480__w6,25,809
4b_duration_prior,4b_duration_prior__d480__w6,26,1321
4b_duration_prior,4b_duration_prior__d480__w6,27,641
4b_duration_prior,4b_duration_prior__d480__w6,28,610
4b_duration_prior,4b_duration_prior__d480__w6,29,641
4b_duration_prior,4b_duration_prior__d480__w6,30,648
4b_duration_prior,4b_duration_prior__d480__w6,31,718
4b_duration_prior,4b_duration_prior__d480__w6,32,772
4b_duration_prior,4b_duration_prior__d480__w6,33,876
4b_duration_prior,4b_duration_prior__d480__w6,34,820
4b_duration_prior,4b_duration_prior__d480__w6,35,891
4b_duration_prior,4b_duration_prior__d480__w6,36,1563
4b_duration_prior,4b_duration_prior__d480__w6,37,1120
4b_duration_prior,4b_duration_prior__d480__w6,38,1221
4b_duration_prior,4b_duration_prior__d480__w6,39,1122
4b_duration_prior,4b_duration_prior__d480__w6,40,1203
4b_duration_prior,4b_duration_prior__d480__w6,41,1331
4b_duration_prior,4b_duration_prior__d480__w6,42,1136
4b_duration_prior,4b_duration_prior__d480__w6,43,1093
4b_duration_prior,4b_duration_prior__d480__w6,44,1056
4b_duration_prior,4b_duration_prior__d480__w6,45,1337
4b_duration_prior,4b_duration_prior__d480__w6,46,1195
4b_duration_prior,4b_duration_prior__d480__w6,47,1311
4b_duration_prior,4b_duration_prior__d480__w6,48,930
4b_duration_prior,4b_duration_prior__d480__w6,49,848
4b_duration_prior,4b_duration_prior__d480__w6,50,1375
4b_duration_prior,4b_duration_prior__d480__w6,51,689
4b_duration_prior,4b_duration_prior__d480__w6,52,542
4b_duration_prior,4b_duration_prior__d480__w6,53,653
4b_duration_prior,4b_duration_prior__d480__w6,54,572
4b_duration_prior,4b_duration_prior__d480__w6,55,680
4b_duration_prior,4b_duration_prior__d480__w6,56,765
4b_duration_prior,4b_duration_prior__d480__w6,57,842
4b_duration_prior,4b_duration_prior__d480__w6,58,919
4b_duration_prior,4b_duration_prior__d480__w6,59,875
4b_duration_prior,4b_duration_prior__d480__w6,60,1492
4b_duration_prior,4b_duration_prior__d480__w6,61,1149
4b_duration_prior,4b_duration_prior__d480__w6,62,1199
4b_duration_prior,4b_duration_prior__d480__w6,63,1197
4b_duration_prior,4b_duration_prior__d480__w6,64,1321
4b_duration_prior,4b_duration_prior__d480__w6,65,1240
4b_duration_prior,4b_duration_prior__d480__w6,66,1124
4b_duration_prior,4b_duration_prior__d480__w6,67,1023
4b_duration_prior,4b_duration_prior__d480__w6,68,1113
4b_duration_prior,4b_duration_prior__d480__w6,69,1175
4b_duration_prior,4b_duration_prior__d480__w6,70,1245
4b_duration_prior,4b_duration_prior__d480__w6,71,1132
4b_duration_prior,4b_duration_prior__d480__w6,72,864
4b_duration_prior,4b_duration_prior__d480__w6,73,818
4b_duration_prior,4b_duration_prior__d480__w6,74,1271
4b_duration_prior,4b_duration_prior__d480__w6,75,587
4b_duration_prior,4b_duration_prior__d480__w6,76,520
4b_duration_prior,4b_duration_prior__d480__w6,77,562
4b_duration_prior,4b_duration_prior__d480__w6,78,690
4b_duration_prior,4b_duration_prior__d480__w6,79,653
4b_duration_prior,4b_duration_prior__d480__w6,80,796
4b_duration_prior,4b_duration_prior__d480__w6,81,850
4b_duration_prior,4b_duration_prior__d480__w6,82,809
4b_duration_prior,4b_duration_prior__d480__w6,83,860
4b_duration_prior,4b_duration_prior__d480__w6,84,1363
4b_duration_prior,4b_duration_prior__d480__w6,85,1103
4b_duration_prior,4b_duration_prior__d480__w6,86,1238
4b_duration_prior,4b_duration_prior__d480__w6,87,1126
4b_duration_prior,4b_duration_prior__d480__w6,88,1174
4b_duration_prior,4b_duration_prior__d480__w6,89,1180
4b_duration_prior,4b_duration_prior__d480__w6,90,1154
4b_duration_prior,4b_duration_prior__d480__w6,91,1053
4b_duration_prior,4b_duration_prior__d480__w6,92,1000
4b_duration_prior,4b_duration_prior__d480__w6,93,1217
4b_duration_prior,4b_duration_prior__d480__w6,94,1209
4b_duration_prior,4b_duration_prior__d480__w6,95,1259
4b_duration_prior,4b_duration_prior__d480__w6,96,766
4b_duration_prior,4b_duration_prior__d480__w6,97,812
4b_duration_prior,4b_duration_prior__d480__w6,98,1278
4b_duration_prior,4b_duration_prior__d480__w6,99,611
4b_duration_prior,4b_duration_prior__d480__w6,100,508
4b_duration_prior,4b_duration_prior__d480__w6,101,579
4b_duration_prior,4b_duration_prior__d480__w6,102,601
4b_duration_prior,4b_duration_prior__d480__w6,103,636
4b_duration_prior,4b_duration_prior__d480__w6,104,734
4b_duration_prior,4b_duration_prior__d480__w6,105,759
4b_duration_prior,4b_duration_prior__d480__w6,106,818
4b_duration_prior,4b_duration_prior__d480__w6,107,820
4b_duration_prior,4b_duration_prior__d480__w6,108,1375
4b_duration_prior,4b_duration_prior__d480__w6,109,1077
4b_duration_prior,4b_duration_prior__d480__w6,110,1141
4b_duration_prior,4b_duration_prior__d480__w6,111,1216
4b_duration_prior,4b_duration_prior__d480__w6,112,1059
4b_duration_prior,4b_duration_prior__d480__w6,113,1091
4b_duration_prior,4b_duration_prior__d480__w6,114,1039
4b_duration_prior,4b_duration_prior__d480__w6,115,1001
4b_duration_prior,4b_duration_prior__d480__w6,116,942
4b_duration_prior,4b_duration_prior__d480__w6,117,1031
4b_duration_prior,4b_duration_prior__d480__w6,118,1115
4b_duration_prior,4b_duration_prior__d480__w6,119,902
4b_duration_prior,4b_duration_prior__d480__w6,120,754
4b_duration_prior,4b_duration_prior__d480__w6,121,586
4b_duration_prior,4b_duration_prior__d480__w6,122,480
4b_duration_prior,4b_duration_prior__d480__w6,123,840
4b_duration_prior,4b_duration_prior__d480__w6,124,328
4b_duration_prior,4b_duration_prior__d480__w6,125,301
4b_duration_prior,4b_duration_prior__d480__w6,126,306
4b_duration_prior,4b_duration_prior__d480__w6,127,338
4b_duration_prior,4b_duration_prior__d480__w6,128,317
4b_duration_prior,4b_duration_prior__d480__w6,129,358
4b_duration_prior,4b_duration_prior__d480__w6,130,392
4b_duration_prior,4b_duration_prior__d480__w6,131,474
4b_duration_prior,4b_duration_prior__d480__w6,132,602
4b_duration_prior,4b_duration_prior__d480__w6,133,434
4b_duration_prior,4b_duration_prior__d480__w6,134,568
4b_duration_prior,4b_duration_prior__d480__w6,135,619
4b_duration_prior,4b_duration_prior__d480__w6,136,581
4b_duration_prior,4b_duration_prior__d480__w6,137,606
4b_duration_prior,4b_duration_prior__d480__w6,138,518
4b_duration_prior,4b_duration_prior__d480__w6,139,568
4b_duration_prior,4b_duration_prior__d480__w6,140,566
4b_duration_prior,4b_duration_prior__d480__w6,141,578
4b_duration_prior,4b_duration_prior__d480__w6,142,622
4b_duration_prior,4b_duration_prior__d480__w6,143,592
4b_duration_prior,4b_duration_prior__d480__w6,144,411
4b_duration_prior,4b_duration_prior__d480__w6,145,370
4b_duration_prior,4b_duration_prior__d480__w6,146,344
4b_duration_prior,4b_duration_prior__d480__w6,147,513
4b_duration_prior,4b_duration_prior__d480__w6,148,333
4b_duration_prior,4b_duration_prior__d480__w6,149,312
4b_duration_prior,4b_duration_prior__d480__w6,150,265
4b_duration_prior,4b_duration_prior__d480__w6,151,345
4b_duration_prior,4b_duration_prior__d480__w6,152,314
4b_duration_prior,4b_duration_prior__d480__w6,153,425
4b_duration_prior,4b_duration_prior__d480__w6,154,418
4b_duration_prior,4b_duration_prior__d480__w6,155,518
4b_duration_prior,4b_duration_prior__d480__w6,156,432
4b_duration_prior,4b_duration_prior__d480__w6,157,507
4b_duration_prior,4b_duration_prior__d480__w6,158,519
4b_duration_prior,4b_duration_prior__d480__w6,159,616
4b_duration_prior,4b_duration_prior__d480__w6,160,547
4b_duration_prior,4b_duration_prior__d480__w6,161,520
4b_duration_prior,4b_duration_prior__d480__w6,162,601
4b_duration_prior,4b_duration_prior__d480__w6,163,605
4b_duration_prior,4b_duration_prior__d480__w6,164,609
4b_duration_prior,4b_duration_prior__d480__w6,165,650
4b_duration_prior,4b_duration_prior__d480__w6,166,681
4b_duration_prior,4b_duration_prior__d480__w6,167,621
4b_duration_prior,4b_duration_prior__d960__w6,0,450
4b_duration_prior,4b_duration_prior__d960__w6,1,555
4b_duration_prior,4b_duration_prior__d960__w6,2,481
4b_duration_prior,4b_duration_prior__d960__w6,3,437
4b_duration_prior,4b_duration_prior__d960__w6,4,486
4b_duration_prior,4b_duration_prior__d960__w6,5,511
4b_duration_prior,4b_duration_prior__d960__w6,6,525
4b_duration_prior,4b_duration_prior__d960__w6,7,540
4b_duration_prior,4b_duration_prior__d960__w6,8,703
4b_duration_prior,4b_duration_prior__d960__w6,9,757
4b_duration_prior,4b_duration_prior__d960__w6,10,739
4b_duration_prior,4b_duration_prior__d960__w6,11,835
4b_duration_prior,4b_duration_prior__d960__w6,12,1333
4b_duration_prior,4b_duration_prior__d960__w6,13,1120
4b_duration_prior,4b_duration_prior__d960__w6,14,1316
4b_duration_prior,4b_duration_prior__d960__w6,15,1237
4b_duration_prior,4b_duration_prior__d960__w6,16,1187
4b_duration_prior,4b_duration_prior__d960__w6,17,1161
4b_duration_prior,4b_duration_prior__d960__w6,18,1162
4b_duration_prior,4b_duration_prior__d960__w6,19,1062
4b_duration_prior,4b_duration_prior__d960__w6,20,1111
4b_duration_prior,4b_duration_prior__d960__w6,21,1342
4b_duration_prior,4b_duration_prior__d960__w6,22,1277
4b_duration_prior,4b_duration_prior__d960__w6,23,1147
4b_duration_prior,4b_duration_prior__d960__w6,24,951
4b_duration_prior,4b_duration_prior__d960__w6,25,794
4b_duration_prior,4b_duration_prior__d960__w6,26,897
4b_duration_prior,4b_duration_prior__d960__w6,27,641
4b_duration_prior,4b_duration_prior__d960__w6,28,610
4b_duration_prior,4b_duration_prior__d960__w6,29,664
4b_duration_prior,4b_duration_prior__d960__w6,30,666
4b_duration_prior,4b_duration_prior__d960__w6,31,745
4b_duration_prior,4b_duration_prior__d960__w6,32,806
4b_duration_prior,4b_duration_prior__d960__w6,33,911
4b_duration_prior,4b_duration_prior__d960__w6,34,848
4b_duration_prior,4b_duration_prior__d960__w6,35,891
4b_duration_prior,4b_duration_prior__d960__w6,36,1398
4b_duration_prior,4b_duration_prior__d960__w6,37,1120
4b_duration_prior,4b_duration_prior__d960__w6,38,1221
4b_duration_prior,4b_duration_prior__d960__w6,39,1163
4b_duration_prior,4b_duration_prior__d960__w6,40,1252
4b_duration_prior,4b_duration_prior__d960__w6,41,1409
4b_duration_prior,4b_duration_prior__d960__w6,42,1188
4b_duration_prior,4b_duration_prior__d960__w6,43,1166
4b_duration_prior,4b_duration_prior__d960__w6,44,1126
4b_duration_prior,4b_duration_prior__d960__w6,45,1370
4b_duration_prior,4b_duration_prior__d960__w6,46,1237
4b_duration_prior,4b_duration_prior__d960__w6,47,1250
4b_duration_prior,4b_duration_prior__d960__w6,48,1017
4b_duration_prior,4b_duration_prior__d960__w6,49,831
4b_duration_prior,4b_duration_prior__d960__w6,50,928
4b_duration_prior,4b_duration_prior__d960__w6,51,689
4b_duration_prior,4b_duration_prior__d960__w6,52,555
4b_duration_prior,4b_duration_prior__d960__w6,53,668
4b_duration_prior,4b_duration_prior__d960__w6,54,583
4b_duration_prior,4b_duration_prior__d960__w6,55,696
4b_duration_prior,4b_duration_prior__d960__w6,56,783
4b_duration_prior,4b_duration_prior__d960__w6,57,866
4b_duration_prior,4b_duration_prior__d960__w6,58,926
4b_duration_prior,4b_duration_prior__d960__w6,59,882
4b_duration_prior,4b_duration_prior__d960__w6,60,1381
4b_duration_prior,4b_duration_prior__d960__w6,61,1149
4b_duration_prior,4b_duration_prior__d960__w6,62,1199
4b_duration_prior,4b_duration_prior__d960__w6,63,1241
4b_duration_prior,4b_duration_prior__d960__w6,64,1372
4b_duration_prior,4b_duration_prior__d960__w6,65,1293
4b_duration_prior,4b_duration_prior__d960__w6,66,1187
4b_duration_prior,4b_duration_prior__d960__w6,67,1091
4b_duration_prior,4b_duration_prior__d960__w6,68,1182
4b_duration_prior,4b_duration_prior__d960__w6,69,1208
4b_duration_prior,4b_duration_prior__d960__w6,70,1267
4b_duration_prior,4b_duration_prior__d960__w6,71,1161
4b_duration_prior,4b_duration_prior__d960__w6,72,875
4b_duration_prior,4b_duration_prior__d960__w6,73,792
4b_duration_prior,4b_duration_prior__d960__w6,74,854
4b_duration_prior,4b_duration_prior__d960__w6,75,587
4b_duration_prior,4b_duration_prior__d960__w6,76,537
4b_duration_prior,4b_duration_prior__d960__w6,77,577
4b_duration_prior,4b_duration_prior__d960__w6,78,712
4b_duration_prior,4b_duration_prior__d960__w6,79,672
4b_duration_prior,4b_duration_prior__d960__w6,80,817
4b_duration_prior,4b_duration_prior__d960__w6,81,876
4b_duration_prior,4b_duration_prior__d960__w6,82,810
4b_duration_prior,4b_duration_prior__d960__w6,83,857
4b_duration_prior,4b_duration_prior__d960__w6,84,1245
4b_duration_prior,4b_duration_prior__d960__w6,85,1103
4b_duration_prior,4b_duration_prior__d960__w6,86,1238
4b_duration_prior,4b_duration_prior__d960__w6,87,1166
4b_duration_prior,4b_duration_prior__d960__w6,88,1216
4b_duration_prior,4b_duration_prior__d960__w6,89,1226
4b_duration_prior,4b_duration_prior__d960__w6,90,1208
4b_duration_prior,4b_duration_prior__d960__w6,91,1096
4b_duration_prior,4b_duration_prior__d960__w6,92,1062
4b_duration_prior,4b_duration_prior__d960__w6,93,1261
4b_duration_prior,4b_duration_prior__d960__w6,94,1256
4b_duration_prior,4b_duration_prior__d960__w6,95,1260
4b_duration_prior,4b_duration_prior__d960__w6,96,827
4b_duration_prior,4b_duration_prior__d960__w6,97,816
4b_duration_prior,4b_duration_prior__d960__w6,98,834
4b_duration_prior,4b_duration_prior__d960__w6,99,611
4b_duration_prior,4b_duration_prior__d960__w6,100,518
4b_duration_prior,4b_duration_prior__d960__w6,101,592
4b_duration_prior,4b_duration_prior__d960__w6,102,617
4b_duration_prior,4b_duration_prior__d960__w6,103,650
4b_duration_prior,4b_duration_prior__d960__w6,104,750
4b_duration_prior,4b_duration_prior__d960__w6,105,780
4b_duration_prior,4b_duration_prior__d960__w6,106,823
4b_duration_prior,4b_duration_prior__d960__w6,107,826
4b_duration_prior,4b_duration_prior__d960__w6,108,1274
4b_duration_prior,4b_duration_prior__d960__w6,109,1077
4b_duration_prior,4b_duration_prior__d960__w6,110,1141
4b_duration_prior,4b_duration_prior__d960__w6,111,1216
4b_duration_prior,4b_duration_prior__d960__w6,112,1091
4b_duration_prior,4b_duration_prior__d960__w6,113,1136
4b_duration_prior,4b_duration_prior__d960__w6,114,1091
4b_duration_prior,4b_duration_prior__d960__w6,115,1057
4b_duration_prior,4b_duration_prior__d960__w6,116,991
4b_duration_prior,4b_duration_prior__d960__w6,117,1101
4b_duration_prior,4b_duration_prior__d960__w6,118,1161
4b_duration_prior,4b_duration_prior__d960__w6,119,920
4b_duration_prior,4b_duration_prior__d960__w6,120,743
4b_duration_prior,4b_duration_prior__d960__w6,121,553
4b_duration_prior,4b_duration_prior__d960__w6,122,447
4b_duration_prior,4b_duration_prior__d960__w6,123,549
4b_duration_prior,4b_duration_prior__d960__w6,124,340
4b_duration_prior,4b_duration_prior__d960__w6,125,313
4b_duration_prior,4b_duration_prior__d960__w6,126,317
4b_duration_prior,4b_duration_prior__d960__w6,127,344
4b_duration_prior,4b_duration_prior__d960__w6,128,323
4b_duration_prior,4b_duration_prior__d960__w6,129,365
4b_duration_prior,4b_duration_prior__d960__w6,130,389
4b_duration_prior,4b_duration_prior__d960__w6,131,470
4b_duration_prior,4b_duration_prior__d960__w6,132,555
4b_duration_prior,4b_duration_prior__d960__w6,133,434
4b_duration_prior,4b_duration_prior__d960__w6,134,568
4b_duration_prior,4b_duration_prior__d960__w6,135,619
4b_duration_prior,4b_duration_prior__d960__w6,136,595
4b_duration_prior,4b_duration_prior__d960__w6,137,622
4b_duration_prior,4b_duration_prior__d960__w6,138,541
4b_duration_prior,4b_duration_prior__d960__w6,139,587
4b_duration_prior,4b_duration_prior__d960__w6,140,579
4b_duration_prior,4b_duration_prior__d960__w6,141,589
4b_duration_prior,4b_duration_prior__d960__w6,142,624
4b_duration_prior,4b_duration_prior__d960__w6,143,571
4b_duration_prior,4b_duration_prior__d960__w6,144,422
4b_duration_prior,4b_duration_prior__d960__w6,145,355
4b_duration_prior,4b_duration_prior__d960__w6,146,343
4b_duration_prior,4b_duration_prior__d960__w6,147,457
4b_duration_prior,4b_duration_prior__d960__w6,148,343
4b_duration_prior,4b_duration_prior__d960__w6,149,330
4b_duration_prior,4b_duration_prior__d960__w6,150,278
4b_duration_prior,4b_duration_prior__d960__w6,151,354
4b_duration_prior,4b_duration_prior__d960__w6,152,319
4b_duration_prior,4b_duration_prior__d960__w6,153,418
4b_duration_prior,4b_duration_prior__d960__w6,154,418
4b_duration_prior,4b_duration_prior__d960__w6,155,454
4b_duration_prior,4b_duration_prior__d960__w6,156,432
4b_duration_prior,4b_duration_prior__d960__w6,157,507
4b_duration_prior,4b_duration_prior__d960__w6,158,519
4b_duration_prior,4b_duration_prior__d960__w6,159,616
4b_duration_prior,4b_duration_prior__d960__w6,160,567
4b_duration_prior,4b_duration_prior__d960__w6,161,538
4b_duration_prior,4b_duration_prior__d960__w6,162,624
4b_duration_prior,4b_duration_prior__d960__w6,163,618
4b_duration_prior,4b_duration_prior__d960__w6,164,629
4b_duration_prior,4b_duration_prior__d960__w6,165,683
4b_duration_prior,4b_duration_prior__d960__w6,166,678
4b_duration_prior,4b_duration_prior__d960__w6,167,598
4b_duration_prior,4b_duration_prior__d1920__w6,0,456
4b_duration_prior,4b_duration_prior__d1920__w6,1,526
4b_duration_prior,4b_duration_prior__d1920__w6,2,481
4b_duration_prior,4b_duration_prior__d1920__w6,3,437
4b_duration_prior,4b_duration_prior__d1920__w6,4,486
4b_duration_prior,4b_duration_prior__d1920__w6,5,515
4b_duration_prior,4b_duration_prior__d1920__w6,6,533
4b_duration_prior,4b_duration_prior__d1920__w6,7,554
4b_duration_prior,4b_duration_prior__d1920__w6,8,732
4b_duration_prior,4b_duration_prior__d1920__w6,9,800
4b_duration_prior,4b_duration_prior__d1920__w6,10,777
4b_duration_prior,4b_duration_prior__d1920__w6,11,880
4b_duration_prior,4b_duration_prior__d1920__w6,12,1152
4b_duration_prior,4b_duration_prior__d1920__w6,13,1120
4b_duration_prior,4b_duration_prior__d1920__w6,14,1316
4b_duration_prior,4b_duration_prior__d1920__w6,15,1271
4b_duration_prior,4b_duration_prior__d1920__w6,16,1218
4b_duration_prior,4b_duration_prior__d1920__w6,17,1201
4b_duration_prior,4b_duration_prior__d1920__w6,18,1189
4b_duration_prior,4b_duration_prior__d1920__w6,19,1088
4b_duration_prior,4b_duration_prior__d1920__w6,20,1136
4b_duration_prior,4b_duration_prior__d1920__w6,21,1329
4b_duration_prior,4b_duration_prior__d1920__w6,22,1269
4b_duration_prior,4b_duration_prior__d1920__w6,23,1114
4b_duration_prior,4b_duration_prior__d1920__w6,24,933
4b_duration_prior,4b_duration_prior__d1920__w6,25,773
4b_duration_prior,4b_duration_prior__d1920__w6,26,807
4b_duration_prior,4b_duration_prior__d1920__w6,27,641
4b_duration_prior,4b_duration_prior__d1920__w6,28,610
4b_duration_prior,4b_duration_prior__d1920__w6,29,682
4b_duration_prior,4b_duration_prior__d1920__w6,30,694
4b_duration_prior,4b_duration_prior__d1920__w6,31,779
4b_duration_prior,4b_duration_prior__d1920__w6,32,841
4b_duration_prior,4b_duration_prior__d1920__w6,33,955
4b_duration_prior,4b_duration_prior__d1920__w6,34,900
4b_duration_prior,4b_duration_prior__d1920__w6,35,922
4b_duration_prior,4b_duration_prior__d1920__w6,36,1156
4b_duration_prior,4b_duration_prior__d1920__w6,37,1120
4b_duration_prior,4b_duration_prior__d1920__w6,38,1221
4b_duration_prior,4b_duration_prior__d1920__w6,39,1205
4b_duration_prior,4b_duration_prior__d1920__w6,40,1282
4b_duration_prior,4b_duration_prior__d1920__w6,41,1434
4b_duration_prior,4b_duration_prior__d1920__w6,42,1209
4b_duration_prior,4b_duration_prior__d1920__w6,43,1194
4b_duration_prior,4b_duration_prior__d1920__w6,44,1150
4b_duration_prior,4b_duration_prior__d1920__w6,45,1346
4b_duration_prior,4b_duration_prior__d1920__w6,46,1231
4b_duration_prior,4b_duration_prior__d1920__w6,47,1227
4b_duration_prior,4b_duration_prior__d1920__w6,48,1023
4b_duration_prior,4b_duration_prior__d1920__w6,49,815
4b_duration_prior,4b_duration_prior__d1920__w6,50,821
4b_duration_prior,4b_duration_prior__d1920__w6,51,689
4b_duration_prior,4b_duration_prior__d1920__w6,52,560
4b_duration_prior,4b_duration_prior__d1920__w6,53,677
4b_duration_prior,4b_duration_prior__d1920__w6,54,608
4b_duration_prior,4b_duration_prior__d1920__w6,55,735
4b_duration_prior,4b_duration_prior__d1920__w6,56,823
4b_duration_prior,4b_duration_prior__d1920__w6,57,905
4b_duration_prior,4b_duration_prior__d1920__w6,58,969
4b_duration_prior,4b_duration_prior__d1920__w6,59,915
4b_duration_prior,4b_duration_prior__d1920__w6,60,1148
4b_duration_prior,4b_duration_prior__d1920__w6,61,1149
4b_duration_prior,4b_duration_prior__d1920__w6,62,1199
4b_duration_prior,4b_duration_prior__d1920__w6,63,1277
4b_duration_prior,4b_duration_prior__d1920__w6,64,1409
4b_duration_prior,4b_duration_prior__d1920__w6,65,1320
4b_duration_prior,4b_duration_prior__d1920__w6,66,1210
4b_duration_prior,4b_duration_prior__d1920__w6,67,1112
4b_duration_prior,4b_duration_prior__d1920__w6,68,1207
4b_duration_prior,4b_duration_prior__d1920__w6,69,1184
4b_duration_prior,4b_duration_prior__d1920__w6,70,1251
4b_duration_prior,4b_duration_prior__d1920__w6,71,1155
4b_duration_prior,4b_duration_prior__d1920__w6,72,861
4b_duration_prior,4b_duration_prior__d1920__w6,73,773
4b_duration_prior,4b_duration_prior__d1920__w6,74,764
4b_duration_prior,4b_duration_prior__d1920__w6,75,587
4b_duration_prior,4b_duration_prior__d1920__w6,76,544
4b_duration_prior,4b_duration_prior__d1920__w6,77,579
4b_duration_prior,4b_duration_prior__d1920__w6,78,736
4b_duration_prior,4b_duration_prior__d1920__w6,79,702
4b_duration_prior,4b_duration_prior__d1920__w6,80,854
4b_duration_prior,4b_duration_prior__d1920__w6,81,917
4b_duration_prior,4b_duration_prior__d1920__w6,82,844
4b_duration_prior,4b_duration_prior__d1920__w6,83,896
4b_duration_prior,4b_duration_prior__d1920__w6,84,1031
4b_duration_prior,4b_duration_prior__d1920__w6,85,1103
4b_duration_prior,4b_duration_prior__d1920__w6,86,1238
4b_duration_prior,4b_duration_prior__d1920__w6,87,1199
4b_duration_prior,4b_duration_prior__d1920__w6,88,1254
4b_duration_prior,4b_duration_prior__d1920__w6,89,1246
4b_duration_prior,4b_duration_prior__d1920__w6,90,1232
4b_duration_prior,4b_duration_prior__d1920__w6,91,1120
4b_duration_prior,4b_duration_prior__d1920__w6,92,1076
4b_duration_prior,4b_duration_prior__d1920__w6,93,1244
4b_duration_prior,4b_duration_prior__d1920__w6,94,1231
4b_duration_prior,4b_duration_prior__d1920__w6,95,1232
4b_duration_prior,4b_duration_prior__d1920__w6,96,833
4b_duration_prior,4b_duration_prior__d1920__w6,97,803
4b_duration_prior,4b_duration_prior__d1920__w6,98,758
4b_duration_prior,4b_duration_prior__d1920__w6,99,611
4b_duration_prior,4b_duration_prior__d1920__w6,100,526
4b_duration_prior,4b_duration_prior__d1920__w6,101,602
4b_duration_prior,4b_duration_prior__d1920__w6,102,633
4b_duration_prior,4b_duration_prior__d1920__w6,103,678
4b_duration_prior,4b_duration_prior__d1920__w6,104,794
4b_duration_prior,4b_duration_prior__d1920__w6,105,812
4b_duration_prior,4b_duration_prior__d1920__w6,106,855
4b_duration_prior,4b_duration_prior__d1920__w6,107,878
4b_duration_prior,4b_duration_prior__d1920__w6,108,1052
4b_duration_prior,4b_duration_prior__d1920__w6,109,1077
4b_duration_prior,4b_duration_prior__d1920__w6,110,1141
4b_duration_prior,4b_duration_prior__d1920__w6,111,1216
4b_duration_prior,4b_duration_prior__d1920__w6,112,1120
4b_duration_prior,4b_duration_prior__d1920__w6,113,1160
4b_duration_prior,4b_duration_prior__d1920__w6,114,1123
4b_duration_prior,4b_duration_prior__d1920__w6,115,1075
4b_duration_prior,4b_duration_prior__d1920__w6,116,1010
4b_duration_prior,4b_duration_prior__d1920__w6,117,1116
4b_duration_prior,4b_duration_prior__d1920__w6,118,1147
4b_duration_prior,4b_duration_prior__d1920__w6,119,909
4b_duration_prior,4b_duration_prior__d1920__w6,120,717
4b_duration_prior,4b_duration_prior__d1920__w6,121,550
4b_duration_prior,4b_duration_prior__d1920__w6,122,430
4b_duration_prior,4b_duration_prior__d1920__w6,123,483
4b_duration_prior,4b_duration_prior__d1920__w6,124,341
4b_duration_prior,4b_duration_prior__d1920__w6,125,318
4b_duration_prior,4b_duration_prior__d1920__w6,126,323
4b_duration_prior,4b_duration_prior__d1920__w6,127,348
4b_duration_prior,4b_duration_prior__d1920__w6,128,334
4b_duration_prior,4b_duration_prior__d1920__w6,129,371
4b_duration_prior,4b_duration_prior__d1920__w6,130,396
4b_duration_prior,4b_duration_prior__d1920__w6,131,474
4b_duration_prior,4b_duration_prior__d1920__w6,132,511
4b_duration_prior,4b_duration_prior__d1920__w6,133,434
4b_duration_prior,4b_duration_prior__d1920__w6,134,568
4b_duration_prior,4b_duration_prior__d1920__w6,135,619
4b_duration_prior,4b_duration_prior__d1920__w6,136,612
4b_duration_prior,4b_duration_prior__d1920__w6,137,641
4b_duration_prior,4b_duration_prior__d1920__w6,138,550
4b_duration_prior,4b_duration_prior__d1920__w6,139,594
4b_duration_prior,4b_duration_prior__d1920__w6,140,585
4b_duration_prior,4b_duration_prior__d1920__w6,141,596
4b_duration_prior,4b_duration_prior__d1920__w6,142,624
4b_duration_prior,4b_duration_prior__d1920__w6,143,557
4b_duration_prior,4b_duration_prior__d1920__w6,144,440
4b_duration_prior,4b_duration_prior__d1920__w6,145,352
4b_duration_prior,4b_duration_prior__d1920__w6,146,343
4b_duration_prior,4b_duration_prior__d1920__w6,147,395
4b_duration_prior,4b_duration_prior__d1920__w6,148,350
4b_duration_prior,4b_duration_prior__d1920__w6,149,336
4b_duration_prior,4b_duration_prior__d1920__w6,150,286
4b_duration_prior,4b_duration_prior__d1920__w6,151,360
4b_duration_prior,4b_duration_prior__d1920__w6,152,326
4b_duration_prior,4b_duration_prior__d1920__w6,153,418
4b_duration_prior,4b_duration_prior__d1920__w6,154,414
4b_duration_prior,4b_duration_prior__d1920__w6,155,420
4b_duration_prior,4b_duration_prior__d1920__w6,156,432
4b_duration_prior,4b_duration_prior__d1920__w6,157,507
4b_duration_prior,4b_duration_prior__d1920__w6,158,519
4b_duration_prior,4b_duration_prior__d1920__w6,159,616
4b_duration_prior,4b_duration_prior__d1920__w6,160,575
4b_duration_prior,4b_duration_prior__d1920__w6,161,545
4b_duration_prior,4b_duration_prior__d1920__w6,162,628
4b_duration_prior,4b_duration_prior__d1920__w6,163,622
4b_duration_prior,4b_duration_prior__d1920__w6,164,634
4b_duration_prior,4b_duration_prior__d1920__w6,165,688
4b_duration_prior,4b_duration_prior__d1920__w6,166,673
4b_duration_prior,4b_duration_prior__d1920__w6,167,593
4b_duration_prior,4b_duration_prior__d3840__w6,0,466
4b_duration_prior,4b_duration_prior__d3840__w6,1,486
4b_duration_prior,4b_duration_prior__d3840__w6,2,481
4b_duration_prior,4b_duration_prior__d3840__w6,3,437
4b_duration_prior,4b_duration_prior__d3840__w6,4,486
4b_duration_prior,4b_duration_prior__d3840__w6,5,527
4b_duration_prior,4b_duration_prior__d3840__w6,6,537
4b_duration_prior,4b_duration_prior__d3840__w6,7,560
4b_duration_prior,4b_duration_prior__d3840__w6,8,741
4b_duration_prior,4b_duration_prior__d3840__w6,9,812
4b_duration_prior,4b_duration_prior__d3840__w6,10,784
4b_duration_prior,4b_duration_prior__d3840__w6,11,876
4b_duration_prior,4b_duration_prior__d3840__w6,12,1106
4b_duration_prior,4b_duration_prior__d3840__w6,13,1120
4b_duration_prior,4b_duration_prior__d3840__w6,14,1316
4b_duration_prior,4b_duration_prior__d3840__w6,15,1288
4b_duration_prior,4b_duration_prior__d3840__w6,16,1232
4b_duration_prior,4b_duration_prior__d3840__w6,17,1221
4b_duration_prior,4b_duration_prior__d3840__w6,18,1203
4b_duration_prior,4b_duration_prior__d3840__w6,19,1105
4b_duration_prior,4b_duration_prior__d3840__w6,20,1143
4b_duration_prior,4b_duration_prior__d3840__w6,21,1325
4b_duration_prior,4b_duration_prior__d3840__w6,22,1275
4b_duration_prior,4b_duration_prior__d3840__w6,23,1103
4b_duration_prior,4b_duration_prior__d3840__w6,24,927
4b_duration_prior,4b_duration_prior__d3840__w6,25,765
4b_duration_prior,4b_duration_prior__d3840__w6,26,741
4b_duration_prior,4b_duration_prior__d3840__w6,27,641
4b_duration_prior,4b_duration_prior__d3840__w6,28,610
4b_duration_prior,4b_duration_prior__d3840__w6,29,691
4b_duration_prior,4b_duration_prior__d3840__w6,30,703
4b_duration_prior,4b_duration_prior__d3840__w6,31,789
4b_duration_prior,4b_duration_prior__d3840__w6,32,852
4b_duration_prior,4b_duration_prior__d3840__w6,33,969
4b_duration_prior,4b_duration_prior__d3840__w6,34,909
4b_duration_prior,4b_duration_prior__d3840__w6,35,921
4b_duration_prior,4b_duration_prior__d3840__w6,36,1095
4b_duration_prior,4b_duration_prior__d3840__w6,37,1120
4b_duration_prior,4b_duration_prior__d3840__w6,38,1221
4b_duration_prior,4b_duration_prior__d3840__w6,39,1218
4b_duration_prior,4b_duration_prior__d3840__w6,40,1303
4b_duration_prior,4b_duration_prior__d3840__w6,41,1449
4b_duration_prior,4b_duration_prior__d3840__w6,42,1227
4b_duration_prior,4b_duration_prior__d3840__w6,43,1206
4b_duration_prior,4b_duration_prior__d3840__w6,44,1163
4b_duration_prior,4b_duration_prior__d3840__w6,45,1352
4b_duration_prior,4b_duration_prior__d3840__w6,46,1234
4b_duration_prior,4b_duration_prior__d3840__w6,47,1206
4b_duration_prior,4b_duration_prior__d3840__w6,48,1028
4b_duration_prior,4b_duration_prior__d3840__w6,49,807
4b_duration_prior,4b_duration_prior__d3840__w6,50,744
4b_duration_prior,4b_duration_prior__d3840__w6,51,689
4b_duration_prior,4b_duration_prior__d3840__w6,52,562
4b_duration_prior,4b_duration_prior__d3840__w6,53,684
4b_duration_prior,4b_duration_prior__d3840__w6,54,617
4b_duration_prior,4b_duration_prior__d3840__w6,55,743
4b_duration_prior,4b_duration_prior__d3840__w6,56,838
4b_duration_prior,4b_duration_prior__d3840__w6,57,924
4b_duration_prior,4b_duration_prior__d3840__w6,58,976
4b_duration_prior,4b_duration_prior__d3840__w6,59,918
4b_duration_prior,4b_duration_prior__d3840__w6,60,1078
4b_duration_prior,4b_duration_prior__d3840__w6,61,1149
4b_duration_prior,4b_duration_prior__d3840__w6,62,1199
4b_duration_prior,4b_duration_prior__d3840__w6,63,1291
4b_duration_prior,4b_duration_prior__d3840__w6,64,1431
4b_duration_prior,4b_duration_prior__d3840__w6,65,1338
4b_duration_prior,4b_duration_prior__d3840__w6,66,1221
4b_duration_prior,4b_duration_prior__d3840__w6,67,1118
4b_duration_prior,4b_duration_prior__d3840__w6,68,1222
4b_duration_prior,4b_duration_prior__d3840__w6,69,1177
4b_duration_prior,4b_duration_prior__d3840__w6,70,1245
4b_duration_prior,4b_duration_prior__d3840__w6,71,1151
4b_duration_prior,4b_duration_prior__d3840__w6,72,851
4b_duration_prior,4b_duration_prior__d3840__w6,73,775
4b_duration_prior,4b_duration_prior__d3840__w6,74,703
4b_duration_prior,4b_duration_prior__d3840__w6,75,587
4b_duration_prior,4b_duration_prior__d3840__w6,76,548
4b_duration_prior,4b_duration_prior__d3840__w6,77,588
4b_duration_prior,4b_duration_prior__d3840__w6,78,745
4b_duration_prior,4b_duration_prior__d3840__w6,79,710
4b_duration_prior,4b_duration_prior__d3840__w6,80,864
4b_duration_prior,4b_duration_prior__d3840__w6,81,929
4b_duration_prior,4b_duration_prior__d3840__w6,82,861
4b_duration_prior,4b_duration_prior__d3840__w6,83,896
4b_duration_prior,4b_duration_prior__d3840__w6,84,962
4b_duration_prior,4b_duration_prior__d3840__w6,85,1103
4b_duration_prior,4b_duration_prior__d3840__w6,86,1238
4b_duration_prior,4b_duration_prior__d3840__w6,87,1216
4b_duration_prior,4b_duration_prior__d3840__w6,88,1275
4b_duration_prior,4b_duration_prior__d3840__w6,89,1256
4b_duration_prior,4b_duration_prior__d3840__w6,90,1256
4b_duration_prior,4b_duration_prior__d3840__w6,91,1137
4b_duration_prior,4b_duration_prior__d3840__w6,92,1090
4b_duration_prior,4b_duration_prior__d3840__w6,93,1242
4b_duration_prior,4b_duration_prior__d3840__w6,94,1223
4b_duration_prior,4b_duration_prior__d3840__w6,95,1208
4b_duration_prior,4b_duration_prior__d3840__w6,96,848
4b_duration_prior,4b_duration_prior__d3840__w6,97,790
4b_duration_prior,4b_duration_prior__d3840__w6,98,687
4b_duration_prior,4b_duration_prior__d3840__w6,99,611
4b_duration_prior,4b_duration_prior__d3840__w6,100,533
4b_duration_prior,4b_duration_prior__d3840__w6,101,611
4b_duration_prior,4b_duration_prior__d3840__w6,102,649
4b_duration_prior,4b_duration_prior__d3840__w6,103,687
4b_duration_prior,4b_duration_prior__d3840__w6,104,801
4b_duration_prior,4b_duration_prior__d3840__w6,105,820
4b_duration_prior,4b_duration_prior__d3840__w6,106,861
4b_duration_prior,4b_duration_prior__d3840__w6,107,880
4b_duration_prior,4b_duration_prior__d3840__w6,108,988
4b_duration_prior,4b_duration_prior__d3840__w6,109,1077
4b_duration_prior,4b_duration_prior__d3840__w6,110,1141
4b_duration_prior,4b_duration_prior__d3840__w6,111,1216
4b_duration_prior,4b_duration_prior__d3840__w6,112,1136
4b_duration_prior,4b_duration_prior__d3840__w6,113,1170
4b_duration_prior,4b_duration_prior__d3840__w6,114,1129
4b_duration_prior,4b_duration_prior__d3840__w6,115,1079
4b_duration_prior,4b_duration_prior__d3840__w6,116,1018
4b_duration_prior,4b_duration_prior__d3840__w6,117,1122
4b_duration_prior,4b_duration_prior__d3840__w6,118,1137
4b_duration_prior,4b_duration_prior__d3840__w6,119,903
4b_duration_prior,4b_duration_prior__d3840__w6,120,716
4b_duration_prior,4b_duration_prior__d3840__w6,121,551
4b_duration_prior,4b_duration_prior__d3840__w6,122,431
4b_duration_prior,4b_duration_prior__d3840__w6,123,448
4b_duration_prior,4b_duration_prior__d3840__w6,124,347
4b_duration_prior,4b_duration_prior__d3840__w6,125,320
4b_duration_prior,4b_duration_prior__d3840__w6,126,326
4b_duration_prior,4b_duration_prior__d3840__w6,127,353
4b_duration_prior,4b_duration_prior__d3840__w6,128,335
4b_duration_prior,4b_duration_prior__d3840__w6,129,375
4b_duration_prior,4b_duration_prior__d3840__w6,130,397
4b_duration_prior,4b_duration_prior__d3840__w6,131,477
4b_duration_prior,4b_duration_prior__d3840__w6,132,486
4b_duration_prior,4b_duration_prior__d3840__w6,133,434
4b_duration_prior,4b_duration_prior__d3840__w6,134,568
4b_duration_prior,4b_duration_prior__d3840__w6,135,619
4b_duration_prior,4b_duration_prior__d3840__w6,136,617
4b_duration_prior,4b_duration_prior__d3840__w6,137,650
4b_duration_prior,4b_duration_prior__d3840__w6,138,553
4b_duration_prior,4b_duration_prior__d3840__w6,139,599
4b_duration_prior,4b_duration_prior__d3840__w6,140,590
4b_duration_prior,4b_duration_prior__d3840__w6,141,603
4b_duration_prior,4b_duration_prior__d3840__w6,142,630
4b_duration_prior,4b_duration_prior__d3840__w6,143,552
4b_duration_prior,4b_duration_prior__d3840__w6,144,445
4b_duration_prior,4b_duration_prior__d3840__w6,145,352
4b_duration_prior,4b_duration_prior__d3840__w6,146,350
4b_duration_prior,4b_duration_prior__d3840__w6,147,353
4b_duration_prior,4b_duration_prior__d3840__w6,148,353
4b_duration_prior,4b_duration_prior__d3840__w6,149,341
4b_duration_prior,4b_duration_prior__d3840__w6,150,287
4b_duration_prior,4b_duration_prior__d3840__w6,151,365
4b_duration_prior,4b_duration_prior__d3840__w6,152,334
4b_duration_prior,4b_duration_prior__d3840__w6,153,416
4b_duration_prior,4b_duration_prior__d3840__w6,154,412
4b_duration_prior,4b_duration_prior__d3840__w6,155,397
4b_duration_prior,4b_duration_prior__d3840__w6,156,432
4b_duration_prior,4b_duration_prior__d3840__w6,157,507
4b_duration_prior,4b_duration_prior__d3840__w6,158,519
4b_duration_prior,4b_duration_prior__d3840__w6,159,616
4b_duration_prior,4b_duration_prior__d3840__w6,160,580
4b_duration_prior,4b_duration_prior__d3840__w6,161,549
4b_duration_prior,4b_duration_prior__d3840__w6,162,632
4b_duration_prior,4b_duration_prior__d3840__w6,163,625
4b_duration_prior,4b_duration_prior__d3840__w6,164,634
4b_duration_prior,4b_duration_prior__d3840__w6,165,696
4b_duration_prior,4b_duration_prior__d3840__w6,166,680
4b_duration_prior,4b_duration_prior__d3840__w6,167,592
4b_duration_prior,4b_duration_prior__d7680__w6,0,468
4b_duration_prior,4b_duration_prior__d7680__w6,1,480
4b_duration_prior,4b_duration_prior__d7680__w6,2,481
4b_duration_prior,4b_duration_prior__d7680__w6,3,437
4b_duration_prior,4b_duration_prior__d7680__w6,4,486
4b_duration_prior,4b_duration_prior__d7680__w6,5,527
4b_duration_prior,4b_duration_prior__d7680__w6,6,538
4b_duration_prior,4b_duration_prior__d7680__w6,7,563
4b_duration_prior,4b_duration_prior__d7680__w6,8,741
4b_duration_prior,4b_duration_prior__d7680__w6,9,812
4b_duration_prior,4b_duration_prior__d7680__w6,10,784
4b_duration_prior,4b_duration_prior__d7680__w6,11,877
4b_duration_prior,4b_duration_prior__d7680__w6,12,1101
4b_duration_prior,4b_duration_prior__d7680__w6,13,1120
4b_duration_prior,4b_duration_prior__d7680__w6,14,1316
4b_duration_prior,4b_duration_prior__d7680__w6,15,1288
4b_duration_prior,4b_duration_prior__d7680__w6,16,1235
4b_duration_prior,4b_duration_prior__d7680__w6,17,1229
4b_duration_prior,4b_duration_prior__d7680__w6,18,1216
4b_duration_prior,4b_duration_prior__d7680__w6,19,1108
4b_duration_prior,4b_duration_prior__d7680__w6,20,1151
4b_duration_prior,4b_duration_prior__d7680__w6,21,1327
4b_duration_prior,4b_duration_prior__d7680__w6,22,1278
4b_duration_prior,4b_duration_prior__d7680__w6,23,1108
4b_duration_prior,4b_duration_prior__d7680__w6,24,919
4b_duration_prior,4b_duration_prior__d7680__w6,25,770
4b_duration_prior,4b_duration_prior__d7680__w6,26,699
4b_duration_prior,4b_duration_prior__d7680__w6,27,641
4b_duration_prior,4b_duration_prior__d7680__w6,28,610
4b_duration_prior,4b_duration_prior__d7680__w6,29,698
4b_duration_prior,4b_duration_prior__d7680__w6,30,709
4b_duration_prior,4b_duration_prior__d7680__w6,31,790
4b_duration_prior,4b_duration_prior__d7680__w6,32,852
4b_duration_prior,4b_duration_prior__d7680__w6,33,969
4b_duration_prior,4b_duration_prior__d7680__w6,34,909
4b_duration_prior,4b_duration_prior__d7680__w6,35,915
4b_duration_prior,4b_duration_prior__d7680__w6,36,1087
4b_duration_prior,4b_duration_prior__d7680__w6,37,1120
4b_duration_prior,4b_duration_prior__d7680__w6,38,1221
4b_duration_prior,4b_duration_prior__d7680__w6,39,1220
4b_duration_prior,4b_duration_prior__d7680__w6,40,1304
4b_duration_prior,4b_duration_prior__d7680__w6,41,1454
4b_duration_prior,4b_duration_prior__d7680__w6,42,1235
4b_duration_prior,4b_duration_prior__d7680__w6,43,1213
4b_duration_prior,4b_duration_prior__d7680__w6,44,1166
4b_duration_prior,4b_duration_prior__d7680__w6,45,1358
4b_duration_prior,4b_duration_prior__d7680__w6,46,1237
4b_duration_prior,4b_duration_prior__d7680__w6,47,1204
4b_duration_prior,4b_duration_prior__d7680__w6,48,1039
4b_duration_prior,4b_duration_prior__d7680__w6,49,803
4b_duration_prior,4b_duration_prior__d7680__w6,50,704
4b_duration_prior,4b_duration_prior__d7680__w6,51,689
4b_duration_prior,4b_duration_prior__d7680__w6,52,563
4b_duration_prior,4b_duration_prior__d7680__w6,53,690
4b_duration_prior,4b_duration_prior__d7680__w6,54,620
4b_duration_prior,4b_duration_prior__d7680__w6,55,745
4b_duration_prior,4b_duration_prior__d7680__w6,56,841
4b_duration_prior,4b_duration_prior__d7680__w6,57,925
4b_duration_prior,4b_duration_prior__d7680__w6,58,977
4b_duration_prior,4b_duration_prior__d7680__w6,59,914
4b_duration_prior,4b_duration_prior__d7680__w6,60,1065
4b_duration_prior,4b_duration_prior__d7680__w6,61,1149
4b_duration_prior,4b_duration_prior__d7680__w6,62,1199
4b_duration_prior,4b_duration_prior__d7680__w6,63,1291
4b_duration_prior,4b_duration_prior__d7680__w6,64,1437
4b_duration_prior,4b_duration_prior__d7680__w6,65,1345
4b_duration_prior,4b_duration_prior__d7680__w6,66,1224
4b_duration_prior,4b_duration_prior__d7680__w6,67,1123
4b_duration_prior,4b_duration_prior__d7680__w6,68,1231
4b_duration_prior,4b_duration_prior__d7680__w6,69,1184
4b_duration_prior,4b_duration_prior__d7680__w6,70,1251
4b_duration_prior,4b_duration_prior__d7680__w6,71,1150
4b_duration_prior,4b_duration_prior__d7680__w6,72,856
4b_duration_prior,4b_duration_prior__d7680__w6,73,772
4b_duration_prior,4b_duration_prior__d7680__w6,74,659
4b_duration_prior,4b_duration_prior__d7680__w6,75,587
4b_duration_prior,4b_duration_prior__d7680__w6,76,551
4b_duration_prior,4b_duration_prior__d7680__w6,77,589
4b_duration_prior,4b_duration_prior__d7680__w6,78,748
4b_duration_prior,4b_duration_prior__d7680__w6,79,711
4b_duration_prior,4b_duration_prior__d7680__w6,80,866
4b_duration_prior,4b_duration_prior__d7680__w6,81,932
4b_duration_prior,4b_duration_prior__d7680__w6,82,858
4b_duration_prior,4b_duration_prior__d7680__w6,83,896
4b_duration_prior,4b_duration_prior__d7680__w6,84,952
4b_duration_prior,4b_duration_prior__d7680__w6,85,1103
4b_duration_prior,4b_duration_prior__d7680__w6,86,1238
4b_duration_prior,4b_duration_prior__d7680__w6,87,1218
4b_duration_prior,4b_duration_prior__d7680__w6,88,1283
4b_duration_prior,4b_duration_prior__d7680__w6,89,1264
4b_duration_prior,4b_duration_prior__d7680__w6,90,1262
4b_duration_prior,4b_duration_prior__d7680__w6,91,1147
4b_duration_prior,4b_duration_prior__d7680__w6,92,1096
4b_duration_prior,4b_duration_prior__d7680__w6,93,1246
4b_duration_prior,4b_duration_prior__d7680__w6,94,1219
4b_duration_prior,4b_duration_prior__d7680__w6,95,1204
4b_duration_prior,4b_duration_prior__d7680__w6,96,854
4b_duration_prior,4b_duration_prior__d7680__w6,97,783
4b_duration_prior,4b_duration_prior__d7680__w6,98,652
4b_duration_prior,4b_duration_prior__d7680__w6,99,611
4b_duration_prior,4b_duration_prior__d7680__w6,100,535
4b_duration_prior,4b_duration_prior__d7680__w6,101,611
4b_duration_prior,4b_duration_prior__d7680__w6,102,651
4b_duration_prior,4b_duration_prior__d7680__w6,103,692
4b_duration_prior,4b_duration_prior__d7680__w6,104,803
4b_duration_prior,4b_duration_prior__d7680__w6,105,821
4b_duration_prior,4b_duration_prior__d7680__w6,106,861
4b_duration_prior,4b_duration_prior__d7680__w6,107,880
4b_duration_prior,4b_duration_prior__d7680__w6,108,976
4b_duration_prior,4b_duration_prior__d7680__w6,109,1077
4b_duration_prior,4b_duration_prior__d7680__w6,110,1141
4b_duration_prior,4b_duration_prior__d7680__w6,111,1216
4b_duration_prior,4b_duration_prior__d7680__w6,112,1138
4b_duration_prior,4b_duration_prior__d7680__w6,113,1173
4b_duration_prior,4b_duration_prior__d7680__w6,114,1133
4b_duration_prior,4b_duration_prior__d7680__w6,115,1082
4b_duration_prior,4b_duration_prior__d7680__w6,116,1019
4b_duration_prior,4b_duration_prior__d7680__w6,117,1123
4b_duration_prior,4b_duration_prior__d7680__w6,118,1141
4b_duration_prior,4b_duration_prior__d7680__w6,119,905
4b_duration_prior,4b_duration_prior__d7680__w6,120,720
4b_duration_prior,4b_duration_prior__d7680__w6,121,553
4b_duration_prior,4b_duration_prior__d7680__w6,122,432
4b_duration_prior,4b_duration_prior__d7680__w6,123,421
4b_duration_prior,4b_duration_prior__d7680__w6,124,348
4b_duration_prior,4b_duration_prior__d7680__w6,125,323
4b_duration_prior,4b_duration_prior__d7680__w6,126,329
4b_duration_prior,4b_duration_prior__d7680__w6,127,353
4b_duration_prior,4b_duration_prior__d7680__w6,128,336
4b_duration_prior,4b_duration_prior__d7680__w6,129,375
4b_duration_prior,4b_duration_prior__d7680__w6,130,396
4b_duration_prior,4b_duration_prior__d7680__w6,131,474
4b_duration_prior,4b_duration_prior__d7680__w6,132,482
4b_duration_prior,4b_duration_prior__d7680__w6,133,434
4b_duration_prior,4b_duration_prior__d7680__w6,134,568
4b_duration_prior,4b_duration_prior__d7680__w6,135,619
4b_duration_prior,4b_duration_prior__d7680__w6,136,617
4b_duration_prior,4b_duration_prior__d7680__w6,137,651
4b_duration_prior,4b_duration_prior__d7680__w6,138,553
4b_duration_prior,4b_duration_prior__d7680__w6,139,600
4b_duration_prior,4b_duration_prior__d7680__w6,140,591
4b_duration_prior,4b_duration_prior__d7680__w6,141,605
4b_duration_prior,4b_duration_prior__d7680__w6,142,631
4b_duration_prior,4b_duration_prior__d7680__w6,143,552
4b_duration_prior,4b_duration_prior__d7680__w6,144,446
4b_duration_prior,4b_duration_prior__d7680__w6,145,352
4b_duration_prior,4b_duration_prior__d7680__w6,146,350
4b_duration_prior,4b_duration_prior__d7680__w6,147,351
4b_duration_prior,4b_duration_prior__d7680__w6,148,354
4b_duration_prior,4b_duration_prior__d7680__w6,149,343
4b_duration_prior,4b_duration_prior__d7680__w6,150,287
4b_duration_prior,4b_duration_prior__d7680__w6,151,366
4b_duration_prior,4b_duration_prior__d7680__w6,152,335
4b_duration_prior,4b_duration_prior__d7680__w6,153,411
4b_duration_prior,4b_duration_prior__d7680__w6,154,411
4b_duration_prior,4b_duration_prior__d7680__w6,155,393
4b_duration_prior,4b_duration_prior__d7680__w6,156,432
4b_duration_prior,4b_duration_prior__d7680__w6,157,507
4b_duration_prior,4b_duration_prior__d7680__w6,158,519
4b_duration_prior,4b_duration_prior__d7680__w6,159,616
4b_duration_prior,4b_duration_prior__d7680__w6,160,580
4b_duration_prior,4b_duration_prior__d7680__w6,161,551
4b_duration_prior,4b_duration_prior__d7680__w6,162,632
4b_duration_prior,4b_duration_prior__d7680__w6,163,625
4b_duration_prior,4b_duration_prior__d7680__w6,164,635
4b_duration_prior,4b_duration_prior__d7680__w6,165,697
4b_duration_prior,4b_duration_prior__d7680__w6,166,681
4b_duration_prior,4b_duration_prior__d7680__w6,167,591
4b_duration_prior,4b_duration_prior__d15360__w6,0,468
4b_duration_prior,4b_duration_prior__d15360__w6,1,480
4b_duration_prior,4b_duration_prior__d15360__w6,2,481
4b_duration_prior,4b_duration_prior__d15360__w6,3,437
4b_duration_prior,4b_duration_prior__d15360__w6,4,486
4b_duration_prior,4b_duration_prior__d15360__w6,5,527
4b_duration_prior,4b_duration_prior__d15360__w6,6,538
4b_duration_prior,4b_duration_prior__d15360__w6,7,563
4b_duration_prior,4b_duration_prior__d15360__w6,8,741
4b_duration_prior,4b_duration_prior__d15360__w6,9,812
4b_duration_prior,4b_duration_prior__d15360__w6,10,784
4b_duration_prior,4b_duration_prior__d15360__w6,11,877
4b_duration_prior,4b_duration_prior__d15360__w6,12,1101
4b_duration_prior,4b_duration_prior__d15360__w6,13,1120
4b_duration_prior,4b_duration_prior__d15360__w6,14,1316
4b_duration_prior,4b_duration_prior__d15360__w6,15,1288
4b_duration_prior,4b_duration_prior__d15360__w6,16,1235
4b_duration_prior,4b_duration_prior__d15360__w6,17,1229
4b_duration_prior,4b_duration_prior__d15360__w6,18,1216
4b_duration_prior,4b_duration_prior__d15360__w6,19,1108
4b_duration_prior,4b_duration_prior__d15360__w6,20,1151
4b_duration_prior,4b_duration_prior__d15360__w6,21,1327
4b_duration_prior,4b_duration_prior__d15360__w6,22,1278
4b_duration_prior,4b_duration_prior__d15360__w6,23,1108
4b_duration_prior,4b_duration_prior__d15360__w6,24,919
4b_duration_prior,4b_duration_prior__d15360__w6,25,770
4b_duration_prior,4b_duration_prior__d15360__w6,26,699
4b_duration_prior,4b_duration_prior__d15360__w6,27,641
4b_duration_prior,4b_duration_prior__d15360__w6,28,610
4b_duration_prior,4b_duration_prior__d15360__w6,29,698
4b_duration_prior,4b_duration_prior__d15360__w6,30,709
4b_duration_prior,4b_duration_prior__d15360__w6,31,790
4b_duration_prior,4b_duration_prior__d15360__w6,32,852
4b_duration_prior,4b_duration_prior__d15360__w6,33,969
4b_duration_prior,4b_duration_prior__d15360__w6,34,909
4b_duration_prior,4b_duration_prior__d15360__w6,35,915
4b_duration_prior,4b_duration_prior__d15360__w6,36,1087
4b_duration_prior,4b_duration_prior__d15360__w6,37,1120
4b_duration_prior,4b_duration_prior__d15360__w6,38,1221
4b_duration_prior,4b_duration_prior__d15360__w6,39,1220
4b_duration_prior,4b_duration_prior__d15360__w6,40,1304
4b_duration_prior,4b_duration_prior__d15360__w6,41,1454
4b_duration_prior,4b_duration_prior__d15360__w6,42,1235
4b_duration_prior,4b_duration_prior__d15360__w6,43,1213
4b_duration_prior,4b_duration_prior__d15360__w6,44,1166
4b_duration_prior,4b_duration_prior__d15360__w6,45,1358
4b_duration_prior,4b_duration_prior__d15360__w6,46,1237
4b_duration_prior,4b_duration_prior__d15360__w6,47,1204
4b_duration_prior,4b_duration_prior__d15360__w6,48,1039
4b_duration_prior,4b_duration_prior__d15360__w6,49,803
4b_duration_prior,4b_duration_prior__d15360__w6,50,704
4b_duration_prior,4b_duration_prior__d15360__w6,51,689
4b_duration_prior,4b_duration_prior__d15360__w6,52,563
4b_duration_prior,4b_duration_prior__d15360__w6,53,690
4b_duration_prior,4b_duration_prior__d15360__w6,54,620
4b_duration_prior,4b_duration_prior__d15360__w6,55,745
4b_duration_prior,4b_duration_prior__d15360__w6,56,841
4b_duration_prior,4b_duration_prior__d15360__w6,57,925
4b_duration_prior,4b_duration_prior__d15360__w6,58,977
4b_duration_prior,4b_duration_prior__d15360__w6,59,914
4b_duration_prior,4b_duration_prior__d15360__w6,60,1065
4b_duration_prior,4b_duration_prior__d15360__w6,61,1149
4b_duration_prior,4b_duration_prior__d15360__w6,62,1199
4b_duration_prior,4b_duration_prior__d15360__w6,63,1291
4b_duration_prior,4b_duration_prior__d15360__w6,64,1437
4b_duration_prior,4b_duration_prior__d15360__w6,65,1345
4b_duration_prior,4b_duration_prior__d15360__w6,66,1224
4b_duration_prior,4b_duration_prior__d15360__w6,67,1123
4b_duration_prior,4b_duration_prior__d15360__w6,68,1231
4b_duration_prior,4b_duration_prior__d15360__w6,69,1184
4b_duration_prior,4b_duration_prior__d15360__w6,70,1251
4b_duration_prior,4b_duration_prior__d15360__w6,71,1150
4b_duration_prior,4b_duration_prior__d15360__w6,72,856
4b_duration_prior,4b_duration_prior__d15360__w6,73,772
4b_duration_prior,4b_duration_prior__d15360__w6,74,659
4b_duration_prior,4b_duration_prior__d15360__w6,75,587
4b_duration_prior,4b_duration_prior__d15360__w6,76,551
4b_duration_prior,4b_duration_prior__d15360__w6,77,589
4b_duration_prior,4b_duration_prior__d15360__w6,78,748
4b_duration_prior,4b_duration_prior__d15360__w6,79,711
4b_duration_prior,4b_duration_prior__d15360__w6,80,866
4b_duration_prior,4b_duration_prior__d15360__w6,81,932
4b_duration_prior,4b_duration_prior__d15360__w6,82,858
4b_duration_prior,4b_duration_prior__d15360__w6,83,896
4b_duration_prior,4b_duration_prior__d15360__w6,84,952
4b_duration_prior,4b_duration_prior__d15360__w6,85,1103
4b_duration_prior,4b_duration_prior__d15360__w6,86,1238
4b_duration_prior,4b_duration_prior__d15360__w6,87,1218
4b_duration_prior,4b_duration_prior__d15360__w6,88,1283
4b_duration_prior,4b_duration_prior__d15360__w6,89,1264
4b_duration_prior,4b_duration_prior__d15360__w6,90,1262
4b_duration_prior,4b_duration_prior__d15360__w6,91,1147
4b_duration_prior,4b_duration_prior__d15360__w6,92,1096
4b_duration_prior,4b_duration_prior__d15360__w6,93,1246
4b_duration_prior,4b_duration_prior__d15360__w6,94,1219
4b_duration_prior,4b_duration_prior__d15360__w6,95,1204
4b_duration_prior,4b_duration_prior__d15360__w6,96,854
4b_duration_prior,4b_duration_prior__d15360__w6,97,783
4b_duration_prior,4b_duration_prior__d15360__w6,98,652
4b_duration_prior,4b_duration_prior__d15360__w6,99,611
4b_duration_prior,4b_duration_prior__d15360__w6,100,535
4b_duration_prior,4b_duration_prior__d15360__w6,101,611
4b_duration_prior,4b_duration_prior__d15360__w6,102,651
4b_duration_prior,4b_duration_prior__d15360__w6,103,692
4b_duration_prior,4b_duration_prior__d15360__w6,104,803
4b_duration_prior,4b_duration_prior__d15360__w6,105,821
4b_duration_prior,4b_duration_prior__d15360__w6,106,861
4b_duration_prior,4b_duration_prior__d15360__w6,107,880
4b_duration_prior,4b_duration_prior__d15360__w6,108,976
4b_duration_prior,4b_duration_prior__d15360__w6,109,1077
4b_duration_prior,4b_duration_prior__d15360__w6,110,1141
4b_duration_prior,4b_duration_prior__d15360__w6,111,1216
4b_duration_prior,4b_duration_prior__d15360__w6,112,1138
4b_duration_prior,4b_duration_prior__d15360__w6,113,1173
4b_duration_prior,4b_duration_prior__d15360__w6,114,1133
4b_duration_prior,4b_duration_prior__d15360__w6,115,1082
4b_duration_prior,4b_duration_prior__d15360__w6,116,1019
4b_duration_prior,4b_duration_prior__d15360__w6,117,1123
4b_duration_prior,4b_duration_prior__d15360__w6,118,1141
4b_duration_prior,4b_duration_prior__d15360__w6,119,905
4b_duration_prior,4b_duration_prior__d15360__w6,120,720
4b_duration_prior,4b_duration_prior__d15360__w6,121,553
4b_duration_prior,4b_duration_prior__d15360__w6,122,432
4b_duration_prior,4b_duration_prior__d15360__w6,123,421
4b_duration_prior,4b_duration_prior__d15360__w6,124,348
4b_duration_prior,4b_duration_prior__d15360__w6,125,323
4b_duration_prior,4b_duration_prior__d15360__w6,126,329
4b_duration_prior,4b_duration_prior__d15360__w6,127,353
4b_duration_prior,4b_duration_prior__d15360__w6,128,336
4b_duration_prior,4b_duration_prior__d15360__w6,129,375
4b_duration_prior,4b_duration_prior__d15360__w6,130,396
4b_duration_prior,4b_duration_prior__d15360__w6,131,474
4b_duration_prior,4b_duration_prior__d15360__w6,132,482
4b_duration_prior,4b_duration_prior__d15360__w6,133,434
4b_duration_prior,4b_duration_prior__d15360__w6,134,568
4b_duration_prior,4b_duration_prior__d15360__w6,135,619
4b_duration_prior,4b_duration_prior__d15360__w6,136,617
4b_duration_prior,4b_duration_prior__d15360__w6,137,652
4b_duration_prior,4b_duration_prior__d15360__w6,138,553
4b_duration_prior,4b_duration_prior__d15360__w6,139,600
4b_duration_prior,4b_duration_prior__d15360__w6,140,591
4b_duration_prior,4b_duration_prior__d15360__w6,141,605
4b_duration_prior,4b_duration_prior__d15360__w6,142,631
4b_duration_prior,4b_duration_prior__d15360__w6,143,551
4b_duration_prior,4b_duration_prior__d15360__w6,144,446
4b_duration_prior,4b_duration_prior__d15360__w6,145,352
4b_duration_prior,4b_duration_prior__d15360__w6,146,350
4b_duration_prior,4b_duration_prior__d15360__w6,147,351
4b_duration_prior,4b_duration_prior__d15360__w6,148,354
4b_duration_prior,4b_duration_prior__d15360__w6,149,343
4b_duration_prior,4b_duration_prior__d15360__w6,150,287
4b_duration_prior,4b_duration_prior__d15360__w6,151,366
4b_duration_prior,4b_duration_prior__d15360__w6,152,335
4b_duration_prior,4b_duration_prior__d15360__w6,153,411
4b_duration_prior,4b_duration_prior__d15360__w6,154,411
4b_duration_prior,4b_duration_prior__d15360__w6,155,393
4b_duration_prior,4b_duration_prior__d15360__w6,156,432
4b_duration_prior,4b_duration_prior__d15360__w6,157,507
4b_duration_prior,4b_duration_prior__d15360__w6,158,519
4b_duration_prior,4b_duration_prior__d15360__w6,159,616
4b_duration_prior,4b_duration_prior__d15360__w6,160,580
4b_duration_prior,4b_duration_prior__d15360__w6,161,551
4b_duration_prior,4b_duration_prior__d15360__w6,162,632
4b_duration_prior,4b_duration_prior__d15360__w6,163,625
4b_duration_prior,4b_duration_prior__d15360__w6,164,635
4b_duration_prior,4b_duration_prior__d15360__w6,165,697
4b_duration_prior,4b_duration_prior__d15360__w6,166,681
4b_duration_prior,4b_duration_prior__d15360__w6,167,591
4b_duration_prior,4b_duration_prior__d0__w12,0,395
4b_duration_prior,4b_duration_prior__d0__w12,1,1529
4b_duration_prior,4b_duration_prior__d0__w12,2,481
4b_duration_prior,4b_duration_prior__d0__w12,3,437
4b_duration_prior,4b_duration_prior__d0__w12,4,486
4b_duration_prior,4b_duration_prior__d0__w12,5,434
4b_duration_prior,4b_duration_prior__d0__w12,6,434
4b_duration_prior,4b_duration_prior__d0__w12,7,456
4b_duration_prior,4b_duration_prior__d0__w12,8,610
4b_duration_prior,4b_duration_prior__d0__w12,9,629
4b_duration_prior,4b_duration_prior__d0__w12,10,593
4b_duration_prior,4b_duration_prior__d0__w12,11,686
4b_duration_prior,4b_duration_prior__d0__w12,12,1508
4b_duration_prior,4b_duration_prior__d0__w12,13,880
4b_duration_prior,4b_duration_prior__d0__w12,14,1060
4b_duration_prior,4b_duration_prior__d0__w12,15,1034
4b_duration_prior,4b_duration_prior__d0__w12,16,993
4b_duration_prior,4b_duration_prior__d0__w12,17,953
4b_duration_prior,4b_duration_prior__d0__w12,18,975
4b_duration_prior,4b_duration_prior__d0__w12,19,888
4b_duration_prior,4b_duration_prior__d0__w12,20,918
4b_duration_prior,4b_duration_prior__d0__w12,21,1047
4b_duration_prior,4b_duration_prior__d0__w12,22,1188
4b_duration_prior,4b_duration_prior__d0__w12,23,1070
4b_duration_prior,4b_duration_prior__d0__w12,24,937
4b_duration_prior,4b_duration_prior__d0__w12,25,870
4b_duration_prior,4b_duration_prior__d0__w12,26,3544
4b_duration_prior,4b_duration_prior__d0__w12,27,641
4b_duration_prior,4b_duration_prior__d0__w12,28,610
4b_duration_prior,4b_duration_prior__d0__w12,29,553
4b_duration_prior,4b_duration_prior__d0__w12,30,570
4b_duration_prior,4b_duration_prior__d0__w12,31,621
4b_duration_prior,4b_duration_prior__d0__w12,32,690
4b_duration_prior,4b_duration_prior__d0__w12,33,759
4b_duration_prior,4b_duration_prior__d0__w12,34,691
4b_duration_prior,4b_duration_prior__d0__w12,35,698
4b_duration_prior,4b_duration_prior__d0__w12,36,2347
4b_duration_prior,4b_duration_prior__d0__w12,37,858
4b_duration_prior,4b_duration_prior__d0__w12,38,957
4b_duration_prior,4b_duration_prior__d0__w12,39,940
4b_duration_prior,4b_duration_prior__d0__w12,40,1021
4b_duration_prior,4b_duration_prior__d0__w12,41,1120
4b_duration_prior,4b_duration_prior__d0__w12,42,1001
4b_duration_prior,4b_duration_prior__d0__w12,43,974
4b_duration_prior,4b_duration_prior__d0__w12,44,917
4b_duration_prior,4b_duration_prior__d0__w12,45,1086
4b_duration_prior,4b_duration_prior__d0__w12,46,965
4b_duration_prior,4b_duration_prior__d0__w12,47,999
4b_duration_prior,4b_duration_prior__d0__w12,48,815
4b_duration_prior,4b_duration_prior__d0__w12,49,892
4b_duration_prior,4b_duration_prior__d0__w12,50,3733
4b_duration_prior,4b_duration_prior__d0__w12,51,689
4b_duration_prior,4b_duration_prior__d0__w12,52,464
4b_duration_prior,4b_duration_prior__d0__w12,53,580
4b_duration_prior,4b_duration_prior__d0__w12,54,518
4b_duration_prior,4b_duration_prior__d0__w12,55,604
4b_duration_prior,4b_duration_prior__d0__w12,56,666
4b_duration_prior,4b_duration_prior__d0__w12,57,700
4b_duration_prior,4b_duration_prior__d0__w12,58,740
4b_duration_prior,4b_duration_prior__d0__w12,59,720
4b_duration_prior,4b_duration_prior__d0__w12,60,1716
4b_duration_prior,4b_duration_prior__d0__w12,61,944
4b_duration_prior,4b_duration_prior__d0__w12,62,997
4b_duration_prior,4b_duration_prior__d0__w12,63,1022
4b_duration_prior,4b_duration_prior__d0__w12,64,1173
4b_duration_prior,4b_duration_prior__d0__w12,65,1094
4b_duration_prior,4b_duration_prior__d0__w12,66,978
4b_duration_prior,4b_duration_prior__d0__w12,67,898
4b_duration_prior,4b_duration_prior__d0__w12,68,1000
4b_duration_prior,4b_duration_prior__d0__w12,69,937
4b_duration_prior,4b_duration_prior__d0__w12,70,1219
4b_duration_prior,4b_duration_prior__d0__w12,71,1109
4b_duration_prior,4b_duration_prior__d0__w12,72,891
4b_duration_prior,4b_duration_prior__d0__w12,73,835
4b_duration_prior,4b_duration_prior__d0__w12,74,3406
4b_duration_prior,4b_duration_prior__d0__w12,75,587
4b_duration_prior,4b_duration_prior__d0__w12,76,467
4b_duration_prior,4b_duration_prior__d0__w12,77,492
4b_duration_prior,4b_duration_prior__d0__w12,78,592
4b_duration_prior,4b_duration_prior__d0__w12,79,571
4b_duration_prior,4b_duration_prior__d0__w12,80,690
4b_duration_prior,4b_duration_prior__d0__w12,81,722
4b_duration_prior,4b_duration_prior__d0__w12,82,665
4b_duration_prior,4b_duration_prior__d0__w12,83,719
4b_duration_prior,4b_duration_prior__d0__w12,84,1855
4b_duration_prior,4b_duration_prior__d0__w12,85,877
4b_duration_prior,4b_duration_prior__d0__w12,86,976
4b_duration_prior,4b_duration_prior__d0__w12,87,958
4b_duration_prior,4b_duration_prior__d0__w12,88,1007
4b_duration_prior,4b_duration_prior__d0__w12,89,1021
4b_duration_prior,4b_duration_prior__d0__w12,90,995
4b_duration_prior,4b_duration_prior__d0__w12,91,959
4b_duration_prior,4b_duration_prior__d0__w12,92,894
4b_duration_prior,4b_duration_prior__d0__w12,93,1005
4b_duration_prior,4b_duration_prior__d0__w12,94,986
4b_duration_prior,4b_duration_prior__d0__w12,95,1303
4b_duration_prior,4b_duration_prior__d0__w12,96,687
4b_duration_prior,4b_duration_prior__d0__w12,97,870
4b_duration_prior,4b_duration_prior__d0__w12,98,3361
4b_duration_prior,4b_duration_prior__d0__w12,99,503
4b_duration_prior,4b_duration_prior__d0__w12,100,438
4b_duration_prior,4b_duration_prior__d0__w12,101,491
4b_duration_prior,4b_duration_prior__d0__w12,102,526
4b_duration_prior,4b_duration_prior__d0__w12,103,552
4b_duration_prior,4b_duration_prior__d0__w12,104,639
4b_duration_prior,4b_duration_prior__d0__w12,105,672
4b_duration_prior,4b_duration_prior__d0__w12,106,685
4b_duration_prior,4b_duration_prior__d0__w12,107,681
4b_duration_prior,4b_duration_prior__d0__w12,108,2254
4b_duration_prior,4b_duration_prior__d0__w12,109,855
4b_duration_prior,4b_duration_prior__d0__w12,110,928
4b_duration_prior,4b_duration_prior__d0__w12,111,992
4b_duration_prior,4b_duration_prior__d0__w12,112,911
4b_duration_prior,4b_duration_prior__d0__w12,113,944
4b_duration_prior,4b_duration_prior__d0__w12,114,921
4b_duration_prior,4b_duration_prior__d0__w12,115,882
4b_duration_prior,4b_duration_prior__d0__w12,116,841
4b_duration_prior,4b_duration_prior__d0__w12,117,926
4b_duration_prior,4b_duration_prior__d0__w12,118,927
4b_duration_prior,4b_duration_prior__d0__w12,119,754
4b_duration_prior,4b_duration_prior__d0__w12,120,596
4b_duration_prior,4b_duration_prior__d0__w12,121,674
4b_duration_prior,4b_duration_prior__d0__w12,122,569
4b_duration_prior,4b_duration_prior__d0__w12,123,1831
4b_duration_prior,4b_duration_prior__d0__w12,124,292
4b_duration_prior,4b_duration_prior__d0__w12,125,271
4b_duration_prior,4b_duration_prior__d0__w12,126,267
4b_duration_prior,4b_duration_prior__d0__w12,127,287
4b_duration_prior,4b_duration_prior__d0__w12,128,268
4b_duration_prior,4b_duration_prior__d0__w12,129,302
4b_duration_prior,4b_duration_prior__d0__w12,130,540
4b_duration_prior,4b_duration_prior__d0__w12,131,528
4b_duration_prior,4b_duration_prior__d0__w12,132,1384
4b_duration_prior,4b_duration_prior__d0__w12,133,357
4b_duration_prior,4b_duration_prior__d0__w12,134,472
4b_duration_prior,4b_duration_prior__d0__w12,135,523
4b_duration_prior,4b_duration_prior__d0__w12,136,518
4b_duration_prior,4b_duration_prior__d0__w12,137,543
4b_duration_prior,4b_duration_prior__d0__w12,138,459
4b_duration_prior,4b_duration_prior__d0__w12,139,514
4b_duration_prior,4b_duration_prior__d0__w12,140,518
4b_duration_prior,4b_duration_prior__d0__w12,141,531
4b_duration_prior,4b_duration_prior__d0__w12,142,526
4b_duration_prior,4b_duration_prior__d0__w12,143,485
4b_duration_prior,4b_duration_prior__d0__w12,144,361
4b_duration_prior,4b_duration_prior__d0__w12,145,365
4b_duration_prior,4b_duration_prior__d0__w12,146,389
4b_duration_prior,4b_duration_prior__d0__w12,147,843
4b_duration_prior,4b_duration_prior__d0__w12,148,292
4b_duration_prior,4b_duration_prior__d0__w12,149,274
4b_duration_prior,4b_duration_prior__d0__w12,150,238
4b_duration_prior,4b_duration_prior__d0__w12,151,276
4b_duration_prior,4b_duration_prior__d0__w12,152,285
4b_duration_prior,4b_duration_prior__d0__w12,153,409
4b_duration_prior,4b_duration_prior__d0__w12,154,442
4b_duration_prior,4b_duration_prior__d0__w12,155,1200
4b_duration_prior,4b_duration_prior__d0__w12,156,432
4b_duration_prior,4b_duration_prior__d0__w12,157,507
4b_duration_prior,4b_duration_prior__d0__w12,158,439
4b_duration_prior,4b_duration_prior__d0__w12,159,507
4b_duration_prior,4b_duration_prior__d0__w12,160,475
4b_duration_prior,4b_duration_prior__d0__w12,161,475
4b_duration_prior,4b_duration_prior__d0__w12,162,546
4b_duration_prior,4b_duration_prior__d0__w12,163,545
4b_duration_prior,4b_duration_prior__d0__w12,164,548
4b_duration_prior,4b_duration_prior__d0__w12,165,582
4b_duration_prior,4b_duration_prior__d0__w12,166,551
4b_duration_prior,4b_duration_prior__d0__w12,167,483
4b_duration_prior,4b_duration_prior__d60__w12,0,403
4b_duration_prior,4b_duration_prior__d60__w12,1,1409
4b_duration_prior,4b_duration_prior__d60__w12,2,481
4b_duration_prior,4b_duration_prior__d60__w12,3,437
4b_duration_prior,4b_duration_prior__d60__w12,4,486
4b_duration_prior,4b_duration_prior__d60__w12,5,438
4b_duration_prior,4b_duration_prior__d60__w12,6,446
4b_duration_prior,4b_duration_prior__d60__w12,7,460
4b_duration_prior,4b_duration_prior__d60__w12,8,618
4b_duration_prior,4b_duration_prior__d60__w12,9,635
4b_duration_prior,4b_duration_prior__d60__w12,10,598
4b_duration_prior,4b_duration_prior__d60__w12,11,694
4b_duration_prior,4b_duration_prior__d60__w12,12,1484
4b_duration_prior,4b_duration_prior__d60__w12,13,913
4b_duration_prior,4b_duration_prior__d60__w12,14,1085
4b_duration_prior,4b_duration_prior__d60__w12,15,1065
4b_duration_prior,4b_duration_prior__d60__w12,16,1019
4b_duration_prior,4b_duration_prior__d60__w12,17,976
4b_duration_prior,4b_duration_prior__d60__w12,18,1006
4b_duration_prior,4b_duration_prior__d60__w12,19,911
4b_duration_prior,4b_duration_prior__d60__w12,20,951
4b_duration_prior,4b_duration_prior__d60__w12,21,1083
4b_duration_prior,4b_duration_prior__d60__w12,22,1240
4b_duration_prior,4b_duration_prior__d60__w12,23,1100
4b_duration_prior,4b_duration_prior__d60__w12,24,964
4b_duration_prior,4b_duration_prior__d60__w12,25,860
4b_duration_prior,4b_duration_prior__d60__w12,26,3161
4b_duration_prior,4b_duration_prior__d60__w12,27,641
4b_duration_prior,4b_duration_prior__d60__w12,28,610
4b_duration_prior,4b_duration_prior__d60__w12,29,573
4b_duration_prior,4b_duration_prior__d60__w12,30,577
4b_duration_prior,4b_duration_prior__d60__w12,31,634
4b_duration_prior,4b_duration_prior__d60__w12,32,693
4b_duration_prior,4b_duration_prior__d60__w12,33,767
4b_duration_prior,4b_duration_prior__d60__w12,34,696
4b_duration_prior,4b_duration_prior__d60__w12,35,708
4b_duration_prior,4b_duration_prior__d60__w12,36,2281
4b_duration_prior,4b_duration_prior__d60__w12,37,876
4b_duration_prior,4b_duration_prior__d60__w12,38,997
4b_duration_prior,4b_duration_prior__d60__w12,39,979
4b_duration_prior,4b_duration_prior__d60__w12,40,1044
4b_duration_prior,4b_duration_prior__d60__w12,41,1175
4b_duration_prior,4b_duration_prior__d60__w12,42,1031
4b_duration_prior,4b_duration_prior__d60__w12,43,1006
4b_duration_prior,4b_duration_prior__d60__w12,44,951
4b_duration_prior,4b_duration_prior__d60__w12,45,1118
4b_duration_prior,4b_duration_prior__d60__w12,46,992
4b_duration_prior,4b_duration_prior__d60__w12,47,1013
4b_duration_prior,4b_duration_prior__d60__w12,48,824
4b_duration_prior,4b_duration_prior__d60__w12,49,883
4b_duration_prior,4b_duration_prior__d60__w12,50,3389
4b_duration_prior,4b_duration_prior__d60__w12,51,689
4b_duration_prior,4b_duration_prior__d60__w12,52,466
4b_duration_prior,4b_duration_prior__d60__w12,53,589
4b_duration_prior,4b_duration_prior__d60__w12,54,522
4b_duration_prior,4b_duration_prior__d60__w12,55,611
4b_duration_prior,4b_duration_prior__d60__w12,56,669
4b_duration_prior,4b_duration_prior__d60__w12,57,709
4b_duration_prior,4b_duration_prior__d60__w12,58,753
4b_duration_prior,4b_duration_prior__d60__w12,59,746
4b_duration_prior,4b_duration_prior__d60__w12,60,1701
4b_duration_prior,4b_duration_prior__d60__w12,61,973
4b_duration_prior,4b_duration_prior__d60__w12,62,1020
4b_duration_prior,4b_duration_prior__d60__w12,63,1051
4b_duration_prior,4b_duration_prior__d60__w12,64,1199
4b_duration_prior,4b_duration_prior__d60__w12,65,1114
4b_duration_prior,4b_duration_prior__d60__w12,66,999
4b_duration_prior,4b_duration_prior__d60__w12,67,911
4b_duration_prior,4b_duration_prior__d60__w12,68,1028
4b_duration_prior,4b_duration_prior__d60__w12,69,973
4b_duration_prior,4b_duration_prior__d60__w12,70,1242
4b_duration_prior,4b_duration_prior__d60__w12,71,1106
4b_duration_prior,4b_duration_prior__d60__w12,72,885
4b_duration_prior,4b_duration_prior__d60__w12,73,832
4b_duration_prior,4b_duration_prior__d60__w12,74,3112
4b_duration_prior,4b_duration_prior__d60__w12,75,587
4b_duration_prior,4b_duration_prior__d60__w12,76,474
4b_duration_prior,4b_duration_prior__d60__w12,77,499
4b_duration_prior,4b_duration_prior__d60__w12,78,605
4b_duration_prior,4b_duration_prior__d60__w12,79,576
4b_duration_prior,4b_duration_prior__d60__w12,80,696
4b_duration_prior,4b_duration_prior__d60__w12,81,729
4b_duration_prior,4b_duration_prior__d60__w12,82,676
4b_duration_prior,4b_duration_prior__d60__w12,83,728
4b_duration_prior,4b_duration_prior__d60__w12,84,1818
4b_duration_prior,4b_duration_prior__d60__w12,85,890
4b_duration_prior,4b_duration_prior__d60__w12,86,1001
4b_duration_prior,4b_duration_prior__d60__w12,87,1002
4b_duration_prior,4b_duration_prior__d60__w12,88,1036
4b_duration_prior,4b_duration_prior__d60__w12,89,1060
4b_duration_prior,4b_duration_prior__d60__w12,90,1032
4b_duration_prior,4b_duration_prior__d60__w12,91,982
4b_duration_prior,4b_duration_prior__d60__w12,92,920
4b_duration_prior,4b_duration_prior__d60__w12,93,1035
4b_duration_prior,4b_duration_prior__d60__w12,94,1015
4b_duration_prior,4b_duration_prior__d60__w12,95,1293
4b_duration_prior,4b_duration_prior__d60__w12,96,692
4b_duration_prior,4b_duration_prior__d60__w12,97,870
4b_duration_prior,4b_duration_prior__d60__w12,98,3043
4b_duration_prior,4b_duration_prior__d60__w12,99,514
4b_duration_prior,4b_duration_prior__d60__w12,100,449
4b_duration_prior,4b_duration_prior__d60__w12,101,504
4b_duration_prior,4b_duration_prior__d60__w12,102,531
4b_duration_prior,4b_duration_prior__d60__w12,103,566
4b_duration_prior,4b_duration_prior__d60__w12,104,648
4b_duration_prior,4b_duration_prior__d60__w12,105,683
4b_duration_prior,4b_duration_prior__d60__w12,106,698
4b_duration_prior,4b_duration_prior__d60__w12,107,689
4b_duration_prior,4b_duration_prior__d60__w12,108,2159
4b_duration_prior,4b_duration_prior__d60__w12,109,878
4b_duration_prior,4b_duration_prior__d60__w12,110,951
4b_duration_prior,4b_duration_prior__d60__w12,111,1023
4b_duration_prior,4b_duration_prior__d60__w12,112,936
4b_duration_prior,4b_duration_prior__d60__w12,113,980
4b_duration_prior,4b_duration_prior__d60__w12,114,951
4b_duration_prior,4b_duration_prior__d60__w12,115,902
4b_duration_prior,4b_duration_prior__d60__w12,116,865
4b_duration_prior,4b_duration_prior__d60__w12,117,956
4b_duration_prior,4b_duration_prior__d60__w12,118,957
4b_duration_prior,4b_duration_prior__d60__w12,119,769
4b_duration_prior,4b_duration_prior__d60__w12,120,611
4b_duration_prior,4b_duration_prior__d60__w12,121,666
4b_duration_prior,4b_duration_prior__d60__w12,122,558
4b_duration_prior,4b_duration_prior__d60__w12,123,1643
4b_duration_prior,4b_duration_prior__d60__w12,124,305
4b_duration_prior,4b_duration_prior__d60__w12,125,277
4b_duration_prior,4b_duration_prior__d60__w12,126,276
4b_duration_prior,4b_duration_prior__d60__w12,127,297
4b_duration_prior,4b_duration_prior__d60__w12,128,274
4b_duration_prior,4b_duration_prior__d60__w12,129,304
4b_duration_prior,4b_duration_prior__d60__w12,130,515
4b_duration_prior,4b_duration_prior__d60__w12,131,522
4b_duration_prior,4b_duration_prior__d60__w12,132,1274
4b_duration_prior,4b_duration_prior__d60__w12,133,367
4b_duration_prior,4b_duration_prior__d60__w12,134,478
4b_duration_prior,4b_duration_prior__d60__w12,135,540
4b_duration_prior,4b_duration_prior__d60__w12,136,534
4b_duration_prior,4b_duration_prior__d60__w12,137,554
4b_duration_prior,4b_duration_prior__d60__w12,138,472
4b_duration_prior,4b_duration_prior__d60__w12,139,527
4b_duration_prior,4b_duration_prior__d60__w12,140,525
4b_duration_prior,4b_duration_prior__d60__w12,141,535
4b_duration_prior,4b_duration_prior__d60__w12,142,537
4b_duration_prior,4b_duration_prior__d60__w12,143,489
4b_duration_prior,4b_duration_prior__d60__w12,144,374
4b_duration_prior,4b_duration_prior__d60__w12,145,362
4b_duration_prior,4b_duration_prior__d60__w12,146,385
4b_duration_prior,4b_duration_prior__d60__w12,147,777
4b_duration_prior,4b_duration_prior__d60__w12,148,311
4b_duration_prior,4b_duration_prior__d60__w12,149,286
4b_duration_prior,4b_duration_prior__d60__w12,150,246
4b_duration_prior,4b_duration_prior__d60__w12,151,287
4b_duration_prior,4b_duration_prior__d60__w12,152,288
4b_duration_prior,4b_duration_prior__d60__w12,153,420
4b_duration_prior,4b_duration_prior__d60__w12,154,442
4b_duration_prior,4b_duration_prior__d60__w12,155,1084
4b_duration_prior,4b_duration_prior__d60__w12,156,432
4b_duration_prior,4b_duration_prior__d60__w12,157,507
4b_duration_prior,4b_duration_prior__d60__w12,158,450
4b_duration_prior,4b_duration_prior__d60__w12,159,516
4b_duration_prior,4b_duration_prior__d60__w12,160,482
4b_duration_prior,4b_duration_prior__d60__w12,161,479
4b_duration_prior,4b_duration_prior__d60__w12,162,557
4b_duration_prior,4b_duration_prior__d60__w12,163,549
4b_duration_prior,4b_duration_prior__d60__w12,164,556
4b_duration_prior,4b_duration_prior__d60__w12,165,597
4b_duration_prior,4b_duration_prior__d60__w12,166,580
4b_duration_prior,4b_duration_prior__d60__w12,167,497
4b_duration_prior,4b_duration_prior__d120__w12,0,409
4b_duration_prior,4b_duration_prior__d120__w12,1,1310
4b_duration_prior,4b_duration_prior__d120__w12,2,481
4b_duration_prior,4b_duration_prior__d120__w12,3,437
4b_duration_prior,4b_duration_prior__d120__w12,4,486
4b_duration_prior,4b_duration_prior__d120__w12,5,445
4b_duration_prior,4b_duration_prior__d120__w12,6,460
4b_duration_prior,4b_duration_prior__d120__w12,7,480
4b_duration_prior,4b_duration_prior__d120__w12,8,630
4b_duration_prior,4b_duration_prior__d120__w12,9,649
4b_duration_prior,4b_duration_prior__d120__w12,10,624
4b_duration_prior,4b_duration_prior__d120__w12,11,720
4b_duration_prior,4b_duration_prior__d120__w12,12,1435
4b_duration_prior,4b_duration_prior__d120__w12,13,940
4b_duration_prior,4b_duration_prior__d120__w12,14,1112
4b_duration_prior,4b_duration_prior__d120__w12,15,1108
4b_duration_prior,4b_duration_prior__d120__w12,16,1040
4b_duration_prior,4b_duration_prior__d120__w12,17,993
4b_duration_prior,4b_duration_prior__d120__w12,18,1020
4b_duration_prior,4b_duration_prior__d120__w12,19,924
4b_duration_prior,4b_duration_prior__d120__w12,20,963
4b_duration_prior,4b_duration_prior__d120__w12,21,1099
4b_duration_prior,4b_duration_prior__d120__w12,22,1227
4b_duration_prior,4b_duration_prior__d120__w12,23,1091
4b_duration_prior,4b_duration_prior__d120__w12,24,956
4b_duration_prior,4b_duration_prior__d120__w12,25,845
4b_duration_prior,4b_duration_prior__d120__w12,26,2946
4b_duration_prior,4b_duration_prior__d120__w12,27,641
4b_duration_prior,4b_duration_prior__d120__w12,28,610
4b_duration_prior,4b_duration_prior__d120__w12,29,578
4b_duration_prior,4b_duration_prior__d120__w12,30,591
4b_duration_prior,4b_duration_prior__d120__w12,31,646
4b_duration_prior,4b_duration_prior__d120__w12,32,712
4b_duration_prior,4b_duration_prior__d120__w12,33,782
4b_duration_prior,4b_duration_prior__d120__w12,34,718
4b_duration_prior,4b_duration_prior__d120__w12,35,723
4b_duration_prior,4b_duration_prior__d120__w12,36,2179
4b_duration_prior,4b_duration_prior__d120__w12,37,901
4b_duration_prior,4b_duration_prior__d120__w12,38,1022
4b_duration_prior,4b_duration_prior__d120__w12,39,1007
4b_duration_prior,4b_duration_prior__d120__w12,40,1089
4b_duration_prior,4b_duration_prior__d120__w12,41,1202
4b_duration_prior,4b_duration_prior__d120__w12,42,1044
4b_duration_prior,4b_duration_prior__d120__w12,43,1020
4b_duration_prior,4b_duration_prior__d120__w12,44,967
4b_duration_prior,4b_duration_prior__d120__w12,45,1139
4b_duration_prior,4b_duration_prior__d120__w12,46,1009
4b_duration_prior,4b_duration_prior__d120__w12,47,1019
4b_duration_prior,4b_duration_prior__d120__w12,48,842
4b_duration_prior,4b_duration_prior__d120__w12,49,885
4b_duration_prior,4b_duration_prior__d120__w12,50,3132
4b_duration_prior,4b_duration_prior__d120__w12,51,689
4b_duration_prior,4b_duration_prior__d120__w12,52,484
4b_duration_prior,4b_duration_prior__d120__w12,53,600
4b_duration_prior,4b_duration_prior__d120__w12,54,536
4b_duration_prior,4b_duration_prior__d120__w12,55,618
4b_duration_prior,4b_duration_prior__d120__w12,56,694
4b_duration_prior,4b_duration_prior__d120__w12,57,745
4b_duration_prior,4b_duration_prior__d120__w12,58,780
4b_duration_prior,4b_duration_prior__d120__w12,59,769
4b_duration_prior,4b_duration_prior__d120__w12,60,1611
4b_duration_prior,4b_duration_prior__d120__w12,61,989
4b_duration_prior,4b_duration_prior__d120__w12,62,1049
4b_duration_prior,4b_duration_prior__d120__w12,63,1074
4b_duration_prior,4b_duration_prior__d120__w12,64,1225
4b_duration_prior,4b_duration_prior__d120__w12,65,1152
4b_duration_prior,4b_duration_prior__d120__w12,66,1028
4b_duration_prior,4b_duration_prior__d120__w12,67,926
4b_duration_prior,4b_duration_prior__d120__w12,68,1039
4b_duration_prior,4b_duration_prior__d120__w12,69,987
4b_duration_prior,4b_duration_prior__d120__w12,70,1236
4b_duration_prior,4b_duration_prior__d120__w12,71,1095
4b_duration_prior,4b_duration_prior__d120__w12,72,875
4b_duration_prior,4b_duration_prior__d120__w12,73,828
4b_duration_prior,4b_duration_prior__d120__w12,74,2871
4b_duration_prior,4b_duration_prior__d120__w12,75,587
4b_duration_prior,4b_duration_prior__d120__w12,76,485
4b_duration_prior,4b_duration_prior__d120__w12,77,507
4b_duration_prior,4b_duration_prior__d120__w12,78,617
4b_duration_prior,4b_duration_prior__d120__w12,79,590
4b_duration_prior,4b_duration_prior__d120__w12,80,720
4b_duration_prior,4b_duration_prior__d120__w12,81,760
4b_duration_prior,4b_duration_prior__d120__w12,82,697
4b_duration_prior,4b_duration_prior__d120__w12,83,750
4b_duration_prior,4b_duration_prior__d120__w12,84,1716
4b_duration_prior,4b_duration_prior__d120__w12,85,914
4b_duration_prior,4b_duration_prior__d120__w12,86,1036
4b_duration_prior,4b_duration_prior__d120__w12,87,1024
4b_duration_prior,4b_duration_prior__d120__w12,88,1062
4b_duration_prior,4b_duration_prior__d120__w12,89,1084
4b_duration_prior,4b_duration_prior__d120__w12,90,1051
4b_duration_prior,4b_duration_prior__d120__w12,91,995
4b_duration_prior,4b_duration_prior__d120__w12,92,935
4b_duration_prior,4b_duration_prior__d120__w12,93,1054
4b_duration_prior,4b_duration_prior__d120__w12,94,1034
4b_duration_prior,4b_duration_prior__d120__w12,95,1266
4b_duration_prior,4b_duration_prior__d120__w12,96,706
4b_duration_prior,4b_duration_prior__d120__w12,97,862
4b_duration_prior,4b_duration_prior__d120__w12,98,2807
4b_duration_prior,4b_duration_prior__d120__w12,99,529
4b_duration_prior,4b_duration_prior__d120__w12,100,463
4b_duration_prior,4b_duration_prior__d120__w12,101,522
4b_duration_prior,4b_duration_prior__d120__w12,102,546
4b_duration_prior,4b_duration_prior__d120__w12,103,579
4b_duration_prior,4b_duration_prior__d120__w12,104,659
4b_duration_prior,4b_duration_prior__d120__w12,105,696
4b_duration_prior,4b_duration_prior__d120__w12,106,716
4b_duration_prior,4b_duration_prior__d120__w12,107,708
4b_duration_prior,4b_duration_prior__d120__w12,108,2023
4b_duration_prior,4b_duration_prior__d120__w12,109,912
4b_duration_prior,4b_duration_prior__d120__w12,110,979
4b_duration_prior,4b_duration_prior__d120__w12,111,1053
4b_duration_prior,4b_duration_prior__d120__w12,112,974
4b_duration_prior,4b_duration_prior__d120__w12,113,1013
4b_duration_prior,4b_duration_prior__d120__w12,114,965
4b_duration_prior,4b_duration_prior__d120__w12,115,921
4b_duration_prior,4b_duration_prior__d120__w12,116,887
4b_duration_prior,4b_duration_prior__d120__w12,117,978
4b_duration_prior,4b_duration_prior__d120__w12,118,977
4b_duration_prior,4b_duration_prior__d120__w12,119,781
4b_duration_prior,4b_duration_prior__d120__w12,120,620
4b_duration_prior,4b_duration_prior__d120__w12,121,640
4b_duration_prior,4b_duration_prior__d120__w12,122,533
4b_duration_prior,4b_duration_prior__d120__w12,123,1469
4b_duration_prior,4b_duration_prior__d120__w12,124,312
4b_duration_prior,4b_duration_prior__d120__w12,125,287
4b_duration_prior,4b_duration_prior__d120__w12,126,286
4b_duration_prior,4b_duration_prior__d120__w12,127,310
4b_duration_prior,4b_duration_prior__d120__w12,128,286
4b_duration_prior,4b_duration_prior__d120__w12,129,320
4b_duration_prior,4b_duration_prior__d120__w12,130,514
4b_duration_prior,4b_duration_prior__d120__w12,131,533
4b_duration_prior,4b_duration_prior__d120__w12,132,1140
4b_duration_prior,4b_duration_prior__d120__w12,133,385
4b_duration_prior,4b_duration_prior__d120__w12,134,494
4b_duration_prior,4b_duration_prior__d120__w12,135,546
4b_duration_prior,4b_duration_prior__d120__w12,136,543
4b_duration_prior,4b_duration_prior__d120__w12,137,571
4b_duration_prior,4b_duration_prior__d120__w12,138,485
4b_duration_prior,4b_duration_prior__d120__w12,139,530
4b_duration_prior,4b_duration_prior__d120__w12,140,528
4b_duration_prior,4b_duration_prior__d120__w12,141,547
4b_duration_prior,4b_duration_prior__d120__w12,142,547
4b_duration_prior,4b_duration_prior__d120__w12,143,491
4b_duration_prior,4b_duration_prior__d120__w12,144,380
4b_duration_prior,4b_duration_prior__d120__w12,145,357
4b_duration_prior,4b_duration_prior__d120__w12,146,375
4b_duration_prior,4b_duration_prior__d120__w12,147,727
4b_duration_prior,4b_duration_prior__d120__w12,148,319
4b_duration_prior,4b_duration_prior__d120__w12,149,288
4b_duration_prior,4b_duration_prior__d120__w12,150,250
4b_duration_prior,4b_duration_prior__d120__w12,151,291
4b_duration_prior,4b_duration_prior__d120__w12,152,290
4b_duration_prior,4b_duration_prior__d120__w12,153,418
4b_duration_prior,4b_duration_prior__d120__w12,154,439
4b_duration_prior,4b_duration_prior__d120__w12,155,1019
4b_duration_prior,4b_duration_prior__d120__w12,156,432
4b_duration_prior,4b_duration_prior__d120__w12,157,507
4b_duration_prior,4b_duration_prior__d120__w12,158,456
4b_duration_prior,4b_duration_prior__d120__w12,159,534
4b_duration_prior,4b_duration_prior__d120__w12,160,491
4b_duration_prior,4b_duration_prior__d120__w12,161,484
4b_duration_prior,4b_duration_prior__d120__w12,162,565
4b_duration_prior,4b_duration_prior__d120__w12,163,555
4b_duration_prior,4b_duration_prior__d120__w12,164,567
4b_duration_prior,4b_duration_prior__d120__w12,165,604
4b_duration_prior,4b_duration_prior__d120__w12,166,591
4b_duration_prior,4b_duration_prior__d120__w12,167,509
4b_duration_prior,4b_duration_prior__d240__w12,0,419
4b_duration_prior,4b_duration_prior__d240__w12,1,1091
4b_duration_prior,4b_duration_prior__d240__w12,2,481
4b_duration_prior,4b_duration_prior__d240__w12,3,437
4b_duration_prior,4b_duration_prior__d240__w12,4,486
4b_duration_prior,4b_duration_prior__d240__w12,5,469
4b_duration_prior,4b_duration_prior__d240__w12,6,479
4b_duration_prior,4b_duration_prior__d240__w12,7,495
4b_duration_prior,4b_duration_prior__d240__w12,8,657
4b_duration_prior,4b_duration_prior__d240__w12,9,691
4b_duration_prior,4b_duration_prior__d240__w12,10,674
4b_duration_prior,4b_duration_prior__d240__w12,11,762
4b_duration_prior,4b_duration_prior__d240__w12,12,1346
4b_duration_prior,4b_duration_prior__d240__w12,13,989
4b_duration_prior,4b_duration_prior__d240__w12,14,1184
4b_duration_prior,4b_duration_prior__d240__w12,15,1159
4b_duration_prior,4b_duration_prior__d240__w12,16,1079
4b_duration_prior,4b_duration_prior__d240__w12,17,1047
4b_duration_prior,4b_duration_prior__d240__w12,18,1069
4b_duration_prior,4b_duration_prior__d240__w12,19,966
4b_duration_prior,4b_duration_prior__d240__w12,20,989
4b_duration_prior,4b_duration_prior__d240__w12,21,1142
4b_duration_prior,4b_duration_prior__d240__w12,22,1207
4b_duration_prior,4b_duration_prior__d240__w12,23,1083
4b_duration_prior,4b_duration_prior__d240__w12,24,933
4b_duration_prior,4b_duration_prior__d240__w12,25,805
4b_duration_prior,4b_duration_prior__d240__w12,26,2482
4b_duration_prior,4b_duration_prior__d240__w12,27,641
4b_duration_prior,4b_duration_prior__d240__w12,28,610
4b_duration_prior,4b_duration_prior__d240__w12,29,623
4b_duration_prior,4b_duration_prior__d240__w12,30,622
4b_duration_prior,4b_duration_prior__d240__w12,31,675
4b_duration_prior,4b_duration_prior__d240__w12,32,742
4b_duration_prior,4b_duration_prior__d240__w12,33,832
4b_duration_prior,4b_duration_prior__d240__w12,34,756
4b_duration_prior,4b_duration_prior__d240__w12,35,775
4b_duration_prior,4b_duration_prior__d240__w12,36,1904
4b_duration_prior,4b_duration_prior__d240__w12,37,956
4b_duration_prior,4b_duration_prior__d240__w12,38,1074
4b_duration_prior,4b_duration_prior__d240__w12,39,1082
4b_duration_prior,4b_duration_prior__d240__w12,40,1145
4b_duration_prior,4b_duration_prior__d240__w12,41,1271
4b_duration_prior,4b_duration_prior__d240__w12,42,1099
4b_duration_prior,4b_duration_prior__d240__w12,43,1053
4b_duration_prior,4b_duration_prior__d240__w12,44,1007
4b_duration_prior,4b_duration_prior__d240__w12,45,1174
4b_duration_prior,4b_duration_prior__d240__w12,46,1040
4b_duration_prior,4b_duration_prior__d240__w12,47,1041
4b_duration_prior,4b_duration_prior__d240__w12,48,869
4b_duration_prior,4b_duration_prior__d240__w12,49,841
4b_duration_prior,4b_duration_prior__d240__w12,50,2626
4b_duration_prior,4b_duration_prior__d240__w12,51,689
4b_duration_prior,4b_duration_prior__d240__w12,52,516
4b_duration_prior,4b_duration_prior__d240__w12,53,626
4b_duration_prior,4b_duration_prior__d240__w12,54,556
4b_duration_prior,4b_duration_prior__d240__w12,55,640
4b_duration_prior,4b_duration_prior__d240__w12,56,726
4b_duration_prior,4b_duration_prior__d240__w12,57,794
4b_duration_prior,4b_duration_prior__d240__w12,58,833
4b_duration_prior,4b_duration_prior__d240__w12,59,802
4b_duration_prior,4b_duration_prior__d240__w12,60,1467
4b_duration_prior,4b_duration_prior__d240__w12,61,1024
4b_duration_prior,4b_duration_prior__d240__w12,62,1077
4b_duration_prior,4b_duration_prior__d240__w12,63,1127
4b_duration_prior,4b_duration_prior__d240__w12,64,1270
4b_duration_prior,4b_duration_prior__d240__w12,65,1195
4b_duration_prior,4b_duration_prior__d240__w12,66,1078
4b_duration_prior,4b_duration_prior__d240__w12,67,967
4b_duration_prior,4b_duration_prior__d240__w12,68,1077
4b_duration_prior,4b_duration_prior__d240__w12,69,1032
4b_duration_prior,4b_duration_prior__d240__w12,70,1213
4b_duration_prior,4b_duration_prior__d240__w12,71,1087
4b_duration_prior,4b_duration_prior__d240__w12,72,864
4b_duration_prior,4b_duration_prior__d240__w12,73,806
4b_duration_prior,4b_duration_prior__d240__w12,74,2434
4b_duration_prior,4b_duration_prior__d240__w12,75,587
4b_duration_prior,4b_duration_prior__d240__w12,76,507
4b_duration_prior,4b_duration_prior__d240__w12,77,546
4b_duration_prior,4b_duration_prior__d240__w12,78,668
4b_duration_prior,4b_duration_prior__d240__w12,79,621
4b_duration_prior,4b_duration_prior__d240__w12,80,763
4b_duration_prior,4b_duration_prior__d240__w12,81,792
4b_duration_prior,4b_duration_prior__d240__w12,82,743
4b_duration_prior,4b_duration_prior__d240__w12,83,788
4b_duration_prior,4b_duration_prior__d240__w12,84,1481
4b_duration_prior,4b_duration_prior__d240__w12,85,959
4b_duration_prior,4b_duration_prior__d240__w12,86,1081
4b_duration_prior,4b_duration_prior__d240__w12,87,1069
4b_duration_prior,4b_duration_prior__d240__w12,88,1121
4b_duration_prior,4b_duration_prior__d240__w12,89,1126
4b_duration_prior,4b_duration_prior__d240__w12,90,1100
4b_duration_prior,4b_duration_prior__d240__w12,91,1030
4b_duration_prior,4b_duration_prior__d240__w12,92,968
4b_duration_prior,4b_duration_prior__d240__w12,93,1090
4b_duration_prior,4b_duration_prior__d240__w12,94,1051
4b_duration_prior,4b_duration_prior__d240__w12,95,1224
4b_duration_prior,4b_duration_prior__d240__w12,96,720
4b_duration_prior,4b_duration_prior__d240__w12,97,832
4b_duration_prior,4b_duration_prior__d240__w12,98,2392
4b_duration_prior,4b_duration_prior__d240__w12,99,557
4b_duration_prior,4b_duration_prior__d240__w12,100,489
4b_duration_prior,4b_duration_prior__d240__w12,101,556
4b_duration_prior,4b_duration_prior__d240__w12,102,578
4b_duration_prior,4b_duration_prior__d240__w12,103,604
4b_duration_prior,4b_duration_prior__d240__w12,104,701
4b_duration_prior,4b_duration_prior__d240__w12,105,730
4b_duration_prior,4b_duration_prior__d240__w12,106,757
4b_duration_prior,4b_duration_prior__d240__w12,107,749
4b_duration_prior,4b_duration_prior__d240__w12,108,1720
4b_duration_prior,4b_duration_prior__d240__w12,109,954
4b_duration_prior,4b_duration_prior__d240__w12,110,1010
4b_duration_prior,4b_duration_prior__d240__w12,111,1095
4b_duration_prior,4b_duration_prior__d240__w12,112,1012
4b_duration_prior,4b_duration_prior__d240__w12,113,1048
4b_duration_prior,4b_duration_prior__d240__w12,114,1003
4b_duration_prior,4b_duration_prior__d240__w12,115,946
4b_duration_prior,4b_duration_prior__d240__w12,116,914
4b_duration_prior,4b_duration_prior__d240__w12,117,997
4b_duration_prior,4b_duration_prior__d240__w12,118,1000
4b_duration_prior,4b_duration_prior__d240__w12,119,799
4b_duration_prior,4b_duration_prior__d240__w12,120,636
4b_duration_prior,4b_duration_prior__d240__w12,121,605
4b_duration_prior,4b_duration_prior__d240__w12,122,513
4b_duration_prior,4b_duration_prior__d240__w12,123,1253
4b_duration_prior,4b_duration_prior__d240__w12,124,324
4b_duration_prior,4b_duration_prior__d240__w12,125,297
4b_duration_prior,4b_duration_prior__d240__w12,126,300
4b_duration_prior,4b_duration_prior__d240__w12,127,328
4b_duration_prior,4b_duration_prior__d240__w12,128,300
4b_duration_prior,4b_duration_prior__d240__w12,129,334
4b_duration_prior,4b_duration_prior__d240__w12,130,497
4b_duration_prior,4b_duration_prior__d240__w12,131,539
4b_duration_prior,4b_duration_prior__d240__w12,132,986
4b_duration_prior,4b_duration_prior__d240__w12,133,395
4b_duration_prior,4b_duration_prior__d240__w12,134,521
4b_duration_prior,4b_duration_prior__d240__w12,135,575
4b_duration_prior,4b_duration_prior__d240__w12,136,562
4b_duration_prior,4b_duration_prior__d240__w12,137,589
4b_duration_prior,4b_duration_prior__d240__w12,138,500
4b_duration_prior,4b_duration_prior__d240__w12,139,549
4b_duration_prior,4b_duration_prior__d240__w12,140,546
4b_duration_prior,4b_duration_prior__d240__w12,141,559
4b_duration_prior,4b_duration_prior__d240__w12,142,559
4b_duration_prior,4b_duration_prior__d240__w12,143,498
4b_duration_prior,4b_duration_prior__d240__w12,144,389
4b_duration_prior,4b_duration_prior__d240__w12,145,352
4b_duration_prior,4b_duration_prior__d240__w12,146,355
4b_duration_prior,4b_duration_prior__d240__w12,147,616
4b_duration_prior,4b_duration_prior__d240__w12,148,330
4b_duration_prior,4b_duration_prior__d240__w12,149,299
4b_duration_prior,4b_duration_prior__d240__w12,150,261
4b_duration_prior,4b_duration_prior__d240__w12,151,327
4b_duration_prior,4b_duration_prior__d240__w12,152,306
4b_duration_prior,4b_duration_prior__d240__w12,153,430
4b_duration_prior,4b_duration_prior__d240__w12,154,447
4b_duration_prior,4b_duration_prior__d240__w12,155,855
4b_duration_prior,4b_duration_prior__d240__w12,156,432
4b_duration_prior,4b_duration_prior__d240__w12,157,507
4b_duration_prior,4b_duration_prior__d240__w12,158,478
4b_duration_prior,4b_duration_prior__d240__w12,159,562
4b_duration_prior,4b_duration_prior__d240__w12,160,527
4b_duration_prior,4b_duration_prior__d240__w12,161,509
4b_duration_prior,4b_duration_prior__d240__w12,162,587
4b_duration_prior,4b_duration_prior__d240__w12,163,571
4b_duration_prior,4b_duration_prior__d240__w12,164,583
4b_duration_prior,4b_duration_prior__d240__w12,165,616
4b_duration_prior,4b_duration_prior__d240__w12,166,614
4b_duration_prior,4b_duration_prior__d240__w12,167,518
4b_duration_prior,4b_duration_prior__d480__w12,0,433
4b_duration_prior,4b_duration_prior__d480__w12,1,836
4b_duration_prior,4b_duration_prior__d480__w12,2,481
4b_duration_prior,4b_duration_prior__d480__w12,3,437
4b_duration_prior,4b_duration_prior__d480__w12,4,486
4b_duration_prior,4b_duration_prior__d480__w12,5,481
4b_duration_prior,4b_duration_prior__d480__w12,6,502
4b_duration_prior,4b_duration_prior__d480__w12,7,522
4b_duration_prior,4b_duration_prior__d480__w12,8,678
4b_duration_prior,4b_duration_prior__d480__w12,9,737
4b_duration_prior,4b_duration_prior__d480__w12,10,717
4b_duration_prior,4b_duration_prior__d480__w12,11,801
4b_duration_prior,4b_duration_prior__d480__w12,12,1255
4b_duration_prior,4b_duration_prior__d480__w12,13,1033
4b_duration_prior,4b_duration_prior__d480__w12,14,1232
4b_duration_prior,4b_duration_prior__d480__w12,15,1217
4b_duration_prior,4b_duration_prior__d480__w12,16,1137
4b_duration_prior,4b_duration_prior__d480__w12,17,1098
4b_duration_prior,4b_duration_prior__d480__w12,18,1110
4b_duration_prior,4b_duration_prior__d480__w12,19,1004
4b_duration_prior,4b_duration_prior__d480__w12,20,1035
4b_duration_prior,4b_duration_prior__d480__w12,21,1194
4b_duration_prior,4b_duration_prior__d480__w12,22,1208
4b_duration_prior,4b_duration_prior__d480__w12,23,1082
4b_duration_prior,4b_duration_prior__d480__w12,24,940
4b_duration_prior,4b_duration_prior__d480__w12,25,789
4b_duration_prior,4b_duration_prior__d480__w12,26,1935
4b_duration_prior,4b_duration_prior__d480__w12,27,641
4b_duration_prior,4b_duration_prior__d480__w12,28,610
4b_duration_prior,4b_duration_prior__d480__w12,29,641
4b_duration_prior,4b_duration_prior__d480__w12,30,648
4b_duration_prior,4b_duration_prior__d480__w12,31,718
4b_duration_prior,4b_duration_prior__d480__w12,32,772
4b_duration_prior,4b_duration_prior__d480__w12,33,876
4b_duration_prior,4b_duration_prior__d480__w12,34,820
4b_duration_prior,4b_duration_prior__d480__w12,35,826
4b_duration_prior,4b_duration_prior__d480__w12,36,1628
4b_duration_prior,4b_duration_prior__d480__w12,37,1015
4b_duration_prior,4b_duration_prior__d480__w12,38,1122
4b_duration_prior,4b_duration_prior__d480__w12,39,1122
4b_duration_prior,4b_duration_prior__d480__w12,40,1203
4b_duration_prior,4b_duration_prior__d480__w12,41,1331
4b_duration_prior,4b_duration_prior__d480__w12,42,1136
4b_duration_prior,4b_duration_prior__d480__w12,43,1093
4b_duration_prior,4b_duration_prior__d480__w12,44,1056
4b_duration_prior,4b_duration_prior__d480__w12,45,1234
4b_duration_prior,4b_duration_prior__d480__w12,46,1092
4b_duration_prior,4b_duration_prior__d480__w12,47,1085
4b_duration_prior,4b_duration_prior__d480__w12,48,930
4b_duration_prior,4b_duration_prior__d480__w12,49,824
4b_duration_prior,4b_duration_prior__d480__w12,50,2035
4b_duration_prior,4b_duration_prior__d480__w12,51,689
4b_duration_prior,4b_duration_prior__d480__w12,52,542
4b_duration_prior,4b_duration_prior__d480__w12,53,653
4b_duration_prior,4b_duration_prior__d480__w12,54,572
4b_duration_prior,4b_duration_prior__d480__w12,55,680
4b_duration_prior,4b_duration_prior__d480__w12,56,765
4b_duration_prior,4b_duration_prior__d480__w12,57,842
4b_duration_prior,4b_duration_prior__d480__w12,58,895
4b_duration_prior,4b_duration_prior__d480__w12,59,837
4b_duration_prior,4b_duration_prior__d480__w12,60,1317
4b_duration_prior,4b_duration_prior__d480__w12,61,1071
4b_duration_prior,4b_duration_prior__d480__w12,62,1112
4b_duration_prior,4b_duration_prior__d480__w12,63,1197
4b_duration_prior,4b_duration_prior__d480__w12,64,1321
4b_duration_prior,4b_duration_prior__d480__w12,65,1240
4b_duration_prior,4b_duration_prior__d480__w12,66,1124
4b_duration_prior,4b_duration_prior__d480__w12,67,1023
4b_duration_prior,4b_duration_prior__d480__w12,68,1113
4b_duration_prior,4b_duration_prior__d480__w12,69,1080
4b_duration_prior,4b_duration_prior__d480__w12,70,1206
4b_duration_prior,4b_duration_prior__d480__w12,71,1100
4b_duration_prior,4b_duration_prior__d480__w12,72,841
4b_duration_prior,4b_duration_prior__d480__w12,73,794
4b_duration_prior,4b_duration_prior__d480__w12,74,1886
4b_duration_prior,4b_duration_prior__d480__w12,75,587
4b_duration_prior,4b_duration_prior__d480__w12,76,520
4b_duration_prior,4b_duration_prior__d480__w12,77,562
4b_duration_prior,4b_duration_prior__d480__w12,78,690
4b_duration_prior,4b_duration_prior__d480__w12,79,653
4b_duration_prior,4b_duration_prior__d480__w12,80,796
4b_duration_prior,4b_duration_prior__d480__w12,81,850
4b_duration_prior,4b_duration_prior__d480__w12,82,775
4b_duration_prior,4b_duration_prior__d480__w12,83,827
4b_duration_prior,4b_duration_prior__d480__w12,84,1305
4b_duration_prior,4b_duration_prior__d480__w12,85,998
4b_duration_prior,4b_duration_prior__d480__w12,86,1145
4b_duration_prior,4b_duration_prior__d480__w12,87,1126
4b_duration_prior,4b_duration_prior__d480__w12,88,1174
4b_duration_prior,4b_duration_prior__d480__w12,89,1180
4b_duration_prior,4b_duration_prior__d480__w12,90,1154
4b_duration_prior,4b_duration_prior__d480__w12,91,1053
4b_duration_prior,4b_duration_prior__d480__w12,92,1000
4b_duration_prior,4b_duration_prior__d480__w12,93,1122
4b_duration_prior,4b_duration_prior__d480__w12,94,1098
4b_duration_prior,4b_duration_prior__d480__w12,95,1190
4b_duration_prior,4b_duration_prior__d480__w12,96,766
4b_duration_prior,4b_duration_prior__d480__w12,97,822
4b_duration_prior,4b_duration_prior__d480__w12,98,1866
4b_duration_prior,4b_duration_prior__d480__w12,99,574
4b_duration_prior,4b_duration_prior__d480__w12,100,508
4b_duration_prior,4b_duration_prior__d480__w12,101,579
4b_duration_prior,4b_duration_prior__d480__w12,102,601
4b_duration_prior,4b_duration_prior__d480__w12,103,636
4b_duration_prior,4b_duration_prior__d480__w12,104,734
4b_duration_prior,4b_duration_prior__d480__w12,105,759
4b_duration_prior,4b_duration_prior__d480__w12,106,787
4b_duration_prior,4b_duration_prior__d480__w12,107,782
4b_duration_prior,4b_duration_prior__d480__w12,108,1481
4b_duration_prior,4b_duration_prior__d480__w12,109,993
4b_duration_prior,4b_duration_prior__d480__w12,110,1056
4b_duration_prior,4b_duration_prior__d480__w12,111,1122
4b_duration_prior,4b_duration_prior__d480__w12,112,1059
4b_duration_prior,4b_duration_prior__d480__w12,113,1091
4b_duration_prior,4b_duration_prior__d480__w12,114,1039
4b_duration_prior,4b_duration_prior__d480__w12,115,1001
4b_duration_prior,4b_duration_prior__d480__w12,116,942
4b_duration_prior,4b_duration_prior__d480__w12,117,1031
4b_duration_prior,4b_duration_prior__d480__w12,118,1035
4b_duration_prior,4b_duration_prior__d480__w12,119,818
4b_duration_prior,4b_duration_prior__d480__w12,120,655
4b_duration_prior,4b_duration_prior__d480__w12,121,584
4b_duration_prior,4b_duration_prior__d480__w12,122,481
4b_duration_prior,4b_duration_prior__d480__w12,123,991
4b_duration_prior,4b_duration_prior__d480__w12,124,328
4b_duration_prior,4b_duration_prior__d480__w12,125,301
4b_duration_prior,4b_duration_prior__d480__w12,126,306
4b_duration_prior,4b_duration_prior__d480__w12,127,338
4b_duration_prior,4b_duration_prior__d480__w12,128,317
4b_duration_prior,4b_duration_prior__d480__w12,129,358
4b_duration_prior,4b_duration_prior__d480__w12,130,478
4b_duration_prior,4b_duration_prior__d480__w12,131,536
4b_duration_prior,4b_duration_prior__d480__w12,132,830
4b_duration_prior,4b_duration_prior__d480__w12,133,406
4b_duration_prior,4b_duration_prior__d480__w12,134,538
4b_duration_prior,4b_duration_prior__d480__w12,135,594
4b_duration_prior,4b_duration_prior__d480__w12,136,581
4b_duration_prior,4b_duration_prior__d480__w12,137,606
4b_duration_prior,4b_duration_prior__d480__w12,138,518
4b_duration_prior,4b_duration_prior__d480__w12,139,568
4b_duration_prior,4b_duration_prior__d480__w12,140,566
4b_duration_prior,4b_duration_prior__d480__w12,141,578
4b_duration_prior,4b_duration_prior__d480__w12,142,581
4b_duration_prior,4b_duration_prior__d480__w12,143,508
4b_duration_prior,4b_duration_prior__d480__w12,144,411
4b_duration_prior,4b_duration_prior__d480__w12,145,364
4b_duration_prior,4b_duration_prior__d480__w12,146,344
4b_duration_prior,4b_duration_prior__d480__w12,147,511
4b_duration_prior,4b_duration_prior__d480__w12,148,333
4b_duration_prior,4b_duration_prior__d480__w12,149,312
4b_duration_prior,4b_duration_prior__d480__w12,150,265
4b_duration_prior,4b_duration_prior__d480__w12,151,345
4b_duration_prior,4b_duration_prior__d480__w12,152,314
4b_duration_prior,4b_duration_prior__d480__w12,153,420
4b_duration_prior,4b_duration_prior__d480__w12,154,438
4b_duration_prior,4b_duration_prior__d480__w12,155,719
4b_duration_prior,4b_duration_prior__d480__w12,156,432
4b_duration_prior,4b_duration_prior__d480__w12,157,507
4b_duration_prior,4b_duration_prior__d480__w12,158,496
4b_duration_prior,4b_duration_prior__d480__w12,159,580
4b_duration_prior,4b_duration_prior__d480__w12,160,547
4b_duration_prior,4b_duration_prior__d480__w12,161,520
4b_duration_prior,4b_duration_prior__d480__w12,162,601
4b_duration_prior,4b_duration_prior__d480__w12,163,605
4b_duration_prior,4b_duration_prior__d480__w12,164,609
4b_duration_prior,4b_duration_prior__d480__w12,165,650
4b_duration_prior,4b_duration_prior__d480__w12,166,645
4b_duration_prior,4b_duration_prior__d480__w12,167,553
4b_duration_prior,4b_duration_prior__d960__w12,0,450
4b_duration_prior,4b_duration_prior__d960__w12,1,623
4b_duration_prior,4b_duration_prior__d960__w12,2,481
4b_duration_prior,4b_duration_prior__d960__w12,3,437
4b_duration_prior,4b_duration_prior__d960__w12,4,486
4b_duration_prior,4b_duration_prior__d960__w12,5,511
4b_duration_prior,4b_duration_prior__d960__w12,6,525
4b_duration_prior,4b_duration_prior__d960__w12,7,540
4b_duration_prior,4b_duration_prior__d960__w12,8,703
4b_duration_prior,4b_duration_prior__d960__w12,9,757
4b_duration_prior,4b_duration_prior__d960__w12,10,739
4b_duration_prior,4b_duration_prior__d960__w12,11,816
4b_duration_prior,4b_duration_prior__d960__w12,12,1164
4b_duration_prior,4b_duration_prior__d960__w12,13,1056
4b_duration_prior,4b_duration_prior__d960__w12,14,1262
4b_duration_prior,4b_duration_prior__d960__w12,15,1237
4b_duration_prior,4b_duration_prior__d960__w12,16,1187
4b_duration_prior,4b_duration_prior__d960__w12,17,1161
4b_duration_prior,4b_duration_prior__d960__w12,18,1162
4b_duration_prior,4b_duration_prior__d960__w12,19,1062
4b_duration_prior,4b_duration_prior__d960__w12,20,1111
4b_duration_prior,4b_duration_prior__d960__w12,21,1285
4b_duration_prior,4b_duration_prior__d960__w12,22,1273
4b_duration_prior,4b_duration_prior__d960__w12,23,1134
4b_duration_prior,4b_duration_prior__d960__w12,24,975
4b_duration_prior,4b_duration_prior__d960__w12,25,809
4b_duration_prior,4b_duration_prior__d960__w12,26,1238
4b_duration_prior,4b_duration_prior__d960__w12,27,641
4b_duration_prior,4b_duration_prior__d960__w12,28,610
4b_duration_prior,4b_duration_prior__d960__w12,29,664
4b_duration_prior,4b_duration_prior__d960__w12,30,666
4b_duration_prior,4b_duration_prior__d960__w12,31,745
4b_duration_prior,4b_duration_prior__d960__w12,32,806
4b_duration_prior,4b_duration_prior__d960__w12,33,911
4b_duration_prior,4b_duration_prior__d960__w12,34,848
4b_duration_prior,4b_duration_prior__d960__w12,35,849
4b_duration_prior,4b_duration_prior__d960__w12,36,1440
4b_duration_prior,4b_duration_prior__d960__w12,37,1045
4b_duration_prior,4b_duration_prior__d960__w12,38,1154
4b_duration_prior,4b_duration_prior__d960__w12,39,1163
4b_duration_prior,4b_duration_prior__d960__w12,40,1252
4b_duration_prior,4b_duration_prior__d960__w12,41,1409
4b_duration_prior,4b_duration_prior__d960__w12,42,1188
4b_duration_prior,4b_duration_prior__d960__w12,43,1166
4b_duration_prior,4b_duration_prior__d960__w12,44,1126
4b_duration_prior,4b_duration_prior__d960__w12,45,1308
4b_duration_prior,4b_duration_prior__d960__w12,46,1183
4b_duration_prior,4b_duration_prior__d960__w12,47,1154
4b_duration_prior,4b_duration_prior__d960__w12,48,1017
4b_duration_prior,4b_duration_prior__d960__w12,49,850
4b_duration_prior,4b_duration_prior__d960__w12,50,1263
4b_duration_prior,4b_duration_prior__d960__w12,51,689
4b_duration_prior,4b_duration_prior__d960__w12,52,555
4b_duration_prior,4b_duration_prior__d960__w12,53,668
4b_duration_prior,4b_duration_prior__d960__w12,54,583
4b_duration_prior,4b_duration_prior__d960__w12,55,696
4b_duration_prior,4b_duration_prior__d960__w12,56,783
4b_duration_prior,4b_duration_prior__d960__w12,57,866
4b_duration_prior,4b_duration_prior__d960__w12,58,915
4b_duration_prior,4b_duration_prior__d960__w12,59,859
4b_duration_prior,4b_duration_prior__d960__w12,60,1232
4b_duration_prior,4b_duration_prior__d960__w12,61,1100
4b_duration_prior,4b_duration_prior__d960__w12,62,1144
4b_duration_prior,4b_duration_prior__d960__w12,63,1241
4b_duration_prior,4b_duration_prior__d960__w12,64,1372
4b_duration_prior,4b_duration_prior__d960__w12,65,1293
4b_duration_prior,4b_duration_prior__d960__w12,66,1187
4b_duration_prior,4b_duration_prior__d960__w12,67,1091
4b_duration_prior,4b_duration_prior__d960__w12,68,1182
4b_duration_prior,4b_duration_prior__d960__w12,69,1157
4b_duration_prior,4b_duration_prior__d960__w12,70,1259
4b_duration_prior,4b_duration_prior__d960__w12,71,1160
4b_duration_prior,4b_duration_prior__d960__w12,72,903
4b_duration_prior,4b_duration_prior__d960__w12,73,807
4b_duration_prior,4b_duration_prior__d960__w12,74,1158
4b_duration_prior,4b_duration_prior__d960__w12,75,587
4b_duration_prior,4b_duration_prior__d960__w12,76,537
4b_duration_prior,4b_duration_prior__d960__w12,77,577
4b_duration_prior,4b_duration_prior__d960__w12,78,712
4b_duration_prior,4b_duration_prior__d960__w12,79,672
4b_duration_prior,4b_duration_prior__d960__w12,80,817
4b_duration_prior,4b_duration_prior__d960__w12,81,876
4b_duration_prior,4b_duration_prior__d960__w12,82,793
4b_duration_prior,4b_duration_prior__d960__w12,83,839
4b_duration_prior,4b_duration_prior__d960__w12,84,1182
4b_duration_prior,4b_duration_prior__d960__w12,85,1026
4b_duration_prior,4b_duration_prior__d960__w12,86,1174
4b_duration_prior,4b_duration_prior__d960__w12,87,1166
4b_duration_prior,4b_duration_prior__d960__w12,88,1216
4b_duration_prior,4b_duration_prior__d960__w12,89,1226
4b_duration_prior,4b_duration_prior__d960__w12,90,1208
4b_duration_prior,4b_duration_prior__d960__w12,91,1096
4b_duration_prior,4b_duration_prior__d960__w12,92,1062
4b_duration_prior,4b_duration_prior__d960__w12,93,1206
4b_duration_prior,4b_duration_prior__d960__w12,94,1187
4b_duration_prior,4b_duration_prior__d960__w12,95,1264
4b_duration_prior,4b_duration_prior__d960__w12,96,827
4b_duration_prior,4b_duration_prior__d960__w12,97,841
4b_duration_prior,4b_duration_prior__d960__w12,98,1168
4b_duration_prior,4b_duration_prior__d960__w12,99,587
4b_duration_prior,4b_duration_prior__d960__w12,100,518
4b_duration_prior,4b_duration_prior__d960__w12,101,592
4b_duration_prior,4b_duration_prior__d960__w12,102,617
4b_duration_prior,4b_duration_prior__d960__w12,103,650
4b_duration_prior,4b_duration_prior__d960__w12,104,750
4b_duration_prior,4b_duration_prior__d960__w12,105,780
4b_duration_prior,4b_duration_prior__d960__w12,106,802
4b_duration_prior,4b_duration_prior__d960__w12,107,801
4b_duration_prior,4b_duration_prior__d960__w12,108,1344
4b_duration_prior,4b_duration_prior__d960__w12,109,1009
4b_duration_prior,4b_duration_prior__d960__w12,110,1081
4b_duration_prior,4b_duration_prior__d960__w12,111,1146
4b_duration_prior,4b_duration_prior__d960__w12,112,1091
4b_duration_prior,4b_duration_prior__d960__w12,113,1136
4b_duration_prior,4b_duration_prior__d960__w12,114,1091
4b_duration_prior,4b_duration_prior__d960__w12,115,1057
4b_duration_prior,4b_duration_prior__d960__w12,116,991
4b_duration_prior,4b_duration_prior__d960__w12,117,1101
4b_duration_prior,4b_duration_prior__d960__w12,118,1113
4b_duration_prior,4b_duration_prior__d960__w12,119,881
4b_duration_prior,4b_duration_prior__d960__w12,120,696
4b_duration_prior,4b_duration_prior__d960__w12,121,591
4b_duration_prior,4b_duration_prior__d960__w12,122,472
4b_duration_prior,4b_duration_prior__d960__w12,123,677
4b_duration_prior,4b_duration_prior__d960__w12,124,340
4b_duration_prior,4b_duration_prior__d960__w12,125,313
4b_duration_prior,4b_duration_prior__d960__w12,126,317
4b_duration_prior,4b_duration_prior__d960__w12,127,344
4b_duration_prior,4b_duration_prior__d960__w12,128,323
4b_duration_prior,4b_duration_prior__d960__w12,129,365
4b_duration_prior,4b_duration_prior__d960__w12,130,409
4b_duration_prior,4b_duration_prior__d960__w12,131,481
4b_duration_prior,4b_duration_prior__d960__w12,132,665
4b_duration_prior,4b_duration_prior__d960__w12,133,412
4b_duration_prior,4b_duration_prior__d960__w12,134,547
4b_duration_prior,4b_duration_prior__d960__w12,135,604
4b_duration_prior,4b_duration_prior__d960__w12,136,595
4b_duration_prior,4b_duration_prior__d960__w12,137,622
4b_duration_prior,4b_duration_prior__d960__w12,138,541
4b_duration_prior,4b_duration_prior__d960__w12,139,587
4b_duration_prior,4b_duration_prior__d960__w12,140,579
4b_duration_prior,4b_duration_prior__d960__w12,141,589
4b_duration_prior,4b_duration_prior__d960__w12,142,597
4b_duration_prior,4b_duration_prior__d960__w12,143,526
4b_duration_prior,4b_duration_prior__d960__w12,144,422
4b_duration_prior,4b_duration_prior__d960__w12,145,362
4b_duration_prior,4b_duration_prior__d960__w12,146,347
4b_duration_prior,4b_duration_prior__d960__w12,147,432
4b_duration_prior,4b_duration_prior__d960__w12,148,343
4b_duration_prior,4b_duration_prior__d960__w12,149,330
4b_duration_prior,4b_duration_prior__d960__w12,150,278
4b_duration_prior,4b_duration_prior__d960__w12,151,354
4b_duration_prior,4b_duration_prior__d960__w12,152,319
4b_duration_prior,4b_duration_prior__d960__w12,153,418
4b_duration_prior,4b_duration_prior__d960__w12,154,432
4b_duration_prior,4b_duration_prior__d960__w12,155,584
4b_duration_prior,4b_duration_prior__d960__w12,156,432
4b_duration_prior,4b_duration_prior__d960__w12,157,507
4b_duration_prior,4b_duration_prior__d960__w12,158,506
4b_duration_prior,4b_duration_prior__d960__w12,159,604
4b_duration_prior,4b_duration_prior__d960__w12,160,567
4b_duration_prior,4b_duration_prior__d960__w12,161,538
4b_duration_prior,4b_duration_prior__d960__w12,162,624
4b_duration_prior,4b_duration_prior__d960__w12,163,618
4b_duration_prior,4b_duration_prior__d960__w12,164,629
4b_duration_prior,4b_duration_prior__d960__w12,165,683
4b_duration_prior,4b_duration_prior__d960__w12,166,662
4b_duration_prior,4b_duration_prior__d960__w12,167,571
4b_duration_prior,4b_duration_prior__d1920__w12,0,456
4b_duration_prior,4b_duration_prior__d1920__w12,1,559
4b_duration_prior,4b_duration_prior__d1920__w12,2,481
4b_duration_prior,4b_duration_prior__d1920__w12,3,437
4b_duration_prior,4b_duration_prior__d1920__w12,4,486
4b_duration_prior,4b_duration_prior__d1920__w12,5,515
4b_duration_prior,4b_duration_prior__d1920__w12,6,533
4b_duration_prior,4b_duration_prior__d1920__w12,7,554
4b_duration_prior,4b_duration_prior__d1920__w12,8,732
4b_duration_prior,4b_duration_prior__d1920__w12,9,800
4b_duration_prior,4b_duration_prior__d1920__w12,10,777
4b_duration_prior,4b_duration_prior__d1920__w12,11,865
4b_duration_prior,4b_duration_prior__d1920__w12,12,1131
4b_duration_prior,4b_duration_prior__d1920__w12,13,1104
4b_duration_prior,4b_duration_prior__d1920__w12,14,1308
4b_duration_prior,4b_duration_prior__d1920__w12,15,1271
4b_duration_prior,4b_duration_prior__d1920__w12,16,1218
4b_duration_prior,4b_duration_prior__d1920__w12,17,1201
4b_duration_prior,4b_duration_prior__d1920__w12,18,1189
4b_duration_prior,4b_duration_prior__d1920__w12,19,1088
4b_duration_prior,4b_duration_prior__d1920__w12,20,1136
4b_duration_prior,4b_duration_prior__d1920__w12,21,1306
4b_duration_prior,4b_duration_prior__d1920__w12,22,1258
4b_duration_prior,4b_duration_prior__d1920__w12,23,1092
4b_duration_prior,4b_duration_prior__d1920__w12,24,919
4b_duration_prior,4b_duration_prior__d1920__w12,25,766
4b_duration_prior,4b_duration_prior__d1920__w12,26,944
4b_duration_prior,4b_duration_prior__d1920__w12,27,641
4b_duration_prior,4b_duration_prior__d1920__w12,28,610
4b_duration_prior,4b_duration_prior__d1920__w12,29,682
4b_duration_prior,4b_duration_prior__d1920__w12,30,694
4b_duration_prior,4b_duration_prior__d1920__w12,31,779
4b_duration_prior,4b_duration_prior__d1920__w12,32,841
4b_duration_prior,4b_duration_prior__d1920__w12,33,955
4b_duration_prior,4b_duration_prior__d1920__w12,34,900
4b_duration_prior,4b_duration_prior__d1920__w12,35,898
4b_duration_prior,4b_duration_prior__d1920__w12,36,1180
4b_duration_prior,4b_duration_prior__d1920__w12,37,1097
4b_duration_prior,4b_duration_prior__d1920__w12,38,1198
4b_duration_prior,4b_duration_prior__d1920__w12,39,1205
4b_duration_prior,4b_duration_prior__d1920__w12,40,1282
4b_duration_prior,4b_duration_prior__d1920__w12,41,1434
4b_duration_prior,4b_duration_prior__d1920__w12,42,1209
4b_duration_prior,4b_duration_prior__d1920__w12,43,1194
4b_duration_prior,4b_duration_prior__d1920__w12,44,1150
4b_duration_prior,4b_duration_prior__d1920__w12,45,1326
4b_duration_prior,4b_duration_prior__d1920__w12,46,1207
4b_duration_prior,4b_duration_prior__d1920__w12,47,1177
4b_duration_prior,4b_duration_prior__d1920__w12,48,1023
4b_duration_prior,4b_duration_prior__d1920__w12,49,810
4b_duration_prior,4b_duration_prior__d1920__w12,50,966
4b_duration_prior,4b_duration_prior__d1920__w12,51,689
4b_duration_prior,4b_duration_prior__d1920__w12,52,560
4b_duration_prior,4b_duration_prior__d1920__w12,53,677
4b_duration_prior,4b_duration_prior__d1920__w12,54,608
4b_duration_prior,4b_duration_prior__d1920__w12,55,735
4b_duration_prior,4b_duration_prior__d1920__w12,56,823
4b_duration_prior,4b_duration_prior__d1920__w12,57,905
4b_duration_prior,4b_duration_prior__d1920__w12,58,963
4b_duration_prior,4b_duration_prior__d1920__w12,59,901
4b_duration_prior,4b_duration_prior__d1920__w12,60,1134
4b_duration_prior,4b_duration_prior__d1920__w12,61,1133
4b_duration_prior,4b_duration_prior__d1920__w12,62,1172
4b_duration_prior,4b_duration_prior__d1920__w12,63,1277
4b_duration_prior,4b_duration_prior__d1920__w12,64,1409
4b_duration_prior,4b_duration_prior__d1920__w12,65,1320
4b_duration_prior,4b_duration_prior__d1920__w12,66,1210
4b_duration_prior,4b_duration_prior__d1920__w12,67,1112
4b_duration_prior,4b_duration_prior__d1920__w12,68,1207
4b_duration_prior,4b_duration_prior__d1920__w12,69,1169
4b_duration_prior,4b_duration_prior__d1920__w12,70,1232
4b_duration_prior,4b_duration_prior__d1920__w12,71,1139
4b_duration_prior,4b_duration_prior__d1920__w12,72,853
4b_duration_prior,4b_duration_prior__d1920__w12,73,776
4b_duration_prior,4b_duration_prior__d1920__w12,74,896
4b_duration_prior,4b_duration_prior__d1920__w12,75,587
4b_duration_prior,4b_duration_prior__d1920__w12,76,544
4b_duration_prior,4b_duration_prior__d1920__w12,77,579
4b_duration_prior,4b_duration_prior__d1920__w12,78,736
4b_duration_prior,4b_duration_prior__d1920__w12,79,702
4b_duration_prior,4b_duration_prior__d1920__w12,80,854
4b_duration_prior,4b_duration_prior__d1920__w12,81,917
4b_duration_prior,4b_duration_prior__d1920__w12,82,834
4b_duration_prior,4b_duration_prior__d1920__w12,83,880
4b_duration_prior,4b_duration_prior__d1920__w12,84,1036
4b_duration_prior,4b_duration_prior__d1920__w12,85,1086
4b_duration_prior,4b_duration_prior__d1920__w12,86,1219
4b_duration_prior,4b_duration_prior__d1920__w12,87,1199
4b_duration_prior,4b_duration_prior__d1920__w12,88,1254
4b_duration_prior,4b_duration_prior__d1920__w12,89,1246
4b_duration_prior,4b_duration_prior__d1920__w12,90,1232
4b_duration_prior,4b_duration_prior__d1920__w12,91,1120
4b_duration_prior,4b_duration_prior__d1920__w12,92,1076
4b_duration_prior,4b_duration_prior__d1920__w12,93,1222
4b_duration_prior,4b_duration_prior__d1920__w12,94,1200
4b_duration_prior,4b_duration_prior__d1920__w12,95,1203
4b_duration_prior,4b_duration_prior__d1920__w12,96,833
4b_duration_prior,4b_duration_prior__d1920__w12,97,792
4b_duration_prior,4b_duration_prior__d1920__w12,98,908
4b_duration_prior,4b_duration_prior__d1920__w12,99,595
4b_duration_prior,4b_duration_prior__d1920__w12,100,526
4b_duration_prior,4b_duration_prior__d1920__w12,101,602
4b_duration_prior,4b_duration_prior__d1920__w12,102,633
4b_duration_prior,4b_duration_prior__d1920__w12,103,678
4b_duration_prior,4b_duration_prior__d1920__w12,104,794
4b_duration_prior,4b_duration_prior__d1920__w12,105,812
4b_duration_prior,4b_duration_prior__d1920__w12,106,842
4b_duration_prior,4b_duration_prior__d1920__w12,107,863
4b_duration_prior,4b_duration_prior__d1920__w12,108,1096
4b_duration_prior,4b_duration_prior__d1920__w12,109,1059
4b_duration_prior,4b_duration_prior__d1920__w12,110,1121
4b_duration_prior,4b_duration_prior__d1920__w12,111,1184
4b_duration_prior,4b_duration_prior__d1920__w12,112,1120
4b_duration_prior,4b_duration_prior__d1920__w12,113,1160
4b_duration_prior,4b_duration_prior__d1920__w12,114,1123
4b_duration_prior,4b_duration_prior__d1920__w12,115,1075
4b_duration_prior,4b_duration_prior__d1920__w12,116,1010
4b_duration_prior,4b_duration_prior__d1920__w12,117,1116
4b_duration_prior,4b_duration_prior__d1920__w12,118,1128
4b_duration_prior,4b_duration_prior__d1920__w12,119,894
4b_duration_prior,4b_duration_prior__d1920__w12,120,702
4b_duration_prior,4b_duration_prior__d1920__w12,121,556
4b_duration_prior,4b_duration_prior__d1920__w12,122,434
4b_duration_prior,4b_duration_prior__d1920__w12,123,507
4b_duration_prior,4b_duration_prior__d1920__w12,124,341
4b_duration_prior,4b_duration_prior__d1920__w12,125,318
4b_duration_prior,4b_duration_prior__d1920__w12,126,323
4b_duration_prior,4b_duration_prior__d1920__w12,127,348
4b_duration_prior,4b_duration_prior__d1920__w12,128,334
4b_duration_prior,4b_duration_prior__d1920__w12,129,371
4b_duration_prior,4b_duration_prior__d1920__w12,130,402
4b_duration_prior,4b_duration_prior__d1920__w12,131,477
4b_duration_prior,4b_duration_prior__d1920__w12,132,587
4b_duration_prior,4b_duration_prior__d1920__w12,133,428
4b_duration_prior,4b_duration_prior__d1920__w12,134,563
4b_duration_prior,4b_duration_prior__d1920__w12,135,615
4b_duration_prior,4b_duration_prior__d1920__w12,136,612
4b_duration_prior,4b_duration_prior__d1920__w12,137,641
4b_duration_prior,4b_duration_prior__d1920__w12,138,550
4b_duration_prior,4b_duration_prior__d1920__w12,139,594
4b_duration_prior,4b_duration_prior__d1920__w12,140,585
4b_duration_prior,4b_duration_prior__d1920__w12,141,596
4b_duration_prior,4b_duration_prior__d1920__w12,142,614
4b_duration_prior,4b_duration_prior__d1920__w12,143,540
4b_duration_prior,4b_duration_prior__d1920__w12,144,440
4b_duration_prior,4b_duration_prior__d1920__w12,145,350
4b_duration_prior,4b_duration_prior__d1920__w12,146,337
4b_duration_prior,4b_duration_prior__d1920__w12,147,367
4b_duration_prior,4b_duration_prior__d1920__w12,148,350
4b_duration_prior,4b_duration_prior__d1920__w12,149,336
4b_duration_prior,4b_duration_prior__d1920__w12,150,286
4b_duration_prior,4b_duration_prior__d1920__w12,151,360
4b_duration_prior,4b_duration_prior__d1920__w12,152,326
4b_duration_prior,4b_duration_prior__d1920__w12,153,415
4b_duration_prior,4b_duration_prior__d1920__w12,154,418
4b_duration_prior,4b_duration_prior__d1920__w12,155,497
4b_duration_prior,4b_duration_prior__d1920__w12,156,432
4b_duration_prior,4b_duration_prior__d1920__w12,157,507
4b_duration_prior,4b_duration_prior__d1920__w12,158,517
4b_duration_prior,4b_duration_prior__d1920__w12,159,609
4b_duration_prior,4b_duration_prior__d1920__w12,160,575
4b_duration_prior,4b_duration_prior__d1920__w12,161,545
4b_duration_prior,4b_duration_prior__d1920__w12,162,628
4b_duration_prior,4b_duration_prior__d1920__w12,163,622
4b_duration_prior,4b_duration_prior__d1920__w12,164,634
4b_duration_prior,4b_duration_prior__d1920__w12,165,688
4b_duration_prior,4b_duration_prior__d1920__w12,166,665
4b_duration_prior,4b_duration_prior__d1920__w12,167,577
4b_duration_prior,4b_duration_prior__d3840__w12,0,466
4b_duration_prior,4b_duration_prior__d3840__w12,1,499
4b_duration_prior,4b_duration_prior__d3840__w12,2,481
4b_duration_prior,4b_duration_prior__d3840__w12,3,437
4b_duration_prior,4b_duration_prior__d3840__w12,4,486
4b_duration_prior,4b_duration_prior__d3840__w12,5,527
4b_duration_prior,4b_duration_prior__d3840__w12,6,537
4b_duration_prior,4b_duration_prior__d3840__w12,7,560
4b_duration_prior,4b_duration_prior__d3840__w12,8,741
4b_duration_prior,4b_duration_prior__d3840__w12,9,812
4b_duration_prior,4b_duration_prior__d3840__w12,10,784
4b_duration_prior,4b_duration_prior__d3840__w12,11,873
4b_duration_prior,4b_duration_prior__d3840__w12,12,1103
4b_duration_prior,4b_duration_prior__d3840__w12,13,1120
4b_duration_prior,4b_duration_prior__d3840__w12,14,1315
4b_duration_prior,4b_duration_prior__d3840__w12,15,1288
4b_duration_prior,4b_duration_prior__d3840__w12,16,1232
4b_duration_prior,4b_duration_prior__d3840__w12,17,1221
4b_duration_prior,4b_duration_prior__d3840__w12,18,1203
4b_duration_prior,4b_duration_prior__d3840__w12,19,1105
4b_duration_prior,4b_duration_prior__d3840__w12,20,1143
4b_duration_prior,4b_duration_prior__d3840__w12,21,1319
4b_duration_prior,4b_duration_prior__d3840__w12,22,1271
4b_duration_prior,4b_duration_prior__d3840__w12,23,1093
4b_duration_prior,4b_duration_prior__d3840__w12,24,912
4b_duration_prior,4b_duration_prior__d3840__w12,25,759
4b_duration_prior,4b_duration_prior__d3840__w12,26,789
4b_duration_prior,4b_duration_prior__d3840__w12,27,641
4b_duration_prior,4b_duration_prior__d3840__w12,28,610
4b_duration_prior,4b_duration_prior__d3840__w12,29,691
4b_duration_prior,4b_duration_prior__d3840__w12,30,703
4b_duration_prior,4b_duration_prior__d3840__w12,31,789
4b_duration_prior,4b_duration_prior__d3840__w12,32,852
4b_duration_prior,4b_duration_prior__d3840__w12,33,969
4b_duration_prior,4b_duration_prior__d3840__w12,34,909
4b_duration_prior,4b_duration_prior__d3840__w12,35,906
4b_duration_prior,4b_duration_prior__d3840__w12,36,1110
4b_duration_prior,4b_duration_prior__d3840__w12,37,1114
4b_duration_prior,4b_duration_prior__d3840__w12,38,1214
4b_duration_prior,4b_duration_prior__d3840__w12,39,1218
4b_duration_prior,4b_duration_prior__d3840__w12,40,1303
4b_duration_prior,4b_duration_prior__d3840__w12,41,1449
4b_duration_prior,4b_duration_prior__d3840__w12,42,1227
4b_duration_prior,4b_duration_prior__d3840__w12,43,1206
4b_duration_prior,4b_duration_prior__d3840__w12,44,1163
4b_duration_prior,4b_duration_prior__d3840__w12,45,1345
4b_duration_prior,4b_duration_prior__d3840__w12,46,1231
4b_duration_prior,4b_duration_prior__d3840__w12,47,1189
4b_duration_prior,4b_duration_prior__d3840__w12,48,1028
4b_duration_prior,4b_duration_prior__d3840__w12,49,797
4b_duration_prior,4b_duration_prior__d3840__w12,50,794
4b_duration_prior,4b_duration_prior__d3840__w12,51,689
4b_duration_prior,4b_duration_prior__d3840__w12,52,562
4b_duration_prior,4b_duration_prior__d3840__w12,53,684
4b_duration_prior,4b_duration_prior__d3840__w12,54,617
4b_duration_prior,4b_duration_prior__d3840__w12,55,743
4b_duration_prior,4b_duration_prior__d3840__w12,56,838
4b_duration_prior,4b_duration_prior__d3840__w12,57,924
4b_duration_prior,4b_duration_prior__d3840__w12,58,972
4b_duration_prior,4b_duration_prior__d3840__w12,59,911
4b_duration_prior,4b_duration_prior__d3840__w12,60,1085
4b_duration_prior,4b_duration_prior__d3840__w12,61,1147
4b_duration_prior,4b_duration_prior__d3840__w12,62,1194
4b_duration_prior,4b_duration_prior__d3840__w12,63,1291
4b_duration_prior,4b_duration_prior__d3840__w12,64,1431
4b_duration_prior,4b_duration_prior__d3840__w12,65,1338
4b_duration_prior,4b_duration_prior__d3840__w12,66,1221
4b_duration_prior,4b_duration_prior__d3840__w12,67,1118
4b_duration_prior,4b_duration_prior__d3840__w12,68,1222
4b_duration_prior,4b_duration_prior__d3840__w12,69,1176
4b_duration_prior,4b_duration_prior__d3840__w12,70,1239
4b_duration_prior,4b_duration_prior__d3840__w12,71,1143
4b_duration_prior,4b_duration_prior__d3840__w12,72,843
4b_duration_prior,4b_duration_prior__d3840__w12,73,770
4b_duration_prior,4b_duration_prior__d3840__w12,74,742
4b_duration_prior,4b_duration_prior__d3840__w12,75,587
4b_duration_prior,4b_duration_prior__d3840__w12,76,548
4b_duration_prior,4b_duration_prior__d3840__w12,77,588
4b_duration_prior,4b_duration_prior__d3840__w12,78,745
4b_duration_prior,4b_duration_prior__d3840__w12,79,710
4b_duration_prior,4b_duration_prior__d3840__w12,80,864
4b_duration_prior,4b_duration_prior__d3840__w12,81,929
4b_duration_prior,4b_duration_prior__d3840__w12,82,855
4b_duration_prior,4b_duration_prior__d3840__w12,83,889
4b_duration_prior,4b_duration_prior__d3840__w12,84,974
4b_duration_prior,4b_duration_prior__d3840__w12,85,1103
4b_duration_prior,4b_duration_prior__d3840__w12,86,1234
4b_duration_prior,4b_duration_prior__d3840__w12,87,1216
4b_duration_prior,4b_duration_prior__d3840__w12,88,1275
4b_duration_prior,4b_duration_prior__d3840__w12,89,1256
4b_duration_prior,4b_duration_prior__d3840__w12,90,1256
4b_duration_prior,4b_duration_prior__d3840__w12,91,1137
4b_duration_prior,4b_duration_prior__d3840__w12,92,1090
4b_duration_prior,4b_duration_prior__d3840__w12,93,1237
4b_duration_prior,4b_duration_prior__d3840__w12,94,1213
4b_duration_prior,4b_duration_prior__d3840__w12,95,1193
4b_duration_prior,4b_duration_prior__d3840__w12,96,848
4b_duration_prior,4b_duration_prior__d3840__w12,97,779
4b_duration_prior,4b_duration_prior__d3840__w12,98,733
4b_duration_prior,4b_duration_prior__d3840__w12,99,599
4b_duration_prior,4b_duration_prior__d3840__w12,100,533
4b_duration_prior,4b_duration_prior__d3840__w12,101,611
4b_duration_prior,4b_duration_prior__d3840__w12,102,649
4b_duration_prior,4b_duration_prior__d3840__w12,103,687
4b_duration_prior,4b_duration_prior__d3840__w12,104,801
4b_duration_prior,4b_duration_prior__d3840__w12,105,820
4b_duration_prior,4b_duration_prior__d3840__w12,106,855
4b_duration_prior,4b_duration_prior__d3840__w12,107,874
4b_duration_prior,4b_duration_prior__d3840__w12,108,1012
4b_duration_prior,4b_duration_prior__d3840__w12,109,1076
4b_duration_prior,4b_duration_prior__d3840__w12,110,1138
4b_duration_prior,4b_duration_prior__d3840__w12,111,1210
4b_duration_prior,4b_duration_prior__d3840__w12,112,1136
4b_duration_prior,4b_duration_prior__d3840__w12,113,1170
4b_duration_prior,4b_duration_prior__d3840__w12,114,1129
4b_duration_prior,4b_duration_prior__d3840__w12,115,1079
4b_duration_prior,4b_duration_prior__d3840__w12,116,1018
4b_duration_prior,4b_duration_prior__d3840__w12,117,1122
4b_duration_prior,4b_duration_prior__d3840__w12,118,1134
4b_duration_prior,4b_duration_prior__d3840__w12,119,898
4b_duration_prior,4b_duration_prior__d3840__w12,120,707
4b_duration_prior,4b_duration_prior__d3840__w12,121,544
4b_duration_prior,4b_duration_prior__d3840__w12,122,426
4b_duration_prior,4b_duration_prior__d3840__w12,123,440
4b_duration_prior,4b_duration_prior__d3840__w12,124,347
4b_duration_prior,4b_duration_prior__d3840__w12,125,320
4b_duration_prior,4b_duration_prior__d3840__w12,126,326
4b_duration_prior,4b_duration_prior__d3840__w12,127,353
4b_duration_prior,4b_duration_prior__d3840__w12,128,335
4b_duration_prior,4b_duration_prior__d3840__w12,129,375
4b_duration_prior,4b_duration_prior__d3840__w12,130,403
4b_duration_prior,4b_duration_prior__d3840__w12,131,478
4b_duration_prior,4b_duration_prior__d3840__w12,132,526
4b_duration_prior,4b_duration_prior__d3840__w12,133,433
4b_duration_prior,4b_duration_prior__d3840__w12,134,564
4b_duration_prior,4b_duration_prior__d3840__w12,135,618
4b_duration_prior,4b_duration_prior__d3840__w12,136,617
4b_duration_prior,4b_duration_prior__d3840__w12,137,650
4b_duration_prior,4b_duration_prior__d3840__w12,138,553
4b_duration_prior,4b_duration_prior__d3840__w12,139,599
4b_duration_prior,4b_duration_prior__d3840__w12,140,590
4b_duration_prior,4b_duration_prior__d3840__w12,141,603
4b_duration_prior,4b_duration_prior__d3840__w12,142,625
4b_duration_prior,4b_duration_prior__d3840__w12,143,547
4b_duration_prior,4b_duration_prior__d3840__w12,144,445
4b_duration_prior,4b_duration_prior__d3840__w12,145,350
4b_duration_prior,4b_duration_prior__d3840__w12,146,348
4b_duration_prior,4b_duration_prior__d3840__w12,147,342
4b_duration_prior,4b_duration_prior__d3840__w12,148,353
4b_duration_prior,4b_duration_prior__d3840__w12,149,341
4b_duration_prior,4b_duration_prior__d3840__w12,150,287
4b_duration_prior,4b_duration_prior__d3840__w12,151,365
4b_duration_prior,4b_duration_prior__d3840__w12,152,334
4b_duration_prior,4b_duration_prior__d3840__w12,153,411
4b_duration_prior,4b_duration_prior__d3840__w12,154,408
4b_duration_prior,4b_duration_prior__d3840__w12,155,437
4b_duration_prior,4b_duration_prior__d3840__w12,156,432
4b_duration_prior,4b_duration_prior__d3840__w12,157,507
4b_duration_prior,4b_duration_prior__d3840__w12,158,519
4b_duration_prior,4b_duration_prior__d3840__w12,159,614
4b_duration_prior,4b_duration_prior__d3840__w12,160,580
4b_duration_prior,4b_duration_prior__d3840__w12,161,549
4b_duration_prior,4b_duration_prior__d3840__w12,162,632
4b_duration_prior,4b_duration_prior__d3840__w12,163,625
4b_duration_prior,4b_duration_prior__d3840__w12,164,634
4b_duration_prior,4b_duration_prior__d3840__w12,165,696
4b_duration_prior,4b_duration_prior__d3840__w12,166,677
4b_duration_prior,4b_duration_prior__d3840__w12,167,584
4b_duration_prior,4b_duration_prior__d7680__w12,0,468
4b_duration_prior,4b_duration_prior__d7680__w12,1,490
4b_duration_prior,4b_duration_prior__d7680__w12,2,481
4b_duration_prior,4b_duration_prior__d7680__w12,3,437
4b_duration_prior,4b_duration_prior__d7680__w12,4,486
4b_duration_prior,4b_duration_prior__d7680__w12,5,527
4b_duration_prior,4b_duration_prior__d7680__w12,6,538
4b_duration_prior,4b_duration_prior__d7680__w12,7,563
4b_duration_prior,4b_duration_prior__d7680__w12,8,741
4b_duration_prior,4b_duration_prior__d7680__w12,9,812
4b_duration_prior,4b_duration_prior__d7680__w12,10,784
4b_duration_prior,4b_duration_prior__d7680__w12,11,874
4b_duration_prior,4b_duration_prior__d7680__w12,12,1099
4b_duration_prior,4b_duration_prior__d7680__w12,13,1120
4b_duration_prior,4b_duration_prior__d7680__w12,14,1315
4b_duration_prior,4b_duration_prior__d7680__w12,15,1288
4b_duration_prior,4b_duration_prior__d7680__w12,16,1235
4b_duration_prior,4b_duration_prior__d7680__w12,17,1229
4b_duration_prior,4b_duration_prior__d7680__w12,18,1216
4b_duration_prior,4b_duration_prior__d7680__w12,19,1108
4b_duration_prior,4b_duration_prior__d7680__w12,20,1151
4b_duration_prior,4b_duration_prior__d7680__w12,21,1321
4b_duration_prior,4b_duration_prior__d7680__w12,22,1277
4b_duration_prior,4b_duration_prior__d7680__w12,23,1105
4b_duration_prior,4b_duration_prior__d7680__w12,24,917
4b_duration_prior,4b_duration_prior__d7680__w12,25,767
4b_duration_prior,4b_duration_prior__d7680__w12,26,720
4b_duration_prior,4b_duration_prior__d7680__w12,27,641
4b_duration_prior,4b_duration_prior__d7680__w12,28,610
4b_duration_prior,4b_duration_prior__d7680__w12,29,698
4b_duration_prior,4b_duration_prior__d7680__w12,30,709
4b_duration_prior,4b_duration_prior__d7680__w12,31,790
4b_duration_prior,4b_duration_prior__d7680__w12,32,852
4b_duration_prior,4b_duration_prior__d7680__w12,33,969
4b_duration_prior,4b_duration_prior__d7680__w12,34,909
4b_duration_prior,4b_duration_prior__d7680__w12,35,907
4b_duration_prior,4b_duration_prior__d7680__w12,36,1095
4b_duration_prior,4b_duration_prior__d7680__w12,37,1116
4b_duration_prior,4b_duration_prior__d7680__w12,38,1215
4b_duration_prior,4b_duration_prior__d7680__w12,39,1220
4b_duration_prior,4b_duration_prior__d7680__w12,40,1304
4b_duration_prior,4b_duration_prior__d7680__w12,41,1454
4b_duration_prior,4b_duration_prior__d7680__w12,42,1235
4b_duration_prior,4b_duration_prior__d7680__w12,43,1213
4b_duration_prior,4b_duration_prior__d7680__w12,44,1166
4b_duration_prior,4b_duration_prior__d7680__w12,45,1353
4b_duration_prior,4b_duration_prior__d7680__w12,46,1235
4b_duration_prior,4b_duration_prior__d7680__w12,47,1200
4b_duration_prior,4b_duration_prior__d7680__w12,48,1039
4b_duration_prior,4b_duration_prior__d7680__w12,49,798
4b_duration_prior,4b_duration_prior__d7680__w12,50,730
4b_duration_prior,4b_duration_prior__d7680__w12,51,689
4b_duration_prior,4b_duration_prior__d7680__w12,52,563
4b_duration_prior,4b_duration_prior__d7680__w12,53,690
4b_duration_prior,4b_duration_prior__d7680__w12,54,620
4b_duration_prior,4b_duration_prior__d7680__w12,55,745
4b_duration_prior,4b_duration_prior__d7680__w12,56,841
4b_duration_prior,4b_duration_prior__d7680__w12,57,925
4b_duration_prior,4b_duration_prior__d7680__w12,58,974
4b_duration_prior,4b_duration_prior__d7680__w12,59,913
4b_duration_prior,4b_duration_prior__d7680__w12,60,1069
4b_duration_prior,4b_duration_prior__d7680__w12,61,1148
4b_duration_prior,4b_duration_prior__d7680__w12,62,1195
4b_duration_prior,4b_duration_prior__d7680__w12,63,1291
4b_duration_prior,4b_duration_prior__d7680__w12,64,1437
4b_duration_prior,4b_duration_prior__d7680__w12,65,1345
4b_duration_prior,4b_duration_prior__d7680__w12,66,1224
4b_duration_prior,4b_duration_prior__d7680__w12,67,1123
4b_duration_prior,4b_duration_prior__d7680__w12,68,1231
4b_duration_prior,4b_duration_prior__d7680__w12,69,1183
4b_duration_prior,4b_duration_prior__d7680__w12,70,1249
4b_duration_prior,4b_duration_prior__d7680__w12,71,1147
4b_duration_prior,4b_duration_prior__d7680__w12,72,851
4b_duration_prior,4b_duration_prior__d7680__w12,73,771
4b_duration_prior,4b_duration_prior__d7680__w12,74,676
4b_duration_prior,4b_duration_prior__d7680__w12,75,587
4b_duration_prior,4b_duration_prior__d7680__w12,76,551
4b_duration_prior,4b_duration_prior__d7680__w12,77,589
4b_duration_prior,4b_duration_prior__d7680__w12,78,748
4b_duration_prior,4b_duration_prior__d7680__w12,79,711
4b_duration_prior,4b_duration_prior__d7680__w12,80,866
4b_duration_prior,4b_duration_prior__d7680__w12,81,932
4b_duration_prior,4b_duration_prior__d7680__w12,82,855
4b_duration_prior,4b_duration_prior__d7680__w12,83,890
4b_duration_prior,4b_duration_prior__d7680__w12,84,961
4b_duration_prior,4b_duration_prior__d7680__w12,85,1103
4b_duration_prior,4b_duration_prior__d7680__w12,86,1236
4b_duration_prior,4b_duration_prior__d7680__w12,87,1218
4b_duration_prior,4b_duration_prior__d7680__w12,88,1283
4b_duration_prior,4b_duration_prior__d7680__w12,89,1264
4b_duration_prior,4b_duration_prior__d7680__w12,90,1262
4b_duration_prior,4b_duration_prior__d7680__w12,91,1147
4b_duration_prior,4b_duration_prior__d7680__w12,92,1096
4b_duration_prior,4b_duration_prior__d7680__w12,93,1243
4b_duration_prior,4b_duration_prior__d7680__w12,94,1217
4b_duration_prior,4b_duration_prior__d7680__w12,95,1202
4b_duration_prior,4b_duration_prior__d7680__w12,96,854
4b_duration_prior,4b_duration_prior__d7680__w12,97,782
4b_duration_prior,4b_duration_prior__d7680__w12,98,662
4b_duration_prior,4b_duration_prior__d7680__w12,99,604
4b_duration_prior,4b_duration_prior__d7680__w12,100,535
4b_duration_prior,4b_duration_prior__d7680__w12,101,611
4b_duration_prior,4b_duration_prior__d7680__w12,102,651
4b_duration_prior,4b_duration_prior__d7680__w12,103,692
4b_duration_prior,4b_duration_prior__d7680__w12,104,803
4b_duration_prior,4b_duration_prior__d7680__w12,105,821
4b_duration_prior,4b_duration_prior__d7680__w12,106,857
4b_duration_prior,4b_duration_prior__d7680__w12,107,874
4b_duration_prior,4b_duration_prior__d7680__w12,108,993
4b_duration_prior,4b_duration_prior__d7680__w12,109,1076
4b_duration_prior,4b_duration_prior__d7680__w12,110,1140
4b_duration_prior,4b_duration_prior__d7680__w12,111,1215
4b_duration_prior,4b_duration_prior__d7680__w12,112,1138
4b_duration_prior,4b_duration_prior__d7680__w12,113,1173
4b_duration_prior,4b_duration_prior__d7680__w12,114,1133
4b_duration_prior,4b_duration_prior__d7680__w12,115,1082
4b_duration_prior,4b_duration_prior__d7680__w12,116,1019
4b_duration_prior,4b_duration_prior__d7680__w12,117,1123
4b_duration_prior,4b_duration_prior__d7680__w12,118,1140
4b_duration_prior,4b_duration_prior__d7680__w12,119,903
4b_duration_prior,4b_duration_prior__d7680__w12,120,715
4b_duration_prior,4b_duration_prior__d7680__w12,121,549
4b_duration_prior,4b_duration_prior__d7680__w12,122,426
4b_duration_prior,4b_duration_prior__d7680__w12,123,423
4b_duration_prior,4b_duration_prior__d7680__w12,124,348
4b_duration_prior,4b_duration_prior__d7680__w12,125,323
4b_duration_prior,4b_duration_prior__d7680__w12,126,329
4b_duration_prior,4b_duration_prior__d7680__w12,127,353
4b_duration_prior,4b_duration_prior__d7680__w12,128,336
4b_duration_prior,4b_duration_prior__d7680__w12,129,375
4b_duration_prior,4b_duration_prior__d7680__w12,130,397
4b_duration_prior,4b_duration_prior__d7680__w12,131,473
4b_duration_prior,4b_duration_prior__d7680__w12,132,501
4b_duration_prior,4b_duration_prior__d7680__w12,133,433
4b_duration_prior,4b_duration_prior__d7680__w12,134,564
4b_duration_prior,4b_duration_prior__d7680__w12,135,618
4b_duration_prior,4b_duration_prior__d7680__w12,136,617
4b_duration_prior,4b_duration_prior__d7680__w12,137,651
4b_duration_prior,4b_duration_prior__d7680__w12,138,553
4b_duration_prior,4b_duration_prior__d7680__w12,139,600
4b_duration_prior,4b_duration_prior__d7680__w12,140,591
4b_duration_prior,4b_duration_prior__d7680__w12,141,605
4b_duration_prior,4b_duration_prior__d7680__w12,142,626
4b_duration_prior,4b_duration_prior__d7680__w12,143,548
4b_duration_prior,4b_duration_prior__d7680__w12,144,446
4b_duration_prior,4b_duration_prior__d7680__w12,145,351
4b_duration_prior,4b_duration_prior__d7680__w12,146,349
4b_duration_prior,4b_duration_prior__d7680__w12,147,344
4b_duration_prior,4b_duration_prior__d7680__w12,148,354
4b_duration_prior,4b_duration_prior__d7680__w12,149,343
4b_duration_prior,4b_duration_prior__d7680__w12,150,287
4b_duration_prior,4b_duration_prior__d7680__w12,151,366
4b_duration_prior,4b_duration_prior__d7680__w12,152,335
4b_duration_prior,4b_duration_prior__d7680__w12,153,409
4b_duration_prior,4b_duration_prior__d7680__w12,154,407
4b_duration_prior,4b_duration_prior__d7680__w12,155,423
4b_duration_prior,4b_duration_prior__d7680__w12,156,432
4b_duration_prior,4b_duration_prior__d7680__w12,157,507
4b_duration_prior,4b_duration_prior__d7680__w12,158,519
4b_duration_prior,4b_duration_prior__d7680__w12,159,615
4b_duration_prior,4b_duration_prior__d7680__w12,160,580
4b_duration_prior,4b_duration_prior__d7680__w12,161,551
4b_duration_prior,4b_duration_prior__d7680__w12,162,632
4b_duration_prior,4b_duration_prior__d7680__w12,163,625
4b_duration_prior,4b_duration_prior__d7680__w12,164,635
4b_duration_prior,4b_duration_prior__d7680__w12,165,697
4b_duration_prior,4b_duration_prior__d7680__w12,166,678
4b_duration_prior,4b_duration_prior__d7680__w12,167,585
4b_duration_prior,4b_duration_prior__d15360__w12,0,468
4b_duration_prior,4b_duration_prior__d15360__w12,1,490
4b_duration_prior,4b_duration_prior__d15360__w12,2,481
4b_duration_prior,4b_duration_prior__d15360__w12,3,437
4b_duration_prior,4b_duration_prior__d15360__w12,4,486
4b_duration_prior,4b_duration_prior__d15360__w12,5,527
4b_duration_prior,4b_duration_prior__d15360__w12,6,538
4b_duration_prior,4b_duration_prior__d15360__w12,7,563
4b_duration_prior,4b_duration_prior__d15360__w12,8,741
4b_duration_prior,4b_duration_prior__d15360__w12,9,812
4b_duration_prior,4b_duration_prior__d15360__w12,10,784
4b_duration_prior,4b_duration_prior__d15360__w12,11,874
4b_duration_prior,4b_duration_prior__d15360__w12,12,1099
4b_duration_prior,4b_duration_prior__d15360__w12,13,1120
4b_duration_prior,4b_duration_prior__d15360__w12,14,1315
4b_duration_prior,4b_duration_prior__d15360__w12,15,1288
4b_duration_prior,4b_duration_prior__d15360__w12,16,1235
4b_duration_prior,4b_duration_prior__d15360__w12,17,1229
4b_duration_prior,4b_duration_prior__d15360__w12,18,1216
4b_duration_prior,4b_duration_prior__d15360__w12,19,1108
4b_duration_prior,4b_duration_prior__d15360__w12,20,1151
4b_duration_prior,4b_duration_prior__d15360__w12,21,1321
4b_duration_prior,4b_duration_prior__d15360__w12,22,1277
4b_duration_prior,4b_duration_prior__d15360__w12,23,1105
4b_duration_prior,4b_duration_prior__d15360__w12,24,917
4b_duration_prior,4b_duration_prior__d15360__w12,25,767
4b_duration_prior,4b_duration_prior__d15360__w12,26,720
4b_duration_prior,4b_duration_prior__d15360__w12,27,641
4b_duration_prior,4b_duration_prior__d15360__w12,28,610
4b_duration_prior,4b_duration_prior__d15360__w12,29,698
4b_duration_prior,4b_duration_prior__d15360__w12,30,709
4b_duration_prior,4b_duration_prior__d15360__w12,31,790
4b_duration_prior,4b_duration_prior__d15360__w12,32,852
4b_duration_prior,4b_duration_prior__d15360__w12,33,969
4b_duration_prior,4b_duration_prior__d15360__w12,34,909
4b_duration_prior,4b_duration_prior__d15360__w12,35,907
4b_duration_prior,4b_duration_prior__d15360__w12,36,1095
4b_duration_prior,4b_duration_prior__d15360__w12,37,1116
4b_duration_prior,4b_duration_prior__d15360__w12,38,1215
4b_duration_prior,4b_duration_prior__d15360__w12,39,1220
4b_duration_prior,4b_duration_prior__d15360__w12,40,1304
4b_duration_prior,4b_duration_prior__d15360__w12,41,1454
4b_duration_prior,4b_duration_prior__d15360__w12,42,1235
4b_duration_prior,4b_duration_prior__d15360__w12,43,1213
4b_duration_prior,4b_duration_prior__d15360__w12,44,1166
4b_duration_prior,4b_duration_prior__d15360__w12,45,1353
4b_duration_prior,4b_duration_prior__d15360__w12,46,1235
4b_duration_prior,4b_duration_prior__d15360__w12,47,1200
4b_duration_prior,4b_duration_prior__d15360__w12,48,1039
4b_duration_prior,4b_duration_prior__d15360__w12,49,798
4b_duration_prior,4b_duration_prior__d15360__w12,50,730
4b_duration_prior,4b_duration_prior__d15360__w12,51,689
4b_duration_prior,4b_duration_prior__d15360__w12,52,563
4b_duration_prior,4b_duration_prior__d15360__w12,53,690
4b_duration_prior,4b_duration_prior__d15360__w12,54,620
4b_duration_prior,4b_duration_prior__d15360__w12,55,745
4b_duration_prior,4b_duration_prior__d15360__w12,56,841
4b_duration_prior,4b_duration_prior__d15360__w12,57,925
4b_duration_prior,4b_duration_prior__d15360__w12,58,974
4b_duration_prior,4b_duration_prior__d15360__w12,59,913
4b_duration_prior,4b_duration_prior__d15360__w12,60,1069
4b_duration_prior,4b_duration_prior__d15360__w12,61,1148
4b_duration_prior,4b_duration_prior__d15360__w12,62,1195
4b_duration_prior,4b_duration_prior__d15360__w12,63,1291
4b_duration_prior,4b_duration_prior__d15360__w12,64,1437
4b_duration_prior,4b_duration_prior__d15360__w12,65,1345
4b_duration_prior,4b_duration_prior__d15360__w12,66,1224
4b_duration_prior,4b_duration_prior__d15360__w12,67,1123
4b_duration_prior,4b_duration_prior__d15360__w12,68,1231
4b_duration_prior,4b_duration_prior__d15360__w12,69,1183
4b_duration_prior,4b_duration_prior__d15360__w12,70,1249
4b_duration_prior,4b_duration_prior__d15360__w12,71,1147
4b_duration_prior,4b_duration_prior__d15360__w12,72,851
4b_duration_prior,4b_duration_prior__d15360__w12,73,771
4b_duration_prior,4b_duration_prior__d15360__w12,74,676
4b_duration_prior,4b_duration_prior__d15360__w12,75,587
4b_duration_prior,4b_duration_prior__d15360__w12,76,551
4b_duration_prior,4b_duration_prior__d15360__w12,77,589
4b_duration_prior,4b_duration_prior__d15360__w12,78,748
4b_duration_prior,4b_duration_prior__d15360__w12,79,711
4b_duration_prior,4b_duration_prior__d15360__w12,80,866
4b_duration_prior,4b_duration_prior__d15360__w12,81,932
4b_duration_prior,4b_duration_prior__d15360__w12,82,855
4b_duration_prior,4b_duration_prior__d15360__w12,83,890
4b_duration_prior,4b_duration_prior__d15360__w12,84,961
4b_duration_prior,4b_duration_prior__d15360__w12,85,1103
4b_duration_prior,4b_duration_prior__d15360__w12,86,1236
4b_duration_prior,4b_duration_prior__d15360__w12,87,1218
4b_duration_prior,4b_duration_prior__d15360__w12,88,1283
4b_duration_prior,4b_duration_prior__d15360__w12,89,1264
4b_duration_prior,4b_duration_prior__d15360__w12,90,1262
4b_duration_prior,4b_duration_prior__d15360__w12,91,1147
4b_duration_prior,4b_duration_prior__d15360__w12,92,1096
4b_duration_prior,4b_duration_prior__d15360__w12,93,1243
4b_duration_prior,4b_duration_prior__d15360__w12,94,1217
4b_duration_prior,4b_duration_prior__d15360__w12,95,1202
4b_duration_prior,4b_duration_prior__d15360__w12,96,854
4b_duration_prior,4b_duration_prior__d15360__w12,97,782
4b_duration_prior,4b_duration_prior__d15360__w12,98,662
4b_duration_prior,4b_duration_prior__d15360__w12,99,604
4b_duration_prior,4b_duration_prior__d15360__w12,100,535
4b_duration_prior,4b_duration_prior__d15360__w12,101,611
4b_duration_prior,4b_duration_prior__d15360__w12,102,651
4b_duration_prior,4b_duration_prior__d15360__w12,103,692
4b_duration_prior,4b_duration_prior__d15360__w12,104,803
4b_duration_prior,4b_duration_prior__d15360__w12,105,821
4b_duration_prior,4b_duration_prior__d15360__w12,106,857
4b_duration_prior,4b_duration_prior__d15360__w12,107,874
4b_duration_prior,4b_duration_prior__d15360__w12,108,993
4b_duration_prior,4b_duration_prior__d15360__w12,109,1076
4b_duration_prior,4b_duration_prior__d15360__w12,110,1140
4b_duration_prior,4b_duration_prior__d15360__w12,111,1215
4b_duration_prior,4b_duration_prior__d15360__w12,112,1138
4b_duration_prior,4b_duration_prior__d15360__w12,113,1173
4b_duration_prior,4b_duration_prior__d15360__w12,114,1133
4b_duration_prior,4b_duration_prior__d15360__w12,115,1082
4b_duration_prior,4b_duration_prior__d15360__w12,116,1019
4b_duration_prior,4b_duration_prior__d15360__w12,117,1123
4b_duration_prior,4b_duration_prior__d15360__w12,118,1140
4b_duration_prior,4b_duration_prior__d15360__w12,119,903
4b_duration_prior,4b_duration_prior__d15360__w12,120,715
4b_duration_prior,4b_duration_prior__d15360__w12,121,549
4b_duration_prior,4b_duration_prior__d15360__w12,122,426
4b_duration_prior,4b_duration_prior__d15360__w12,123,423
4b_duration_prior,4b_duration_prior__d15360__w12,124,348
4b_duration_prior,4b_duration_prior__d15360__w12,125,323
4b_duration_prior,4b_duration_prior__d15360__w12,126,329
4b_duration_prior,4b_duration_prior__d15360__w12,127,353
4b_duration_prior,4b_duration_prior__d15360__w12,128,336
4b_duration_prior,4b_duration_prior__d15360__w12,129,375
4b_duration_prior,4b_duration_prior__d15360__w12,130,397
4b_duration_prior,4b_duration_prior__d15360__w12,131,473
4b_duration_prior,4b_duration_prior__d15360__w12,132,501
4b_duration_prior,4b_duration_prior__d15360__w12,133,433
4b_duration_prior,4b_duration_prior__d15360__w12,134,564
4b_duration_prior,4b_duration_prior__d15360__w12,135,618
4b_duration_prior,4b_duration_prior__d15360__w12,136,617
4b_duration_prior,4b_duration_prior__d15360__w12,137,652
4b_duration_prior,4b_duration_prior__d15360__w12,138,553
4b_duration_prior,4b_duration_prior__d15360__w12,139,600
4b_duration_prior,4b_duration_prior__d15360__w12,140,591
4b_duration_prior,4b_duration_prior__d15360__w12,141,605
4b_duration_prior,4b_duration_prior__d15360__w12,142,626
4b_duration_prior,4b_duration_prior__d15360__w12,143,548
4b_duration_prior,4b_duration_prior__d15360__w12,144,446
4b_duration_prior,4b_duration_prior__d15360__w12,145,351
4b_duration_prior,4b_duration_prior__d15360__w12,146,349
4b_duration_prior,4b_duration_prior__d15360__w12,147,343
4b_duration_prior,4b_duration_prior__d15360__w12,148,354
4b_duration_prior,4b_duration_prior__d15360__w12,149,343
4b_duration_prior,4b_duration_prior__d15360__w12,150,287
4b_duration_prior,4b_duration_prior__d15360__w12,151,366
4b_duration_prior,4b_duration_prior__d15360__w12,152,335
4b_duration_prior,4b_duration_prior__d15360__w12,153,409
4b_duration_prior,4b_duration_prior__d15360__w12,154,407
4b_duration_prior,4b_duration_prior__d15360__w12,155,423
4b_duration_prior,4b_duration_prior__d15360__w12,156,432
4b_duration_prior,4b_duration_prior__d15360__w12,157,507
4b_duration_prior,4b_duration_prior__d15360__w12,158,519
4b_duration_prior,4b_duration_prior__d15360__w12,159,615
4b_duration_prior,4b_duration_prior__d15360__w12,160,580
4b_duration_prior,4b_duration_prior__d15360__w12,161,551
4b_duration_prior,4b_duration_prior__d15360__w12,162,632
4b_duration_prior,4b_duration_prior__d15360__w12,163,625
4b_duration_prior,4b_duration_prior__d15360__w12,164,635
4b_duration_prior,4b_duration_prior__d15360__w12,165,697
4b_duration_prior,4b_duration_prior__d15360__w12,166,678
4b_duration_prior,4b_duration_prior__d15360__w12,167,585
4b_duration_prior,4b_duration_prior__d0__w24,0,395
4b_duration_prior,4b_duration_prior__d0__w24,1,1529
4b_duration_prior,4b_duration_prior__d0__w24,2,481
4b_duration_prior,4b_duration_prior__d0__w24,3,437
4b_duration_prior,4b_duration_prior__d0__w24,4,416
4b_duration_prior,4b_duration_prior__d0__w24,5,434
4b_duration_prior,4b_duration_prior__d0__w24,6,434
4b_duration_prior,4b_duration_prior__d0__w24,7,456
4b_duration_prior,4b_duration_prior__d0__w24,8,610
4b_duration_prior,4b_duration_prior__d0__w24,9,629
4b_duration_prior,4b_duration_prior__d0__w24,10,593
4b_duration_prior,4b_duration_prior__d0__w24,11,686
4b_duration_prior,4b_duration_prior__d0__w24,12,869
4b_duration_prior,4b_duration_prior__d0__w24,13,880
4b_duration_prior,4b_duration_prior__d0__w24,14,1060
4b_duration_prior,4b_duration_prior__d0__w24,15,1034
4b_duration_prior,4b_duration_prior__d0__w24,16,993
4b_duration_prior,4b_duration_prior__d0__w24,17,953
4b_duration_prior,4b_duration_prior__d0__w24,18,975
4b_duration_prior,4b_duration_prior__d0__w24,19,888
4b_duration_prior,4b_duration_prior__d0__w24,20,918
4b_duration_prior,4b_duration_prior__d0__w24,21,1047
4b_duration_prior,4b_duration_prior__d0__w24,22,995
4b_duration_prior,4b_duration_prior__d0__w24,23,881
4b_duration_prior,4b_duration_prior__d0__w24,24,726
4b_duration_prior,4b_duration_prior__d0__w24,25,630
4b_duration_prior,4b_duration_prior__d0__w24,26,5086
4b_duration_prior,4b_duration_prior__d0__w24,27,641
4b_duration_prior,4b_duration_prior__d0__w24,28,610
4b_duration_prior,4b_duration_prior__d0__w24,29,553
4b_duration_prior,4b_duration_prior__d0__w24,30,570
4b_duration_prior,4b_duration_prior__d0__w24,31,621
4b_duration_prior,4b_duration_prior__d0__w24,32,690
4b_duration_prior,4b_duration_prior__d0__w24,33,759
4b_duration_prior,4b_duration_prior__d0__w24,34,691
4b_duration_prior,4b_duration_prior__d0__w24,35,698
4b_duration_prior,4b_duration_prior__d0__w24,36,2347
4b_duration_prior,4b_duration_prior__d0__w24,37,858
4b_duration_prior,4b_duration_prior__d0__w24,38,957
4b_duration_prior,4b_duration_prior__d0__w24,39,940
4b_duration_prior,4b_duration_prior__d0__w24,40,1021
4b_duration_prior,4b_duration_prior__d0__w24,41,1120
4b_duration_prior,4b_duration_prior__d0__w24,42,1001
4b_duration_prior,4b_duration_prior__d0__w24,43,974
4b_duration_prior,4b_duration_prior__d0__w24,44,917
4b_duration_prior,4b_duration_prior__d0__w24,45,1086
4b_duration_prior,4b_duration_prior__d0__w24,46,965
4b_duration_prior,4b_duration_prior__d0__w24,47,999
4b_duration_prior,4b_duration_prior__d0__w24,48,815
4b_duration_prior,4b_duration_prior__d0__w24,49,630
4b_duration_prior,4b_duration_prior__d0__w24,50,3003
4b_duration_prior,4b_duration_prior__d0__w24,51,573
4b_duration_prior,4b_duration_prior__d0__w24,52,464
4b_duration_prior,4b_duration_prior__d0__w24,53,580
4b_duration_prior,4b_duration_prior__d0__w24,54,518
4b_duration_prior,4b_duration_prior__d0__w24,55,604
4b_duration_prior,4b_duration_prior__d0__w24,56,666
4b_duration_prior,4b_duration_prior__d0__w24,57,700
4b_duration_prior,4b_duration_prior__d0__w24,58,740
4b_duration_prior,4b_duration_prior__d0__w24,59,720
4b_duration_prior,4b_duration_prior__d0__w24,60,844
4b_duration_prior,4b_duration_prior__d0__w24,61,944
4b_duration_prior,4b_duration_prior__d0__w24,62,997
4b_duration_prior,4b_duration_prior__d0__w24,63,1022
4b_duration_prior,4b_duration_prior__d0__w24,64,1173
4b_duration_prior,4b_duration_prior__d0__w24,65,1094
4b_duration_prior,4b_duration_prior__d0__w24,66,978
4b_duration_prior,4b_duration_prior__d0__w24,67,898
4b_duration_prior,4b_duration_prior__d0__w24,68,1000
4b_duration_prior,4b_duration_prior__d0__w24,69,937
4b_duration_prior,4b_duration_prior__d0__w24,70,1258
4b_duration_prior,4b_duration_prior__d0__w24,71,1120
4b_duration_prior,4b_duration_prior__d0__w24,72,915
4b_duration_prior,4b_duration_prior__d0__w24,73,797
4b_duration_prior,4b_duration_prior__d0__w24,74,4701
4b_duration_prior,4b_duration_prior__d0__w24,75,497
4b_duration_prior,4b_duration_prior__d0__w24,76,467
4b_duration_prior,4b_duration_prior__d0__w24,77,492
4b_duration_prior,4b_duration_prior__d0__w24,78,592
4b_duration_prior,4b_duration_prior__d0__w24,79,571
4b_duration_prior,4b_duration_prior__d0__w24,80,690
4b_duration_prior,4b_duration_prior__d0__w24,81,722
4b_duration_prior,4b_duration_prior__d0__w24,82,665
4b_duration_prior,4b_duration_prior__d0__w24,83,719
4b_duration_prior,4b_duration_prior__d0__w24,84,782
4b_duration_prior,4b_duration_prior__d0__w24,85,877
4b_duration_prior,4b_duration_prior__d0__w24,86,976
4b_duration_prior,4b_duration_prior__d0__w24,87,958
4b_duration_prior,4b_duration_prior__d0__w24,88,1007
4b_duration_prior,4b_duration_prior__d0__w24,89,1021
4b_duration_prior,4b_duration_prior__d0__w24,90,995
4b_duration_prior,4b_duration_prior__d0__w24,91,959
4b_duration_prior,4b_duration_prior__d0__w24,92,894
4b_duration_prior,4b_duration_prior__d0__w24,93,1005
4b_duration_prior,4b_duration_prior__d0__w24,94,986
4b_duration_prior,4b_duration_prior__d0__w24,95,1377
4b_duration_prior,4b_duration_prior__d0__w24,96,687
4b_duration_prior,4b_duration_prior__d0__w24,97,787
4b_duration_prior,4b_duration_prior__d0__w24,98,4923
4b_duration_prior,4b_duration_prior__d0__w24,99,503
4b_duration_prior,4b_duration_prior__d0__w24,100,438
4b_duration_prior,4b_duration_prior__d0__w24,101,491
4b_duration_prior,4b_duration_prior__d0__w24,102,526
4b_duration_prior,4b_duration_prior__d0__w24,103,552
4b_duration_prior,4b_duration_prior__d0__w24,104,639
4b_duration_prior,4b_duration_prior__d0__w24,105,672
4b_duration_prior,4b_duration_prior__d0__w24,106,685
4b_duration_prior,4b_duration_prior__d0__w24,107,681
4b_duration_prior,4b_duration_prior__d0__w24,108,762
4b_duration_prior,4b_duration_prior__d0__w24,109,855
4b_duration_prior,4b_duration_prior__d0__w24,110,928
4b_duration_prior,4b_duration_prior__d0__w24,111,992
4b_duration_prior,4b_duration_prior__d0__w24,112,911
4b_duration_prior,4b_duration_prior__d0__w24,113,944
4b_duration_prior,4b_duration_prior__d0__w24,114,921
4b_duration_prior,4b_duration_prior__d0__w24,115,882
4b_duration_prior,4b_duration_prior__d0__w24,116,841
4b_duration_prior,4b_duration_prior__d0__w24,117,926
4b_duration_prior,4b_duration_prior__d0__w24,118,927
4b_duration_prior,4b_duration_prior__d0__w24,119,754
4b_duration_prior,4b_duration_prior__d0__w24,120,596
4b_duration_prior,4b_duration_prior__d0__w24,121,592
4b_duration_prior,4b_duration_prior__d0__w24,122,475
4b_duration_prior,4b_duration_prior__d0__w24,123,1268
4b_duration_prior,4b_duration_prior__d0__w24,124,292
4b_duration_prior,4b_duration_prior__d0__w24,125,271
4b_duration_prior,4b_duration_prior__d0__w24,126,267
4b_duration_prior,4b_duration_prior__d0__w24,127,287
4b_duration_prior,4b_duration_prior__d0__w24,128,268
4b_duration_prior,4b_duration_prior__d0__w24,129,302
4b_duration_prior,4b_duration_prior__d0__w24,130,497
4b_duration_prior,4b_duration_prior__d0__w24,131,573
4b_duration_prior,4b_duration_prior__d0__w24,132,3004
4b_duration_prior,4b_duration_prior__d0__w24,133,357
4b_duration_prior,4b_duration_prior__d0__w24,134,472
4b_duration_prior,4b_duration_prior__d0__w24,135,523
4b_duration_prior,4b_duration_prior__d0__w24,136,518
4b_duration_prior,4b_duration_prior__d0__w24,137,543
4b_duration_prior,4b_duration_prior__d0__w24,138,459
4b_duration_prior,4b_duration_prior__d0__w24,139,514
4b_duration_prior,4b_duration_prior__d0__w24,140,518
4b_duration_prior,4b_duration_prior__d0__w24,141,531
4b_duration_prior,4b_duration_prior__d0__w24,142,526
4b_duration_prior,4b_duration_prior__d0__w24,143,485
4b_duration_prior,4b_duration_prior__d0__w24,144,361
4b_duration_prior,4b_duration_prior__d0__w24,145,387
4b_duration_prior,4b_duration_prior__d0__w24,146,367
4b_duration_prior,4b_duration_prior__d0__w24,147,648
4b_duration_prior,4b_duration_prior__d0__w24,148,292
4b_duration_prior,4b_duration_prior__d0__w24,149,274
4b_duration_prior,4b_duration_prior__d0__w24,150,238
4b_duration_prior,4b_duration_prior__d0__w24,151,276
4b_duration_prior,4b_duration_prior__d0__w24,152,285
4b_duration_prior,4b_duration_prior__d0__w24,153,407
4b_duration_prior,4b_duration_prior__d0__w24,154,410
4b_duration_prior,4b_duration_prior__d0__w24,155,2297
4b_duration_prior,4b_duration_prior__d0__w24,156,432
4b_duration_prior,4b_duration_prior__d0__w24,157,507
4b_duration_prior,4b_duration_prior__d0__w24,158,439
4b_duration_prior,4b_duration_prior__d0__w24,159,507
4b_duration_prior,4b_duration_prior__d0__w24,160,475
4b_duration_prior,4b_duration_prior__d0__w24,161,475
4b_duration_prior,4b_duration_prior__d0__w24,162,546
4b_duration_prior,4b_duration_prior__d0__w24,163,545
4b_duration_prior,4b_duration_prior__d0__w24,164,548
4b_duration_prior,4b_duration_prior__d0__w24,165,582
4b_duration_prior,4b_duration_prior__d0__w24,166,551
4b_duration_prior,4b_duration_prior__d0__w24,167,483
4b_duration_prior,4b_duration_prior__d60__w24,0,403
4b_duration_prior,4b_duration_prior__d60__w24,1,1409
4b_duration_prior,4b_duration_prior__d60__w24,2,481
4b_duration_prior,4b_duration_prior__d60__w24,3,437
4b_duration_prior,4b_duration_prior__d60__w24,4,422
4b_duration_prior,4b_duration_prior__d60__w24,5,438
4b_duration_prior,4b_duration_prior__d60__w24,6,446
4b_duration_prior,4b_duration_prior__d60__w24,7,460
4b_duration_prior,4b_duration_prior__d60__w24,8,618
4b_duration_prior,4b_duration_prior__d60__w24,9,635
4b_duration_prior,4b_duration_prior__d60__w24,10,598
4b_duration_prior,4b_duration_prior__d60__w24,11,694
4b_duration_prior,4b_duration_prior__d60__w24,12,879
4b_duration_prior,4b_duration_prior__d60__w24,13,913
4b_duration_prior,4b_duration_prior__d60__w24,14,1085
4b_duration_prior,4b_duration_prior__d60__w24,15,1065
4b_duration_prior,4b_duration_prior__d60__w24,16,1019
4b_duration_prior,4b_duration_prior__d60__w24,17,976
4b_duration_prior,4b_duration_prior__d60__w24,18,1006
4b_duration_prior,4b_duration_prior__d60__w24,19,911
4b_duration_prior,4b_duration_prior__d60__w24,20,951
4b_duration_prior,4b_duration_prior__d60__w24,21,1083
4b_duration_prior,4b_duration_prior__d60__w24,22,1052
4b_duration_prior,4b_duration_prior__d60__w24,23,919
4b_duration_prior,4b_duration_prior__d60__w24,24,763
4b_duration_prior,4b_duration_prior__d60__w24,25,653
4b_duration_prior,4b_duration_prior__d60__w24,26,4607
4b_duration_prior,4b_duration_prior__d60__w24,27,641
4b_duration_prior,4b_duration_prior__d60__w24,28,610
4b_duration_prior,4b_duration_prior__d60__w24,29,573
4b_duration_prior,4b_duration_prior__d60__w24,30,577
4b_duration_prior,4b_duration_prior__d60__w24,31,634
4b_duration_prior,4b_duration_prior__d60__w24,32,693
4b_duration_prior,4b_duration_prior__d60__w24,33,767
4b_duration_prior,4b_duration_prior__d60__w24,34,696
4b_duration_prior,4b_duration_prior__d60__w24,35,708
4b_duration_prior,4b_duration_prior__d60__w24,36,2281
4b_duration_prior,4b_duration_prior__d60__w24,37,876
4b_duration_prior,4b_duration_prior__d60__w24,38,997
4b_duration_prior,4b_duration_prior__d60__w24,39,979
4b_duration_prior,4b_duration_prior__d60__w24,40,1044
4b_duration_prior,4b_duration_prior__d60__w24,41,1175
4b_duration_prior,4b_duration_prior__d60__w24,42,1031
4b_duration_prior,4b_duration_prior__d60__w24,43,1006
4b_duration_prior,4b_duration_prior__d60__w24,44,951
4b_duration_prior,4b_duration_prior__d60__w24,45,1118
4b_duration_prior,4b_duration_prior__d60__w24,46,992
4b_duration_prior,4b_duration_prior__d60__w24,47,1013
4b_duration_prior,4b_duration_prior__d60__w24,48,824
4b_duration_prior,4b_duration_prior__d60__w24,49,639
4b_duration_prior,4b_duration_prior__d60__w24,50,2713
4b_duration_prior,4b_duration_prior__d60__w24,51,584
4b_duration_prior,4b_duration_prior__d60__w24,52,466
4b_duration_prior,4b_duration_prior__d60__w24,53,589
4b_duration_prior,4b_duration_prior__d60__w24,54,522
4b_duration_prior,4b_duration_prior__d60__w24,55,611
4b_duration_prior,4b_duration_prior__d60__w24,56,669
4b_duration_prior,4b_duration_prior__d60__w24,57,709
4b_duration_prior,4b_duration_prior__d60__w24,58,753
4b_duration_prior,4b_duration_prior__d60__w24,59,746
4b_duration_prior,4b_duration_prior__d60__w24,60,863
4b_duration_prior,4b_duration_prior__d60__w24,61,973
4b_duration_prior,4b_duration_prior__d60__w24,62,1020
4b_duration_prior,4b_duration_prior__d60__w24,63,1051
4b_duration_prior,4b_duration_prior__d60__w24,64,1199
4b_duration_prior,4b_duration_prior__d60__w24,65,1114
4b_duration_prior,4b_duration_prior__d60__w24,66,999
4b_duration_prior,4b_duration_prior__d60__w24,67,911
4b_duration_prior,4b_duration_prior__d60__w24,68,1028
4b_duration_prior,4b_duration_prior__d60__w24,69,973
4b_duration_prior,4b_duration_prior__d60__w24,70,1267
4b_duration_prior,4b_duration_prior__d60__w24,71,1129
4b_duration_prior,4b_duration_prior__d60__w24,72,919
4b_duration_prior,4b_duration_prior__d60__w24,73,814
4b_duration_prior,4b_duration_prior__d60__w24,74,4335
4b_duration_prior,4b_duration_prior__d60__w24,75,508
4b_duration_prior,4b_duration_prior__d60__w24,76,474
4b_duration_prior,4b_duration_prior__d60__w24,77,499
4b_duration_prior,4b_duration_prior__d60__w24,78,605
4b_duration_prior,4b_duration_prior__d60__w24,79,576
4b_duration_prior,4b_duration_prior__d60__w24,80,696
4b_duration_prior,4b_duration_prior__d60__w24,81,729
4b_duration_prior,4b_duration_prior__d60__w24,82,676
4b_duration_prior,4b_duration_prior__d60__w24,83,728
4b_duration_prior,4b_duration_prior__d60__w24,84,801
4b_duration_prior,4b_duration_prior__d60__w24,85,890
4b_duration_prior,4b_duration_prior__d60__w24,86,1001
4b_duration_prior,4b_duration_prior__d60__w24,87,1002
4b_duration_prior,4b_duration_prior__d60__w24,88,1036
4b_duration_prior,4b_duration_prior__d60__w24,89,1060
4b_duration_prior,4b_duration_prior__d60__w24,90,1032
4b_duration_prior,4b_duration_prior__d60__w24,91,982
4b_duration_prior,4b_duration_prior__d60__w24,92,920
4b_duration_prior,4b_duration_prior__d60__w24,93,1035
4b_duration_prior,4b_duration_prior__d60__w24,94,1015
4b_duration_prior,4b_duration_prior__d60__w24,95,1359
4b_duration_prior,4b_duration_prior__d60__w24,96,692
4b_duration_prior,4b_duration_prior__d60__w24,97,774
4b_duration_prior,4b_duration_prior__d60__w24,98,4512
4b_duration_prior,4b_duration_prior__d60__w24,99,514
4b_duration_prior,4b_duration_prior__d60__w24,100,449
4b_duration_prior,4b_duration_prior__d60__w24,101,504
4b_duration_prior,4b_duration_prior__d60__w24,102,531
4b_duration_prior,4b_duration_prior__d60__w24,103,566
4b_duration_prior,4b_duration_prior__d60__w24,104,648
4b_duration_prior,4b_duration_prior__d60__w24,105,683
4b_duration_prior,4b_duration_prior__d60__w24,106,698
4b_duration_prior,4b_duration_prior__d60__w24,107,689
4b_duration_prior,4b_duration_prior__d60__w24,108,783
4b_duration_prior,4b_duration_prior__d60__w24,109,878
4b_duration_prior,4b_duration_prior__d60__w24,110,951
4b_duration_prior,4b_duration_prior__d60__w24,111,1023
4b_duration_prior,4b_duration_prior__d60__w24,112,936
4b_duration_prior,4b_duration_prior__d60__w24,113,980
4b_duration_prior,4b_duration_prior__d60__w24,114,951
4b_duration_prior,4b_duration_prior__d60__w24,115,902
4b_duration_prior,4b_duration_prior__d60__w24,116,865
4b_duration_prior,4b_duration_prior__d60__w24,117,956
4b_duration_prior,4b_duration_prior__d60__w24,118,957
4b_duration_prior,4b_duration_prior__d60__w24,119,769
4b_duration_prior,4b_duration_prior__d60__w24,120,611
4b_duration_prior,4b_duration_prior__d60__w24,121,594
4b_duration_prior,4b_duration_prior__d60__w24,122,474
4b_duration_prior,4b_duration_prior__d60__w24,123,1202
4b_duration_prior,4b_duration_prior__d60__w24,124,305
4b_duration_prior,4b_duration_prior__d60__w24,125,277
4b_duration_prior,4b_duration_prior__d60__w24,126,276
4b_duration_prior,4b_duration_prior__d60__w24,127,297
4b_duration_prior,4b_duration_prior__d60__w24,128,274
4b_duration_prior,4b_duration_prior__d60__w24,129,304
4b_duration_prior,4b_duration_prior__d60__w24,130,489
4b_duration_prior,4b_duration_prior__d60__w24,131,574
4b_duration_prior,4b_duration_prior__d60__w24,132,2687
4b_duration_prior,4b_duration_prior__d60__w24,133,367
4b_duration_prior,4b_duration_prior__d60__w24,134,478
4b_duration_prior,4b_duration_prior__d60__w24,135,540
4b_duration_prior,4b_duration_prior__d60__w24,136,534
4b_duration_prior,4b_duration_prior__d60__w24,137,554
4b_duration_prior,4b_duration_prior__d60__w24,138,472
4b_duration_prior,4b_duration_prior__d60__w24,139,527
4b_duration_prior,4b_duration_prior__d60__w24,140,525
4b_duration_prior,4b_duration_prior__d60__w24,141,535
4b_duration_prior,4b_duration_prior__d60__w24,142,537
4b_duration_prior,4b_duration_prior__d60__w24,143,489
4b_duration_prior,4b_duration_prior__d60__w24,144,374
4b_duration_prior,4b_duration_prior__d60__w24,145,379
4b_duration_prior,4b_duration_prior__d60__w24,146,357
4b_duration_prior,4b_duration_prior__d60__w24,147,607
4b_duration_prior,4b_duration_prior__d60__w24,148,311
4b_duration_prior,4b_duration_prior__d60__w24,149,286
4b_duration_prior,4b_duration_prior__d60__w24,150,246
4b_duration_prior,4b_duration_prior__d60__w24,151,287
4b_duration_prior,4b_duration_prior__d60__w24,152,288
4b_duration_prior,4b_duration_prior__d60__w24,153,420
4b_duration_prior,4b_duration_prior__d60__w24,154,416
4b_duration_prior,4b_duration_prior__d60__w24,155,2058
4b_duration_prior,4b_duration_prior__d60__w24,156,432
4b_duration_prior,4b_duration_prior__d60__w24,157,507
4b_duration_prior,4b_duration_prior__d60__w24,158,450
4b_duration_prior,4b_duration_prior__d60__w24,159,516
4b_duration_prior,4b_duration_prior__d60__w24,160,482
4b_duration_prior,4b_duration_prior__d60__w24,161,479
4b_duration_prior,4b_duration_prior__d60__w24,162,557
4b_duration_prior,4b_duration_prior__d60__w24,163,549
4b_duration_prior,4b_duration_prior__d60__w24,164,556
4b_duration_prior,4b_duration_prior__d60__w24,165,597
4b_duration_prior,4b_duration_prior__d60__w24,166,580
4b_duration_prior,4b_duration_prior__d60__w24,167,497
4b_duration_prior,4b_duration_prior__d120__w24,0,409
4b_duration_prior,4b_duration_prior__d120__w24,1,1310
4b_duration_prior,4b_duration_prior__d120__w24,2,481
4b_duration_prior,4b_duration_prior__d120__w24,3,437
4b_duration_prior,4b_duration_prior__d120__w24,4,429
4b_duration_prior,4b_duration_prior__d120__w24,5,445
4b_duration_prior,4b_duration_prior__d120__w24,6,460
4b_duration_prior,4b_duration_prior__d120__w24,7,480
4b_duration_prior,4b_duration_prior__d120__w24,8,630
4b_duration_prior,4b_duration_prior__d120__w24,9,649
4b_duration_prior,4b_duration_prior__d120__w24,10,624
4b_duration_prior,4b_duration_prior__d120__w24,11,720
4b_duration_prior,4b_duration_prior__d120__w24,12,897
4b_duration_prior,4b_duration_prior__d120__w24,13,940
4b_duration_prior,4b_duration_prior__d120__w24,14,1112
4b_duration_prior,4b_duration_prior__d120__w24,15,1108
4b_duration_prior,4b_duration_prior__d120__w24,16,1040
4b_duration_prior,4b_duration_prior__d120__w24,17,993
4b_duration_prior,4b_duration_prior__d120__w24,18,1020
4b_duration_prior,4b_duration_prior__d120__w24,19,924
4b_duration_prior,4b_duration_prior__d120__w24,20,963
4b_duration_prior,4b_duration_prior__d120__w24,21,1099
4b_duration_prior,4b_duration_prior__d120__w24,22,1065
4b_duration_prior,4b_duration_prior__d120__w24,23,936
4b_duration_prior,4b_duration_prior__d120__w24,24,773
4b_duration_prior,4b_duration_prior__d120__w24,25,665
4b_duration_prior,4b_duration_prior__d120__w24,26,4221
4b_duration_prior,4b_duration_prior__d120__w24,27,641
4b_duration_prior,4b_duration_prior__d120__w24,28,610
4b_duration_prior,4b_duration_prior__d120__w24,29,578
4b_duration_prior,4b_duration_prior__d120__w24,30,591
4b_duration_prior,4b_duration_prior__d120__w24,31,646
4b_duration_prior,4b_duration_prior__d120__w24,32,712
4b_duration_prior,4b_duration_prior__d120__w24,33,782
4b_duration_prior,4b_duration_prior__d120__w24,34,718
4b_duration_prior,4b_duration_prior__d120__w24,35,723
4b_duration_prior,4b_duration_prior__d120__w24,36,2179
4b_duration_prior,4b_duration_prior__d120__w24,37,901
4b_duration_prior,4b_duration_prior__d120__w24,38,1022
4b_duration_prior,4b_duration_prior__d120__w24,39,1007
4b_duration_prior,4b_duration_prior__d120__w24,40,1089
4b_duration_prior,4b_duration_prior__d120__w24,41,1202
4b_duration_prior,4b_duration_prior__d120__w24,42,1044
4b_duration_prior,4b_duration_prior__d120__w24,43,1020
4b_duration_prior,4b_duration_prior__d120__w24,44,967
4b_duration_prior,4b_duration_prior__d120__w24,45,1139
4b_duration_prior,4b_duration_prior__d120__w24,46,1009
4b_duration_prior,4b_duration_prior__d120__w24,47,1019
4b_duration_prior,4b_duration_prior__d120__w24,48,842
4b_duration_prior,4b_duration_prior__d120__w24,49,666
4b_duration_prior,4b_duration_prior__d120__w24,50,2513
4b_duration_prior,4b_duration_prior__d120__w24,51,605
4b_duration_prior,4b_duration_prior__d120__w24,52,484
4b_duration_prior,4b_duration_prior__d120__w24,53,600
4b_duration_prior,4b_duration_prior__d120__w24,54,536
4b_duration_prior,4b_duration_prior__d120__w24,55,618
4b_duration_prior,4b_duration_prior__d120__w24,56,694
4b_duration_prior,4b_duration_prior__d120__w24,57,745
4b_duration_prior,4b_duration_prior__d120__w24,58,780
4b_duration_prior,4b_duration_prior__d120__w24,59,769
4b_duration_prior,4b_duration_prior__d120__w24,60,884
4b_duration_prior,4b_duration_prior__d120__w24,61,989
4b_duration_prior,4b_duration_prior__d120__w24,62,1049
4b_duration_prior,4b_duration_prior__d120__w24,63,1074
4b_duration_prior,4b_duration_prior__d120__w24,64,1225
4b_duration_prior,4b_duration_prior__d120__w24,65,1152
4b_duration_prior,4b_duration_prior__d120__w24,66,1028
4b_duration_prior,4b_duration_prior__d120__w24,67,926
4b_duration_prior,4b_duration_prior__d120__w24,68,1039
4b_duration_prior,4b_duration_prior__d120__w24,69,987
4b_duration_prior,4b_duration_prior__d120__w24,70,1271
4b_duration_prior,4b_duration_prior__d120__w24,71,1135
4b_duration_prior,4b_duration_prior__d120__w24,72,912
4b_duration_prior,4b_duration_prior__d120__w24,73,799
4b_duration_prior,4b_duration_prior__d120__w24,74,3913
4b_duration_prior,4b_duration_prior__d120__w24,75,522
4b_duration_prior,4b_duration_prior__d120__w24,76,485
4b_duration_prior,4b_duration_prior__d120__w24,77,507
4b_duration_prior,4b_duration_prior__d120__w24,78,617
4b_duration_prior,4b_duration_prior__d120__w24,79,590
4b_duration_prior,4b_duration_prior__d120__w24,80,720
4b_duration_prior,4b_duration_prior__d120__w24,81,760
4b_duration_prior,4b_duration_prior__d120__w24,82,697
4b_duration_prior,4b_duration_prior__d120__w24,83,750
4b_duration_prior,4b_duration_prior__d120__w24,84,820
4b_duration_prior,4b_duration_prior__d120__w24,85,914
4b_duration_prior,4b_duration_prior__d120__w24,86,1036
4b_duration_prior,4b_duration_prior__d120__w24,87,1024
4b_duration_prior,4b_duration_prior__d120__w24,88,1062
4b_duration_prior,4b_duration_prior__d120__w24,89,1084
4b_duration_prior,4b_duration_prior__d120__w24,90,1051
4b_duration_prior,4b_duration_prior__d120__w24,91,995
4b_duration_prior,4b_duration_prior__d120__w24,92,935
4b_duration_prior,4b_duration_prior__d120__w24,93,1054
4b_duration_prior,4b_duration_prior__d120__w24,94,1034
4b_duration_prior,4b_duration_prior__d120__w24,95,1350
4b_duration_prior,4b_duration_prior__d120__w24,96,706
4b_duration_prior,4b_duration_prior__d120__w24,97,778
4b_duration_prior,4b_duration_prior__d120__w24,98,4087
4b_duration_prior,4b_duration_prior__d120__w24,99,529
4b_duration_prior,4b_duration_prior__d120__w24,100,463
4b_duration_prior,4b_duration_prior__d120__w24,101,522
4b_duration_prior,4b_duration_prior__d120__w24,102,546
4b_duration_prior,4b_duration_prior__d120__w24,103,579
4b_duration_prior,4b_duration_prior__d120__w24,104,659
4b_duration_prior,4b_duration_prior__d120__w24,105,696
4b_duration_prior,4b_duration_prior__d120__w24,106,716
4b_duration_prior,4b_duration_prior__d120__w24,107,708
4b_duration_prior,4b_duration_prior__d120__w24,108,801
4b_duration_prior,4b_duration_prior__d120__w24,109,912
4b_duration_prior,4b_duration_prior__d120__w24,110,979
4b_duration_prior,4b_duration_prior__d120__w24,111,1053
4b_duration_prior,4b_duration_prior__d120__w24,112,974
4b_duration_prior,4b_duration_prior__d120__w24,113,1013
4b_duration_prior,4b_duration_prior__d120__w24,114,965
4b_duration_prior,4b_duration_prior__d120__w24,115,921
4b_duration_prior,4b_duration_prior__d120__w24,116,887
4b_duration_prior,4b_duration_prior__d120__w24,117,978
4b_duration_prior,4b_duration_prior__d120__w24,118,977
4b_duration_prior,4b_duration_prior__d120__w24,119,781
4b_duration_prior,4b_duration_prior__d120__w24,120,620
4b_duration_prior,4b_duration_prior__d120__w24,121,586
4b_duration_prior,4b_duration_prior__d120__w24,122,465
4b_duration_prior,4b_duration_prior__d120__w24,123,1107
4b_duration_prior,4b_duration_prior__d120__w24,124,312
4b_duration_prior,4b_duration_prior__d120__w24,125,287
4b_duration_prior,4b_duration_prior__d120__w24,126,286
4b_duration_prior,4b_duration_prior__d120__w24,127,310
4b_duration_prior,4b_duration_prior__d120__w24,128,286
4b_duration_prior,4b_duration_prior__d120__w24,129,320
4b_duration_prior,4b_duration_prior__d120__w24,130,490
4b_duration_prior,4b_duration_prior__d120__w24,131,578
4b_duration_prior,4b_duration_prior__d120__w24,132,2401
4b_duration_prior,4b_duration_prior__d120__w24,133,385
4b_duration_prior,4b_duration_prior__d120__w24,134,494
4b_duration_prior,4b_duration_prior__d120__w24,135,546
4b_duration_prior,4b_duration_prior__d120__w24,136,543
4b_duration_prior,4b_duration_prior__d120__w24,137,571
4b_duration_prior,4b_duration_prior__d120__w24,138,485
4b_duration_prior,4b_duration_prior__d120__w24,139,530
4b_duration_prior,4b_duration_prior__d120__w24,140,528
4b_duration_prior,4b_duration_prior__d120__w24,141,547
4b_duration_prior,4b_duration_prior__d120__w24,142,547
4b_duration_prior,4b_duration_prior__d120__w24,143,491
4b_duration_prior,4b_duration_prior__d120__w24,144,380
4b_duration_prior,4b_duration_prior__d120__w24,145,384
4b_duration_prior,4b_duration_prior__d120__w24,146,360
4b_duration_prior,4b_duration_prior__d120__w24,147,552
4b_duration_prior,4b_duration_prior__d120__w24,148,319
4b_duration_prior,4b_duration_prior__d120__w24,149,288
4b_duration_prior,4b_duration_prior__d120__w24,150,250
4b_duration_prior,4b_duration_prior__d120__w24,151,291
4b_duration_prior,4b_duration_prior__d120__w24,152,290
4b_duration_prior,4b_duration_prior__d120__w24,153,414
4b_duration_prior,4b_duration_prior__d120__w24,154,404
4b_duration_prior,4b_duration_prior__d120__w24,155,1850
4b_duration_prior,4b_duration_prior__d120__w24,156,432
4b_duration_prior,4b_duration_prior__d120__w24,157,507
4b_duration_prior,4b_duration_prior__d120__w24,158,456
4b_duration_prior,4b_duration_prior__d120__w24,159,534
4b_duration_prior,4b_duration_prior__d120__w24,160,491
4b_duration_prior,4b_duration_prior__d120__w24,161,484
4b_duration_prior,4b_duration_prior__d120__w24,162,565
4b_duration_prior,4b_duration_prior__d120__w24,163,555
4b_duration_prior,4b_duration_prior__d120__w24,164,567
4b_duration_prior,4b_duration_prior__d120__w24,165,604
4b_duration_prior,4b_duration_prior__d120__w24,166,591
4b_duration_prior,4b_duration_prior__d120__w24,167,509
4b_duration_prior,4b_duration_prior__d240__w24,0,419
4b_duration_prior,4b_duration_prior__d240__w24,1,1091
4b_duration_prior,4b_duration_prior__d240__w24,2,481
4b_duration_prior,4b_duration_prior__d240__w24,3,437
4b_duration_prior,4b_duration_prior__d240__w24,4,444
4b_duration_prior,4b_duration_prior__d240__w24,5,469
4b_duration_prior,4b_duration_prior__d240__w24,6,479
4b_duration_prior,4b_duration_prior__d240__w24,7,495
4b_duration_prior,4b_duration_prior__d240__w24,8,657
4b_duration_prior,4b_duration_prior__d240__w24,9,691
4b_duration_prior,4b_duration_prior__d240__w24,10,674
4b_duration_prior,4b_duration_prior__d240__w24,11,762
4b_duration_prior,4b_duration_prior__d240__w24,12,935
4b_duration_prior,4b_duration_prior__d240__w24,13,989
4b_duration_prior,4b_duration_prior__d240__w24,14,1184
4b_duration_prior,4b_duration_prior__d240__w24,15,1159
4b_duration_prior,4b_duration_prior__d240__w24,16,1079
4b_duration_prior,4b_duration_prior__d240__w24,17,1047
4b_duration_prior,4b_duration_prior__d240__w24,18,1069
4b_duration_prior,4b_duration_prior__d240__w24,19,966
4b_duration_prior,4b_duration_prior__d240__w24,20,989
4b_duration_prior,4b_duration_prior__d240__w24,21,1142
4b_duration_prior,4b_duration_prior__d240__w24,22,1095
4b_duration_prior,4b_duration_prior__d240__w24,23,970
4b_duration_prior,4b_duration_prior__d240__w24,24,788
4b_duration_prior,4b_duration_prior__d240__w24,25,674
4b_duration_prior,4b_duration_prior__d240__w24,26,3436
4b_duration_prior,4b_duration_prior__d240__w24,27,641
4b_duration_prior,4b_duration_prior__d240__w24,28,610
4b_duration_prior,4b_duration_prior__d240__w24,29,623
4b_duration_prior,4b_duration_prior__d240__w24,30,622
4b_duration_prior,4b_duration_prior__d240__w24,31,675
4b_duration_prior,4b_duration_prior__d240__w24,32,742
4b_duration_prior,4b_duration_prior__d240__w24,33,832
4b_duration_prior,4b_duration_prior__d240__w24,34,756
4b_duration_prior,4b_duration_prior__d240__w24,35,775
4b_duration_prior,4b_duration_prior__d240__w24,36,1904
4b_duration_prior,4b_duration_prior__d240__w24,37,956
4b_duration_prior,4b_duration_prior__d240__w24,38,1074
4b_duration_prior,4b_duration_prior__d240__w24,39,1082
4b_duration_prior,4b_duration_prior__d240__w24,40,1145
4b_duration_prior,4b_duration_prior__d240__w24,41,1271
4b_duration_prior,4b_duration_prior__d240__w24,42,1099
4b_duration_prior,4b_duration_prior__d240__w24,43,1053
4b_duration_prior,4b_duration_prior__d240__w24,44,1007
4b_duration_prior,4b_duration_prior__d240__w24,45,1174
4b_duration_prior,4b_duration_prior__d240__w24,46,1040
4b_duration_prior,4b_duration_prior__d240__w24,47,1041
4b_duration_prior,4b_duration_prior__d240__w24,48,869
4b_duration_prior,4b_duration_prior__d240__w24,49,677
4b_duration_prior,4b_duration_prior__d240__w24,50,2062
4b_duration_prior,4b_duration_prior__d240__w24,51,626
4b_duration_prior,4b_duration_prior__d240__w24,52,516
4b_duration_prior,4b_duration_prior__d240__w24,53,626
4b_duration_prior,4b_duration_prior__d240__w24,54,556
4b_duration_prior,4b_duration_prior__d240__w24,55,640
4b_duration_prior,4b_duration_prior__d240__w24,56,726
4b_duration_prior,4b_duration_prior__d240__w24,57,794
4b_duration_prior,4b_duration_prior__d240__w24,58,833
4b_duration_prior,4b_duration_prior__d240__w24,59,802
4b_duration_prior,4b_duration_prior__d240__w24,60,921
4b_duration_prior,4b_duration_prior__d240__w24,61,1024
4b_duration_prior,4b_duration_prior__d240__w24,62,1077
4b_duration_prior,4b_duration_prior__d240__w24,63,1127
4b_duration_prior,4b_duration_prior__d240__w24,64,1270
4b_duration_prior,4b_duration_prior__d240__w24,65,1195
4b_duration_prior,4b_duration_prior__d240__w24,66,1078
4b_duration_prior,4b_duration_prior__d240__w24,67,967
4b_duration_prior,4b_duration_prior__d240__w24,68,1077
4b_duration_prior,4b_duration_prior__d240__w24,69,1032
4b_duration_prior,4b_duration_prior__d240__w24,70,1270
4b_duration_prior,4b_duration_prior__d240__w24,71,1138
4b_duration_prior,4b_duration_prior__d240__w24,72,911
4b_duration_prior,4b_duration_prior__d240__w24,73,801
4b_duration_prior,4b_duration_prior__d240__w24,74,3179
4b_duration_prior,4b_duration_prior__d240__w24,75,549
4b_duration_prior,4b_duration_prior__d240__w24,76,507
4b_duration_prior,4b_duration_prior__d240__w24,77,546
4b_duration_prior,4b_duration_prior__d240__w24,78,668
4b_duration_prior,4b_duration_prior__d240__w24,79,621
4b_duration_prior,4b_duration_prior__d240__w24,80,763
4b_duration_prior,4b_duration_prior__d240__w24,81,792
4b_duration_prior,4b_duration_prior__d240__w24,82,743
4b_duration_prior,4b_duration_prior__d240__w24,83,788
4b_duration_prior,4b_duration_prior__d240__w24,84,849
4b_duration_prior,4b_duration_prior__d240__w24,85,959
4b_duration_prior,4b_duration_prior__d240__w24,86,1081
4b_duration_prior,4b_duration_prior__d240__w24,87,1069
4b_duration_prior,4b_duration_prior__d240__w24,88,1121
4b_duration_prior,4b_duration_prior__d240__w24,89,1126
4b_duration_prior,4b_duration_prior__d240__w24,90,1100
4b_duration_prior,4b_duration_prior__d240__w24,91,1030
4b_duration_prior,4b_duration_prior__d240__w24,92,968
4b_duration_prior,4b_duration_prior__d240__w24,93,1090
4b_duration_prior,4b_duration_prior__d240__w24,94,1051
4b_duration_prior,4b_duration_prior__d240__w24,95,1324
4b_duration_prior,4b_duration_prior__d240__w24,96,720
4b_duration_prior,4b_duration_prior__d240__w24,97,780
4b_duration_prior,4b_duration_prior__d240__w24,98,3292
4b_duration_prior,4b_duration_prior__d240__w24,99,557
4b_duration_prior,4b_duration_prior__d240__w24,100,489
4b_duration_prior,4b_duration_prior__d240__w24,101,556
4b_duration_prior,4b_duration_prior__d240__w24,102,578
4b_duration_prior,4b_duration_prior__d240__w24,103,604
4b_duration_prior,4b_duration_prior__d240__w24,104,701
4b_duration_prior,4b_duration_prior__d240__w24,105,730
4b_duration_prior,4b_duration_prior__d240__w24,106,757
4b_duration_prior,4b_duration_prior__d240__w24,107,749
4b_duration_prior,4b_duration_prior__d240__w24,108,830
4b_duration_prior,4b_duration_prior__d240__w24,109,954
4b_duration_prior,4b_duration_prior__d240__w24,110,1010
4b_duration_prior,4b_duration_prior__d240__w24,111,1095
4b_duration_prior,4b_duration_prior__d240__w24,112,1012
4b_duration_prior,4b_duration_prior__d240__w24,113,1048
4b_duration_prior,4b_duration_prior__d240__w24,114,1003
4b_duration_prior,4b_duration_prior__d240__w24,115,946
4b_duration_prior,4b_duration_prior__d240__w24,116,914
4b_duration_prior,4b_duration_prior__d240__w24,117,997
4b_duration_prior,4b_duration_prior__d240__w24,118,1000
4b_duration_prior,4b_duration_prior__d240__w24,119,799
4b_duration_prior,4b_duration_prior__d240__w24,120,636
4b_duration_prior,4b_duration_prior__d240__w24,121,578
4b_duration_prior,4b_duration_prior__d240__w24,122,450
4b_duration_prior,4b_duration_prior__d240__w24,123,894
4b_duration_prior,4b_duration_prior__d240__w24,124,324
4b_duration_prior,4b_duration_prior__d240__w24,125,297
4b_duration_prior,4b_duration_prior__d240__w24,126,300
4b_duration_prior,4b_duration_prior__d240__w24,127,328
4b_duration_prior,4b_duration_prior__d240__w24,128,300
4b_duration_prior,4b_duration_prior__d240__w24,129,334
4b_duration_prior,4b_duration_prior__d240__w24,130,455
4b_duration_prior,4b_duration_prior__d240__w24,131,561
4b_duration_prior,4b_duration_prior__d240__w24,132,2045
4b_duration_prior,4b_duration_prior__d240__w24,133,395
4b_duration_prior,4b_duration_prior__d240__w24,134,521
4b_duration_prior,4b_duration_prior__d240__w24,135,575
4b_duration_prior,4b_duration_prior__d240__w24,136,562
4b_duration_prior,4b_duration_prior__d240__w24,137,589
4b_duration_prior,4b_duration_prior__d240__w24,138,500
4b_duration_prior,4b_duration_prior__d240__w24,139,549
4b_duration_prior,4b_duration_prior__d240__w24,140,546
4b_duration_prior,4b_duration_prior__d240__w24,141,559
4b_duration_prior,4b_duration_prior__d240__w24,142,559
4b_duration_prior,4b_duration_prior__d240__w24,143,498
4b_duration_prior,4b_duration_prior__d240__w24,144,389
4b_duration_prior,4b_duration_prior__d240__w24,145,382
4b_duration_prior,4b_duration_prior__d240__w24,146,356
4b_duration_prior,4b_duration_prior__d240__w24,147,483
4b_duration_prior,4b_duration_prior__d240__w24,148,330
4b_duration_prior,4b_duration_prior__d240__w24,149,299
4b_duration_prior,4b_duration_prior__d240__w24,150,261
4b_duration_prior,4b_duration_prior__d240__w24,151,327
4b_duration_prior,4b_duration_prior__d240__w24,152,306
4b_duration_prior,4b_duration_prior__d240__w24,153,424
4b_duration_prior,4b_duration_prior__d240__w24,154,418
4b_duration_prior,4b_duration_prior__d240__w24,155,1456
4b_duration_prior,4b_duration_prior__d240__w24,156,432
4b_duration_prior,4b_duration_prior__d240__w24,157,507
4b_duration_prior,4b_duration_prior__d240__w24,158,478
4b_duration_prior,4b_duration_prior__d240__w24,159,562
4b_duration_prior,4b_duration_prior__d240__w24,160,527
4b_duration_prior,4b_duration_prior__d240__w24,161,509
4b_duration_prior,4b_duration_prior__d240__w24,162,587
4b_duration_prior,4b_duration_prior__d240__w24,163,571
4b_duration_prior,4b_duration_prior__d240__w24,164,583
4b_duration_prior,4b_duration_prior__d240__w24,165,616
4b_duration_prior,4b_duration_prior__d240__w24,166,614
4b_duration_prior,4b_duration_prior__d240__w24,167,518
4b_duration_prior,4b_duration_prior__d480__w24,0,433
4b_duration_prior,4b_duration_prior__d480__w24,1,836
4b_duration_prior,4b_duration_prior__d480__w24,2,481
4b_duration_prior,4b_duration_prior__d480__w24,3,437
4b_duration_prior,4b_duration_prior__d480__w24,4,453
4b_duration_prior,4b_duration_prior__d480__w24,5,481
4b_duration_prior,4b_duration_prior__d480__w24,6,502
4b_duration_prior,4b_duration_prior__d480__w24,7,522
4b_duration_prior,4b_duration_prior__d480__w24,8,678
4b_duration_prior,4b_duration_prior__d480__w24,9,737
4b_duration_prior,4b_duration_prior__d480__w24,10,717
4b_duration_prior,4b_duration_prior__d480__w24,11,801
4b_duration_prior,4b_duration_prior__d480__w24,12,973
4b_duration_prior,4b_duration_prior__d480__w24,13,1033
4b_duration_prior,4b_duration_prior__d480__w24,14,1232
4b_duration_prior,4b_duration_prior__d480__w24,15,1217
4b_duration_prior,4b_duration_prior__d480__w24,16,1137
4b_duration_prior,4b_duration_prior__d480__w24,17,1098
4b_duration_prior,4b_duration_prior__d480__w24,18,1110
4b_duration_prior,4b_duration_prior__d480__w24,19,1004
4b_duration_prior,4b_duration_prior__d480__w24,20,1035
4b_duration_prior,4b_duration_prior__d480__w24,21,1194
4b_duration_prior,4b_duration_prior__d480__w24,22,1139
4b_duration_prior,4b_duration_prior__d480__w24,23,1008
4b_duration_prior,4b_duration_prior__d480__w24,24,833
4b_duration_prior,4b_duration_prior__d480__w24,25,702
4b_duration_prior,4b_duration_prior__d480__w24,26,2587
4b_duration_prior,4b_duration_prior__d480__w24,27,641
4b_duration_prior,4b_duration_prior__d480__w24,28,610
4b_duration_prior,4b_duration_prior__d480__w24,29,641
4b_duration_prior,4b_duration_prior__d480__w24,30,648
4b_duration_prior,4b_duration_prior__d480__w24,31,718
4b_duration_prior,4b_duration_prior__d480__w24,32,772
4b_duration_prior,4b_duration_prior__d480__w24,33,876
4b_duration_prior,4b_duration_prior__d480__w24,34,820
4b_duration_prior,4b_duration_prior__d480__w24,35,826
4b_duration_prior,4b_duration_prior__d480__w24,36,1628
4b_duration_prior,4b_duration_prior__d480__w24,37,1015
4b_duration_prior,4b_duration_prior__d480__w24,38,1122
4b_duration_prior,4b_duration_prior__d480__w24,39,1122
4b_duration_prior,4b_duration_prior__d480__w24,40,1203
4b_duration_prior,4b_duration_prior__d480__w24,41,1331
4b_duration_prior,4b_duration_prior__d480__w24,42,1136
4b_duration_prior,4b_duration_prior__d480__w24,43,1093
4b_duration_prior,4b_duration_prior__d480__w24,44,1056
4b_duration_prior,4b_duration_prior__d480__w24,45,1234
4b_duration_prior,4b_duration_prior__d480__w24,46,1092
4b_duration_prior,4b_duration_prior__d480__w24,47,1085
4b_duration_prior,4b_duration_prior__d480__w24,48,930
4b_duration_prior,4b_duration_prior__d480__w24,49,719
4b_duration_prior,4b_duration_prior__d480__w24,50,1644
4b_duration_prior,4b_duration_prior__d480__w24,51,641
4b_duration_prior,4b_duration_prior__d480__w24,52,542
4b_duration_prior,4b_duration_prior__d480__w24,53,653
4b_duration_prior,4b_duration_prior__d480__w24,54,572
4b_duration_prior,4b_duration_prior__d480__w24,55,680
4b_duration_prior,4b_duration_prior__d480__w24,56,765
4b_duration_prior,4b_duration_prior__d480__w24,57,842
4b_duration_prior,4b_duration_prior__d480__w24,58,895
4b_duration_prior,4b_duration_prior__d480__w24,59,837
4b_duration_prior,4b_duration_prior__d480__w24,60,967
4b_duration_prior,4b_duration_prior__d480__w24,61,1071
4b_duration_prior,4b_duration_prior__d480__w24,62,1112
4b_duration_prior,4b_duration_prior__d480__w24,63,1197
4b_duration_prior,4b_duration_prior__d480__w24,64,1321
4b_duration_prior,4b_duration_prior__d480__w24,65,1240
4b_duration_prior,4b_duration_prior__d480__w24,66,1124
4b_duration_prior,4b_duration_prior__d480__w24,67,1023
4b_duration_prior,4b_duration_prior__d480__w24,68,1113
4b_duration_prior,4b_duration_prior__d480__w24,69,1080
4b_duration_prior,4b_duration_prior__d480__w24,70,1273
4b_duration_prior,4b_duration_prior__d480__w24,71,1142
4b_duration_prior,4b_duration_prior__d480__w24,72,873
4b_duration_prior,4b_duration_prior__d480__w24,73,794
4b_duration_prior,4b_duration_prior__d480__w24,74,2324
4b_duration_prior,4b_duration_prior__d480__w24,75,559
4b_duration_prior,4b_duration_prior__d480__w24,76,520
4b_duration_prior,4b_duration_prior__d480__w24,77,562
4b_duration_prior,4b_duration_prior__d480__w24,78,690
4b_duration_prior,4b_duration_prior__d480__w24,79,653
4b_duration_prior,4b_duration_prior__d480__w24,80,796
4b_duration_prior,4b_duration_prior__d480__w24,81,850
4b_duration_prior,4b_duration_prior__d480__w24,82,775
4b_duration_prior,4b_duration_prior__d480__w24,83,827
4b_duration_prior,4b_duration_prior__d480__w24,84,879
4b_duration_prior,4b_duration_prior__d480__w24,85,998
4b_duration_prior,4b_duration_prior__d480__w24,86,1145
4b_duration_prior,4b_duration_prior__d480__w24,87,1126
4b_duration_prior,4b_duration_prior__d480__w24,88,1174
4b_duration_prior,4b_duration_prior__d480__w24,89,1180
4b_duration_prior,4b_duration_prior__d480__w24,90,1154
4b_duration_prior,4b_duration_prior__d480__w24,91,1053
4b_duration_prior,4b_duration_prior__d480__w24,92,1000
4b_duration_prior,4b_duration_prior__d480__w24,93,1122
4b_duration_prior,4b_duration_prior__d480__w24,94,1098
4b_duration_prior,4b_duration_prior__d480__w24,95,1288
4b_duration_prior,4b_duration_prior__d480__w24,96,766
4b_duration_prior,4b_duration_prior__d480__w24,97,774
4b_duration_prior,4b_duration_prior__d480__w24,98,2483
4b_duration_prior,4b_duration_prior__d480__w24,99,574
4b_duration_prior,4b_duration_prior__d480__w24,100,508
4b_duration_prior,4b_duration_prior__d480__w24,101,579
4b_duration_prior,4b_duration_prior__d480__w24,102,601
4b_duration_prior,4b_duration_prior__d480__w24,103,636
4b_duration_prior,4b_duration_prior__d480__w24,104,734
4b_duration_prior,4b_duration_prior__d480__w24,105,759
4b_duration_prior,4b_duration_prior__d480__w24,106,787
4b_duration_prior,4b_duration_prior__d480__w24,107,782
4b_duration_prior,4b_duration_prior__d480__w24,108,861
4b_duration_prior,4b_duration_prior__d480__w24,109,993
4b_duration_prior,4b_duration_prior__d480__w24,110,1056
4b_duration_prior,4b_duration_prior__d480__w24,111,1122
4b_duration_prior,4b_duration_prior__d480__w24,112,1059
4b_duration_prior,4b_duration_prior__d480__w24,113,1091
4b_duration_prior,4b_duration_prior__d480__w24,114,1039
4b_duration_prior,4b_duration_prior__d480__w24,115,1001
4b_duration_prior,4b_duration_prior__d480__w24,116,942
4b_duration_prior,4b_duration_prior__d480__w24,117,1031
4b_duration_prior,4b_duration_prior__d480__w24,118,1035
4b_duration_prior,4b_duration_prior__d480__w24,119,818
4b_duration_prior,4b_duration_prior__d480__w24,120,655
4b_duration_prior,4b_duration_prior__d480__w24,121,567
4b_duration_prior,4b_duration_prior__d480__w24,122,431
4b_duration_prior,4b_duration_prior__d480__w24,123,726
4b_duration_prior,4b_duration_prior__d480__w24,124,328
4b_duration_prior,4b_duration_prior__d480__w24,125,301
4b_duration_prior,4b_duration_prior__d480__w24,126,306
4b_duration_prior,4b_duration_prior__d480__w24,127,338
4b_duration_prior,4b_duration_prior__d480__w24,128,317
4b_duration_prior,4b_duration_prior__d480__w24,129,358
4b_duration_prior,4b_duration_prior__d480__w24,130,441
4b_duration_prior,4b_duration_prior__d480__w24,131,544
4b_duration_prior,4b_duration_prior__d480__w24,132,1601
4b_duration_prior,4b_duration_prior__d480__w24,133,406
4b_duration_prior,4b_duration_prior__d480__w24,134,538
4b_duration_prior,4b_duration_prior__d480__w24,135,594
4b_duration_prior,4b_duration_prior__d480__w24,136,581
4b_duration_prior,4b_duration_prior__d480__w24,137,606
4b_duration_prior,4b_duration_prior__d480__w24,138,518
4b_duration_prior,4b_duration_prior__d480__w24,139,568
4b_duration_prior,4b_duration_prior__d480__w24,140,566
4b_duration_prior,4b_duration_prior__d480__w24,141,578
4b_duration_prior,4b_duration_prior__d480__w24,142,581
4b_duration_prior,4b_duration_prior__d480__w24,143,508
4b_duration_prior,4b_duration_prior__d480__w24,144,411
4b_duration_prior,4b_duration_prior__d480__w24,145,387
4b_duration_prior,4b_duration_prior__d480__w24,146,348
4b_duration_prior,4b_duration_prior__d480__w24,147,441
4b_duration_prior,4b_duration_prior__d480__w24,148,333
4b_duration_prior,4b_duration_prior__d480__w24,149,312
4b_duration_prior,4b_duration_prior__d480__w24,150,265
4b_duration_prior,4b_duration_prior__d480__w24,151,345
4b_duration_prior,4b_duration_prior__d480__w24,152,314
4b_duration_prior,4b_duration_prior__d480__w24,153,409
4b_duration_prior,4b_duration_prior__d480__w24,154,415
4b_duration_prior,4b_duration_prior__d480__w24,155,1108
4b_duration_prior,4b_duration_prior__d480__w24,156,432
4b_duration_prior,4b_duration_prior__d480__w24,157,507
4b_duration_prior,4b_duration_prior__d480__w24,158,496
4b_duration_prior,4b_duration_prior__d480__w24,159,580
4b_duration_prior,4b_duration_prior__d480__w24,160,547
4b_duration_prior,4b_duration_prior__d480__w24,161,520
4b_duration_prior,4b_duration_prior__d480__w24,162,601
4b_duration_prior,4b_duration_prior__d480__w24,163,605
4b_duration_prior,4b_duration_prior__d480__w24,164,609
4b_duration_prior,4b_duration_prior__d480__w24,165,650
4b_duration_prior,4b_duration_prior__d480__w24,166,645
4b_duration_prior,4b_duration_prior__d480__w24,167,553
4b_duration_prior,4b_duration_prior__d960__w24,0,450
4b_duration_prior,4b_duration_prior__d960__w24,1,623
4b_duration_prior,4b_duration_prior__d960__w24,2,481
4b_duration_prior,4b_duration_prior__d960__w24,3,437
4b_duration_prior,4b_duration_prior__d960__w24,4,471
4b_duration_prior,4b_duration_prior__d960__w24,5,511
4b_duration_prior,4b_duration_prior__d960__w24,6,525
4b_duration_prior,4b_duration_prior__d960__w24,7,540
4b_duration_prior,4b_duration_prior__d960__w24,8,703
4b_duration_prior,4b_duration_prior__d960__w24,9,757
4b_duration_prior,4b_duration_prior__d960__w24,10,739
4b_duration_prior,4b_duration_prior__d960__w24,11,816
4b_duration_prior,4b_duration_prior__d960__w24,12,998
4b_duration_prior,4b_duration_prior__d960__w24,13,1056
4b_duration_prior,4b_duration_prior__d960__w24,14,1262
4b_duration_prior,4b_duration_prior__d960__w24,15,1237
4b_duration_prior,4b_duration_prior__d960__w24,16,1187
4b_duration_prior,4b_duration_prior__d960__w24,17,1161
4b_duration_prior,4b_duration_prior__d960__w24,18,1162
4b_duration_prior,4b_duration_prior__d960__w24,19,1062
4b_duration_prior,4b_duration_prior__d960__w24,20,1111
4b_duration_prior,4b_duration_prior__d960__w24,21,1285
4b_duration_prior,4b_duration_prior__d960__w24,22,1226
4b_duration_prior,4b_duration_prior__d960__w24,23,1075
4b_duration_prior,4b_duration_prior__d960__w24,24,893
4b_duration_prior,4b_duration_prior__d960__w24,25,745
4b_duration_prior,4b_duration_prior__d960__w24,26,1671
4b_duration_prior,4b_duration_prior__d960__w24,27,641
4b_duration_prior,4b_duration_prior__d960__w24,28,610
4b_duration_prior,4b_duration_prior__d960__w24,29,664
4b_duration_prior,4b_duration_prior__d960__w24,30,666
4b_duration_prior,4b_duration_prior__d960__w24,31,745
4b_duration_prior,4b_duration_prior__d960__w24,32,806
4b_duration_prior,4b_duration_prior__d960__w24,33,911
4b_duration_prior,4b_duration_prior__d960__w24,34,848
4b_duration_prior,4b_duration_prior__d960__w24,35,849
4b_duration_prior,4b_duration_prior__d960__w24,36,1440
4b_duration_prior,4b_duration_prior__d960__w24,37,1045
4b_duration_prior,4b_duration_prior__d960__w24,38,1154
4b_duration_prior,4b_duration_prior__d960__w24,39,1163
4b_duration_prior,4b_duration_prior__d960__w24,40,1252
4b_duration_prior,4b_duration_prior__d960__w24,41,1409
4b_duration_prior,4b_duration_prior__d960__w24,42,1188
4b_duration_prior,4b_duration_prior__d960__w24,43,1166
4b_duration_prior,4b_duration_prior__d960__w24,44,1126
4b_duration_prior,4b_duration_prior__d960__w24,45,1308
4b_duration_prior,4b_duration_prior__d960__w24,46,1183
4b_duration_prior,4b_duration_prior__d960__w24,47,1154
4b_duration_prior,4b_duration_prior__d960__w24,48,1017
4b_duration_prior,4b_duration_prior__d960__w24,49,775
4b_duration_prior,4b_duration_prior__d960__w24,50,1169
4b_duration_prior,4b_duration_prior__d960__w24,51,663
4b_duration_prior,4b_duration_prior__d960__w24,52,555
4b_duration_prior,4b_duration_prior__d960__w24,53,668
4b_duration_prior,4b_duration_prior__d960__w24,54,583
4b_duration_prior,4b_duration_prior__d960__w24,55,696
4b_duration_prior,4b_duration_prior__d960__w24,56,783
4b_duration_prior,4b_duration_prior__d960__w24,57,866
4b_duration_prior,4b_duration_prior__d960__w24,58,915
4b_duration_prior,4b_duration_prior__d960__w24,59,859
4b_duration_prior,4b_duration_prior__d960__w24,60,979
4b_duration_prior,4b_duration_prior__d960__w24,61,1100
4b_duration_prior,4b_duration_prior__d960__w24,62,1144
4b_duration_prior,4b_duration_prior__d960__w24,63,1241
4b_duration_prior,4b_duration_prior__d960__w24,64,1372
4b_duration_prior,4b_duration_prior__d960__w24,65,1293
4b_duration_prior,4b_duration_prior__d960__w24,66,1187
4b_duration_prior,4b_duration_prior__d960__w24,67,1091
4b_duration_prior,4b_duration_prior__d960__w24,68,1182
4b_duration_prior,4b_duration_prior__d960__w24,69,1157
4b_duration_prior,4b_duration_prior__d960__w24,70,1255
4b_duration_prior,4b_duration_prior__d960__w24,71,1155
4b_duration_prior,4b_duration_prior__d960__w24,72,860
4b_duration_prior,4b_duration_prior__d960__w24,73,780
4b_duration_prior,4b_duration_prior__d960__w24,74,1589
4b_duration_prior,4b_duration_prior__d960__w24,75,573
4b_duration_prior,4b_duration_prior__d960__w24,76,537
4b_duration_prior,4b_duration_prior__d960__w24,77,577
4b_duration_prior,4b_duration_prior__d960__w24,78,712
4b_duration_prior,4b_duration_prior__d960__w24,79,672
4b_duration_prior,4b_duration_prior__d960__w24,80,817
4b_duration_prior,4b_duration_prior__d960__w24,81,876
4b_duration_prior,4b_duration_prior__d960__w24,82,793
4b_duration_prior,4b_duration_prior__d960__w24,83,839
4b_duration_prior,4b_duration_prior__d960__w24,84,894
4b_duration_prior,4b_duration_prior__d960__w24,85,1026
4b_duration_prior,4b_duration_prior__d960__w24,86,1174
4b_duration_prior,4b_duration_prior__d960__w24,87,1166
4b_duration_prior,4b_duration_prior__d960__w24,88,1216
4b_duration_prior,4b_duration_prior__d960__w24,89,1226
4b_duration_prior,4b_duration_prior__d960__w24,90,1208
4b_duration_prior,4b_duration_prior__d960__w24,91,1096
4b_duration_prior,4b_duration_prior__d960__w24,92,1062
4b_duration_prior,4b_duration_prior__d960__w24,93,1206
4b_duration_prior,4b_duration_prior__d960__w24,94,1187
4b_duration_prior,4b_duration_prior__d960__w24,95,1233
4b_duration_prior,4b_duration_prior__d960__w24,96,827
4b_duration_prior,4b_duration_prior__d960__w24,97,779
4b_duration_prior,4b_duration_prior__d960__w24,98,1619
4b_duration_prior,4b_duration_prior__d960__w24,99,587
4b_duration_prior,4b_duration_prior__d960__w24,100,518
4b_duration_prior,4b_duration_prior__d960__w24,101,592
4b_duration_prior,4b_duration_prior__d960__w24,102,617
4b_duration_prior,4b_duration_prior__d960__w24,103,650
4b_duration_prior,4b_duration_prior__d960__w24,104,750
4b_duration_prior,4b_duration_prior__d960__w24,105,780
4b_duration_prior,4b_duration_prior__d960__w24,106,802
4b_duration_prior,4b_duration_prior__d960__w24,107,801
4b_duration_prior,4b_duration_prior__d960__w24,108,877
4b_duration_prior,4b_duration_prior__d960__w24,109,1009
4b_duration_prior,4b_duration_prior__d960__w24,110,1081
4b_duration_prior,4b_duration_prior__d960__w24,111,1146
4b_duration_prior,4b_duration_prior__d960__w24,112,1091
4b_duration_prior,4b_duration_prior__d960__w24,113,1136
4b_duration_prior,4b_duration_prior__d960__w24,114,1091
4b_duration_prior,4b_duration_prior__d960__w24,115,1057
4b_duration_prior,4b_duration_prior__d960__w24,116,991
4b_duration_prior,4b_duration_prior__d960__w24,117,1101
4b_duration_prior,4b_duration_prior__d960__w24,118,1113
4b_duration_prior,4b_duration_prior__d960__w24,119,881
4b_duration_prior,4b_duration_prior__d960__w24,120,696
4b_duration_prior,4b_duration_prior__d960__w24,121,543
4b_duration_prior,4b_duration_prior__d960__w24,122,432
4b_duration_prior,4b_duration_prior__d960__w24,123,637
4b_duration_prior,4b_duration_prior__d960__w24,124,340
4b_duration_prior,4b_duration_prior__d960__w24,125,313
4b_duration_prior,4b_duration_prior__d960__w24,126,317
4b_duration_prior,4b_duration_prior__d960__w24,127,344
4b_duration_prior,4b_duration_prior__d960__w24,128,323
4b_duration_prior,4b_duration_prior__d960__w24,129,365
4b_duration_prior,4b_duration_prior__d960__w24,130,435
4b_duration_prior,4b_duration_prior__d960__w24,131,533
4b_duration_prior,4b_duration_prior__d960__w24,132,1039
4b_duration_prior,4b_duration_prior__d960__w24,133,412
4b_duration_prior,4b_duration_prior__d960__w24,134,547
4b_duration_prior,4b_duration_prior__d960__w24,135,604
4b_duration_prior,4b_duration_prior__d960__w24,136,595
4b_duration_prior,4b_duration_prior__d960__w24,137,622
4b_duration_prior,4b_duration_prior__d960__w24,138,541
4b_duration_prior,4b_duration_prior__d960__w24,139,587
4b_duration_prior,4b_duration_prior__d960__w24,140,579
4b_duration_prior,4b_duration_prior__d960__w24,141,589
4b_duration_prior,4b_duration_prior__d960__w24,142,597
4b_duration_prior,4b_duration_prior__d960__w24,143,526
4b_duration_prior,4b_duration_prior__d960__w24,144,422
4b_duration_prior,4b_duration_prior__d960__w24,145,368
4b_duration_prior,4b_duration_prior__d960__w24,146,344
4b_duration_prior,4b_duration_prior__d960__w24,147,396
4b_duration_prior,4b_duration_prior__d960__w24,148,343
4b_duration_prior,4b_duration_prior__d960__w24,149,330
4b_duration_prior,4b_duration_prior__d960__w24,150,278
4b_duration_prior,4b_duration_prior__d960__w24,151,354
4b_duration_prior,4b_duration_prior__d960__w24,152,319
4b_duration_prior,4b_duration_prior__d960__w24,153,411
4b_duration_prior,4b_duration_prior__d960__w24,154,416
4b_duration_prior,4b_duration_prior__d960__w24,155,823
4b_duration_prior,4b_duration_prior__d960__w24,156,432
4b_duration_prior,4b_duration_prior__d960__w24,157,507
4b_duration_prior,4b_duration_prior__d960__w24,158,506
4b_duration_prior,4b_duration_prior__d960__w24,159,604
4b_duration_prior,4b_duration_prior__d960__w24,160,567
4b_duration_prior,4b_duration_prior__d960__w24,161,538
4b_duration_prior,4b_duration_prior__d960__w24,162,624
4b_duration_prior,4b_duration_prior__d960__w24,163,618
4b_duration_prior,4b_duration_prior__d960__w24,164,629
4b_duration_prior,4b_duration_prior__d960__w24,165,683
4b_duration_prior,4b_duration_prior__d960__w24,166,662
4b_duration_prior,4b_duration_prior__d960__w24,167,571
4b_duration_prior,4b_duration_prior__d1920__w24,0,456
4b_duration_prior,4b_duration_prior__d1920__w24,1,559
4b_duration_prior,4b_duration_prior__d1920__w24,2,481
4b_duration_prior,4b_duration_prior__d1920__w24,3,437
4b_duration_prior,4b_duration_prior__d1920__w24,4,473
4b_duration_prior,4b_duration_prior__d1920__w24,5,515
4b_duration_prior,4b_duration_prior__d1920__w24,6,533
4b_duration_prior,4b_duration_prior__d1920__w24,7,554
4b_duration_prior,4b_duration_prior__d1920__w24,8,732
4b_duration_prior,4b_duration_prior__d1920__w24,9,800
4b_duration_prior,4b_duration_prior__d1920__w24,10,777
4b_duration_prior,4b_duration_prior__d1920__w24,11,865
4b_duration_prior,4b_duration_prior__d1920__w24,12,1063
4b_duration_prior,4b_duration_prior__d1920__w24,13,1104
4b_duration_prior,4b_duration_prior__d1920__w24,14,1308
4b_duration_prior,4b_duration_prior__d1920__w24,15,1271
4b_duration_prior,4b_duration_prior__d1920__w24,16,1218
4b_duration_prior,4b_duration_prior__d1920__w24,17,1201
4b_duration_prior,4b_duration_prior__d1920__w24,18,1189
4b_duration_prior,4b_duration_prior__d1920__w24,19,1088
4b_duration_prior,4b_duration_prior__d1920__w24,20,1136
4b_duration_prior,4b_duration_prior__d1920__w24,21,1306
4b_duration_prior,4b_duration_prior__d1920__w24,22,1249
4b_duration_prior,4b_duration_prior__d1920__w24,23,1082
4b_duration_prior,4b_duration_prior__d1920__w24,24,902
4b_duration_prior,4b_duration_prior__d1920__w24,25,750
4b_duration_prior,4b_duration_prior__d1920__w24,26,1077
4b_duration_prior,4b_duration_prior__d1920__w24,27,641
4b_duration_prior,4b_duration_prior__d1920__w24,28,610
4b_duration_prior,4b_duration_prior__d1920__w24,29,682
4b_duration_prior,4b_duration_prior__d1920__w24,30,694
4b_duration_prior,4b_duration_prior__d1920__w24,31,779
4b_duration_prior,4b_duration_prior__d1920__w24,32,841
4b_duration_prior,4b_duration_prior__d1920__w24,33,955
4b_duration_prior,4b_duration_prior__d1920__w24,34,900
4b_duration_prior,4b_duration_prior__d1920__w24,35,898
4b_duration_prior,4b_duration_prior__d1920__w24,36,1180
4b_duration_prior,4b_duration_prior__d1920__w24,37,1097
4b_duration_prior,4b_duration_prior__d1920__w24,38,1198
4b_duration_prior,4b_duration_prior__d1920__w24,39,1205
4b_duration_prior,4b_duration_prior__d1920__w24,40,1282
4b_duration_prior,4b_duration_prior__d1920__w24,41,1434
4b_duration_prior,4b_duration_prior__d1920__w24,42,1209
4b_duration_prior,4b_duration_prior__d1920__w24,43,1194
4b_duration_prior,4b_duration_prior__d1920__w24,44,1150
4b_duration_prior,4b_duration_prior__d1920__w24,45,1326
4b_duration_prior,4b_duration_prior__d1920__w24,46,1207
4b_duration_prior,4b_duration_prior__d1920__w24,47,1177
4b_duration_prior,4b_duration_prior__d1920__w24,48,1023
4b_duration_prior,4b_duration_prior__d1920__w24,49,787
4b_duration_prior,4b_duration_prior__d1920__w24,50,890
4b_duration_prior,4b_duration_prior__d1920__w24,51,667
4b_duration_prior,4b_duration_prior__d1920__w24,52,560
4b_duration_prior,4b_duration_prior__d1920__w24,53,677
4b_duration_prior,4b_duration_prior__d1920__w24,54,608
4b_duration_prior,4b_duration_prior__d1920__w24,55,735
4b_duration_prior,4b_duration_prior__d1920__w24,56,823
4b_duration_prior,4b_duration_prior__d1920__w24,57,905
4b_duration_prior,4b_duration_prior__d1920__w24,58,963
4b_duration_prior,4b_duration_prior__d1920__w24,59,901
4b_duration_prior,4b_duration_prior__d1920__w24,60,1038
4b_duration_prior,4b_duration_prior__d1920__w24,61,1133
4b_duration_prior,4b_duration_prior__d1920__w24,62,1172
4b_duration_prior,4b_duration_prior__d1920__w24,63,1277
4b_duration_prior,4b_duration_prior__d1920__w24,64,1409
4b_duration_prior,4b_duration_prior__d1920__w24,65,1320
4b_duration_prior,4b_duration_prior__d1920__w24,66,1210
4b_duration_prior,4b_duration_prior__d1920__w24,67,1112
4b_duration_prior,4b_duration_prior__d1920__w24,68,1207
4b_duration_prior,4b_duration_prior__d1920__w24,69,1169
4b_duration_prior,4b_duration_prior__d1920__w24,70,1252
4b_duration_prior,4b_duration_prior__d1920__w24,71,1153
4b_duration_prior,4b_duration_prior__d1920__w24,72,863
4b_duration_prior,4b_duration_prior__d1920__w24,73,770
4b_duration_prior,4b_duration_prior__d1920__w24,74,1017
4b_duration_prior,4b_duration_prior__d1920__w24,75,578
4b_duration_prior,4b_duration_prior__d1920__w24,76,544
4b_duration_prior,4b_duration_prior__d1920__w24,77,579
4b_duration_prior,4b_duration_prior__d1920__w24,78,736
4b_duration_prior,4b_duration_prior__d1920__w24,79,702
4b_duration_prior,4b_duration_prior__d1920__w24,80,854
4b_duration_prior,4b_duration_prior__d1920__w24,81,917
4b_duration_prior,4b_duration_prior__d1920__w24,82,834
4b_duration_prior,4b_duration_prior__d1920__w24,83,880
4b_duration_prior,4b_duration_prior__d1920__w24,84,930
4b_duration_prior,4b_duration_prior__d1920__w24,85,1086
4b_duration_prior,4b_duration_prior__d1920__w24,86,1219
4b_duration_prior,4b_duration_prior__d1920__w24,87,1199
4b_duration_prior,4b_duration_prior__d1920__w24,88,1254
4b_duration_prior,4b_duration_prior__d1920__w24,89,1246
4b_duration_prior,4b_duration_prior__d1920__w24,90,1232
4b_duration_prior,4b_duration_prior__d1920__w24,91,1120
4b_duration_prior,4b_duration_prior__d1920__w24,92,1076
4b_duration_prior,4b_duration_prior__d1920__w24,93,1222
4b_duration_prior,4b_duration_prior__d1920__w24,94,1200
4b_duration_prior,4b_duration_prior__d1920__w24,95,1219
4b_duration_prior,4b_duration_prior__d1920__w24,96,833
4b_duration_prior,4b_duration_prior__d1920__w24,97,788
4b_duration_prior,4b_duration_prior__d1920__w24,98,1046
4b_duration_prior,4b_duration_prior__d1920__w24,99,595
4b_duration_prior,4b_duration_prior__d1920__w24,100,526
4b_duration_prior,4b_duration_prior__d1920__w24,101,602
4b_duration_prior,4b_duration_prior__d1920__w24,102,633
4b_duration_prior,4b_duration_prior__d1920__w24,103,678
4b_duration_prior,4b_duration_prior__d1920__w24,104,794
4b_duration_prior,4b_duration_prior__d1920__w24,105,812
4b_duration_prior,4b_duration_prior__d1920__w24,106,842
4b_duration_prior,4b_duration_prior__d1920__w24,107,863
4b_duration_prior,4b_duration_prior__d1920__w24,108,936
4b_duration_prior,4b_duration_prior__d1920__w24,109,1059
4b_duration_prior,4b_duration_prior__d1920__w24,110,1121
4b_duration_prior,4b_duration_prior__d1920__w24,111,1184
4b_duration_prior,4b_duration_prior__d1920__w24,112,1120
4b_duration_prior,4b_duration_prior__d1920__w24,113,1160
4b_duration_prior,4b_duration_prior__d1920__w24,114,1123
4b_duration_prior,4b_duration_prior__d1920__w24,115,1075
4b_duration_prior,4b_duration_prior__d1920__w24,116,1010
4b_duration_prior,4b_duration_prior__d1920__w24,117,1116
4b_duration_prior,4b_duration_prior__d1920__w24,118,1128
4b_duration_prior,4b_duration_prior__d1920__w24,119,894
4b_duration_prior,4b_duration_prior__d1920__w24,120,702
4b_duration_prior,4b_duration_prior__d1920__w24,121,547
4b_duration_prior,4b_duration_prior__d1920__w24,122,428
4b_duration_prior,4b_duration_prior__d1920__w24,123,496
4b_duration_prior,4b_duration_prior__d1920__w24,124,341
4b_duration_prior,4b_duration_prior__d1920__w24,125,318
4b_duration_prior,4b_duration_prior__d1920__w24,126,323
4b_duration_prior,4b_duration_prior__d1920__w24,127,348
4b_duration_prior,4b_duration_prior__d1920__w24,128,334
4b_duration_prior,4b_duration_prior__d1920__w24,129,371
4b_duration_prior,4b_duration_prior__d1920__w24,130,403
4b_duration_prior,4b_duration_prior__d1920__w24,131,480
4b_duration_prior,4b_duration_prior__d1920__w24,132,690
4b_duration_prior,4b_duration_prior__d1920__w24,133,428
4b_duration_prior,4b_duration_prior__d1920__w24,134,563
4b_duration_prior,4b_duration_prior__d1920__w24,135,615
4b_duration_prior,4b_duration_prior__d1920__w24,136,612
4b_duration_prior,4b_duration_prior__d1920__w24,137,641
4b_duration_prior,4b_duration_prior__d1920__w24,138,550
4b_duration_prior,4b_duration_prior__d1920__w24,139,594
4b_duration_prior,4b_duration_prior__d1920__w24,140,585
4b_duration_prior,4b_duration_prior__d1920__w24,141,596
4b_duration_prior,4b_duration_prior__d1920__w24,142,614
4b_duration_prior,4b_duration_prior__d1920__w24,143,540
4b_duration_prior,4b_duration_prior__d1920__w24,144,440
4b_duration_prior,4b_duration_prior__d1920__w24,145,357
4b_duration_prior,4b_duration_prior__d1920__w24,146,348
4b_duration_prior,4b_duration_prior__d1920__w24,147,368
4b_duration_prior,4b_duration_prior__d1920__w24,148,350
4b_duration_prior,4b_duration_prior__d1920__w24,149,336
4b_duration_prior,4b_duration_prior__d1920__w24,150,286
4b_duration_prior,4b_duration_prior__d1920__w24,151,360
4b_duration_prior,4b_duration_prior__d1920__w24,152,326
4b_duration_prior,4b_duration_prior__d1920__w24,153,409
4b_duration_prior,4b_duration_prior__d1920__w24,154,411
4b_duration_prior,4b_duration_prior__d1920__w24,155,593
4b_duration_prior,4b_duration_prior__d1920__w24,156,432
4b_duration_prior,4b_duration_prior__d1920__w24,157,507
4b_duration_prior,4b_duration_prior__d1920__w24,158,517
4b_duration_prior,4b_duration_prior__d1920__w24,159,609
4b_duration_prior,4b_duration_prior__d1920__w24,160,575
4b_duration_prior,4b_duration_prior__d1920__w24,161,545
4b_duration_prior,4b_duration_prior__d1920__w24,162,628
4b_duration_prior,4b_duration_prior__d1920__w24,163,622
4b_duration_prior,4b_duration_prior__d1920__w24,164,634
4b_duration_prior,4b_duration_prior__d1920__w24,165,688
4b_duration_prior,4b_duration_prior__d1920__w24,166,665
4b_duration_prior,4b_duration_prior__d1920__w24,167,577
4b_duration_prior,4b_duration_prior__d3840__w24,0,466
4b_duration_prior,4b_duration_prior__d3840__w24,1,499
4b_duration_prior,4b_duration_prior__d3840__w24,2,481
4b_duration_prior,4b_duration_prior__d3840__w24,3,437
4b_duration_prior,4b_duration_prior__d3840__w24,4,476
4b_duration_prior,4b_duration_prior__d3840__w24,5,527
4b_duration_prior,4b_duration_prior__d3840__w24,6,537
4b_duration_prior,4b_duration_prior__d3840__w24,7,560
4b_duration_prior,4b_duration_prior__d3840__w24,8,741
4b_duration_prior,4b_duration_prior__d3840__w24,9,812
4b_duration_prior,4b_duration_prior__d3840__w24,10,784
4b_duration_prior,4b_duration_prior__d3840__w24,11,873
4b_duration_prior,4b_duration_prior__d3840__w24,12,1078
4b_duration_prior,4b_duration_prior__d3840__w24,13,1120
4b_duration_prior,4b_duration_prior__d3840__w24,14,1315
4b_duration_prior,4b_duration_prior__d3840__w24,15,1288
4b_duration_prior,4b_duration_prior__d3840__w24,16,1232
4b_duration_prior,4b_duration_prior__d3840__w24,17,1221
4b_duration_prior,4b_duration_prior__d3840__w24,18,1203
4b_duration_prior,4b_duration_prior__d3840__w24,19,1105
4b_duration_prior,4b_duration_prior__d3840__w24,20,1143
4b_duration_prior,4b_duration_prior__d3840__w24,21,1319
4b_duration_prior,4b_duration_prior__d3840__w24,22,1269
4b_duration_prior,4b_duration_prior__d3840__w24,23,1091
4b_duration_prior,4b_duration_prior__d3840__w24,24,910
4b_duration_prior,4b_duration_prior__d3840__w24,25,759
4b_duration_prior,4b_duration_prior__d3840__w24,26,830
4b_duration_prior,4b_duration_prior__d3840__w24,27,641
4b_duration_prior,4b_duration_prior__d3840__w24,28,610
4b_duration_prior,4b_duration_prior__d3840__w24,29,691
4b_duration_prior,4b_duration_prior__d3840__w24,30,703
4b_duration_prior,4b_duration_prior__d3840__w24,31,789
4b_duration_prior,4b_duration_prior__d3840__w24,32,852
4b_duration_prior,4b_duration_prior__d3840__w24,33,969
4b_duration_prior,4b_duration_prior__d3840__w24,34,909
4b_duration_prior,4b_duration_prior__d3840__w24,35,906
4b_duration_prior,4b_duration_prior__d3840__w24,36,1110
4b_duration_prior,4b_duration_prior__d3840__w24,37,1114
4b_duration_prior,4b_duration_prior__d3840__w24,38,1214
4b_duration_prior,4b_duration_prior__d3840__w24,39,1218
4b_duration_prior,4b_duration_prior__d3840__w24,40,1303
4b_duration_prior,4b_duration_prior__d3840__w24,41,1449
4b_duration_prior,4b_duration_prior__d3840__w24,42,1227
4b_duration_prior,4b_duration_prior__d3840__w24,43,1206
4b_duration_prior,4b_duration_prior__d3840__w24,44,1163
4b_duration_prior,4b_duration_prior__d3840__w24,45,1345
4b_duration_prior,4b_duration_prior__d3840__w24,46,1231
4b_duration_prior,4b_duration_prior__d3840__w24,47,1189
4b_duration_prior,4b_duration_prior__d3840__w24,48,1028
4b_duration_prior,4b_duration_prior__d3840__w24,49,791
4b_duration_prior,4b_duration_prior__d3840__w24,50,750
4b_duration_prior,4b_duration_prior__d3840__w24,51,679
4b_duration_prior,4b_duration_prior__d3840__w24,52,562
4b_duration_prior,4b_duration_prior__d3840__w24,53,684
4b_duration_prior,4b_duration_prior__d3840__w24,54,617
4b_duration_prior,4b_duration_prior__d3840__w24,55,743
4b_duration_prior,4b_duration_prior__d3840__w24,56,838
4b_duration_prior,4b_duration_prior__d3840__w24,57,924
4b_duration_prior,4b_duration_prior__d3840__w24,58,972
4b_duration_prior,4b_duration_prior__d3840__w24,59,911
4b_duration_prior,4b_duration_prior__d3840__w24,60,1049
4b_duration_prior,4b_duration_prior__d3840__w24,61,1147
4b_duration_prior,4b_duration_prior__d3840__w24,62,1194
4b_duration_prior,4b_duration_prior__d3840__w24,63,1291
4b_duration_prior,4b_duration_prior__d3840__w24,64,1431
4b_duration_prior,4b_duration_prior__d3840__w24,65,1338
4b_duration_prior,4b_duration_prior__d3840__w24,66,1221
4b_duration_prior,4b_duration_prior__d3840__w24,67,1118
4b_duration_prior,4b_duration_prior__d3840__w24,68,1222
4b_duration_prior,4b_duration_prior__d3840__w24,69,1176
4b_duration_prior,4b_duration_prior__d3840__w24,70,1244
4b_duration_prior,4b_duration_prior__d3840__w24,71,1155
4b_duration_prior,4b_duration_prior__d3840__w24,72,859
4b_duration_prior,4b_duration_prior__d3840__w24,73,774
4b_duration_prior,4b_duration_prior__d3840__w24,74,771
4b_duration_prior,4b_duration_prior__d3840__w24,75,582
4b_duration_prior,4b_duration_prior__d3840__w24,76,548
4b_duration_prior,4b_duration_prior__d3840__w24,77,588
4b_duration_prior,4b_duration_prior__d3840__w24,78,745
4b_duration_prior,4b_duration_prior__d3840__w24,79,710
4b_duration_prior,4b_duration_prior__d3840__w24,80,864
4b_duration_prior,4b_duration_prior__d3840__w24,81,929
4b_duration_prior,4b_duration_prior__d3840__w24,82,855
4b_duration_prior,4b_duration_prior__d3840__w24,83,889
4b_duration_prior,4b_duration_prior__d3840__w24,84,941
4b_duration_prior,4b_duration_prior__d3840__w24,85,1103
4b_duration_prior,4b_duration_prior__d3840__w24,86,1234
4b_duration_prior,4b_duration_prior__d3840__w24,87,1216
4b_duration_prior,4b_duration_prior__d3840__w24,88,1275
4b_duration_prior,4b_duration_prior__d3840__w24,89,1256
4b_duration_prior,4b_duration_prior__d3840__w24,90,1256
4b_duration_prior,4b_duration_prior__d3840__w24,91,1137
4b_duration_prior,4b_duration_prior__d3840__w24,92,1090
4b_duration_prior,4b_duration_prior__d3840__w24,93,1237
4b_duration_prior,4b_duration_prior__d3840__w24,94,1213
4b_duration_prior,4b_duration_prior__d3840__w24,95,1214
4b_duration_prior,4b_duration_prior__d3840__w24,96,848
4b_duration_prior,4b_duration_prior__d3840__w24,97,784
4b_duration_prior,4b_duration_prior__d3840__w24,98,764
4b_duration_prior,4b_duration_prior__d3840__w24,99,599
4b_duration_prior,4b_duration_prior__d3840__w24,100,533
4b_duration_prior,4b_duration_prior__d3840__w24,101,611
4b_duration_prior,4b_duration_prior__d3840__w24,102,649
4b_duration_prior,4b_duration_prior__d3840__w24,103,687
4b_duration_prior,4b_duration_prior__d3840__w24,104,801
4b_duration_prior,4b_duration_prior__d3840__w24,105,820
4b_duration_prior,4b_duration_prior__d3840__w24,106,855
4b_duration_prior,4b_duration_prior__d3840__w24,107,874
4b_duration_prior,4b_duration_prior__d3840__w24,108,954
4b_duration_prior,4b_duration_prior__d3840__w24,109,1076
4b_duration_prior,4b_duration_prior__d3840__w24,110,1138
4b_duration_prior,4b_duration_prior__d3840__w24,111,1210
4b_duration_prior,4b_duration_prior__d3840__w24,112,1136
4b_duration_prior,4b_duration_prior__d3840__w24,113,1170
4b_duration_prior,4b_duration_prior__d3840__w24,114,1129
4b_duration_prior,4b_duration_prior__d3840__w24,115,1079
4b_duration_prior,4b_duration_prior__d3840__w24,116,1018
4b_duration_prior,4b_duration_prior__d3840__w24,117,1122
4b_duration_prior,4b_duration_prior__d3840__w24,118,1134
4b_duration_prior,4b_duration_prior__d3840__w24,119,898
4b_duration_prior,4b_duration_prior__d3840__w24,120,707
4b_duration_prior,4b_duration_prior__d3840__w24,121,548
4b_duration_prior,4b_duration_prior__d3840__w24,122,429
4b_duration_prior,4b_duration_prior__d3840__w24,123,445
4b_duration_prior,4b_duration_prior__d3840__w24,124,347
4b_duration_prior,4b_duration_prior__d3840__w24,125,320
4b_duration_prior,4b_duration_prior__d3840__w24,126,326
4b_duration_prior,4b_duration_prior__d3840__w24,127,353
4b_duration_prior,4b_duration_prior__d3840__w24,128,335
4b_duration_prior,4b_duration_prior__d3840__w24,129,375
4b_duration_prior,4b_duration_prior__d3840__w24,130,397
4b_duration_prior,4b_duration_prior__d3840__w24,131,474
4b_duration_prior,4b_duration_prior__d3840__w24,132,548
4b_duration_prior,4b_duration_prior__d3840__w24,133,433
4b_duration_prior,4b_duration_prior__d3840__w24,134,564
4b_duration_prior,4b_duration_prior__d3840__w24,135,618
4b_duration_prior,4b_duration_prior__d3840__w24,136,617
4b_duration_prior,4b_duration_prior__d3840__w24,137,650
4b_duration_prior,4b_duration_prior__d3840__w24,138,553
4b_duration_prior,4b_duration_prior__d3840__w24,139,599
4b_duration_prior,4b_duration_prior__d3840__w24,140,590
4b_duration_prior,4b_duration_prior__d3840__w24,141,603
4b_duration_prior,4b_duration_prior__d3840__w24,142,625
4b_duration_prior,4b_duration_prior__d3840__w24,143,547
4b_duration_prior,4b_duration_prior__d3840__w24,144,445
4b_duration_prior,4b_duration_prior__d3840__w24,145,357
4b_duration_prior,4b_duration_prior__d3840__w24,146,351
4b_duration_prior,4b_duration_prior__d3840__w24,147,347
4b_duration_prior,4b_duration_prior__d3840__w24,148,353
4b_duration_prior,4b_duration_prior__d3840__w24,149,341
4b_duration_prior,4b_duration_prior__d3840__w24,150,287
4b_duration_prior,4b_duration_prior__d3840__w24,151,365
4b_duration_prior,4b_duration_prior__d3840__w24,152,334
4b_duration_prior,4b_duration_prior__d3840__w24,153,408
4b_duration_prior,4b_duration_prior__d3840__w24,154,405
4b_duration_prior,4b_duration_prior__d3840__w24,155,473
4b_duration_prior,4b_duration_prior__d3840__w24,156,432
4b_duration_prior,4b_duration_prior__d3840__w24,157,507
4b_duration_prior,4b_duration_prior__d3840__w24,158,519
4b_duration_prior,4b_duration_prior__d3840__w24,159,614
4b_duration_prior,4b_duration_prior__d3840__w24,160,580
4b_duration_prior,4b_duration_prior__d3840__w24,161,549
4b_duration_prior,4b_duration_prior__d3840__w24,162,632
4b_duration_prior,4b_duration_prior__d3840__w24,163,625
4b_duration_prior,4b_duration_prior__d3840__w24,164,634
4b_duration_prior,4b_duration_prior__d3840__w24,165,696
4b_duration_prior,4b_duration_prior__d3840__w24,166,677
4b_duration_prior,4b_duration_prior__d3840__w24,167,584
4b_duration_prior,4b_duration_prior__d7680__w24,0,468
4b_duration_prior,4b_duration_prior__d7680__w24,1,490
4b_duration_prior,4b_duration_prior__d7680__w24,2,481
4b_duration_prior,4b_duration_prior__d7680__w24,3,437
4b_duration_prior,4b_duration_prior__d7680__w24,4,477
4b_duration_prior,4b_duration_prior__d7680__w24,5,527
4b_duration_prior,4b_duration_prior__d7680__w24,6,538
4b_duration_prior,4b_duration_prior__d7680__w24,7,563
4b_duration_prior,4b_duration_prior__d7680__w24,8,741
4b_duration_prior,4b_duration_prior__d7680__w24,9,812
4b_duration_prior,4b_duration_prior__d7680__w24,10,784
4b_duration_prior,4b_duration_prior__d7680__w24,11,874
4b_duration_prior,4b_duration_prior__d7680__w24,12,1078
4b_duration_prior,4b_duration_prior__d7680__w24,13,1120
4b_duration_prior,4b_duration_prior__d7680__w24,14,1315
4b_duration_prior,4b_duration_prior__d7680__w24,15,1288
4b_duration_prior,4b_duration_prior__d7680__w24,16,1235
4b_duration_prior,4b_duration_prior__d7680__w24,17,1229
4b_duration_prior,4b_duration_prior__d7680__w24,18,1216
4b_duration_prior,4b_duration_prior__d7680__w24,19,1108
4b_duration_prior,4b_duration_prior__d7680__w24,20,1151
4b_duration_prior,4b_duration_prior__d7680__w24,21,1321
4b_duration_prior,4b_duration_prior__d7680__w24,22,1275
4b_duration_prior,4b_duration_prior__d7680__w24,23,1104
4b_duration_prior,4b_duration_prior__d7680__w24,24,915
4b_duration_prior,4b_duration_prior__d7680__w24,25,767
4b_duration_prior,4b_duration_prior__d7680__w24,26,755
4b_duration_prior,4b_duration_prior__d7680__w24,27,641
4b_duration_prior,4b_duration_prior__d7680__w24,28,610
4b_duration_prior,4b_duration_prior__d7680__w24,29,698
4b_duration_prior,4b_duration_prior__d7680__w24,30,709
4b_duration_prior,4b_duration_prior__d7680__w24,31,790
4b_duration_prior,4b_duration_prior__d7680__w24,32,852
4b_duration_prior,4b_duration_prior__d7680__w24,33,969
4b_duration_prior,4b_duration_prior__d7680__w24,34,909
4b_duration_prior,4b_duration_prior__d7680__w24,35,907
4b_duration_prior,4b_duration_prior__d7680__w24,36,1095
4b_duration_prior,4b_duration_prior__d7680__w24,37,1116
4b_duration_prior,4b_duration_prior__d7680__w24,38,1215
4b_duration_prior,4b_duration_prior__d7680__w24,39,1220
4b_duration_prior,4b_duration_prior__d7680__w24,40,1304
4b_duration_prior,4b_duration_prior__d7680__w24,41,1454
4b_duration_prior,4b_duration_prior__d7680__w24,42,1235
4b_duration_prior,4b_duration_prior__d7680__w24,43,1213
4b_duration_prior,4b_duration_prior__d7680__w24,44,1166
4b_duration_prior,4b_duration_prior__d7680__w24,45,1353
4b_duration_prior,4b_duration_prior__d7680__w24,46,1235
4b_duration_prior,4b_duration_prior__d7680__w24,47,1200
4b_duration_prior,4b_duration_prior__d7680__w24,48,1039
4b_duration_prior,4b_duration_prior__d7680__w24,49,794
4b_duration_prior,4b_duration_prior__d7680__w24,50,717
4b_duration_prior,4b_duration_prior__d7680__w24,51,682
4b_duration_prior,4b_duration_prior__d7680__w24,52,563
4b_duration_prior,4b_duration_prior__d7680__w24,53,690
4b_duration_prior,4b_duration_prior__d7680__w24,54,620
4b_duration_prior,4b_duration_prior__d7680__w24,55,745
4b_duration_prior,4b_duration_prior__d7680__w24,56,841
4b_duration_prior,4b_duration_prior__d7680__w24,57,925
4b_duration_prior,4b_duration_prior__d7680__w24,58,974
4b_duration_prior,4b_duration_prior__d7680__w24,59,913
4b_duration_prior,4b_duration_prior__d7680__w24,60,1049
4b_duration_prior,4b_duration_prior__d7680__w24,61,1148
4b_duration_prior,4b_duration_prior__d7680__w24,62,1195
4b_duration_prior,4b_duration_prior__d7680__w24,63,1291
4b_duration_prior,4b_duration_prior__d7680__w24,64,1437
4b_duration_prior,4b_duration_prior__d7680__w24,65,1345
4b_duration_prior,4b_duration_prior__d7680__w24,66,1224
4b_duration_prior,4b_duration_prior__d7680__w24,67,1123
4b_duration_prior,4b_duration_prior__d7680__w24,68,1231
4b_duration_prior,4b_duration_prior__d7680__w24,69,1183
4b_duration_prior,4b_duration_prior__d7680__w24,70,1252
4b_duration_prior,4b_duration_prior__d7680__w24,71,1150
4b_duration_prior,4b_duration_prior__d7680__w24,72,856
4b_duration_prior,4b_duration_prior__d7680__w24,73,773
4b_duration_prior,4b_duration_prior__d7680__w24,74,694
4b_duration_prior,4b_duration_prior__d7680__w24,75,584
4b_duration_prior,4b_duration_prior__d7680__w24,76,551
4b_duration_prior,4b_duration_prior__d7680__w24,77,589
4b_duration_prior,4b_duration_prior__d7680__w24,78,748
4b_duration_prior,4b_duration_prior__d7680__w24,79,711
4b_duration_prior,4b_duration_prior__d7680__w24,80,866
4b_duration_prior,4b_duration_prior__d7680__w24,81,932
4b_duration_prior,4b_duration_prior__d7680__w24,82,855
4b_duration_prior,4b_duration_prior__d7680__w24,83,890
4b_duration_prior,4b_duration_prior__d7680__w24,84,941
4b_duration_prior,4b_duration_prior__d7680__w24,85,1103
4b_duration_prior,4b_duration_prior__d7680__w24,86,1236
4b_duration_prior,4b_duration_prior__d7680__w24,87,1218
4b_duration_prior,4b_duration_prior__d7680__w24,88,1283
4b_duration_prior,4b_duration_prior__d7680__w24,89,1264
4b_duration_prior,4b_duration_prior__d7680__w24,90,1262
4b_duration_prior,4b_duration_prior__d7680__w24,91,1147
4b_duration_prior,4b_duration_prior__d7680__w24,92,1096
4b_duration_prior,4b_duration_prior__d7680__w24,93,1243
4b_duration_prior,4b_duration_prior__d7680__w24,94,1217
4b_duration_prior,4b_duration_prior__d7680__w24,95,1210
4b_duration_prior,4b_duration_prior__d7680__w24,96,854
4b_duration_prior,4b_duration_prior__d7680__w24,97,785
4b_duration_prior,4b_duration_prior__d7680__w24,98,680
4b_duration_prior,4b_duration_prior__d7680__w24,99,604
4b_duration_prior,4b_duration_prior__d7680__w24,100,535
4b_duration_prior,4b_duration_prior__d7680__w24,101,611
4b_duration_prior,4b_duration_prior__d7680__w24,102,651
4b_duration_prior,4b_duration_prior__d7680__w24,103,692
4b_duration_prior,4b_duration_prior__d7680__w24,104,803
4b_duration_prior,4b_duration_prior__d7680__w24,105,821
4b_duration_prior,4b_duration_prior__d7680__w24,106,857
4b_duration_prior,4b_duration_prior__d7680__w24,107,874
4b_duration_prior,4b_duration_prior__d7680__w24,108,955
4b_duration_prior,4b_duration_prior__d7680__w24,109,1076
4b_duration_prior,4b_duration_prior__d7680__w24,110,1140
4b_duration_prior,4b_duration_prior__d7680__w24,111,1215
4b_duration_prior,4b_duration_prior__d7680__w24,112,1138
4b_duration_prior,4b_duration_prior__d7680__w24,113,1173
4b_duration_prior,4b_duration_prior__d7680__w24,114,1133
4b_duration_prior,4b_duration_prior__d7680__w24,115,1082
4b_duration_prior,4b_duration_prior__d7680__w24,116,1019
4b_duration_prior,4b_duration_prior__d7680__w24,117,1123
4b_duration_prior,4b_duration_prior__d7680__w24,118,1140
4b_duration_prior,4b_duration_prior__d7680__w24,119,903
4b_duration_prior,4b_duration_prior__d7680__w24,120,715
4b_duration_prior,4b_duration_prior__d7680__w24,121,550
4b_duration_prior,4b_duration_prior__d7680__w24,122,430
4b_duration_prior,4b_duration_prior__d7680__w24,123,430
4b_duration_prior,4b_duration_prior__d7680__w24,124,348
4b_duration_prior,4b_duration_prior__d7680__w24,125,323
4b_duration_prior,4b_duration_prior__d7680__w24,126,329
4b_duration_prior,4b_duration_prior__d7680__w24,127,353
4b_duration_prior,4b_duration_prior__d7680__w24,128,336
4b_duration_prior,4b_duration_prior__d7680__w24,129,375
4b_duration_prior,4b_duration_prior__d7680__w24,130,395
4b_duration_prior,4b_duration_prior__d7680__w24,131,474
4b_duration_prior,4b_duration_prior__d7680__w24,132,507
4b_duration_prior,4b_duration_prior__d7680__w24,133,433
4b_duration_prior,4b_duration_prior__d7680__w24,134,564
4b_duration_prior,4b_duration_prior__d7680__w24,135,618
4b_duration_prior,4b_duration_prior__d7680__w24,136,617
4b_duration_prior,4b_duration_prior__d7680__w24,137,651
4b_duration_prior,4b_duration_prior__d7680__w24,138,553
4b_duration_prior,4b_duration_prior__d7680__w24,139,600
4b_duration_prior,4b_duration_prior__d7680__w24,140,591
4b_duration_prior,4b_duration_prior__d7680__w24,141,605
4b_duration_prior,4b_duration_prior__d7680__w24,142,626
4b_duration_prior,4b_duration_prior__d7680__w24,143,548
4b_duration_prior,4b_duration_prior__d7680__w24,144,446
4b_duration_prior,4b_duration_prior__d7680__w24,145,353
4b_duration_prior,4b_duration_prior__d7680__w24,146,350
4b_duration_prior,4b_duration_prior__d7680__w24,147,342
4b_duration_prior,4b_duration_prior__d7680__w24,148,354
4b_duration_prior,4b_duration_prior__d7680__w24,149,343
4b_duration_prior,4b_duration_prior__d7680__w24,150,287
4b_duration_prior,4b_duration_prior__d7680__w24,151,366
4b_duration_prior,4b_duration_prior__d7680__w24,152,335
4b_duration_prior,4b_duration_prior__d7680__w24,153,408
4b_duration_prior,4b_duration_prior__d7680__w24,154,405
4b_duration_prior,4b_duration_prior__d7680__w24,155,453
4b_duration_prior,4b_duration_prior__d7680__w24,156,432
4b_duration_prior,4b_duration_prior__d7680__w24,157,507
4b_duration_prior,4b_duration_prior__d7680__w24,158,519
4b_duration_prior,4b_duration_prior__d7680__w24,159,615
4b_duration_prior,4b_duration_prior__d7680__w24,160,580
4b_duration_prior,4b_duration_prior__d7680__w24,161,551
4b_duration_prior,4b_duration_prior__d7680__w24,162,632
4b_duration_prior,4b_duration_prior__d7680__w24,163,625
4b_duration_prior,4b_duration_prior__d7680__w24,164,635
4b_duration_prior,4b_duration_prior__d7680__w24,165,697
4b_duration_prior,4b_duration_prior__d7680__w24,166,678
4b_duration_prior,4b_duration_prior__d7680__w24,167,585
4b_duration_prior,4b_duration_prior__d15360__w24,0,468
4b_duration_prior,4b_duration_prior__d15360__w24,1,490
4b_duration_prior,4b_duration_prior__d15360__w24,2,481
4b_duration_prior,4b_duration_prior__d15360__w24,3,437
4b_duration_prior,4b_duration_prior__d15360__w24,4,477
4b_duration_prior,4b_duration_prior__d15360__w24,5,527
4b_duration_prior,4b_duration_prior__d15360__w24,6,538
4b_duration_prior,4b_duration_prior__d15360__w24,7,563
4b_duration_prior,4b_duration_prior__d15360__w24,8,741
4b_duration_prior,4b_duration_prior__d15360__w24,9,812
4b_duration_prior,4b_duration_prior__d15360__w24,10,784
4b_duration_prior,4b_duration_prior__d15360__w24,11,874
4b_duration_prior,4b_duration_prior__d15360__w24,12,1078
4b_duration_prior,4b_duration_prior__d15360__w24,13,1120
4b_duration_prior,4b_duration_prior__d15360__w24,14,1315
4b_duration_prior,4b_duration_prior__d15360__w24,15,1288
4b_duration_prior,4b_duration_prior__d15360__w24,16,1235
4b_duration_prior,4b_duration_prior__d15360__w24,17,1229
4b_duration_prior,4b_duration_prior__d15360__w24,18,1216
4b_duration_prior,4b_duration_prior__d15360__w24,19,1108
4b_duration_prior,4b_duration_prior__d15360__w24,20,1151
4b_duration_prior,4b_duration_prior__d15360__w24,21,1321
4b_duration_prior,4b_duration_prior__d15360__w24,22,1275
4b_duration_prior,4b_duration_prior__d15360__w24,23,1104
4b_duration_prior,4b_duration_prior__d15360__w24,24,915
4b_duration_prior,4b_duration_prior__d15360__w24,25,767
4b_duration_prior,4b_duration_prior__d15360__w24,26,755
4b_duration_prior,4b_duration_prior__d15360__w24,27,641
4b_duration_prior,4b_duration_prior__d15360__w24,28,610
4b_duration_prior,4b_duration_prior__d15360__w24,29,698
4b_duration_prior,4b_duration_prior__d15360__w24,30,709
4b_duration_prior,4b_duration_prior__d15360__w24,31,790
4b_duration_prior,4b_duration_prior__d15360__w24,32,852
4b_duration_prior,4b_duration_prior__d15360__w24,33,969
4b_duration_prior,4b_duration_prior__d15360__w24,34,909
4b_duration_prior,4b_duration_prior__d15360__w24,35,907
4b_duration_prior,4b_duration_prior__d15360__w24,36,1095
4b_duration_prior,4b_duration_prior__d15360__w24,37,1116
4b_duration_prior,4b_duration_prior__d15360__w24,38,1215
4b_duration_prior,4b_duration_prior__d15360__w24,39,1220
4b_duration_prior,4b_duration_prior__d15360__w24,40,1304
4b_duration_prior,4b_duration_prior__d15360__w24,41,1454
4b_duration_prior,4b_duration_prior__d15360__w24,42,1235
4b_duration_prior,4b_duration_prior__d15360__w24,43,1213
4b_duration_prior,4b_duration_prior__d15360__w24,44,1166
4b_duration_prior,4b_duration_prior__d15360__w24,45,1353
4b_duration_prior,4b_duration_prior__d15360__w24,46,1235
4b_duration_prior,4b_duration_prior__d15360__w24,47,1200
4b_duration_prior,4b_duration_prior__d15360__w24,48,1039
4b_duration_prior,4b_duration_prior__d15360__w24,49,794
4b_duration_prior,4b_duration_prior__d15360__w24,50,717
4b_duration_prior,4b_duration_prior__d15360__w24,51,682
4b_duration_prior,4b_duration_prior__d15360__w24,52,563
4b_duration_prior,4b_duration_prior__d15360__w24,53,690
4b_duration_prior,4b_duration_prior__d15360__w24,54,620
4b_duration_prior,4b_duration_prior__d15360__w24,55,745
4b_duration_prior,4b_duration_prior__d15360__w24,56,841
4b_duration_prior,4b_duration_prior__d15360__w24,57,925
4b_duration_prior,4b_duration_prior__d15360__w24,58,974
4b_duration_prior,4b_duration_prior__d15360__w24,59,913
4b_duration_prior,4b_duration_prior__d15360__w24,60,1049
4b_duration_prior,4b_duration_prior__d15360__w24,61,1148
4b_duration_prior,4b_duration_prior__d15360__w24,62,1195
4b_duration_prior,4b_duration_prior__d15360__w24,63,1291
4b_duration_prior,4b_duration_prior__d15360__w24,64,1437
4b_duration_prior,4b_duration_prior__d15360__w24,65,1345
4b_duration_prior,4b_duration_prior__d15360__w24,66,1224
4b_duration_prior,4b_duration_prior__d15360__w24,67,1123
4b_duration_prior,4b_duration_prior__d15360__w24,68,1231
4b_duration_prior,4b_duration_prior__d15360__w24,69,1183
4b_duration_prior,4b_duration_prior__d15360__w24,70,1252
4b_duration_prior,4b_duration_prior__d15360__w24,71,1150
4b_duration_prior,4b_duration_prior__d15360__w24,72,856
4b_duration_prior,4b_duration_prior__d15360__w24,73,773
4b_duration_prior,4b_duration_prior__d15360__w24,74,694
4b_duration_prior,4b_duration_prior__d15360__w24,75,584
4b_duration_prior,4b_duration_prior__d15360__w24,76,551
4b_duration_prior,4b_duration_prior__d15360__w24,77,589
4b_duration_prior,4b_duration_prior__d15360__w24,78,748
4b_duration_prior,4b_duration_prior__d15360__w24,79,711
4b_duration_prior,4b_duration_prior__d15360__w24,80,866
4b_duration_prior,4b_duration_prior__d15360__w24,81,932
4b_duration_prior,4b_duration_prior__d15360__w24,82,855
4b_duration_prior,4b_duration_prior__d15360__w24,83,890
4b_duration_prior,4b_duration_prior__d15360__w24,84,941
4b_duration_prior,4b_duration_prior__d15360__w24,85,1103
4b_duration_prior,4b_duration_prior__d15360__w24,86,1236
4b_duration_prior,4b_duration_prior__d15360__w24,87,1218
4b_duration_prior,4b_duration_prior__d15360__w24,88,1283
4b_duration_prior,4b_duration_prior__d15360__w24,89,1264
4b_duration_prior,4b_duration_prior__d15360__w24,90,1262
4b_duration_prior,4b_duration_prior__d15360__w24,91,1147
4b_duration_prior,4b_duration_prior__d15360__w24,92,1096
4b_duration_prior,4b_duration_prior__d15360__w24,93,1243
4b_duration_prior,4b_duration_prior__d15360__w24,94,1217
4b_duration_prior,4b_duration_prior__d15360__w24,95,1210
4b_duration_prior,4b_duration_prior__d15360__w24,96,854
4b_duration_prior,4b_duration_prior__d15360__w24,97,785
4b_duration_prior,4b_duration_prior__d15360__w24,98,680
4b_duration_prior,4b_duration_prior__d15360__w24,99,604
4b_duration_prior,4b_duration_prior__d15360__w24,100,535
4b_duration_prior,4b_duration_prior__d15360__w24,101,611
4b_duration_prior,4b_duration_prior__d15360__w24,102,651
4b_duration_prior,4b_duration_prior__d15360__w24,103,692
4b_duration_prior,4b_duration_prior__d15360__w24,104,803
4b_duration_prior,4b_duration_prior__d15360__w24,105,821
4b_duration_prior,4b_duration_prior__d15360__w24,106,857
4b_duration_prior,4b_duration_prior__d15360__w24,107,874
4b_duration_prior,4b_duration_prior__d15360__w24,108,955
4b_duration_prior,4b_duration_prior__d15360__w24,109,1076
4b_duration_prior,4b_duration_prior__d15360__w24,110,1140
4b_duration_prior,4b_duration_prior__d15360__w24,111,1215
4b_duration_prior,4b_duration_prior__d15360__w24,112,1138
4b_duration_prior,4b_duration_prior__d15360__w24,113,1173
4b_duration_prior,4b_duration_prior__d15360__w24,114,1133
4b_duration_prior,4b_duration_prior__d15360__w24,115,1082
4b_duration_prior,4b_duration_prior__d15360__w24,116,1019
4b_duration_prior,4b_duration_prior__d15360__w24,117,1123
4b_duration_prior,4b_duration_prior__d15360__w24,118,1140
4b_duration_prior,4b_duration_prior__d15360__w24,119,903
4b_duration_prior,4b_duration_prior__d15360__w24,120,715
4b_duration_prior,4b_duration_prior__d15360__w24,121,550
4b_duration_prior,4b_duration_prior__d15360__w24,122,430
4b_duration_prior,4b_duration_prior__d15360__w24,123,430
4b_duration_prior,4b_duration_prior__d15360__w24,124,348
4b_duration_prior,4b_duration_prior__d15360__w24,125,323
4b_duration_prior,4b_duration_prior__d15360__w24,126,329
4b_duration_prior,4b_duration_prior__d15360__w24,127,353
4b_duration_prior,4b_duration_prior__d15360__w24,128,336
4b_duration_prior,4b_duration_prior__d15360__w24,129,375
4b_duration_prior,4b_duration_prior__d15360__w24,130,395
4b_duration_prior,4b_duration_prior__d15360__w24,131,474
4b_duration_prior,4b_duration_prior__d15360__w24,132,507
4b_duration_prior,4b_duration_prior__d15360__w24,133,433
4b_duration_prior,4b_duration_prior__d15360__w24,134,564
4b_duration_prior,4b_duration_prior__d15360__w24,135,618
4b_duration_prior,4b_duration_prior__d15360__w24,136,617
4b_duration_prior,4b_duration_prior__d15360__w24,137,652
4b_duration_prior,4b_duration_prior__d15360__w24,138,553
4b_duration_prior,4b_duration_prior__d15360__w24,139,600
4b_duration_prior,4b_duration_prior__d15360__w24,140,591
4b_duration_prior,4b_duration_prior__d15360__w24,141,605
4b_duration_prior,4b_duration_prior__d15360__w24,142,626
4b_duration_prior,4b_duration_prior__d15360__w24,143,548
4b_duration_prior,4b_duration_prior__d15360__w24,144,446
4b_duration_prior,4b_duration_prior__d15360__w24,145,353
4b_duration_prior,4b_duration_prior__d15360__w24,146,350
4b_duration_prior,4b_duration_prior__d15360__w24,147,342
4b_duration_prior,4b_duration_prior__d15360__w24,148,354
4b_duration_prior,4b_duration_prior__d15360__w24,149,343
4b_duration_prior,4b_duration_prior__d15360__w24,150,287
4b_duration_prior,4b_duration_prior__d15360__w24,151,366
4b_duration_prior,4b_duration_prior__d15360__w24,152,335
4b_duration_prior,4b_duration_prior__d15360__w24,153,408
4b_duration_prior,4b_duration_prior__d15360__w24,154,405
4b_duration_prior,4b_duration_prior__d15360__w24,155,452
4b_duration_prior,4b_duration_prior__d15360__w24,156,432
4b_duration_prior,4b_duration_prior__d15360__w24,157,507
4b_duration_prior,4b_duration_prior__d15360__w24,158,519
4b_duration_prior,4b_duration_prior__d15360__w24,159,615
4b_duration_prior,4b_duration_prior__d15360__w24,160,580
4b_duration_prior,4b_duration_prior__d15360__w24,161,551
4b_duration_prior,4b_duration_prior__d15360__w24,162,632
4b_duration_prior,4b_duration_prior__d15360__w24,163,625
4b_duration_prior,4b_duration_prior__d15360__w24,164,635
4b_duration_prior,4b_duration_prior__d15360__w24,165,697
4b_duration_prior,4b_duration_prior__d15360__w24,166,678
4b_duration_prior,4b_duration_prior__d15360__w24,167,585
5_se_informed_policy,5_se_informed_policy__d0__w6,0,395
5_se_informed_policy,5_se_informed_policy__d0__w6,1,1064
5_se_informed_policy,5_se_informed_policy__d0__w6,2,481
5_se_informed_policy,5_se_informed_policy__d0__w6,3,437
5_se_informed_policy,5_se_informed_policy__d0__w6,4,486
5_se_informed_policy,5_se_informed_policy__d0__w6,5,434
5_se_informed_policy,5_se_informed_policy__d0__w6,6,434
5_se_informed_policy,5_se_informed_policy__d0__w6,7,456
5_se_informed_policy,5_se_informed_policy__d0__w6,8,610
5_se_informed_policy,5_se_informed_policy__d0__w6,9,629
5_se_informed_policy,5_se_informed_policy__d0__w6,10,593
5_se_informed_policy,5_se_informed_policy__d0__w6,11,782
5_se_informed_policy,5_se_informed_policy__d0__w6,12,2005
5_se_informed_policy,5_se_informed_policy__d0__w6,13,1120
5_se_informed_policy,5_se_informed_policy__d0__w6,14,1316
5_se_informed_policy,5_se_informed_policy__d0__w6,15,1034
5_se_informed_policy,5_se_informed_policy__d0__w6,16,993
5_se_informed_policy,5_se_informed_policy__d0__w6,17,953
5_se_informed_policy,5_se_informed_policy__d0__w6,18,975
5_se_informed_policy,5_se_informed_policy__d0__w6,19,888
5_se_informed_policy,5_se_informed_policy__d0__w6,20,918
5_se_informed_policy,5_se_informed_policy__d0__w6,21,1307
5_se_informed_policy,5_se_informed_policy__d0__w6,22,1240
5_se_informed_policy,5_se_informed_policy__d0__w6,23,1161
5_se_informed_policy,5_se_informed_policy__d0__w6,24,971
5_se_informed_policy,5_se_informed_policy__d0__w6,25,853
5_se_informed_policy,5_se_informed_policy__d0__w6,26,2035
5_se_informed_policy,5_se_informed_policy__d0__w6,27,641
5_se_informed_policy,5_se_informed_policy__d0__w6,28,610
5_se_informed_policy,5_se_informed_policy__d0__w6,29,553
5_se_informed_policy,5_se_informed_policy__d0__w6,30,570
5_se_informed_policy,5_se_informed_policy__d0__w6,31,621
5_se_informed_policy,5_se_informed_policy__d0__w6,32,690
5_se_informed_policy,5_se_informed_policy__d0__w6,33,759
5_se_informed_policy,5_se_informed_policy__d0__w6,34,691
5_se_informed_policy,5_se_informed_policy__d0__w6,35,851
5_se_informed_policy,5_se_informed_policy__d0__w6,36,2194
5_se_informed_policy,5_se_informed_policy__d0__w6,37,1120
5_se_informed_policy,5_se_informed_policy__d0__w6,38,1221
5_se_informed_policy,5_se_informed_policy__d0__w6,39,940
5_se_informed_policy,5_se_informed_policy__d0__w6,40,1021
5_se_informed_policy,5_se_informed_policy__d0__w6,41,1120
5_se_informed_policy,5_se_informed_policy__d0__w6,42,1001
5_se_informed_policy,5_se_informed_policy__d0__w6,43,974
5_se_informed_policy,5_se_informed_policy__d0__w6,44,917
5_se_informed_policy,5_se_informed_policy__d0__w6,45,1371
5_se_informed_policy,5_se_informed_policy__d0__w6,46,1250
5_se_informed_policy,5_se_informed_policy__d0__w6,47,1571
5_se_informed_policy,5_se_informed_policy__d0__w6,48,815
5_se_informed_policy,5_se_informed_policy__d0__w6,49,878
5_se_informed_policy,5_se_informed_policy__d0__w6,50,2079
5_se_informed_policy,5_se_informed_policy__d0__w6,51,689
5_se_informed_policy,5_se_informed_policy__d0__w6,52,464
5_se_informed_policy,5_se_informed_policy__d0__w6,53,580
5_se_informed_policy,5_se_informed_policy__d0__w6,54,518
5_se_informed_policy,5_se_informed_policy__d0__w6,55,604
5_se_informed_policy,5_se_informed_policy__d0__w6,56,666
5_se_informed_policy,5_se_informed_policy__d0__w6,57,700
5_se_informed_policy,5_se_informed_policy__d0__w6,58,842
5_se_informed_policy,5_se_informed_policy__d0__w6,59,831
5_se_informed_policy,5_se_informed_policy__d0__w6,60,2135
5_se_informed_policy,5_se_informed_policy__d0__w6,61,1149
5_se_informed_policy,5_se_informed_policy__d0__w6,62,1199
5_se_informed_policy,5_se_informed_policy__d0__w6,63,1022
5_se_informed_policy,5_se_informed_policy__d0__w6,64,1173
5_se_informed_policy,5_se_informed_policy__d0__w6,65,1094
5_se_informed_policy,5_se_informed_policy__d0__w6,66,978
5_se_informed_policy,5_se_informed_policy__d0__w6,67,898
5_se_informed_policy,5_se_informed_policy__d0__w6,68,1000
5_se_informed_policy,5_se_informed_policy__d0__w6,69,1207
5_se_informed_policy,5_se_informed_policy__d0__w6,70,1251
5_se_informed_policy,5_se_informed_policy__d0__w6,71,1170
5_se_informed_policy,5_se_informed_policy__d0__w6,72,937
5_se_informed_policy,5_se_informed_policy__d0__w6,73,857
5_se_informed_policy,5_se_informed_policy__d0__w6,74,1936
5_se_informed_policy,5_se_informed_policy__d0__w6,75,587
5_se_informed_policy,5_se_informed_policy__d0__w6,76,467
5_se_informed_policy,5_se_informed_policy__d0__w6,77,492
5_se_informed_policy,5_se_informed_policy__d0__w6,78,592
5_se_informed_policy,5_se_informed_policy__d0__w6,79,571
5_se_informed_policy,5_se_informed_policy__d0__w6,80,690
5_se_informed_policy,5_se_informed_policy__d0__w6,81,722
5_se_informed_policy,5_se_informed_policy__d0__w6,82,752
5_se_informed_policy,5_se_informed_policy__d0__w6,83,822
5_se_informed_policy,5_se_informed_policy__d0__w6,84,1995
5_se_informed_policy,5_se_informed_policy__d0__w6,85,1103
5_se_informed_policy,5_se_informed_policy__d0__w6,86,1238
5_se_informed_policy,5_se_informed_policy__d0__w6,87,958
5_se_informed_policy,5_se_informed_policy__d0__w6,88,1007
5_se_informed_policy,5_se_informed_policy__d0__w6,89,1021
5_se_informed_policy,5_se_informed_policy__d0__w6,90,995
5_se_informed_policy,5_se_informed_policy__d0__w6,91,959
5_se_informed_policy,5_se_informed_policy__d0__w6,92,894
5_se_informed_policy,5_se_informed_policy__d0__w6,93,1268
5_se_informed_policy,5_se_informed_policy__d0__w6,94,1264
5_se_informed_policy,5_se_informed_policy__d0__w6,95,1485
5_se_informed_policy,5_se_informed_policy__d0__w6,96,687
5_se_informed_policy,5_se_informed_policy__d0__w6,97,833
5_se_informed_policy,5_se_informed_policy__d0__w6,98,1857
5_se_informed_policy,5_se_informed_policy__d0__w6,99,611
5_se_informed_policy,5_se_informed_policy__d0__w6,100,438
5_se_informed_policy,5_se_informed_policy__d0__w6,101,491
5_se_informed_policy,5_se_informed_policy__d0__w6,102,526
5_se_informed_policy,5_se_informed_policy__d0__w6,103,552
5_se_informed_policy,5_se_informed_policy__d0__w6,104,639
5_se_informed_policy,5_se_informed_policy__d0__w6,105,672
5_se_informed_policy,5_se_informed_policy__d0__w6,106,786
5_se_informed_policy,5_se_informed_policy__d0__w6,107,807
5_se_informed_policy,5_se_informed_policy__d0__w6,108,1919
5_se_informed_policy,5_se_informed_policy__d0__w6,109,1077
5_se_informed_policy,5_se_informed_policy__d0__w6,110,1141
5_se_informed_policy,5_se_informed_policy__d0__w6,111,1216
5_se_informed_policy,5_se_informed_policy__d0__w6,112,911
5_se_informed_policy,5_se_informed_policy__d0__w6,113,944
5_se_informed_policy,5_se_informed_policy__d0__w6,114,921
5_se_informed_policy,5_se_informed_policy__d0__w6,115,882
5_se_informed_policy,5_se_informed_policy__d0__w6,116,841
5_se_informed_policy,5_se_informed_policy__d0__w6,117,926
5_se_informed_policy,5_se_informed_policy__d0__w6,118,1155
5_se_informed_policy,5_se_informed_policy__d0__w6,119,985
5_se_informed_policy,5_se_informed_policy__d0__w6,120,813
5_se_informed_policy,5_se_informed_policy__d0__w6,121,657
5_se_informed_policy,5_se_informed_policy__d0__w6,122,541
5_se_informed_policy,5_se_informed_policy__d0__w6,123,1264
5_se_informed_policy,5_se_informed_policy__d0__w6,124,292
5_se_informed_policy,5_se_informed_policy__d0__w6,125,271
5_se_informed_policy,5_se_informed_policy__d0__w6,126,267
5_se_informed_policy,5_se_informed_policy__d0__w6,127,287
5_se_informed_policy,5_se_informed_policy__d0__w6,128,268
5_se_informed_policy,5_se_informed_policy__d0__w6,129,302
5_se_informed_policy,5_se_informed_policy__d0__w6,130,382
5_se_informed_policy,5_se_informed_policy__d0__w6,131,432
5_se_informed_policy,5_se_informed_policy__d0__w6,132,915
5_se_informed_policy,5_se_informed_policy__d0__w6,133,434
5_se_informed_policy,5_se_informed_policy__d0__w6,134,568
5_se_informed_policy,5_se_informed_policy__d0__w6,135,619
5_se_informed_policy,5_se_informed_policy__d0__w6,136,518
5_se_informed_policy,5_se_informed_policy__d0__w6,137,543
5_se_informed_policy,5_se_informed_policy__d0__w6,138,459
5_se_informed_policy,5_se_informed_policy__d0__w6,139,514
5_se_informed_policy,5_se_informed_policy__d0__w6,140,518
5_se_informed_policy,5_se_informed_policy__d0__w6,141,531
5_se_informed_policy,5_se_informed_policy__d0__w6,142,630
5_se_informed_policy,5_se_informed_policy__d0__w6,143,691
5_se_informed_policy,5_se_informed_policy__d0__w6,144,361
5_se_informed_policy,5_se_informed_policy__d0__w6,145,376
5_se_informed_policy,5_se_informed_policy__d0__w6,146,371
5_se_informed_policy,5_se_informed_policy__d0__w6,147,731
5_se_informed_policy,5_se_informed_policy__d0__w6,148,292
5_se_informed_policy,5_se_informed_policy__d0__w6,149,274
5_se_informed_policy,5_se_informed_policy__d0__w6,150,238
5_se_informed_policy,5_se_informed_policy__d0__w6,151,276
5_se_informed_policy,5_se_informed_policy__d0__w6,152,285
5_se_informed_policy,5_se_informed_policy__d0__w6,153,393
5_se_informed_policy,5_se_informed_policy__d0__w6,154,408
5_se_informed_policy,5_se_informed_policy__d0__w6,155,790
5_se_informed_policy,5_se_informed_policy__d0__w6,156,432
5_se_informed_policy,5_se_informed_policy__d0__w6,157,507
5_se_informed_policy,5_se_informed_policy__d0__w6,158,519
5_se_informed_policy,5_se_informed_policy__d0__w6,159,616
5_se_informed_policy,5_se_informed_policy__d0__w6,160,475
5_se_informed_policy,5_se_informed_policy__d0__w6,161,475
5_se_informed_policy,5_se_informed_policy__d0__w6,162,546
5_se_informed_policy,5_se_informed_policy__d0__w6,163,545
5_se_informed_policy,5_se_informed_policy__d0__w6,164,548
5_se_informed_policy,5_se_informed_policy__d0__w6,165,582
5_se_informed_policy,5_se_informed_policy__d0__w6,166,659
5_se_informed_policy,5_se_informed_policy__d0__w6,167,651
5_se_informed_policy,5_se_informed_policy__d60__w6,0,403
5_se_informed_policy,5_se_informed_policy__d60__w6,1,986
5_se_informed_policy,5_se_informed_policy__d60__w6,2,481
5_se_informed_policy,5_se_informed_policy__d60__w6,3,437
5_se_informed_policy,5_se_informed_policy__d60__w6,4,486
5_se_informed_policy,5_se_informed_policy__d60__w6,5,438
5_se_informed_policy,5_se_informed_policy__d60__w6,6,446
5_se_informed_policy,5_se_informed_policy__d60__w6,7,460
5_se_informed_policy,5_se_informed_policy__d60__w6,8,618
5_se_informed_policy,5_se_informed_policy__d60__w6,9,635
5_se_informed_policy,5_se_informed_policy__d60__w6,10,598
5_se_informed_policy,5_se_informed_policy__d60__w6,11,786
5_se_informed_policy,5_se_informed_policy__d60__w6,12,1962
5_se_informed_policy,5_se_informed_policy__d60__w6,13,1120
5_se_informed_policy,5_se_informed_policy__d60__w6,14,1316
5_se_informed_policy,5_se_informed_policy__d60__w6,15,1065
5_se_informed_policy,5_se_informed_policy__d60__w6,16,1019
5_se_informed_policy,5_se_informed_policy__d60__w6,17,976
5_se_informed_policy,5_se_informed_policy__d60__w6,18,1006
5_se_informed_policy,5_se_informed_policy__d60__w6,19,911
5_se_informed_policy,5_se_informed_policy__d60__w6,20,951
5_se_informed_policy,5_se_informed_policy__d60__w6,21,1312
5_se_informed_policy,5_se_informed_policy__d60__w6,22,1271
5_se_informed_policy,5_se_informed_policy__d60__w6,23,1176
5_se_informed_policy,5_se_informed_policy__d60__w6,24,977
5_se_informed_policy,5_se_informed_policy__d60__w6,25,853
5_se_informed_policy,5_se_informed_policy__d60__w6,26,1811
5_se_informed_policy,5_se_informed_policy__d60__w6,27,641
5_se_informed_policy,5_se_informed_policy__d60__w6,28,610
5_se_informed_policy,5_se_informed_policy__d60__w6,29,573
5_se_informed_policy,5_se_informed_policy__d60__w6,30,577
5_se_informed_policy,5_se_informed_policy__d60__w6,31,634
5_se_informed_policy,5_se_informed_policy__d60__w6,32,693
5_se_informed_policy,5_se_informed_policy__d60__w6,33,767
5_se_informed_policy,5_se_informed_policy__d60__w6,34,696
5_se_informed_policy,5_se_informed_policy__d60__w6,35,841
5_se_informed_policy,5_se_informed_policy__d60__w6,36,2148
5_se_informed_policy,5_se_informed_policy__d60__w6,37,1120
5_se_informed_policy,5_se_informed_policy__d60__w6,38,1221
5_se_informed_policy,5_se_informed_policy__d60__w6,39,979
5_se_informed_policy,5_se_informed_policy__d60__w6,40,1044
5_se_informed_policy,5_se_informed_policy__d60__w6,41,1175
5_se_informed_policy,5_se_informed_policy__d60__w6,42,1031
5_se_informed_policy,5_se_informed_policy__d60__w6,43,1006
5_se_informed_policy,5_se_informed_policy__d60__w6,44,951
5_se_informed_policy,5_se_informed_policy__d60__w6,45,1364
5_se_informed_policy,5_se_informed_policy__d60__w6,46,1254
5_se_informed_policy,5_se_informed_policy__d60__w6,47,1500
5_se_informed_policy,5_se_informed_policy__d60__w6,48,824
5_se_informed_policy,5_se_informed_policy__d60__w6,49,855
5_se_informed_policy,5_se_informed_policy__d60__w6,50,1954
5_se_informed_policy,5_se_informed_policy__d60__w6,51,689
5_se_informed_policy,5_se_informed_policy__d60__w6,52,466
5_se_informed_policy,5_se_informed_policy__d60__w6,53,589
5_se_informed_policy,5_se_informed_policy__d60__w6,54,522
5_se_informed_policy,5_se_informed_policy__d60__w6,55,611
5_se_informed_policy,5_se_informed_policy__d60__w6,56,669
5_se_informed_policy,5_se_informed_policy__d60__w6,57,709
5_se_informed_policy,5_se_informed_policy__d60__w6,58,853
5_se_informed_policy,5_se_informed_policy__d60__w6,59,848
5_se_informed_policy,5_se_informed_policy__d60__w6,60,2073
5_se_informed_policy,5_se_informed_policy__d60__w6,61,1149
5_se_informed_policy,5_se_informed_policy__d60__w6,62,1199
5_se_informed_policy,5_se_informed_policy__d60__w6,63,1051
5_se_informed_policy,5_se_informed_policy__d60__w6,64,1199
5_se_informed_policy,5_se_informed_policy__d60__w6,65,1114
5_se_informed_policy,5_se_informed_policy__d60__w6,66,999
5_se_informed_policy,5_se_informed_policy__d60__w6,67,911
5_se_informed_policy,5_se_informed_policy__d60__w6,68,1028
5_se_informed_policy,5_se_informed_policy__d60__w6,69,1214
5_se_informed_policy,5_se_informed_policy__d60__w6,70,1261
5_se_informed_policy,5_se_informed_policy__d60__w6,71,1173
5_se_informed_policy,5_se_informed_policy__d60__w6,72,929
5_se_informed_policy,5_se_informed_policy__d60__w6,73,870
5_se_informed_policy,5_se_informed_policy__d60__w6,74,1774
5_se_informed_policy,5_se_informed_policy__d60__w6,75,587
5_se_informed_policy,5_se_informed_policy__d60__w6,76,474
5_se_informed_policy,5_se_informed_policy__d60__w6,77,499
5_se_informed_policy,5_se_informed_policy__d60__w6,78,605
5_se_informed_policy,5_se_informed_policy__d60__w6,79,576
5_se_informed_policy,5_se_informed_policy__d60__w6,80,696
5_se_informed_policy,5_se_informed_policy__d60__w6,81,729
5_se_informed_policy,5_se_informed_policy__d60__w6,82,756
5_se_informed_policy,5_se_informed_policy__d60__w6,83,824
5_se_informed_policy,5_se_informed_policy__d60__w6,84,1944
5_se_informed_policy,5_se_informed_policy__d60__w6,85,1103
5_se_informed_policy,5_se_informed_policy__d60__w6,86,1238
5_se_informed_policy,5_se_informed_policy__d60__w6,87,1002
5_se_informed_policy,5_se_informed_policy__d60__w6,88,1036
5_se_informed_policy,5_se_informed_policy__d60__w6,89,1060
5_se_informed_policy,5_se_informed_policy__d60__w6,90,1032
5_se_informed_policy,5_se_informed_policy__d60__w6,91,982
5_se_informed_policy,5_se_informed_policy__d60__w6,92,920
5_se_informed_policy,5_se_informed_policy__d60__w6,93,1254
5_se_informed_policy,5_se_informed_policy__d60__w6,94,1264
5_se_informed_policy,5_se_informed_policy__d60__w6,95,1427
5_se_informed_policy,5_se_informed_policy__d60__w6,96,692
5_se_informed_policy,5_se_informed_policy__d60__w6,97,823
5_se_informed_policy,5_se_informed_policy__d60__w6,98,1736
5_se_informed_policy,5_se_informed_policy__d60__w6,99,611
5_se_informed_policy,5_se_informed_policy__d60__w6,100,449
5_se_informed_policy,5_se_informed_policy__d60__w6,101,504
5_se_informed_policy,5_se_informed_policy__d60__w6,102,531
5_se_informed_policy,5_se_informed_policy__d60__w6,103,566
5_se_informed_policy,5_se_informed_policy__d60__w6,104,648
5_se_informed_policy,5_se_informed_policy__d60__w6,105,683
5_se_informed_policy,5_se_informed_policy__d60__w6,106,788
5_se_informed_policy,5_se_informed_policy__d60__w6,107,802
5_se_informed_policy,5_se_informed_policy__d60__w6,108,1859
5_se_informed_policy,5_se_informed_policy__d60__w6,109,1077
5_se_informed_policy,5_se_informed_policy__d60__w6,110,1141
5_se_informed_policy,5_se_informed_policy__d60__w6,111,1216
5_se_informed_policy,5_se_informed_policy__d60__w6,112,936
5_se_informed_policy,5_se_informed_policy__d60__w6,113,980
5_se_informed_policy,5_se_informed_policy__d60__w6,114,951
5_se_informed_policy,5_se_informed_policy__d60__w6,115,902
5_se_informed_policy,5_se_informed_policy__d60__w6,116,865
5_se_informed_policy,5_se_informed_policy__d60__w6,117,956
5_se_informed_policy,5_se_informed_policy__d60__w6,118,1160
5_se_informed_policy,5_se_informed_policy__d60__w6,119,964
5_se_informed_policy,5_se_informed_policy__d60__w6,120,798
5_se_informed_policy,5_se_informed_policy__d60__w6,121,652
5_se_informed_policy,5_se_informed_policy__d60__w6,122,529
5_se_informed_policy,5_se_informed_policy__d60__w6,123,1147
5_se_informed_policy,5_se_informed_policy__d60__w6,124,305
5_se_informed_policy,5_se_informed_policy__d60__w6,125,277
5_se_informed_policy,5_se_informed_policy__d60__w6,126,276
5_se_informed_policy,5_se_informed_policy__d60__w6,127,297
5_se_informed_policy,5_se_informed_policy__d60__w6,128,274
5_se_informed_policy,5_se_informed_policy__d60__w6,129,304
5_se_informed_policy,5_se_informed_policy__d60__w6,130,374
5_se_informed_policy,5_se_informed_policy__d60__w6,131,435
5_se_informed_policy,5_se_informed_policy__d60__w6,132,874
5_se_informed_policy,5_se_informed_policy__d60__w6,133,434
5_se_informed_policy,5_se_informed_policy__d60__w6,134,568
5_se_informed_policy,5_se_informed_policy__d60__w6,135,619
5_se_informed_policy,5_se_informed_policy__d60__w6,136,534
5_se_informed_policy,5_se_informed_policy__d60__w6,137,554
5_se_informed_policy,5_se_informed_policy__d60__w6,138,472
5_se_informed_policy,5_se_informed_policy__d60__w6,139,527
5_se_informed_policy,5_se_informed_policy__d60__w6,140,525
5_se_informed_policy,5_se_informed_policy__d60__w6,141,535
5_se_informed_policy,5_se_informed_policy__d60__w6,142,625
5_se_informed_policy,5_se_informed_policy__d60__w6,143,671
5_se_informed_policy,5_se_informed_policy__d60__w6,144,374
5_se_informed_policy,5_se_informed_policy__d60__w6,145,370
5_se_informed_policy,5_se_informed_policy__d60__w6,146,366
5_se_informed_policy,5_se_informed_policy__d60__w6,147,701
5_se_informed_policy,5_se_informed_policy__d60__w6,148,311
5_se_informed_policy,5_se_informed_policy__d60__w6,149,286
5_se_informed_policy,5_se_informed_policy__d60__w6,150,246
5_se_informed_policy,5_se_informed_policy__d60__w6,151,287
5_se_informed_policy,5_se_informed_policy__d60__w6,152,288
5_se_informed_policy,5_se_informed_policy__d60__w6,153,397
5_se_informed_policy,5_se_informed_policy__d60__w6,154,400
5_se_informed_policy,5_se_informed_policy__d60__w6,155,730
5_se_informed_policy,5_se_informed_policy__d60__w6,156,432
5_se_informed_policy,5_se_informed_policy__d60__w6,157,507
5_se_informed_policy,5_se_informed_policy__d60__w6,158,519
5_se_informed_policy,5_se_informed_policy__d60__w6,159,616
5_se_informed_policy,5_se_informed_policy__d60__w6,160,482
5_se_informed_policy,5_se_informed_policy__d60__w6,161,479
5_se_informed_policy,5_se_informed_policy__d60__w6,162,557
5_se_informed_policy,5_se_informed_policy__d60__w6,163,549
5_se_informed_policy,5_se_informed_policy__d60__w6,164,556
5_se_informed_policy,5_se_informed_policy__d60__w6,165,597
5_se_informed_policy,5_se_informed_policy__d60__w6,166,681
5_se_informed_policy,5_se_informed_policy__d60__w6,167,650
5_se_informed_policy,5_se_informed_policy__d120__w6,0,409
5_se_informed_policy,5_se_informed_policy__d120__w6,1,933
5_se_informed_policy,5_se_informed_policy__d120__w6,2,481
5_se_informed_policy,5_se_informed_policy__d120__w6,3,437
5_se_informed_policy,5_se_informed_policy__d120__w6,4,486
5_se_informed_policy,5_se_informed_policy__d120__w6,5,445
5_se_informed_policy,5_se_informed_policy__d120__w6,6,460
5_se_informed_policy,5_se_informed_policy__d120__w6,7,480
5_se_informed_policy,5_se_informed_policy__d120__w6,8,630
5_se_informed_policy,5_se_informed_policy__d120__w6,9,649
5_se_informed_policy,5_se_informed_policy__d120__w6,10,624
5_se_informed_policy,5_se_informed_policy__d120__w6,11,805
5_se_informed_policy,5_se_informed_policy__d120__w6,12,1850
5_se_informed_policy,5_se_informed_policy__d120__w6,13,1120
5_se_informed_policy,5_se_informed_policy__d120__w6,14,1316
5_se_informed_policy,5_se_informed_policy__d120__w6,15,1108
5_se_informed_policy,5_se_informed_policy__d120__w6,16,1040
5_se_informed_policy,5_se_informed_policy__d120__w6,17,993
5_se_informed_policy,5_se_informed_policy__d120__w6,18,1020
5_se_informed_policy,5_se_informed_policy__d120__w6,19,924
5_se_informed_policy,5_se_informed_policy__d120__w6,20,963
5_se_informed_policy,5_se_informed_policy__d120__w6,21,1285
5_se_informed_policy,5_se_informed_policy__d120__w6,22,1263
5_se_informed_policy,5_se_informed_policy__d120__w6,23,1176
5_se_informed_policy,5_se_informed_policy__d120__w6,24,973
5_se_informed_policy,5_se_informed_policy__d120__w6,25,852
5_se_informed_policy,5_se_informed_policy__d120__w6,26,1731
5_se_informed_policy,5_se_informed_policy__d120__w6,27,641
5_se_informed_policy,5_se_informed_policy__d120__w6,28,610
5_se_informed_policy,5_se_informed_policy__d120__w6,29,578
5_se_informed_policy,5_se_informed_policy__d120__w6,30,591
5_se_informed_policy,5_se_informed_policy__d120__w6,31,646
5_se_informed_policy,5_se_informed_policy__d120__w6,32,712
5_se_informed_policy,5_se_informed_policy__d120__w6,33,782
5_se_informed_policy,5_se_informed_policy__d120__w6,34,718
5_se_informed_policy,5_se_informed_policy__d120__w6,35,851
5_se_informed_policy,5_se_informed_policy__d120__w6,36,2051
5_se_informed_policy,5_se_informed_policy__d120__w6,37,1120
5_se_informed_policy,5_se_informed_policy__d120__w6,38,1221
5_se_informed_policy,5_se_informed_policy__d120__w6,39,1007
5_se_informed_policy,5_se_informed_policy__d120__w6,40,1089
5_se_informed_policy,5_se_informed_policy__d120__w6,41,1202
5_se_informed_policy,5_se_informed_policy__d120__w6,42,1044
5_se_informed_policy,5_se_informed_policy__d120__w6,43,1020
5_se_informed_policy,5_se_informed_policy__d120__w6,44,967
5_se_informed_policy,5_se_informed_policy__d120__w6,45,1357
5_se_informed_policy,5_se_informed_policy__d120__w6,46,1226
5_se_informed_policy,5_se_informed_policy__d120__w6,47,1466
5_se_informed_policy,5_se_informed_policy__d120__w6,48,842
5_se_informed_policy,5_se_informed_policy__d120__w6,49,868
5_se_informed_policy,5_se_informed_policy__d120__w6,50,1849
5_se_informed_policy,5_se_informed_policy__d120__w6,51,689
5_se_informed_policy,5_se_informed_policy__d120__w6,52,484
5_se_informed_policy,5_se_informed_policy__d120__w6,53,600
5_se_informed_policy,5_se_informed_policy__d120__w6,54,536
5_se_informed_policy,5_se_informed_policy__d120__w6,55,618
5_se_informed_policy,5_se_informed_policy__d120__w6,56,694
5_se_informed_policy,5_se_informed_policy__d120__w6,57,745
5_se_informed_policy,5_se_informed_policy__d120__w6,58,862
5_se_informed_policy,5_se_informed_policy__d120__w6,59,860
5_se_informed_policy,5_se_informed_policy__d120__w6,60,1941
5_se_informed_policy,5_se_informed_policy__d120__w6,61,1149
5_se_informed_policy,5_se_informed_policy__d120__w6,62,1199
5_se_informed_policy,5_se_informed_policy__d120__w6,63,1074
5_se_informed_policy,5_se_informed_policy__d120__w6,64,1225
5_se_informed_policy,5_se_informed_policy__d120__w6,65,1152
5_se_informed_policy,5_se_informed_policy__d120__w6,66,1028
5_se_informed_policy,5_se_informed_policy__d120__w6,67,926
5_se_informed_policy,5_se_informed_policy__d120__w6,68,1039
5_se_informed_policy,5_se_informed_policy__d120__w6,69,1205
5_se_informed_policy,5_se_informed_policy__d120__w6,70,1256
5_se_informed_policy,5_se_informed_policy__d120__w6,71,1147
5_se_informed_policy,5_se_informed_policy__d120__w6,72,911
5_se_informed_policy,5_se_informed_policy__d120__w6,73,867
5_se_informed_policy,5_se_informed_policy__d120__w6,74,1693
5_se_informed_policy,5_se_informed_policy__d120__w6,75,587
5_se_informed_policy,5_se_informed_policy__d120__w6,76,485
5_se_informed_policy,5_se_informed_policy__d120__w6,77,507
5_se_informed_policy,5_se_informed_policy__d120__w6,78,617
5_se_informed_policy,5_se_informed_policy__d120__w6,79,590
5_se_informed_policy,5_se_informed_policy__d120__w6,80,720
5_se_informed_policy,5_se_informed_policy__d120__w6,81,760
5_se_informed_policy,5_se_informed_policy__d120__w6,82,766
5_se_informed_policy,5_se_informed_policy__d120__w6,83,838
5_se_informed_policy,5_se_informed_policy__d120__w6,84,1820
5_se_informed_policy,5_se_informed_policy__d120__w6,85,1103
5_se_informed_policy,5_se_informed_policy__d120__w6,86,1238
5_se_informed_policy,5_se_informed_policy__d120__w6,87,1024
5_se_informed_policy,5_se_informed_policy__d120__w6,88,1062
5_se_informed_policy,5_se_informed_policy__d120__w6,89,1084
5_se_informed_policy,5_se_informed_policy__d120__w6,90,1051
5_se_informed_policy,5_se_informed_policy__d120__w6,91,995
5_se_informed_policy,5_se_informed_policy__d120__w6,92,935
5_se_informed_policy,5_se_informed_policy__d120__w6,93,1251
5_se_informed_policy,5_se_informed_policy__d120__w6,94,1257
5_se_informed_policy,5_se_informed_policy__d120__w6,95,1398
5_se_informed_policy,5_se_informed_policy__d120__w6,96,706
5_se_informed_policy,5_se_informed_policy__d120__w6,97,826
5_se_informed_policy,5_se_informed_policy__d120__w6,98,1639
5_se_informed_policy,5_se_informed_policy__d120__w6,99,611
5_se_informed_policy,5_se_informed_policy__d120__w6,100,463
5_se_informed_policy,5_se_informed_policy__d120__w6,101,522
5_se_informed_policy,5_se_informed_policy__d120__w6,102,546
5_se_informed_policy,5_se_informed_policy__d120__w6,103,579
5_se_informed_policy,5_se_informed_policy__d120__w6,104,659
5_se_informed_policy,5_se_informed_policy__d120__w6,105,696
5_se_informed_policy,5_se_informed_policy__d120__w6,106,792
5_se_informed_policy,5_se_informed_policy__d120__w6,107,803
5_se_informed_policy,5_se_informed_policy__d120__w6,108,1770
5_se_informed_policy,5_se_informed_policy__d120__w6,109,1077
5_se_informed_policy,5_se_informed_policy__d120__w6,110,1141
5_se_informed_policy,5_se_informed_policy__d120__w6,111,1216
5_se_informed_policy,5_se_informed_policy__d120__w6,112,974
5_se_informed_policy,5_se_informed_policy__d120__w6,113,1013
5_se_informed_policy,5_se_informed_policy__d120__w6,114,965
5_se_informed_policy,5_se_informed_policy__d120__w6,115,921
5_se_informed_policy,5_se_informed_policy__d120__w6,116,887
5_se_informed_policy,5_se_informed_policy__d120__w6,117,978
5_se_informed_policy,5_se_informed_policy__d120__w6,118,1142
5_se_informed_policy,5_se_informed_policy__d120__w6,119,943
5_se_informed_policy,5_se_informed_policy__d120__w6,120,793
5_se_informed_policy,5_se_informed_policy__d120__w6,121,641
5_se_informed_policy,5_se_informed_policy__d120__w6,122,510
5_se_informed_policy,5_se_informed_policy__d120__w6,123,1073
5_se_informed_policy,5_se_informed_policy__d120__w6,124,312
5_se_informed_policy,5_se_informed_policy__d120__w6,125,287
5_se_informed_policy,5_se_informed_policy__d120__w6,126,286
5_se_informed_policy,5_se_informed_policy__d120__w6,127,310
5_se_informed_policy,5_se_informed_policy__d120__w6,128,286
5_se_informed_policy,5_se_informed_policy__d120__w6,129,320
5_se_informed_policy,5_se_informed_policy__d120__w6,130,386
5_se_informed_policy,5_se_informed_policy__d120__w6,131,448
5_se_informed_policy,5_se_informed_policy__d120__w6,132,781
5_se_informed_policy,5_se_informed_policy__d120__w6,133,434
5_se_informed_policy,5_se_informed_policy__d120__w6,134,568
5_se_informed_policy,5_se_informed_policy__d120__w6,135,619
5_se_informed_policy,5_se_informed_policy__d120__w6,136,543
5_se_informed_policy,5_se_informed_policy__d120__w6,137,571
5_se_informed_policy,5_se_informed_policy__d120__w6,138,485
5_se_informed_policy,5_se_informed_policy__d120__w6,139,530
5_se_informed_policy,5_se_informed_policy__d120__w6,140,528
5_se_informed_policy,5_se_informed_policy__d120__w6,141,547
5_se_informed_policy,5_se_informed_policy__d120__w6,142,626
5_se_informed_policy,5_se_informed_policy__d120__w6,143,643
5_se_informed_policy,5_se_informed_policy__d120__w6,144,380
5_se_informed_policy,5_se_informed_policy__d120__w6,145,380
5_se_informed_policy,5_se_informed_policy__d120__w6,146,369
5_se_informed_policy,5_se_informed_policy__d120__w6,147,653
5_se_informed_policy,5_se_informed_policy__d120__w6,148,319
5_se_informed_policy,5_se_informed_policy__d120__w6,149,288
5_se_informed_policy,5_se_informed_policy__d120__w6,150,250
5_se_informed_policy,5_se_informed_policy__d120__w6,151,291
5_se_informed_policy,5_se_informed_policy__d120__w6,152,290
5_se_informed_policy,5_se_informed_policy__d120__w6,153,406
5_se_informed_policy,5_se_informed_policy__d120__w6,154,399
5_se_informed_policy,5_se_informed_policy__d120__w6,155,701
5_se_informed_policy,5_se_informed_policy__d120__w6,156,432
5_se_informed_policy,5_se_informed_policy__d120__w6,157,507
5_se_informed_policy,5_se_informed_policy__d120__w6,158,519
5_se_informed_policy,5_se_informed_policy__d120__w6,159,616
5_se_informed_policy,5_se_informed_policy__d120__w6,160,491
5_se_informed_policy,5_se_informed_policy__d120__w6,161,484
5_se_informed_policy,5_se_informed_policy__d120__w6,162,565
5_se_informed_policy,5_se_informed_policy__d120__w6,163,555
5_se_informed_policy,5_se_informed_policy__d120__w6,164,567
5_se_informed_policy,5_se_informed_policy__d120__w6,165,604
5_se_informed_policy,5_se_informed_policy__d120__w6,166,683
5_se_informed_policy,5_se_informed_policy__d120__w6,167,649
5_se_informed_policy,5_se_informed_policy__d240__w6,0,419
5_se_informed_policy,5_se_informed_policy__d240__w6,1,847
5_se_informed_policy,5_se_informed_policy__d240__w6,2,481
5_se_informed_policy,5_se_informed_policy__d240__w6,3,437
5_se_informed_policy,5_se_informed_policy__d240__w6,4,486
5_se_informed_policy,5_se_informed_policy__d240__w6,5,469
5_se_informed_policy,5_se_informed_policy__d240__w6,6,479
5_se_informed_policy,5_se_informed_policy__d240__w6,7,495
5_se_informed_policy,5_se_informed_policy__d240__w6,8,657
5_se_informed_policy,5_se_informed_policy__d240__w6,9,691
5_se_informed_policy,5_se_informed_policy__d240__w6,10,674
5_se_informed_policy,5_se_informed_policy__d240__w6,11,823
5_se_informed_policy,5_se_informed_policy__d240__w6,12,1655
5_se_informed_policy,5_se_informed_policy__d240__w6,13,1120
5_se_informed_policy,5_se_informed_policy__d240__w6,14,1316
5_se_informed_policy,5_se_informed_policy__d240__w6,15,1159
5_se_informed_policy,5_se_informed_policy__d240__w6,16,1079
5_se_informed_policy,5_se_informed_policy__d240__w6,17,1047
5_se_informed_policy,5_se_informed_policy__d240__w6,18,1069
5_se_informed_policy,5_se_informed_policy__d240__w6,19,966
5_se_informed_policy,5_se_informed_policy__d240__w6,20,989
5_se_informed_policy,5_se_informed_policy__d240__w6,21,1277
5_se_informed_policy,5_se_informed_policy__d240__w6,22,1254
5_se_informed_policy,5_se_informed_policy__d240__w6,23,1156
5_se_informed_policy,5_se_informed_policy__d240__w6,24,939
5_se_informed_policy,5_se_informed_policy__d240__w6,25,819
5_se_informed_policy,5_se_informed_policy__d240__w6,26,1574
5_se_informed_policy,5_se_informed_policy__d240__w6,27,641
5_se_informed_policy,5_se_informed_policy__d240__w6,28,610
5_se_informed_policy,5_se_informed_policy__d240__w6,29,623
5_se_informed_policy,5_se_informed_policy__d240__w6,30,622
5_se_informed_policy,5_se_informed_policy__d240__w6,31,675
5_se_informed_policy,5_se_informed_policy__d240__w6,32,742
5_se_informed_policy,5_se_informed_policy__d240__w6,33,832
5_se_informed_policy,5_se_informed_policy__d240__w6,34,756
5_se_informed_policy,5_se_informed_policy__d240__w6,35,858
5_se_informed_policy,5_se_informed_policy__d240__w6,36,1821
5_se_informed_policy,5_se_informed_policy__d240__w6,37,1120
5_se_informed_policy,5_se_informed_policy__d240__w6,38,1221
5_se_informed_policy,5_se_informed_policy__d240__w6,39,1082
5_se_informed_policy,5_se_informed_policy__d240__w6,40,1145
5_se_informed_policy,5_se_informed_policy__d240__w6,41,1271
5_se_informed_policy,5_se_informed_policy__d240__w6,42,1099
5_se_informed_policy,5_se_informed_policy__d240__w6,43,1053
5_se_informed_policy,5_se_informed_policy__d240__w6,44,1007
5_se_informed_policy,5_se_informed_policy__d240__w6,45,1317
5_se_informed_policy,5_se_informed_policy__d240__w6,46,1201
5_se_informed_policy,5_se_informed_policy__d240__w6,47,1364
5_se_informed_policy,5_se_informed_policy__d240__w6,48,869
5_se_informed_policy,5_se_informed_policy__d240__w6,49,846
5_se_informed_policy,5_se_informed_policy__d240__w6,50,1683
5_se_informed_policy,5_se_informed_policy__d240__w6,51,689
5_se_informed_policy,5_se_informed_policy__d240__w6,52,516
5_se_informed_policy,5_se_informed_policy__d240__w6,53,626
5_se_informed_policy,5_se_informed_policy__d240__w6,54,556
5_se_informed_policy,5_se_informed_policy__d240__w6,55,640
5_se_informed_policy,5_se_informed_policy__d240__w6,56,726
5_se_informed_policy,5_se_informed_policy__d240__w6,57,794
5_se_informed_policy,5_se_informed_policy__d240__w6,58,883
5_se_informed_policy,5_se_informed_policy__d240__w6,59,867
5_se_informed_policy,5_se_informed_policy__d240__w6,60,1732
5_se_informed_policy,5_se_informed_policy__d240__w6,61,1149
5_se_informed_policy,5_se_informed_policy__d240__w6,62,1199
5_se_informed_policy,5_se_informed_policy__d240__w6,63,1127
5_se_informed_policy,5_se_informed_policy__d240__w6,64,1270
5_se_informed_policy,5_se_informed_policy__d240__w6,65,1195
5_se_informed_policy,5_se_informed_policy__d240__w6,66,1078
5_se_informed_policy,5_se_informed_policy__d240__w6,67,967
5_se_informed_policy,5_se_informed_policy__d240__w6,68,1077
5_se_informed_policy,5_se_informed_policy__d240__w6,69,1197
5_se_informed_policy,5_se_informed_policy__d240__w6,70,1241
5_se_informed_policy,5_se_informed_policy__d240__w6,71,1129
5_se_informed_policy,5_se_informed_policy__d240__w6,72,887
5_se_informed_policy,5_se_informed_policy__d240__w6,73,839
5_se_informed_policy,5_se_informed_policy__d240__w6,74,1516
5_se_informed_policy,5_se_informed_policy__d240__w6,75,587
5_se_informed_policy,5_se_informed_policy__d240__w6,76,507
5_se_informed_policy,5_se_informed_policy__d240__w6,77,546
5_se_informed_policy,5_se_informed_policy__d240__w6,78,668
5_se_informed_policy,5_se_informed_policy__d240__w6,79,621
5_se_informed_policy,5_se_informed_policy__d240__w6,80,763
5_se_informed_policy,5_se_informed_policy__d240__w6,81,792
5_se_informed_policy,5_se_informed_policy__d240__w6,82,790
5_se_informed_policy,5_se_informed_policy__d240__w6,83,837
5_se_informed_policy,5_se_informed_policy__d240__w6,84,1579
5_se_informed_policy,5_se_informed_policy__d240__w6,85,1103
5_se_informed_policy,5_se_informed_policy__d240__w6,86,1238
5_se_informed_policy,5_se_informed_policy__d240__w6,87,1069
5_se_informed_policy,5_se_informed_policy__d240__w6,88,1121
5_se_informed_policy,5_se_informed_policy__d240__w6,89,1126
5_se_informed_policy,5_se_informed_policy__d240__w6,90,1100
5_se_informed_policy,5_se_informed_policy__d240__w6,91,1030
5_se_informed_policy,5_se_informed_policy__d240__w6,92,968
5_se_informed_policy,5_se_informed_policy__d240__w6,93,1242
5_se_informed_policy,5_se_informed_policy__d240__w6,94,1215
5_se_informed_policy,5_se_informed_policy__d240__w6,95,1332
5_se_informed_policy,5_se_informed_policy__d240__w6,96,720
5_se_informed_policy,5_se_informed_policy__d240__w6,97,806
5_se_informed_policy,5_se_informed_policy__d240__w6,98,1499
5_se_informed_policy,5_se_informed_policy__d240__w6,99,611
5_se_informed_policy,5_se_informed_policy__d240__w6,100,489
5_se_informed_policy,5_se_informed_policy__d240__w6,101,556
5_se_informed_policy,5_se_informed_policy__d240__w6,102,578
5_se_informed_policy,5_se_informed_policy__d240__w6,103,604
5_se_informed_policy,5_se_informed_policy__d240__w6,104,701
5_se_informed_policy,5_se_informed_policy__d240__w6,105,730
5_se_informed_policy,5_se_informed_policy__d240__w6,106,807
5_se_informed_policy,5_se_informed_policy__d240__w6,107,810
5_se_informed_policy,5_se_informed_policy__d240__w6,108,1555
5_se_informed_policy,5_se_informed_policy__d240__w6,109,1077
5_se_informed_policy,5_se_informed_policy__d240__w6,110,1141
5_se_informed_policy,5_se_informed_policy__d240__w6,111,1216
5_se_informed_policy,5_se_informed_policy__d240__w6,112,1012
5_se_informed_policy,5_se_informed_policy__d240__w6,113,1048
5_se_informed_policy,5_se_informed_policy__d240__w6,114,1003
5_se_informed_policy,5_se_informed_policy__d240__w6,115,946
5_se_informed_policy,5_se_informed_policy__d240__w6,116,914
5_se_informed_policy,5_se_informed_policy__d240__w6,117,997
5_se_informed_policy,5_se_informed_policy__d240__w6,118,1127
5_se_informed_policy,5_se_informed_policy__d240__w6,119,926
5_se_informed_policy,5_se_informed_policy__d240__w6,120,771
5_se_informed_policy,5_se_informed_policy__d240__w6,121,623
5_se_informed_policy,5_se_informed_policy__d240__w6,122,494
5_se_informed_policy,5_se_informed_policy__d240__w6,123,979
5_se_informed_policy,5_se_informed_policy__d240__w6,124,324
5_se_informed_policy,5_se_informed_policy__d240__w6,125,297
5_se_informed_policy,5_se_informed_policy__d240__w6,126,300
5_se_informed_policy,5_se_informed_policy__d240__w6,127,328
5_se_informed_policy,5_se_informed_policy__d240__w6,128,300
5_se_informed_policy,5_se_informed_policy__d240__w6,129,334
5_se_informed_policy,5_se_informed_policy__d240__w6,130,380
5_se_informed_policy,5_se_informed_policy__d240__w6,131,462
5_se_informed_policy,5_se_informed_policy__d240__w6,132,691
5_se_informed_policy,5_se_informed_policy__d240__w6,133,434
5_se_informed_policy,5_se_informed_policy__d240__w6,134,568
5_se_informed_policy,5_se_informed_policy__d240__w6,135,619
5_se_informed_policy,5_se_informed_policy__d240__w6,136,562
5_se_informed_policy,5_se_informed_policy__d240__w6,137,589
5_se_informed_policy,5_se_informed_policy__d240__w6,138,500
5_se_informed_policy,5_se_informed_policy__d240__w6,139,549
5_se_informed_policy,5_se_informed_policy__d240__w6,140,546
5_se_informed_policy,5_se_informed_policy__d240__w6,141,559
5_se_informed_policy,5_se_informed_policy__d240__w6,142,619
5_se_informed_policy,5_se_informed_policy__d240__w6,143,617
5_se_informed_policy,5_se_informed_policy__d240__w6,144,389
5_se_informed_policy,5_se_informed_policy__d240__w6,145,366
5_se_informed_policy,5_se_informed_policy__d240__w6,146,358
5_se_informed_policy,5_se_informed_policy__d240__w6,147,608
5_se_informed_policy,5_se_informed_policy__d240__w6,148,330
5_se_informed_policy,5_se_informed_policy__d240__w6,149,299
5_se_informed_policy,5_se_informed_policy__d240__w6,150,261
5_se_informed_policy,5_se_informed_policy__d240__w6,151,327
5_se_informed_policy,5_se_informed_policy__d240__w6,152,306
5_se_informed_policy,5_se_informed_policy__d240__w6,153,423
5_se_informed_policy,5_se_informed_policy__d240__w6,154,408
5_se_informed_policy,5_se_informed_policy__d240__w6,155,583
5_se_informed_policy,5_se_informed_policy__d240__w6,156,432
5_se_informed_policy,5_se_informed_policy__d240__w6,157,507
5_se_informed_policy,5_se_informed_policy__d240__w6,158,519
5_se_informed_policy,5_se_informed_policy__d240__w6,159,616
5_se_informed_policy,5_se_informed_policy__d240__w6,160,527
5_se_informed_policy,5_se_informed_policy__d240__w6,161,509
5_se_informed_policy,5_se_informed_policy__d240__w6,162,587
5_se_informed_policy,5_se_informed_policy__d240__w6,163,571
5_se_informed_policy,5_se_informed_policy__d240__w6,164,583
5_se_informed_policy,5_se_informed_policy__d240__w6,165,616
5_se_informed_policy,5_se_informed_policy__d240__w6,166,670
5_se_informed_policy,5_se_informed_policy__d240__w6,167,611
5_se_informed_policy,5_se_informed_policy__d480__w6,0,433
5_se_informed_policy,5_se_informed_policy__d480__w6,1,673
5_se_informed_policy,5_se_informed_policy__d480__w6,2,481
5_se_informed_policy,5_se_informed_policy__d480__w6,3,437
5_se_informed_policy,5_se_informed_policy__d480__w6,4,486
5_se_informed_policy,5_se_informed_policy__d480__w6,5,481
5_se_informed_policy,5_se_informed_policy__d480__w6,6,502
5_se_informed_policy,5_se_informed_policy__d480__w6,7,522
5_se_informed_policy,5_se_informed_policy__d480__w6,8,678
5_se_informed_policy,5_se_informed_policy__d480__w6,9,737
5_se_informed_policy,5_se_informed_policy__d480__w6,10,717
5_se_informed_policy,5_se_informed_policy__d480__w6,11,850
5_se_informed_policy,5_se_informed_policy__d480__w6,12,1456
5_se_informed_policy,5_se_informed_policy__d480__w6,13,1120
5_se_informed_policy,5_se_informed_policy__d480__w6,14,1316
5_se_informed_policy,5_se_informed_policy__d480__w6,15,1217
5_se_informed_policy,5_se_informed_policy__d480__w6,16,1137
5_se_informed_policy,5_se_informed_policy__d480__w6,17,1098
5_se_informed_policy,5_se_informed_policy__d480__w6,18,1110
5_se_informed_policy,5_se_informed_policy__d480__w6,19,1004
5_se_informed_policy,5_se_informed_policy__d480__w6,20,1035
5_se_informed_policy,5_se_informed_policy__d480__w6,21,1271
5_se_informed_policy,5_se_informed_policy__d480__w6,22,1240
5_se_informed_policy,5_se_informed_policy__d480__w6,23,1143
5_se_informed_policy,5_se_informed_policy__d480__w6,24,943
5_se_informed_policy,5_se_informed_policy__d480__w6,25,809
5_se_informed_policy,5_se_informed_policy__d480__w6,26,1321
5_se_informed_policy,5_se_informed_policy__d480__w6,27,641
5_se_informed_policy,5_se_informed_policy__d480__w6,28,610
5_se_informed_policy,5_se_informed_policy__d480__w6,29,641
5_se_informed_policy,5_se_informed_policy__d480__w6,30,648
5_se_informed_policy,5_se_informed_policy__d480__w6,31,718
5_se_informed_policy,5_se_informed_policy__d480__w6,32,772
5_se_informed_policy,5_se_informed_policy__d480__w6,33,876
5_se_informed_policy,5_se_informed_policy__d480__w6,34,820
5_se_informed_policy,5_se_informed_policy__d480__w6,35,891
5_se_informed_policy,5_se_informed_policy__d480__w6,36,1563
5_se_informed_policy,5_se_informed_policy__d480__w6,37,1120
5_se_informed_policy,5_se_informed_policy__d480__w6,38,1221
5_se_informed_policy,5_se_informed_policy__d480__w6,39,1122
5_se_informed_policy,5_se_informed_policy__d480__w6,40,1203
5_se_informed_policy,5_se_informed_policy__d480__w6,41,1331
5_se_informed_policy,5_se_informed_policy__d480__w6,42,1136
5_se_informed_policy,5_se_informed_policy__d480__w6,43,1093
5_se_informed_policy,5_se_informed_policy__d480__w6,44,1056
5_se_informed_policy,5_se_informed_policy__d480__w6,45,1337
5_se_informed_policy,5_se_informed_policy__d480__w6,46,1195
5_se_informed_policy,5_se_informed_policy__d480__w6,47,1311
5_se_informed_policy,5_se_informed_policy__d480__w6,48,930
5_se_informed_policy,5_se_informed_policy__d480__w6,49,848
5_se_informed_policy,5_se_informed_policy__d480__w6,50,1375
5_se_informed_policy,5_se_informed_policy__d480__w6,51,689
5_se_informed_policy,5_se_informed_policy__d480__w6,52,542
5_se_informed_policy,5_se_informed_policy__d480__w6,53,653
5_se_informed_policy,5_se_informed_policy__d480__w6,54,572
5_se_informed_policy,5_se_informed_policy__d480__w6,55,680
5_se_informed_policy,5_se_informed_policy__d480__w6,56,765
5_se_informed_policy,5_se_informed_policy__d480__w6,57,842
5_se_informed_policy,5_se_informed_policy__d480__w6,58,919
5_se_informed_policy,5_se_informed_policy__d480__w6,59,875
5_se_informed_policy,5_se_informed_policy__d480__w6,60,1492
5_se_informed_policy,5_se_informed_policy__d480__w6,61,1149
5_se_informed_policy,5_se_informed_policy__d480__w6,62,1199
5_se_informed_policy,5_se_informed_policy__d480__w6,63,1197
5_se_informed_policy,5_se_informed_policy__d480__w6,64,1321
5_se_informed_policy,5_se_informed_policy__d480__w6,65,1240
5_se_informed_policy,5_se_informed_policy__d480__w6,66,1124
5_se_informed_policy,5_se_informed_policy__d480__w6,67,1023
5_se_informed_policy,5_se_informed_policy__d480__w6,68,1113
5_se_informed_policy,5_se_informed_policy__d480__w6,69,1175
5_se_informed_policy,5_se_informed_policy__d480__w6,70,1245
5_se_informed_policy,5_se_informed_policy__d480__w6,71,1132
5_se_informed_policy,5_se_informed_policy__d480__w6,72,864
5_se_informed_policy,5_se_informed_policy__d480__w6,73,818
5_se_informed_policy,5_se_informed_policy__d480__w6,74,1271
5_se_informed_policy,5_se_informed_policy__d480__w6,75,587
5_se_informed_policy,5_se_informed_policy__d480__w6,76,520
5_se_informed_policy,5_se_informed_policy__d480__w6,77,562
5_se_informed_policy,5_se_informed_policy__d480__w6,78,690
5_se_informed_policy,5_se_informed_policy__d480__w6,79,653
5_se_informed_policy,5_se_informed_policy__d480__w6,80,796
5_se_informed_policy,5_se_informed_policy__d480__w6,81,850
5_se_informed_policy,5_se_informed_policy__d480__w6,82,809
5_se_informed_policy,5_se_informed_policy__d480__w6,83,860
5_se_informed_policy,5_se_informed_policy__d480__w6,84,1363
5_se_informed_policy,5_se_informed_policy__d480__w6,85,1103
5_se_informed_policy,5_se_informed_policy__d480__w6,86,1238
5_se_informed_policy,5_se_informed_policy__d480__w6,87,1126
5_se_informed_policy,5_se_informed_policy__d480__w6,88,1174
5_se_informed_policy,5_se_informed_policy__d480__w6,89,1180
5_se_informed_policy,5_se_informed_policy__d480__w6,90,1154
5_se_informed_policy,5_se_informed_policy__d480__w6,91,1053
5_se_informed_policy,5_se_informed_policy__d480__w6,92,1000
5_se_informed_policy,5_se_informed_policy__d480__w6,93,1217
5_se_informed_policy,5_se_informed_policy__d480__w6,94,1209
5_se_informed_policy,5_se_informed_policy__d480__w6,95,1259
5_se_informed_policy,5_se_informed_policy__d480__w6,96,766
5_se_informed_policy,5_se_informed_policy__d480__w6,97,812
5_se_informed_policy,5_se_informed_policy__d480__w6,98,1278
5_se_informed_policy,5_se_informed_policy__d480__w6,99,611
5_se_informed_policy,5_se_informed_policy__d480__w6,100,508
5_se_informed_policy,5_se_informed_policy__d480__w6,101,579
5_se_informed_policy,5_se_informed_policy__d480__w6,102,601
5_se_informed_policy,5_se_informed_policy__d480__w6,103,636
5_se_informed_policy,5_se_informed_policy__d480__w6,104,734
5_se_informed_policy,5_se_informed_policy__d480__w6,105,759
5_se_informed_policy,5_se_informed_policy__d480__w6,106,818
5_se_informed_policy,5_se_informed_policy__d480__w6,107,820
5_se_informed_policy,5_se_informed_policy__d480__w6,108,1375
5_se_informed_policy,5_se_informed_policy__d480__w6,109,1077
5_se_informed_policy,5_se_informed_policy__d480__w6,110,1141
5_se_informed_policy,5_se_informed_policy__d480__w6,111,1216
5_se_informed_policy,5_se_informed_policy__d480__w6,112,1059
5_se_informed_policy,5_se_informed_policy__d480__w6,113,1091
5_se_informed_policy,5_se_informed_policy__d480__w6,114,1039
5_se_informed_policy,5_se_informed_policy__d480__w6,115,1001
5_se_informed_policy,5_se_informed_policy__d480__w6,116,942
5_se_informed_policy,5_se_informed_policy__d480__w6,117,1031
5_se_informed_policy,5_se_informed_policy__d480__w6,118,1115
5_se_informed_policy,5_se_informed_policy__d480__w6,119,902
5_se_informed_policy,5_se_informed_policy__d480__w6,120,754
5_se_informed_policy,5_se_informed_policy__d480__w6,121,586
5_se_informed_policy,5_se_informed_policy__d480__w6,122,480
5_se_informed_policy,5_se_informed_policy__d480__w6,123,840
5_se_informed_policy,5_se_informed_policy__d480__w6,124,328
5_se_informed_policy,5_se_informed_policy__d480__w6,125,301
5_se_informed_policy,5_se_informed_policy__d480__w6,126,306
5_se_informed_policy,5_se_informed_policy__d480__w6,127,338
5_se_informed_policy,5_se_informed_policy__d480__w6,128,317
5_se_informed_policy,5_se_informed_policy__d480__w6,129,358
5_se_informed_policy,5_se_informed_policy__d480__w6,130,392
5_se_informed_policy,5_se_informed_policy__d480__w6,131,474
5_se_informed_policy,5_se_informed_policy__d480__w6,132,602
5_se_informed_policy,5_se_informed_policy__d480__w6,133,434
5_se_informed_policy,5_se_informed_policy__d480__w6,134,568
5_se_informed_policy,5_se_informed_policy__d480__w6,135,619
5_se_informed_policy,5_se_informed_policy__d480__w6,136,581
5_se_informed_policy,5_se_informed_policy__d480__w6,137,606
5_se_informed_policy,5_se_informed_policy__d480__w6,138,518
5_se_informed_policy,5_se_informed_policy__d480__w6,139,568
5_se_informed_policy,5_se_informed_policy__d480__w6,140,566
5_se_informed_policy,5_se_informed_policy__d480__w6,141,578
5_se_informed_policy,5_se_informed_policy__d480__w6,142,622
5_se_informed_policy,5_se_informed_policy__d480__w6,143,592
5_se_informed_policy,5_se_informed_policy__d480__w6,144,411
5_se_informed_policy,5_se_informed_policy__d480__w6,145,370
5_se_informed_policy,5_se_informed_policy__d480__w6,146,344
5_se_informed_policy,5_se_informed_policy__d480__w6,147,513
5_se_informed_policy,5_se_informed_policy__d480__w6,148,333
5_se_informed_policy,5_se_informed_policy__d480__w6,149,312
5_se_informed_policy,5_se_informed_policy__d480__w6,150,265
5_se_informed_policy,5_se_informed_policy__d480__w6,151,345
5_se_informed_policy,5_se_informed_policy__d480__w6,152,314
5_se_informed_policy,5_se_informed_policy__d480__w6,153,425
5_se_informed_policy,5_se_informed_policy__d480__w6,154,418
5_se_informed_policy,5_se_informed_policy__d480__w6,155,518
5_se_informed_policy,5_se_informed_policy__d480__w6,156,432
5_se_informed_policy,5_se_informed_policy__d480__w6,157,507
5_se_informed_policy,5_se_informed_policy__d480__w6,158,519
5_se_informed_policy,5_se_informed_policy__d480__w6,159,616
5_se_informed_policy,5_se_informed_policy__d480__w6,160,547
5_se_informed_policy,5_se_informed_policy__d480__w6,161,520
5_se_informed_policy,5_se_informed_policy__d480__w6,162,601
5_se_informed_policy,5_se_informed_policy__d480__w6,163,605
5_se_informed_policy,5_se_informed_policy__d480__w6,164,609
5_se_informed_policy,5_se_informed_policy__d480__w6,165,650
5_se_informed_policy,5_se_informed_policy__d480__w6,166,681
5_se_informed_policy,5_se_informed_policy__d480__w6,167,621
5_se_informed_policy,5_se_informed_policy__d960__w6,0,450
5_se_informed_policy,5_se_informed_policy__d960__w6,1,555
5_se_informed_policy,5_se_informed_policy__d960__w6,2,481
5_se_informed_policy,5_se_informed_policy__d960__w6,3,437
5_se_informed_policy,5_se_informed_policy__d960__w6,4,486
5_se_informed_policy,5_se_informed_policy__d960__w6,5,511
5_se_informed_policy,5_se_informed_policy__d960__w6,6,525
5_se_informed_policy,5_se_informed_policy__d960__w6,7,540
5_se_informed_policy,5_se_informed_policy__d960__w6,8,703
5_se_informed_policy,5_se_informed_policy__d960__w6,9,757
5_se_informed_policy,5_se_informed_policy__d960__w6,10,739
5_se_informed_policy,5_se_informed_policy__d960__w6,11,835
5_se_informed_policy,5_se_informed_policy__d960__w6,12,1333
5_se_informed_policy,5_se_informed_policy__d960__w6,13,1120
5_se_informed_policy,5_se_informed_policy__d960__w6,14,1316
5_se_informed_policy,5_se_informed_policy__d960__w6,15,1237
5_se_informed_policy,5_se_informed_policy__d960__w6,16,1187
5_se_informed_policy,5_se_informed_policy__d960__w6,17,1161
5_se_informed_policy,5_se_informed_policy__d960__w6,18,1162
5_se_informed_policy,5_se_informed_policy__d960__w6,19,1062
5_se_informed_policy,5_se_informed_policy__d960__w6,20,1111
5_se_informed_policy,5_se_informed_policy__d960__w6,21,1342
5_se_informed_policy,5_se_informed_policy__d960__w6,22,1277
5_se_informed_policy,5_se_informed_policy__d960__w6,23,1147
5_se_informed_policy,5_se_informed_policy__d960__w6,24,951
5_se_informed_policy,5_se_informed_policy__d960__w6,25,794
5_se_informed_policy,5_se_informed_policy__d960__w6,26,897
5_se_informed_policy,5_se_informed_policy__d960__w6,27,641
5_se_informed_policy,5_se_informed_policy__d960__w6,28,610
5_se_informed_policy,5_se_informed_policy__d960__w6,29,664
5_se_informed_policy,5_se_informed_policy__d960__w6,30,666
5_se_informed_policy,5_se_informed_policy__d960__w6,31,745
5_se_informed_policy,5_se_informed_policy__d960__w6,32,806
5_se_informed_policy,5_se_informed_policy__d960__w6,33,911
5_se_informed_policy,5_se_informed_policy__d960__w6,34,848
5_se_informed_policy,5_se_informed_policy__d960__w6,35,891
5_se_informed_policy,5_se_informed_policy__d960__w6,36,1398
5_se_informed_policy,5_se_informed_policy__d960__w6,37,1120
5_se_informed_policy,5_se_informed_policy__d960__w6,38,1221
5_se_informed_policy,5_se_informed_policy__d960__w6,39,1163
5_se_informed_policy,5_se_informed_policy__d960__w6,40,1252
5_se_informed_policy,5_se_informed_policy__d960__w6,41,1409
5_se_informed_policy,5_se_informed_policy__d960__w6,42,1188
5_se_informed_policy,5_se_informed_policy__d960__w6,43,1166
5_se_informed_policy,5_se_informed_policy__d960__w6,44,1126
5_se_informed_policy,5_se_informed_policy__d960__w6,45,1370
5_se_informed_policy,5_se_informed_policy__d960__w6,46,1237
5_se_informed_policy,5_se_informed_policy__d960__w6,47,1250
5_se_informed_policy,5_se_informed_policy__d960__w6,48,1017
5_se_informed_policy,5_se_informed_policy__d960__w6,49,831
5_se_informed_policy,5_se_informed_policy__d960__w6,50,928
5_se_informed_policy,5_se_informed_policy__d960__w6,51,689
5_se_informed_policy,5_se_informed_policy__d960__w6,52,555
5_se_informed_policy,5_se_informed_policy__d960__w6,53,668
5_se_informed_policy,5_se_informed_policy__d960__w6,54,583
5_se_informed_policy,5_se_informed_policy__d960__w6,55,696
5_se_informed_policy,5_se_informed_policy__d960__w6,56,783
5_se_informed_policy,5_se_informed_policy__d960__w6,57,866
5_se_informed_policy,5_se_informed_policy__d960__w6,58,926
5_se_informed_policy,5_se_informed_policy__d960__w6,59,882
5_se_informed_policy,5_se_informed_policy__d960__w6,60,1381
5_se_informed_policy,5_se_informed_policy__d960__w6,61,1149
5_se_informed_policy,5_se_informed_policy__d960__w6,62,1199
5_se_informed_policy,5_se_informed_policy__d960__w6,63,1241
5_se_informed_policy,5_se_informed_policy__d960__w6,64,1372
5_se_informed_policy,5_se_informed_policy__d960__w6,65,1293
5_se_informed_policy,5_se_informed_policy__d960__w6,66,1187
5_se_informed_policy,5_se_informed_policy__d960__w6,67,1091
5_se_informed_policy,5_se_informed_policy__d960__w6,68,1182
5_se_informed_policy,5_se_informed_policy__d960__w6,69,1208
5_se_informed_policy,5_se_informed_policy__d960__w6,70,1267
5_se_informed_policy,5_se_informed_policy__d960__w6,71,1161
5_se_informed_policy,5_se_informed_policy__d960__w6,72,875
5_se_informed_policy,5_se_informed_policy__d960__w6,73,792
5_se_informed_policy,5_se_informed_policy__d960__w6,74,854
5_se_informed_policy,5_se_informed_policy__d960__w6,75,587
5_se_informed_policy,5_se_informed_policy__d960__w6,76,537
5_se_informed_policy,5_se_informed_policy__d960__w6,77,577
5_se_informed_policy,5_se_informed_policy__d960__w6,78,712
5_se_informed_policy,5_se_informed_policy__d960__w6,79,672
5_se_informed_policy,5_se_informed_policy__d960__w6,80,817
5_se_informed_policy,5_se_informed_policy__d960__w6,81,876
5_se_informed_policy,5_se_informed_policy__d960__w6,82,810
5_se_informed_policy,5_se_informed_policy__d960__w6,83,857
5_se_informed_policy,5_se_informed_policy__d960__w6,84,1245
5_se_informed_policy,5_se_informed_policy__d960__w6,85,1103
5_se_informed_policy,5_se_informed_policy__d960__w6,86,1238
5_se_informed_policy,5_se_informed_policy__d960__w6,87,1166
5_se_informed_policy,5_se_informed_policy__d960__w6,88,1216
5_se_informed_policy,5_se_informed_policy__d960__w6,89,1226
5_se_informed_policy,5_se_informed_policy__d960__w6,90,1208
5_se_informed_policy,5_se_informed_policy__d960__w6,91,1096
5_se_informed_policy,5_se_informed_policy__d960__w6,92,1062
5_se_informed_policy,5_se_informed_policy__d960__w6,93,1261
5_se_informed_policy,5_se_informed_policy__d960__w6,94,1256
5_se_informed_policy,5_se_informed_policy__d960__w6,95,1260
5_se_informed_policy,5_se_informed_policy__d960__w6,96,827
5_se_informed_policy,5_se_informed_policy__d960__w6,97,816
5_se_informed_policy,5_se_informed_policy__d960__w6,98,834
5_se_informed_policy,5_se_informed_policy__d960__w6,99,611
5_se_informed_policy,5_se_informed_policy__d960__w6,100,518
5_se_informed_policy,5_se_informed_policy__d960__w6,101,592
5_se_informed_policy,5_se_informed_policy__d960__w6,102,617
5_se_informed_policy,5_se_informed_policy__d960__w6,103,650
5_se_informed_policy,5_se_informed_policy__d960__w6,104,750
5_se_informed_policy,5_se_informed_policy__d960__w6,105,780
5_se_informed_policy,5_se_informed_policy__d960__w6,106,823
5_se_informed_policy,5_se_informed_policy__d960__w6,107,826
5_se_informed_policy,5_se_informed_policy__d960__w6,108,1274
5_se_informed_policy,5_se_informed_policy__d960__w6,109,1077
5_se_informed_policy,5_se_informed_policy__d960__w6,110,1141
5_se_informed_policy,5_se_informed_policy__d960__w6,111,1216
5_se_informed_policy,5_se_informed_policy__d960__w6,112,1091
5_se_informed_policy,5_se_informed_policy__d960__w6,113,1136
5_se_informed_policy,5_se_informed_policy__d960__w6,114,1091
5_se_informed_policy,5_se_informed_policy__d960__w6,115,1057
5_se_informed_policy,5_se_informed_policy__d960__w6,116,991
5_se_informed_policy,5_se_informed_policy__d960__w6,117,1101
5_se_informed_policy,5_se_informed_policy__d960__w6,118,1161
5_se_informed_policy,5_se_informed_policy__d960__w6,119,920
5_se_informed_policy,5_se_informed_policy__d960__w6,120,743
5_se_informed_policy,5_se_informed_policy__d960__w6,121,553
5_se_informed_policy,5_se_informed_policy__d960__w6,122,447
5_se_informed_policy,5_se_informed_policy__d960__w6,123,549
5_se_informed_policy,5_se_informed_policy__d960__w6,124,340
5_se_informed_policy,5_se_informed_policy__d960__w6,125,313
5_se_informed_policy,5_se_informed_policy__d960__w6,126,317
5_se_informed_policy,5_se_informed_policy__d960__w6,127,344
5_se_informed_policy,5_se_informed_policy__d960__w6,128,323
5_se_informed_policy,5_se_informed_policy__d960__w6,129,365
5_se_informed_policy,5_se_informed_policy__d960__w6,130,389
5_se_informed_policy,5_se_informed_policy__d960__w6,131,470
5_se_informed_policy,5_se_informed_policy__d960__w6,132,555
5_se_informed_policy,5_se_informed_policy__d960__w6,133,434
5_se_informed_policy,5_se_informed_policy__d960__w6,134,568
5_se_informed_policy,5_se_informed_policy__d960__w6,135,619
5_se_informed_policy,5_se_informed_policy__d960__w6,136,595
5_se_informed_policy,5_se_informed_policy__d960__w6,137,622
5_se_informed_policy,5_se_informed_policy__d960__w6,138,541
5_se_informed_policy,5_se_informed_policy__d960__w6,139,587
5_se_informed_policy,5_se_informed_policy__d960__w6,140,579
5_se_informed_policy,5_se_informed_policy__d960__w6,141,589
5_se_informed_policy,5_se_informed_policy__d960__w6,142,624
5_se_informed_policy,5_se_informed_policy__d960__w6,143,571
5_se_informed_policy,5_se_informed_policy__d960__w6,144,422
5_se_informed_policy,5_se_informed_policy__d960__w6,145,355
5_se_informed_policy,5_se_informed_policy__d960__w6,146,343
5_se_informed_policy,5_se_informed_policy__d960__w6,147,457
5_se_informed_policy,5_se_informed_policy__d960__w6,148,343
5_se_informed_policy,5_se_informed_policy__d960__w6,149,330
5_se_informed_policy,5_se_informed_policy__d960__w6,150,278
5_se_informed_policy,5_se_informed_policy__d960__w6,151,354
5_se_informed_policy,5_se_informed_policy__d960__w6,152,319
5_se_informed_policy,5_se_informed_policy__d960__w6,153,418
5_se_informed_policy,5_se_informed_policy__d960__w6,154,418
5_se_informed_policy,5_se_informed_policy__d960__w6,155,454
5_se_informed_policy,5_se_informed_policy__d960__w6,156,432
5_se_informed_policy,5_se_informed_policy__d960__w6,157,507
5_se_informed_policy,5_se_informed_policy__d960__w6,158,519
5_se_informed_policy,5_se_informed_policy__d960__w6,159,616
5_se_informed_policy,5_se_informed_policy__d960__w6,160,567
5_se_informed_policy,5_se_informed_policy__d960__w6,161,538
5_se_informed_policy,5_se_informed_policy__d960__w6,162,624
5_se_informed_policy,5_se_informed_policy__d960__w6,163,618
5_se_informed_policy,5_se_informed_policy__d960__w6,164,629
5_se_informed_policy,5_se_informed_policy__d960__w6,165,683
5_se_informed_policy,5_se_informed_policy__d960__w6,166,678
5_se_informed_policy,5_se_informed_policy__d960__w6,167,598
5_se_informed_policy,5_se_informed_policy__d1920__w6,0,456
5_se_informed_policy,5_se_informed_policy__d1920__w6,1,526
5_se_informed_policy,5_se_informed_policy__d1920__w6,2,481
5_se_informed_policy,5_se_informed_policy__d1920__w6,3,437
5_se_informed_policy,5_se_informed_policy__d1920__w6,4,486
5_se_informed_policy,5_se_informed_policy__d1920__w6,5,515
5_se_informed_policy,5_se_informed_policy__d1920__w6,6,533
5_se_informed_policy,5_se_informed_policy__d1920__w6,7,554
5_se_informed_policy,5_se_informed_policy__d1920__w6,8,732
5_se_informed_policy,5_se_informed_policy__d1920__w6,9,800
5_se_informed_policy,5_se_informed_policy__d1920__w6,10,777
5_se_informed_policy,5_se_informed_policy__d1920__w6,11,880
5_se_informed_policy,5_se_informed_policy__d1920__w6,12,1152
5_se_informed_policy,5_se_informed_policy__d1920__w6,13,1120
5_se_informed_policy,5_se_informed_policy__d1920__w6,14,1316
5_se_informed_policy,5_se_informed_policy__d1920__w6,15,1271
5_se_informed_policy,5_se_informed_policy__d1920__w6,16,1218
5_se_informed_policy,5_se_informed_policy__d1920__w6,17,1201
5_se_informed_policy,5_se_informed_policy__d1920__w6,18,1189
5_se_informed_policy,5_se_informed_policy__d1920__w6,19,1088
5_se_informed_policy,5_se_informed_policy__d1920__w6,20,1136
5_se_informed_policy,5_se_informed_policy__d1920__w6,21,1329
5_se_informed_policy,5_se_informed_policy__d1920__w6,22,1269
5_se_informed_policy,5_se_informed_policy__d1920__w6,23,1114
5_se_informed_policy,5_se_informed_policy__d1920__w6,24,933
5_se_informed_policy,5_se_informed_policy__d1920__w6,25,773
5_se_informed_policy,5_se_informed_policy__d1920__w6,26,807
5_se_informed_policy,5_se_informed_policy__d1920__w6,27,641
5_se_informed_policy,5_se_informed_policy__d1920__w6,28,610
5_se_informed_policy,5_se_informed_policy__d1920__w6,29,682
5_se_informed_policy,5_se_informed_policy__d1920__w6,30,694
5_se_informed_policy,5_se_informed_policy__d1920__w6,31,779
5_se_informed_policy,5_se_informed_policy__d1920__w6,32,841
5_se_informed_policy,5_se_informed_policy__d1920__w6,33,955
5_se_informed_policy,5_se_informed_policy__d1920__w6,34,900
5_se_informed_policy,5_se_informed_policy__d1920__w6,35,922
5_se_informed_policy,5_se_informed_policy__d1920__w6,36,1156
5_se_informed_policy,5_se_informed_policy__d1920__w6,37,1120
5_se_informed_policy,5_se_informed_policy__d1920__w6,38,1221
5_se_informed_policy,5_se_informed_policy__d1920__w6,39,1205
5_se_informed_policy,5_se_informed_policy__d1920__w6,40,1282
5_se_informed_policy,5_se_informed_policy__d1920__w6,41,1434
5_se_informed_policy,5_se_informed_policy__d1920__w6,42,1209
5_se_informed_policy,5_se_informed_policy__d1920__w6,43,1194
5_se_informed_policy,5_se_informed_policy__d1920__w6,44,1150
5_se_informed_policy,5_se_informed_policy__d1920__w6,45,1346
5_se_informed_policy,5_se_informed_policy__d1920__w6,46,1231
5_se_informed_policy,5_se_informed_policy__d1920__w6,47,1227
5_se_informed_policy,5_se_informed_policy__d1920__w6,48,1023
5_se_informed_policy,5_se_informed_policy__d1920__w6,49,815
5_se_informed_policy,5_se_informed_policy__d1920__w6,50,821
5_se_informed_policy,5_se_informed_policy__d1920__w6,51,689
5_se_informed_policy,5_se_informed_policy__d1920__w6,52,560
5_se_informed_policy,5_se_informed_policy__d1920__w6,53,677
5_se_informed_policy,5_se_informed_policy__d1920__w6,54,608
5_se_informed_policy,5_se_informed_policy__d1920__w6,55,735
5_se_informed_policy,5_se_informed_policy__d1920__w6,56,823
5_se_informed_policy,5_se_informed_policy__d1920__w6,57,905
5_se_informed_policy,5_se_informed_policy__d1920__w6,58,969
5_se_informed_policy,5_se_informed_policy__d1920__w6,59,915
5_se_informed_policy,5_se_informed_policy__d1920__w6,60,1148
5_se_informed_policy,5_se_informed_policy__d1920__w6,61,1149
5_se_informed_policy,5_se_informed_policy__d1920__w6,62,1199
5_se_informed_policy,5_se_informed_policy__d1920__w6,63,1277
5_se_informed_policy,5_se_informed_policy__d1920__w6,64,1409
5_se_informed_policy,5_se_informed_policy__d1920__w6,65,1320
5_se_informed_policy,5_se_informed_policy__d1920__w6,66,1210
5_se_informed_policy,5_se_informed_policy__d1920__w6,67,1112
5_se_informed_policy,5_se_informed_policy__d1920__w6,68,1207
5_se_informed_policy,5_se_informed_policy__d1920__w6,69,1184
5_se_informed_policy,5_se_informed_policy__d1920__w6,70,1251
5_se_informed_policy,5_se_informed_policy__d1920__w6,71,1155
5_se_informed_policy,5_se_informed_policy__d1920__w6,72,861
5_se_informed_policy,5_se_informed_policy__d1920__w6,73,773
5_se_informed_policy,5_se_informed_policy__d1920__w6,74,764
5_se_informed_policy,5_se_informed_policy__d1920__w6,75,587
5_se_informed_policy,5_se_informed_policy__d1920__w6,76,544
5_se_informed_policy,5_se_informed_policy__d1920__w6,77,579
5_se_informed_policy,5_se_informed_policy__d1920__w6,78,736
5_se_informed_policy,5_se_informed_policy__d1920__w6,79,702
5_se_informed_policy,5_se_informed_policy__d1920__w6,80,854
5_se_informed_policy,5_se_informed_policy__d1920__w6,81,917
5_se_informed_policy,5_se_informed_policy__d1920__w6,82,844
5_se_informed_policy,5_se_informed_policy__d1920__w6,83,896
5_se_informed_policy,5_se_informed_policy__d1920__w6,84,1031
5_se_informed_policy,5_se_informed_policy__d1920__w6,85,1103
5_se_informed_policy,5_se_informed_policy__d1920__w6,86,1238
5_se_informed_policy,5_se_informed_policy__d1920__w6,87,1199
5_se_informed_policy,5_se_informed_policy__d1920__w6,88,1254
5_se_informed_policy,5_se_informed_policy__d1920__w6,89,1246
5_se_informed_policy,5_se_informed_policy__d1920__w6,90,1232
5_se_informed_policy,5_se_informed_policy__d1920__w6,91,1120
5_se_informed_policy,5_se_informed_policy__d1920__w6,92,1076
5_se_informed_policy,5_se_informed_policy__d1920__w6,93,1244
5_se_informed_policy,5_se_informed_policy__d1920__w6,94,1231
5_se_informed_policy,5_se_informed_policy__d1920__w6,95,1232
5_se_informed_policy,5_se_informed_policy__d1920__w6,96,833
5_se_informed_policy,5_se_informed_policy__d1920__w6,97,803
5_se_informed_policy,5_se_informed_policy__d1920__w6,98,758
5_se_informed_policy,5_se_informed_policy__d1920__w6,99,611
5_se_informed_policy,5_se_informed_policy__d1920__w6,100,526
5_se_informed_policy,5_se_informed_policy__d1920__w6,101,602
5_se_informed_policy,5_se_informed_policy__d1920__w6,102,633
5_se_informed_policy,5_se_informed_policy__d1920__w6,103,678
5_se_informed_policy,5_se_informed_policy__d1920__w6,104,794
5_se_informed_policy,5_se_informed_policy__d1920__w6,105,812
5_se_informed_policy,5_se_informed_policy__d1920__w6,106,855
5_se_informed_policy,5_se_informed_policy__d1920__w6,107,878
5_se_informed_policy,5_se_informed_policy__d1920__w6,108,1052
5_se_informed_policy,5_se_informed_policy__d1920__w6,109,1077
5_se_informed_policy,5_se_informed_policy__d1920__w6,110,1141
5_se_informed_policy,5_se_informed_policy__d1920__w6,111,1216
5_se_informed_policy,5_se_informed_policy__d1920__w6,112,1120
5_se_informed_policy,5_se_informed_policy__d1920__w6,113,1160
5_se_informed_policy,5_se_informed_policy__d1920__w6,114,1123
5_se_informed_policy,5_se_informed_policy__d1920__w6,115,1075
5_se_informed_policy,5_se_informed_policy__d1920__w6,116,1010
5_se_informed_policy,5_se_informed_policy__d1920__w6,117,1116
5_se_informed_policy,5_se_informed_policy__d1920__w6,118,1147
5_se_informed_policy,5_se_informed_policy__d1920__w6,119,909
5_se_informed_policy,5_se_informed_policy__d1920__w6,120,717
5_se_informed_policy,5_se_informed_policy__d1920__w6,121,550
5_se_informed_policy,5_se_informed_policy__d1920__w6,122,430
5_se_informed_policy,5_se_informed_policy__d1920__w6,123,483
5_se_informed_policy,5_se_informed_policy__d1920__w6,124,341
5_se_informed_policy,5_se_informed_policy__d1920__w6,125,318
5_se_informed_policy,5_se_informed_policy__d1920__w6,126,323
5_se_informed_policy,5_se_informed_policy__d1920__w6,127,348
5_se_informed_policy,5_se_informed_policy__d1920__w6,128,334
5_se_informed_policy,5_se_informed_policy__d1920__w6,129,371
5_se_informed_policy,5_se_informed_policy__d1920__w6,130,396
5_se_informed_policy,5_se_informed_policy__d1920__w6,131,474
5_se_informed_policy,5_se_informed_policy__d1920__w6,132,511
5_se_informed_policy,5_se_informed_policy__d1920__w6,133,434
5_se_informed_policy,5_se_informed_policy__d1920__w6,134,568
5_se_informed_policy,5_se_informed_policy__d1920__w6,135,619
5_se_informed_policy,5_se_informed_policy__d1920__w6,136,612
5_se_informed_policy,5_se_informed_policy__d1920__w6,137,641
5_se_informed_policy,5_se_informed_policy__d1920__w6,138,550
5_se_informed_policy,5_se_informed_policy__d1920__w6,139,594
5_se_informed_policy,5_se_informed_policy__d1920__w6,140,585
5_se_informed_policy,5_se_informed_policy__d1920__w6,141,596
5_se_informed_policy,5_se_informed_policy__d1920__w6,142,624
5_se_informed_policy,5_se_informed_policy__d1920__w6,143,557
5_se_informed_policy,5_se_informed_policy__d1920__w6,144,440
5_se_informed_policy,5_se_informed_policy__d1920__w6,145,352
5_se_informed_policy,5_se_informed_policy__d1920__w6,146,343
5_se_informed_policy,5_se_informed_policy__d1920__w6,147,395
5_se_informed_policy,5_se_informed_policy__d1920__w6,148,350
5_se_informed_policy,5_se_informed_policy__d1920__w6,149,336
5_se_informed_policy,5_se_informed_policy__d1920__w6,150,286
5_se_informed_policy,5_se_informed_policy__d1920__w6,151,360
5_se_informed_policy,5_se_informed_policy__d1920__w6,152,326
5_se_informed_policy,5_se_informed_policy__d1920__w6,153,418
5_se_informed_policy,5_se_informed_policy__d1920__w6,154,414
5_se_informed_policy,5_se_informed_policy__d1920__w6,155,420
5_se_informed_policy,5_se_informed_policy__d1920__w6,156,432
5_se_informed_policy,5_se_informed_policy__d1920__w6,157,507
5_se_informed_policy,5_se_informed_policy__d1920__w6,158,519
5_se_informed_policy,5_se_informed_policy__d1920__w6,159,616
5_se_informed_policy,5_se_informed_policy__d1920__w6,160,575
5_se_informed_policy,5_se_informed_policy__d1920__w6,161,545
5_se_informed_policy,5_se_informed_policy__d1920__w6,162,628
5_se_informed_policy,5_se_informed_policy__d1920__w6,163,622
5_se_informed_policy,5_se_informed_policy__d1920__w6,164,634
5_se_informed_policy,5_se_informed_policy__d1920__w6,165,688
5_se_informed_policy,5_se_informed_policy__d1920__w6,166,673
5_se_informed_policy,5_se_informed_policy__d1920__w6,167,593
5_se_informed_policy,5_se_informed_policy__d3840__w6,0,466
5_se_informed_policy,5_se_informed_policy__d3840__w6,1,486
5_se_informed_policy,5_se_informed_policy__d3840__w6,2,481
5_se_informed_policy,5_se_informed_policy__d3840__w6,3,437
5_se_informed_policy,5_se_informed_policy__d3840__w6,4,486
5_se_informed_policy,5_se_informed_policy__d3840__w6,5,527
5_se_informed_policy,5_se_informed_policy__d3840__w6,6,537
5_se_informed_policy,5_se_informed_policy__d3840__w6,7,560
5_se_informed_policy,5_se_informed_policy__d3840__w6,8,741
5_se_informed_policy,5_se_informed_policy__d3840__w6,9,812
5_se_informed_policy,5_se_informed_policy__d3840__w6,10,784
5_se_informed_policy,5_se_informed_policy__d3840__w6,11,876
5_se_informed_policy,5_se_informed_policy__d3840__w6,12,1106
5_se_informed_policy,5_se_informed_policy__d3840__w6,13,1120
5_se_informed_policy,5_se_informed_policy__d3840__w6,14,1316
5_se_informed_policy,5_se_informed_policy__d3840__w6,15,1288
5_se_informed_policy,5_se_informed_policy__d3840__w6,16,1232
5_se_informed_policy,5_se_informed_policy__d3840__w6,17,1221
5_se_informed_policy,5_se_informed_policy__d3840__w6,18,1203
5_se_informed_policy,5_se_informed_policy__d3840__w6,19,1105
5_se_informed_policy,5_se_informed_policy__d3840__w6,20,1143
5_se_informed_policy,5_se_informed_policy__d3840__w6,21,1325
5_se_informed_policy,5_se_informed_policy__d3840__w6,22,1275
5_se_informed_policy,5_se_informed_policy__d3840__w6,23,1103
5_se_informed_policy,5_se_informed_policy__d3840__w6,24,927
5_se_informed_policy,5_se_informed_policy__d3840__w6,25,765
5_se_informed_policy,5_se_informed_policy__d3840__w6,26,741
5_se_informed_policy,5_se_informed_policy__d3840__w6,27,641
5_se_informed_policy,5_se_informed_policy__d3840__w6,28,610
5_se_informed_policy,5_se_informed_policy__d3840__w6,29,691
5_se_informed_policy,5_se_informed_policy__d3840__w6,30,703
5_se_informed_policy,5_se_informed_policy__d3840__w6,31,789
5_se_informed_policy,5_se_informed_policy__d3840__w6,32,852
5_se_informed_policy,5_se_informed_policy__d3840__w6,33,969
5_se_informed_policy,5_se_informed_policy__d3840__w6,34,909
5_se_informed_policy,5_se_informed_policy__d3840__w6,35,921
5_se_informed_policy,5_se_informed_policy__d3840__w6,36,1095
5_se_informed_policy,5_se_informed_policy__d3840__w6,37,1120
5_se_informed_policy,5_se_informed_policy__d3840__w6,38,1221
5_se_informed_policy,5_se_informed_policy__d3840__w6,39,1218
5_se_informed_policy,5_se_informed_policy__d3840__w6,40,1303
5_se_informed_policy,5_se_informed_policy__d3840__w6,41,1449
5_se_informed_policy,5_se_informed_policy__d3840__w6,42,1227
5_se_informed_policy,5_se_informed_policy__d3840__w6,43,1206
5_se_informed_policy,5_se_informed_policy__d3840__w6,44,1163
5_se_informed_policy,5_se_informed_policy__d3840__w6,45,1352
5_se_informed_policy,5_se_informed_policy__d3840__w6,46,1234
5_se_informed_policy,5_se_informed_policy__d3840__w6,47,1206
5_se_informed_policy,5_se_informed_policy__d3840__w6,48,1028
5_se_informed_policy,5_se_informed_policy__d3840__w6,49,807
5_se_informed_policy,5_se_informed_policy__d3840__w6,50,744
5_se_informed_policy,5_se_informed_policy__d3840__w6,51,689
5_se_informed_policy,5_se_informed_policy__d3840__w6,52,562
5_se_informed_policy,5_se_informed_policy__d3840__w6,53,684
5_se_informed_policy,5_se_informed_policy__d3840__w6,54,617
5_se_informed_policy,5_se_informed_policy__d3840__w6,55,743
5_se_informed_policy,5_se_informed_policy__d3840__w6,56,838
5_se_informed_policy,5_se_informed_policy__d3840__w6,57,924
5_se_informed_policy,5_se_informed_policy__d3840__w6,58,976
5_se_informed_policy,5_se_informed_policy__d3840__w6,59,918
5_se_informed_policy,5_se_informed_policy__d3840__w6,60,1078
5_se_informed_policy,5_se_informed_policy__d3840__w6,61,1149
5_se_informed_policy,5_se_informed_policy__d3840__w6,62,1199
5_se_informed_policy,5_se_informed_policy__d3840__w6,63,1291
5_se_informed_policy,5_se_informed_policy__d3840__w6,64,1431
5_se_informed_policy,5_se_informed_policy__d3840__w6,65,1338
5_se_informed_policy,5_se_informed_policy__d3840__w6,66,1221
5_se_informed_policy,5_se_informed_policy__d3840__w6,67,1118
5_se_informed_policy,5_se_informed_policy__d3840__w6,68,1222
5_se_informed_policy,5_se_informed_policy__d3840__w6,69,1177
5_se_informed_policy,5_se_informed_policy__d3840__w6,70,1245
5_se_informed_policy,5_se_informed_policy__d3840__w6,71,1151
5_se_informed_policy,5_se_informed_policy__d3840__w6,72,851
5_se_informed_policy,5_se_informed_policy__d3840__w6,73,775
5_se_informed_policy,5_se_informed_policy__d3840__w6,74,703
5_se_informed_policy,5_se_informed_policy__d3840__w6,75,587
5_se_informed_policy,5_se_informed_policy__d3840__w6,76,548
5_se_informed_policy,5_se_informed_policy__d3840__w6,77,588
5_se_informed_policy,5_se_informed_policy__d3840__w6,78,745
5_se_informed_policy,5_se_informed_policy__d3840__w6,79,710
5_se_informed_policy,5_se_informed_policy__d3840__w6,80,864
5_se_informed_policy,5_se_informed_policy__d3840__w6,81,929
5_se_informed_policy,5_se_informed_policy__d3840__w6,82,861
5_se_informed_policy,5_se_informed_policy__d3840__w6,83,896
5_se_informed_policy,5_se_informed_policy__d3840__w6,84,962
5_se_informed_policy,5_se_informed_policy__d3840__w6,85,1103
5_se_informed_policy,5_se_informed_policy__d3840__w6,86,1238
5_se_informed_policy,5_se_informed_policy__d3840__w6,87,1216
5_se_informed_policy,5_se_informed_policy__d3840__w6,88,1275
5_se_informed_policy,5_se_informed_policy__d3840__w6,89,1256
5_se_informed_policy,5_se_informed_policy__d3840__w6,90,1256
5_se_informed_policy,5_se_informed_policy__d3840__w6,91,1137
5_se_informed_policy,5_se_informed_policy__d3840__w6,92,1090
5_se_informed_policy,5_se_informed_policy__d3840__w6,93,1242
5_se_informed_policy,5_se_informed_policy__d3840__w6,94,1223
5_se_informed_policy,5_se_informed_policy__d3840__w6,95,1208
5_se_informed_policy,5_se_informed_policy__d3840__w6,96,848
5_se_informed_policy,5_se_informed_policy__d3840__w6,97,790
5_se_informed_policy,5_se_informed_policy__d3840__w6,98,687
5_se_informed_policy,5_se_informed_policy__d3840__w6,99,611
5_se_informed_policy,5_se_informed_policy__d3840__w6,100,533
5_se_informed_policy,5_se_informed_policy__d3840__w6,101,611
5_se_informed_policy,5_se_informed_policy__d3840__w6,102,649
5_se_informed_policy,5_se_informed_policy__d3840__w6,103,687
5_se_informed_policy,5_se_informed_policy__d3840__w6,104,801
5_se_informed_policy,5_se_informed_policy__d3840__w6,105,820
5_se_informed_policy,5_se_informed_policy__d3840__w6,106,861
5_se_informed_policy,5_se_informed_policy__d3840__w6,107,880
5_se_informed_policy,5_se_informed_policy__d3840__w6,108,988
5_se_informed_policy,5_se_informed_policy__d3840__w6,109,1077
5_se_informed_policy,5_se_informed_policy__d3840__w6,110,1141
5_se_informed_policy,5_se_informed_policy__d3840__w6,111,1216
5_se_informed_policy,5_se_informed_policy__d3840__w6,112,1136
5_se_informed_policy,5_se_informed_policy__d3840__w6,113,1170
5_se_informed_policy,5_se_informed_policy__d3840__w6,114,1129
5_se_informed_policy,5_se_informed_policy__d3840__w6,115,1079
5_se_informed_policy,5_se_informed_policy__d3840__w6,116,1018
5_se_informed_policy,5_se_informed_policy__d3840__w6,117,1122
5_se_informed_policy,5_se_informed_policy__d3840__w6,118,1137
5_se_informed_policy,5_se_informed_policy__d3840__w6,119,903
5_se_informed_policy,5_se_informed_policy__d3840__w6,120,716
5_se_informed_policy,5_se_informed_policy__d3840__w6,121,551
5_se_informed_policy,5_se_informed_policy__d3840__w6,122,431
5_se_informed_policy,5_se_informed_policy__d3840__w6,123,448
5_se_informed_policy,5_se_informed_policy__d3840__w6,124,347
5_se_informed_policy,5_se_informed_policy__d3840__w6,125,320
5_se_informed_policy,5_se_informed_policy__d3840__w6,126,326
5_se_informed_policy,5_se_informed_policy__d3840__w6,127,353
5_se_informed_policy,5_se_informed_policy__d3840__w6,128,335
5_se_informed_policy,5_se_informed_policy__d3840__w6,129,375
5_se_informed_policy,5_se_informed_policy__d3840__w6,130,397
5_se_informed_policy,5_se_informed_policy__d3840__w6,131,477
5_se_informed_policy,5_se_informed_policy__d3840__w6,132,486
5_se_informed_policy,5_se_informed_policy__d3840__w6,133,434
5_se_informed_policy,5_se_informed_policy__d3840__w6,134,568
5_se_informed_policy,5_se_informed_policy__d3840__w6,135,619
5_se_informed_policy,5_se_informed_policy__d3840__w6,136,617
5_se_informed_policy,5_se_informed_policy__d3840__w6,137,650
5_se_informed_policy,5_se_informed_policy__d3840__w6,138,553
5_se_informed_policy,5_se_informed_policy__d3840__w6,139,599
5_se_informed_policy,5_se_informed_policy__d3840__w6,140,590
5_se_informed_policy,5_se_informed_policy__d3840__w6,141,603
5_se_informed_policy,5_se_informed_policy__d3840__w6,142,630
5_se_informed_policy,5_se_informed_policy__d3840__w6,143,552
5_se_informed_policy,5_se_informed_policy__d3840__w6,144,445
5_se_informed_policy,5_se_informed_policy__d3840__w6,145,352
5_se_informed_policy,5_se_informed_policy__d3840__w6,146,350
5_se_informed_policy,5_se_informed_policy__d3840__w6,147,353
5_se_informed_policy,5_se_informed_policy__d3840__w6,148,353
5_se_informed_policy,5_se_informed_policy__d3840__w6,149,341
5_se_informed_policy,5_se_informed_policy__d3840__w6,150,287
5_se_informed_policy,5_se_informed_policy__d3840__w6,151,365
5_se_informed_policy,5_se_informed_policy__d3840__w6,152,334
5_se_informed_policy,5_se_informed_policy__d3840__w6,153,416
5_se_informed_policy,5_se_informed_policy__d3840__w6,154,412
5_se_informed_policy,5_se_informed_policy__d3840__w6,155,397
5_se_informed_policy,5_se_informed_policy__d3840__w6,156,432
5_se_informed_policy,5_se_informed_policy__d3840__w6,157,507
5_se_informed_policy,5_se_informed_policy__d3840__w6,158,519
5_se_informed_policy,5_se_informed_policy__d3840__w6,159,616
5_se_informed_policy,5_se_informed_policy__d3840__w6,160,580
5_se_informed_policy,5_se_informed_policy__d3840__w6,161,549
5_se_informed_policy,5_se_informed_policy__d3840__w6,162,632
5_se_informed_policy,5_se_informed_policy__d3840__w6,163,625
5_se_informed_policy,5_se_informed_policy__d3840__w6,164,634
5_se_informed_policy,5_se_informed_policy__d3840__w6,165,696
5_se_informed_policy,5_se_informed_policy__d3840__w6,166,680
5_se_informed_policy,5_se_informed_policy__d3840__w6,167,592
5_se_informed_policy,5_se_informed_policy__d7680__w6,0,468
5_se_informed_policy,5_se_informed_policy__d7680__w6,1,480
5_se_informed_policy,5_se_informed_policy__d7680__w6,2,481
5_se_informed_policy,5_se_informed_policy__d7680__w6,3,437
5_se_informed_policy,5_se_informed_policy__d7680__w6,4,486
5_se_informed_policy,5_se_informed_policy__d7680__w6,5,527
5_se_informed_policy,5_se_informed_policy__d7680__w6,6,538
5_se_informed_policy,5_se_informed_policy__d7680__w6,7,563
5_se_informed_policy,5_se_informed_policy__d7680__w6,8,741
5_se_informed_policy,5_se_informed_policy__d7680__w6,9,812
5_se_informed_policy,5_se_informed_policy__d7680__w6,10,784
5_se_informed_policy,5_se_informed_policy__d7680__w6,11,877
5_se_informed_policy,5_se_informed_policy__d7680__w6,12,1101
5_se_informed_policy,5_se_informed_policy__d7680__w6,13,1120
5_se_informed_policy,5_se_informed_policy__d7680__w6,14,1316
5_se_informed_policy,5_se_informed_policy__d7680__w6,15,1288
5_se_informed_policy,5_se_informed_policy__d7680__w6,16,1235
5_se_informed_policy,5_se_informed_policy__d7680__w6,17,1229
5_se_informed_policy,5_se_informed_policy__d7680__w6,18,1216
5_se_informed_policy,5_se_informed_policy__d7680__w6,19,1108
5_se_informed_policy,5_se_informed_policy__d7680__w6,20,1151
5_se_informed_policy,5_se_informed_policy__d7680__w6,21,1327
5_se_informed_policy,5_se_informed_policy__d7680__w6,22,1278
5_se_informed_policy,5_se_informed_policy__d7680__w6,23,1108
5_se_informed_policy,5_se_informed_policy__d7680__w6,24,919
5_se_informed_policy,5_se_informed_policy__d7680__w6,25,770
5_se_informed_policy,5_se_informed_policy__d7680__w6,26,699
5_se_informed_policy,5_se_informed_policy__d7680__w6,27,641
5_se_informed_policy,5_se_informed_policy__d7680__w6,28,610
5_se_informed_policy,5_se_informed_policy__d7680__w6,29,698
5_se_informed_policy,5_se_informed_policy__d7680__w6,30,709
5_se_informed_policy,5_se_informed_policy__d7680__w6,31,790
5_se_informed_policy,5_se_informed_policy__d7680__w6,32,852
5_se_informed_policy,5_se_informed_policy__d7680__w6,33,969
5_se_informed_policy,5_se_informed_policy__d7680__w6,34,909
5_se_informed_policy,5_se_informed_policy__d7680__w6,35,915
5_se_informed_policy,5_se_informed_policy__d7680__w6,36,1087
5_se_informed_policy,5_se_informed_policy__d7680__w6,37,1120
5_se_informed_policy,5_se_informed_policy__d7680__w6,38,1221
5_se_informed_policy,5_se_informed_policy__d7680__w6,39,1220
5_se_informed_policy,5_se_informed_policy__d7680__w6,40,1304
5_se_informed_policy,5_se_informed_policy__d7680__w6,41,1454
5_se_informed_policy,5_se_informed_policy__d7680__w6,42,1235
5_se_informed_policy,5_se_informed_policy__d7680__w6,43,1213
5_se_informed_policy,5_se_informed_policy__d7680__w6,44,1166
5_se_informed_policy,5_se_informed_policy__d7680__w6,45,1358
5_se_informed_policy,5_se_informed_policy__d7680__w6,46,1237
5_se_informed_policy,5_se_informed_policy__d7680__w6,47,1204
5_se_informed_policy,5_se_informed_policy__d7680__w6,48,1039
5_se_informed_policy,5_se_informed_policy__d7680__w6,49,803
5_se_informed_policy,5_se_informed_policy__d7680__w6,50,704
5_se_informed_policy,5_se_informed_policy__d7680__w6,51,689
5_se_informed_policy,5_se_informed_policy__d7680__w6,52,563
5_se_informed_policy,5_se_informed_policy__d7680__w6,53,690
5_se_informed_policy,5_se_informed_policy__d7680__w6,54,620
5_se_informed_policy,5_se_informed_policy__d7680__w6,55,745
5_se_informed_policy,5_se_informed_policy__d7680__w6,56,841
5_se_informed_policy,5_se_informed_policy__d7680__w6,57,925
5_se_informed_policy,5_se_informed_policy__d7680__w6,58,977
5_se_informed_policy,5_se_informed_policy__d7680__w6,59,914
5_se_informed_policy,5_se_informed_policy__d7680__w6,60,1065
5_se_informed_policy,5_se_informed_policy__d7680__w6,61,1149
5_se_informed_policy,5_se_informed_policy__d7680__w6,62,1199
5_se_informed_policy,5_se_informed_policy__d7680__w6,63,1291
5_se_informed_policy,5_se_informed_policy__d7680__w6,64,1437
5_se_informed_policy,5_se_informed_policy__d7680__w6,65,1345
5_se_informed_policy,5_se_informed_policy__d7680__w6,66,1224
5_se_informed_policy,5_se_informed_policy__d7680__w6,67,1123
5_se_informed_policy,5_se_informed_policy__d7680__w6,68,1231
5_se_informed_policy,5_se_informed_policy__d7680__w6,69,1184
5_se_informed_policy,5_se_informed_policy__d7680__w6,70,1251
5_se_informed_policy,5_se_informed_policy__d7680__w6,71,1150
5_se_informed_policy,5_se_informed_policy__d7680__w6,72,856
5_se_informed_policy,5_se_informed_policy__d7680__w6,73,772
5_se_informed_policy,5_se_informed_policy__d7680__w6,74,659
5_se_informed_policy,5_se_informed_policy__d7680__w6,75,587
5_se_informed_policy,5_se_informed_policy__d7680__w6,76,551
5_se_informed_policy,5_se_informed_policy__d7680__w6,77,589
5_se_informed_policy,5_se_informed_policy__d7680__w6,78,748
5_se_informed_policy,5_se_informed_policy__d7680__w6,79,711
5_se_informed_policy,5_se_informed_policy__d7680__w6,80,866
5_se_informed_policy,5_se_informed_policy__d7680__w6,81,932
5_se_informed_policy,5_se_informed_policy__d7680__w6,82,858
5_se_informed_policy,5_se_informed_policy__d7680__w6,83,896
5_se_informed_policy,5_se_informed_policy__d7680__w6,84,952
5_se_informed_policy,5_se_informed_policy__d7680__w6,85,1103
5_se_informed_policy,5_se_informed_policy__d7680__w6,86,1238
5_se_informed_policy,5_se_informed_policy__d7680__w6,87,1218
5_se_informed_policy,5_se_informed_policy__d7680__w6,88,1283
5_se_informed_policy,5_se_informed_policy__d7680__w6,89,1264
5_se_informed_policy,5_se_informed_policy__d7680__w6,90,1262
5_se_informed_policy,5_se_informed_policy__d7680__w6,91,1147
5_se_informed_policy,5_se_informed_policy__d7680__w6,92,1096
5_se_informed_policy,5_se_informed_policy__d7680__w6,93,1246
5_se_informed_policy,5_se_informed_policy__d7680__w6,94,1219
5_se_informed_policy,5_se_informed_policy__d7680__w6,95,1204
5_se_informed_policy,5_se_informed_policy__d7680__w6,96,854
5_se_informed_policy,5_se_informed_policy__d7680__w6,97,783
5_se_informed_policy,5_se_informed_policy__d7680__w6,98,652
5_se_informed_policy,5_se_informed_policy__d7680__w6,99,611
5_se_informed_policy,5_se_informed_policy__d7680__w6,100,535
5_se_informed_policy,5_se_informed_policy__d7680__w6,101,611
5_se_informed_policy,5_se_informed_policy__d7680__w6,102,651
5_se_informed_policy,5_se_informed_policy__d7680__w6,103,692
5_se_informed_policy,5_se_informed_policy__d7680__w6,104,803
5_se_informed_policy,5_se_informed_policy__d7680__w6,105,821
5_se_informed_policy,5_se_informed_policy__d7680__w6,106,861
5_se_informed_policy,5_se_informed_policy__d7680__w6,107,880
5_se_informed_policy,5_se_informed_policy__d7680__w6,108,976
5_se_informed_policy,5_se_informed_policy__d7680__w6,109,1077
5_se_informed_policy,5_se_informed_policy__d7680__w6,110,1141
5_se_informed_policy,5_se_informed_policy__d7680__w6,111,1216
5_se_informed_policy,5_se_informed_policy__d7680__w6,112,1138
5_se_informed_policy,5_se_informed_policy__d7680__w6,113,1173
5_se_informed_policy,5_se_informed_policy__d7680__w6,114,1133
5_se_informed_policy,5_se_informed_policy__d7680__w6,115,1082
5_se_informed_policy,5_se_informed_policy__d7680__w6,116,1019
5_se_informed_policy,5_se_informed_policy__d7680__w6,117,1123
5_se_informed_policy,5_se_informed_policy__d7680__w6,118,1141
5_se_informed_policy,5_se_informed_policy__d7680__w6,119,905
5_se_informed_policy,5_se_informed_policy__d7680__w6,120,720
5_se_informed_policy,5_se_informed_policy__d7680__w6,121,553
5_se_informed_policy,5_se_informed_policy__d7680__w6,122,432
5_se_informed_policy,5_se_informed_policy__d7680__w6,123,421
5_se_informed_policy,5_se_informed_policy__d7680__w6,124,348
5_se_informed_policy,5_se_informed_policy__d7680__w6,125,323
5_se_informed_policy,5_se_informed_policy__d7680__w6,126,329
5_se_informed_policy,5_se_informed_policy__d7680__w6,127,353
5_se_informed_policy,5_se_informed_policy__d7680__w6,128,336
5_se_informed_policy,5_se_informed_policy__d7680__w6,129,375
5_se_informed_policy,5_se_informed_policy__d7680__w6,130,396
5_se_informed_policy,5_se_informed_policy__d7680__w6,131,474
5_se_informed_policy,5_se_informed_policy__d7680__w6,132,482
5_se_informed_policy,5_se_informed_policy__d7680__w6,133,434
5_se_informed_policy,5_se_informed_policy__d7680__w6,134,568
5_se_informed_policy,5_se_informed_policy__d7680__w6,135,619
5_se_informed_policy,5_se_informed_policy__d7680__w6,136,617
5_se_informed_policy,5_se_informed_policy__d7680__w6,137,651
5_se_informed_policy,5_se_informed_policy__d7680__w6,138,553
5_se_informed_policy,5_se_informed_policy__d7680__w6,139,600
5_se_informed_policy,5_se_informed_policy__d7680__w6,140,591
5_se_informed_policy,5_se_informed_policy__d7680__w6,141,605
5_se_informed_policy,5_se_informed_policy__d7680__w6,142,631
5_se_informed_policy,5_se_informed_policy__d7680__w6,143,552
5_se_informed_policy,5_se_informed_policy__d7680__w6,144,446
5_se_informed_policy,5_se_informed_policy__d7680__w6,145,352
5_se_informed_policy,5_se_informed_policy__d7680__w6,146,350
5_se_informed_policy,5_se_informed_policy__d7680__w6,147,351
5_se_informed_policy,5_se_informed_policy__d7680__w6,148,354
5_se_informed_policy,5_se_informed_policy__d7680__w6,149,343
5_se_informed_policy,5_se_informed_policy__d7680__w6,150,287
5_se_informed_policy,5_se_informed_policy__d7680__w6,151,366
5_se_informed_policy,5_se_informed_policy__d7680__w6,152,335
5_se_informed_policy,5_se_informed_policy__d7680__w6,153,411
5_se_informed_policy,5_se_informed_policy__d7680__w6,154,411
5_se_informed_policy,5_se_informed_policy__d7680__w6,155,393
5_se_informed_policy,5_se_informed_policy__d7680__w6,156,432
5_se_informed_policy,5_se_informed_policy__d7680__w6,157,507
5_se_informed_policy,5_se_informed_policy__d7680__w6,158,519
5_se_informed_policy,5_se_informed_policy__d7680__w6,159,616
5_se_informed_policy,5_se_informed_policy__d7680__w6,160,580
5_se_informed_policy,5_se_informed_policy__d7680__w6,161,551
5_se_informed_policy,5_se_informed_policy__d7680__w6,162,632
5_se_informed_policy,5_se_informed_policy__d7680__w6,163,625
5_se_informed_policy,5_se_informed_policy__d7680__w6,164,635
5_se_informed_policy,5_se_informed_policy__d7680__w6,165,697
5_se_informed_policy,5_se_informed_policy__d7680__w6,166,681
5_se_informed_policy,5_se_informed_policy__d7680__w6,167,591
5_se_informed_policy,5_se_informed_policy__d15360__w6,0,468
5_se_informed_policy,5_se_informed_policy__d15360__w6,1,480
5_se_informed_policy,5_se_informed_policy__d15360__w6,2,481
5_se_informed_policy,5_se_informed_policy__d15360__w6,3,437
5_se_informed_policy,5_se_informed_policy__d15360__w6,4,486
5_se_informed_policy,5_se_informed_policy__d15360__w6,5,527
5_se_informed_policy,5_se_informed_policy__d15360__w6,6,538
5_se_informed_policy,5_se_informed_policy__d15360__w6,7,563
5_se_informed_policy,5_se_informed_policy__d15360__w6,8,741
5_se_informed_policy,5_se_informed_policy__d15360__w6,9,812
5_se_informed_policy,5_se_informed_policy__d15360__w6,10,784
5_se_informed_policy,5_se_informed_policy__d15360__w6,11,877
5_se_informed_policy,5_se_informed_policy__d15360__w6,12,1101
5_se_informed_policy,5_se_informed_policy__d15360__w6,13,1120
5_se_informed_policy,5_se_informed_policy__d15360__w6,14,1316
5_se_informed_policy,5_se_informed_policy__d15360__w6,15,1288
5_se_informed_policy,5_se_informed_policy__d15360__w6,16,1235
5_se_informed_policy,5_se_informed_policy__d15360__w6,17,1229
5_se_informed_policy,5_se_informed_policy__d15360__w6,18,1216
5_se_informed_policy,5_se_informed_policy__d15360__w6,19,1108
5_se_informed_policy,5_se_informed_policy__d15360__w6,20,1151
5_se_informed_policy,5_se_informed_policy__d15360__w6,21,1327
5_se_informed_policy,5_se_informed_policy__d15360__w6,22,1278
5_se_informed_policy,5_se_informed_policy__d15360__w6,23,1108
5_se_informed_policy,5_se_informed_policy__d15360__w6,24,919
5_se_informed_policy,5_se_informed_policy__d15360__w6,25,770
5_se_informed_policy,5_se_informed_policy__d15360__w6,26,699
5_se_informed_policy,5_se_informed_policy__d15360__w6,27,641
5_se_informed_policy,5_se_informed_policy__d15360__w6,28,610
5_se_informed_policy,5_se_informed_policy__d15360__w6,29,698
5_se_informed_policy,5_se_informed_policy__d15360__w6,30,709
5_se_informed_policy,5_se_informed_policy__d15360__w6,31,790
5_se_informed_policy,5_se_informed_policy__d15360__w6,32,852
5_se_informed_policy,5_se_informed_policy__d15360__w6,33,969
5_se_informed_policy,5_se_informed_policy__d15360__w6,34,909
5_se_informed_policy,5_se_informed_policy__d15360__w6,35,915
5_se_informed_policy,5_se_informed_policy__d15360__w6,36,1087
5_se_informed_policy,5_se_informed_policy__d15360__w6,37,1120
5_se_informed_policy,5_se_informed_policy__d15360__w6,38,1221
5_se_informed_policy,5_se_informed_policy__d15360__w6,39,1220
5_se_informed_policy,5_se_informed_policy__d15360__w6,40,1304
5_se_informed_policy,5_se_informed_policy__d15360__w6,41,1454
5_se_informed_policy,5_se_informed_policy__d15360__w6,42,1235
5_se_informed_policy,5_se_informed_policy__d15360__w6,43,1213
5_se_informed_policy,5_se_informed_policy__d15360__w6,44,1166
5_se_informed_policy,5_se_informed_policy__d15360__w6,45,1358
5_se_informed_policy,5_se_informed_policy__d15360__w6,46,1237
5_se_informed_policy,5_se_informed_policy__d15360__w6,47,1204
5_se_informed_policy,5_se_informed_policy__d15360__w6,48,1039
5_se_informed_policy,5_se_informed_policy__d15360__w6,49,803
5_se_informed_policy,5_se_informed_policy__d15360__w6,50,704
5_se_informed_policy,5_se_informed_policy__d15360__w6,51,689
5_se_informed_policy,5_se_informed_policy__d15360__w6,52,563
5_se_informed_policy,5_se_informed_policy__d15360__w6,53,690
5_se_informed_policy,5_se_informed_policy__d15360__w6,54,620
5_se_informed_policy,5_se_informed_policy__d15360__w6,55,745
5_se_informed_policy,5_se_informed_policy__d15360__w6,56,841
5_se_informed_policy,5_se_informed_policy__d15360__w6,57,925
5_se_informed_policy,5_se_informed_policy__d15360__w6,58,977
5_se_informed_policy,5_se_informed_policy__d15360__w6,59,914
5_se_informed_policy,5_se_informed_policy__d15360__w6,60,1065
5_se_informed_policy,5_se_informed_policy__d15360__w6,61,1149
5_se_informed_policy,5_se_informed_policy__d15360__w6,62,1199
5_se_informed_policy,5_se_informed_policy__d15360__w6,63,1291
5_se_informed_policy,5_se_informed_policy__d15360__w6,64,1437
5_se_informed_policy,5_se_informed_policy__d15360__w6,65,1345
5_se_informed_policy,5_se_informed_policy__d15360__w6,66,1224
5_se_informed_policy,5_se_informed_policy__d15360__w6,67,1123
5_se_informed_policy,5_se_informed_policy__d15360__w6,68,1231
5_se_informed_policy,5_se_informed_policy__d15360__w6,69,1184
5_se_informed_policy,5_se_informed_policy__d15360__w6,70,1251
5_se_informed_policy,5_se_informed_policy__d15360__w6,71,1150
5_se_informed_policy,5_se_informed_policy__d15360__w6,72,856
5_se_informed_policy,5_se_informed_policy__d15360__w6,73,772
5_se_informed_policy,5_se_informed_policy__d15360__w6,74,659
5_se_informed_policy,5_se_informed_policy__d15360__w6,75,587
5_se_informed_policy,5_se_informed_policy__d15360__w6,76,551
5_se_informed_policy,5_se_informed_policy__d15360__w6,77,589
5_se_informed_policy,5_se_informed_policy__d15360__w6,78,748
5_se_informed_policy,5_se_informed_policy__d15360__w6,79,711
5_se_informed_policy,5_se_informed_policy__d15360__w6,80,866
5_se_informed_policy,5_se_informed_policy__d15360__w6,81,932
5_se_informed_policy,5_se_informed_policy__d15360__w6,82,858
5_se_informed_policy,5_se_informed_policy__d15360__w6,83,896
5_se_informed_policy,5_se_informed_policy__d15360__w6,84,952
5_se_informed_policy,5_se_informed_policy__d15360__w6,85,1103
5_se_informed_policy,5_se_informed_policy__d15360__w6,86,1238
5_se_informed_policy,5_se_informed_policy__d15360__w6,87,1218
5_se_informed_policy,5_se_informed_policy__d15360__w6,88,1283
5_se_informed_policy,5_se_informed_policy__d15360__w6,89,1264
5_se_informed_policy,5_se_informed_policy__d15360__w6,90,1262
5_se_informed_policy,5_se_informed_policy__d15360__w6,91,1147
5_se_informed_policy,5_se_informed_policy__d15360__w6,92,1096
5_se_informed_policy,5_se_informed_policy__d15360__w6,93,1246
5_se_informed_policy,5_se_informed_policy__d15360__w6,94,1219
5_se_informed_policy,5_se_informed_policy__d15360__w6,95,1204
5_se_informed_policy,5_se_informed_policy__d15360__w6,96,854
5_se_informed_policy,5_se_informed_policy__d15360__w6,97,783
5_se_informed_policy,5_se_informed_policy__d15360__w6,98,652
5_se_informed_policy,5_se_informed_policy__d15360__w6,99,611
5_se_informed_policy,5_se_informed_policy__d15360__w6,100,535
5_se_informed_policy,5_se_informed_policy__d15360__w6,101,611
5_se_informed_policy,5_se_informed_policy__d15360__w6,102,651
5_se_informed_policy,5_se_informed_policy__d15360__w6,103,692
5_se_informed_policy,5_se_informed_policy__d15360__w6,104,803
5_se_informed_policy,5_se_informed_policy__d15360__w6,105,821
5_se_informed_policy,5_se_informed_policy__d15360__w6,106,861
5_se_informed_policy,5_se_informed_policy__d15360__w6,107,880
5_se_informed_policy,5_se_informed_policy__d15360__w6,108,976
5_se_informed_policy,5_se_informed_policy__d15360__w6,109,1077
5_se_informed_policy,5_se_informed_policy__d15360__w6,110,1141
5_se_informed_policy,5_se_informed_policy__d15360__w6,111,1216
5_se_informed_policy,5_se_informed_policy__d15360__w6,112,1138
5_se_informed_policy,5_se_informed_policy__d15360__w6,113,1173
5_se_informed_policy,5_se_informed_policy__d15360__w6,114,1133
5_se_informed_policy,5_se_informed_policy__d15360__w6,115,1082
5_se_informed_policy,5_se_informed_policy__d15360__w6,116,1019
5_se_informed_policy,5_se_informed_policy__d15360__w6,117,1123
5_se_informed_policy,5_se_informed_policy__d15360__w6,118,1141
5_se_informed_policy,5_se_informed_policy__d15360__w6,119,905
5_se_informed_policy,5_se_informed_policy__d15360__w6,120,720
5_se_informed_policy,5_se_informed_policy__d15360__w6,121,553
5_se_informed_policy,5_se_informed_policy__d15360__w6,122,432
5_se_informed_policy,5_se_informed_policy__d15360__w6,123,421
5_se_informed_policy,5_se_informed_policy__d15360__w6,124,348
5_se_informed_policy,5_se_informed_policy__d15360__w6,125,323
5_se_informed_policy,5_se_informed_policy__d15360__w6,126,329
5_se_informed_policy,5_se_informed_policy__d15360__w6,127,353
5_se_informed_policy,5_se_informed_policy__d15360__w6,128,336
5_se_informed_policy,5_se_informed_policy__d15360__w6,129,375
5_se_informed_policy,5_se_informed_policy__d15360__w6,130,396
5_se_informed_policy,5_se_informed_policy__d15360__w6,131,474
5_se_informed_policy,5_se_informed_policy__d15360__w6,132,482
5_se_informed_policy,5_se_informed_policy__d15360__w6,133,434
5_se_informed_policy,5_se_informed_policy__d15360__w6,134,568
5_se_informed_policy,5_se_informed_policy__d15360__w6,135,619
5_se_informed_policy,5_se_informed_policy__d15360__w6,136,617
5_se_informed_policy,5_se_informed_policy__d15360__w6,137,652
5_se_informed_policy,5_se_informed_policy__d15360__w6,138,553
5_se_informed_policy,5_se_informed_policy__d15360__w6,139,600
5_se_informed_policy,5_se_informed_policy__d15360__w6,140,591
5_se_informed_policy,5_se_informed_policy__d15360__w6,141,605
5_se_informed_policy,5_se_informed_policy__d15360__w6,142,631
5_se_informed_policy,5_se_informed_policy__d15360__w6,143,551
5_se_informed_policy,5_se_informed_policy__d15360__w6,144,446
5_se_informed_policy,5_se_informed_policy__d15360__w6,145,352
5_se_informed_policy,5_se_informed_policy__d15360__w6,146,350
5_se_informed_policy,5_se_informed_policy__d15360__w6,147,351
5_se_informed_policy,5_se_informed_policy__d15360__w6,148,354
5_se_informed_policy,5_se_informed_policy__d15360__w6,149,343
5_se_informed_policy,5_se_informed_policy__d15360__w6,150,287
5_se_informed_policy,5_se_informed_policy__d15360__w6,151,366
5_se_informed_policy,5_se_informed_policy__d15360__w6,152,335
5_se_informed_policy,5_se_informed_policy__d15360__w6,153,411
5_se_informed_policy,5_se_informed_policy__d15360__w6,154,411
5_se_informed_policy,5_se_informed_policy__d15360__w6,155,393
5_se_informed_policy,5_se_informed_policy__d15360__w6,156,432
5_se_informed_policy,5_se_informed_policy__d15360__w6,157,507
5_se_informed_policy,5_se_informed_policy__d15360__w6,158,519
5_se_informed_policy,5_se_informed_policy__d15360__w6,159,616
5_se_informed_policy,5_se_informed_policy__d15360__w6,160,580
5_se_informed_policy,5_se_informed_policy__d15360__w6,161,551
5_se_informed_policy,5_se_informed_policy__d15360__w6,162,632
5_se_informed_policy,5_se_informed_policy__d15360__w6,163,625
5_se_informed_policy,5_se_informed_policy__d15360__w6,164,635
5_se_informed_policy,5_se_informed_policy__d15360__w6,165,697
5_se_informed_policy,5_se_informed_policy__d15360__w6,166,681
5_se_informed_policy,5_se_informed_policy__d15360__w6,167,591
5_se_informed_policy,5_se_informed_policy__d0__w12,0,395
5_se_informed_policy,5_se_informed_policy__d0__w12,1,1529
5_se_informed_policy,5_se_informed_policy__d0__w12,2,481
5_se_informed_policy,5_se_informed_policy__d0__w12,3,437
5_se_informed_policy,5_se_informed_policy__d0__w12,4,486
5_se_informed_policy,5_se_informed_policy__d0__w12,5,434
5_se_informed_policy,5_se_informed_policy__d0__w12,6,434
5_se_informed_policy,5_se_informed_policy__d0__w12,7,456
5_se_informed_policy,5_se_informed_policy__d0__w12,8,610
5_se_informed_policy,5_se_informed_policy__d0__w12,9,629
5_se_informed_policy,5_se_informed_policy__d0__w12,10,593
5_se_informed_policy,5_se_informed_policy__d0__w12,11,686
5_se_informed_policy,5_se_informed_policy__d0__w12,12,1508
5_se_informed_policy,5_se_informed_policy__d0__w12,13,880
5_se_informed_policy,5_se_informed_policy__d0__w12,14,1060
5_se_informed_policy,5_se_informed_policy__d0__w12,15,1034
5_se_informed_policy,5_se_informed_policy__d0__w12,16,993
5_se_informed_policy,5_se_informed_policy__d0__w12,17,953
5_se_informed_policy,5_se_informed_policy__d0__w12,18,975
5_se_informed_policy,5_se_informed_policy__d0__w12,19,888
5_se_informed_policy,5_se_informed_policy__d0__w12,20,918
5_se_informed_policy,5_se_informed_policy__d0__w12,21,1047
5_se_informed_policy,5_se_informed_policy__d0__w12,22,1188
5_se_informed_policy,5_se_informed_policy__d0__w12,23,1070
5_se_informed_policy,5_se_informed_policy__d0__w12,24,937
5_se_informed_policy,5_se_informed_policy__d0__w12,25,870
5_se_informed_policy,5_se_informed_policy__d0__w12,26,3544
5_se_informed_policy,5_se_informed_policy__d0__w12,27,641
5_se_informed_policy,5_se_informed_policy__d0__w12,28,610
5_se_informed_policy,5_se_informed_policy__d0__w12,29,553
5_se_informed_policy,5_se_informed_policy__d0__w12,30,570
5_se_informed_policy,5_se_informed_policy__d0__w12,31,621
5_se_informed_policy,5_se_informed_policy__d0__w12,32,690
5_se_informed_policy,5_se_informed_policy__d0__w12,33,759
5_se_informed_policy,5_se_informed_policy__d0__w12,34,691
5_se_informed_policy,5_se_informed_policy__d0__w12,35,698
5_se_informed_policy,5_se_informed_policy__d0__w12,36,2347
5_se_informed_policy,5_se_informed_policy__d0__w12,37,858
5_se_informed_policy,5_se_informed_policy__d0__w12,38,957
5_se_informed_policy,5_se_informed_policy__d0__w12,39,940
5_se_informed_policy,5_se_informed_policy__d0__w12,40,1021
5_se_informed_policy,5_se_informed_policy__d0__w12,41,1120
5_se_informed_policy,5_se_informed_policy__d0__w12,42,1001
5_se_informed_policy,5_se_informed_policy__d0__w12,43,974
5_se_informed_policy,5_se_informed_policy__d0__w12,44,917
5_se_informed_policy,5_se_informed_policy__d0__w12,45,1086
5_se_informed_policy,5_se_informed_policy__d0__w12,46,965
5_se_informed_policy,5_se_informed_policy__d0__w12,47,999
5_se_informed_policy,5_se_informed_policy__d0__w12,48,815
5_se_informed_policy,5_se_informed_policy__d0__w12,49,892
5_se_informed_policy,5_se_informed_policy__d0__w12,50,3733
5_se_informed_policy,5_se_informed_policy__d0__w12,51,689
5_se_informed_policy,5_se_informed_policy__d0__w12,52,464
5_se_informed_policy,5_se_informed_policy__d0__w12,53,580
5_se_informed_policy,5_se_informed_policy__d0__w12,54,518
5_se_informed_policy,5_se_informed_policy__d0__w12,55,604
5_se_informed_policy,5_se_informed_policy__d0__w12,56,666
5_se_informed_policy,5_se_informed_policy__d0__w12,57,700
5_se_informed_policy,5_se_informed_policy__d0__w12,58,740
5_se_informed_policy,5_se_informed_policy__d0__w12,59,720
5_se_informed_policy,5_se_informed_policy__d0__w12,60,1716
5_se_informed_policy,5_se_informed_policy__d0__w12,61,944
5_se_informed_policy,5_se_informed_policy__d0__w12,62,997
5_se_informed_policy,5_se_informed_policy__d0__w12,63,1022
5_se_informed_policy,5_se_informed_policy__d0__w12,64,1173
5_se_informed_policy,5_se_informed_policy__d0__w12,65,1094
5_se_informed_policy,5_se_informed_policy__d0__w12,66,978
5_se_informed_policy,5_se_informed_policy__d0__w12,67,898
5_se_informed_policy,5_se_informed_policy__d0__w12,68,1000
5_se_informed_policy,5_se_informed_policy__d0__w12,69,937
5_se_informed_policy,5_se_informed_policy__d0__w12,70,1219
5_se_informed_policy,5_se_informed_policy__d0__w12,71,1109
5_se_informed_policy,5_se_informed_policy__d0__w12,72,891
5_se_informed_policy,5_se_informed_policy__d0__w12,73,835
5_se_informed_policy,5_se_informed_policy__d0__w12,74,3406
5_se_informed_policy,5_se_informed_policy__d0__w12,75,587
5_se_informed_policy,5_se_informed_policy__d0__w12,76,467
5_se_informed_policy,5_se_informed_policy__d0__w12,77,492
5_se_informed_policy,5_se_informed_policy__d0__w12,78,592
5_se_informed_policy,5_se_informed_policy__d0__w12,79,571
5_se_informed_policy,5_se_informed_policy__d0__w12,80,690
5_se_informed_policy,5_se_informed_policy__d0__w12,81,722
5_se_informed_policy,5_se_informed_policy__d0__w12,82,665
5_se_informed_policy,5_se_informed_policy__d0__w12,83,719
5_se_informed_policy,5_se_informed_policy__d0__w12,84,1855
5_se_informed_policy,5_se_informed_policy__d0__w12,85,877
5_se_informed_policy,5_se_informed_policy__d0__w12,86,976
5_se_informed_policy,5_se_informed_policy__d0__w12,87,958
5_se_informed_policy,5_se_informed_policy__d0__w12,88,1007
5_se_informed_policy,5_se_informed_policy__d0__w12,89,1021
5_se_informed_policy,5_se_informed_policy__d0__w12,90,995
5_se_informed_policy,5_se_informed_policy__d0__w12,91,959
5_se_informed_policy,5_se_informed_policy__d0__w12,92,894
5_se_informed_policy,5_se_informed_policy__d0__w12,93,1005
5_se_informed_policy,5_se_informed_policy__d0__w12,94,986
5_se_informed_policy,5_se_informed_policy__d0__w12,95,1303
5_se_informed_policy,5_se_informed_policy__d0__w12,96,687
5_se_informed_policy,5_se_informed_policy__d0__w12,97,870
5_se_informed_policy,5_se_informed_policy__d0__w12,98,3361
5_se_informed_policy,5_se_informed_policy__d0__w12,99,503
5_se_informed_policy,5_se_informed_policy__d0__w12,100,438
5_se_informed_policy,5_se_informed_policy__d0__w12,101,491
5_se_informed_policy,5_se_informed_policy__d0__w12,102,526
5_se_informed_policy,5_se_informed_policy__d0__w12,103,552
5_se_informed_policy,5_se_informed_policy__d0__w12,104,639
5_se_informed_policy,5_se_informed_policy__d0__w12,105,672
5_se_informed_policy,5_se_informed_policy__d0__w12,106,685
5_se_informed_policy,5_se_informed_policy__d0__w12,107,681
5_se_informed_policy,5_se_informed_policy__d0__w12,108,2254
5_se_informed_policy,5_se_informed_policy__d0__w12,109,855
5_se_informed_policy,5_se_informed_policy__d0__w12,110,928
5_se_informed_policy,5_se_informed_policy__d0__w12,111,992
5_se_informed_policy,5_se_informed_policy__d0__w12,112,911
5_se_informed_policy,5_se_informed_policy__d0__w12,113,944
5_se_informed_policy,5_se_informed_policy__d0__w12,114,921
5_se_informed_policy,5_se_informed_policy__d0__w12,115,882
5_se_informed_policy,5_se_informed_policy__d0__w12,116,841
5_se_informed_policy,5_se_informed_policy__d0__w12,117,926
5_se_informed_policy,5_se_informed_policy__d0__w12,118,927
5_se_informed_policy,5_se_informed_policy__d0__w12,119,754
5_se_informed_policy,5_se_informed_policy__d0__w12,120,596
5_se_informed_policy,5_se_informed_policy__d0__w12,121,674
5_se_informed_policy,5_se_informed_policy__d0__w12,122,569
5_se_informed_policy,5_se_informed_policy__d0__w12,123,1831
5_se_informed_policy,5_se_informed_policy__d0__w12,124,292
5_se_informed_policy,5_se_informed_policy__d0__w12,125,271
5_se_informed_policy,5_se_informed_policy__d0__w12,126,267
5_se_informed_policy,5_se_informed_policy__d0__w12,127,287
5_se_informed_policy,5_se_informed_policy__d0__w12,128,268
5_se_informed_policy,5_se_informed_policy__d0__w12,129,302
5_se_informed_policy,5_se_informed_policy__d0__w12,130,540
5_se_informed_policy,5_se_informed_policy__d0__w12,131,528
5_se_informed_policy,5_se_informed_policy__d0__w12,132,1384
5_se_informed_policy,5_se_informed_policy__d0__w12,133,357
5_se_informed_policy,5_se_informed_policy__d0__w12,134,472
5_se_informed_policy,5_se_informed_policy__d0__w12,135,523
5_se_informed_policy,5_se_informed_policy__d0__w12,136,518
5_se_informed_policy,5_se_informed_policy__d0__w12,137,543
5_se_informed_policy,5_se_informed_policy__d0__w12,138,459
5_se_informed_policy,5_se_informed_policy__d0__w12,139,514
5_se_informed_policy,5_se_informed_policy__d0__w12,140,518
5_se_informed_policy,5_se_informed_policy__d0__w12,141,531
5_se_informed_policy,5_se_informed_policy__d0__w12,142,526
5_se_informed_policy,5_se_informed_policy__d0__w12,143,485
5_se_informed_policy,5_se_informed_policy__d0__w12,144,361
5_se_informed_policy,5_se_informed_policy__d0__w12,145,365
5_se_informed_policy,5_se_informed_policy__d0__w12,146,389
5_se_informed_policy,5_se_informed_policy__d0__w12,147,843
5_se_informed_policy,5_se_informed_policy__d0__w12,148,292
5_se_informed_policy,5_se_informed_policy__d0__w12,149,274
5_se_informed_policy,5_se_informed_policy__d0__w12,150,238
5_se_informed_policy,5_se_informed_policy__d0__w12,151,276
5_se_informed_policy,5_se_informed_policy__d0__w12,152,285
5_se_informed_policy,5_se_informed_policy__d0__w12,153,409
5_se_informed_policy,5_se_informed_policy__d0__w12,154,442
5_se_informed_policy,5_se_informed_policy__d0__w12,155,1200
5_se_informed_policy,5_se_informed_policy__d0__w12,156,432
5_se_informed_policy,5_se_informed_policy__d0__w12,157,507
5_se_informed_policy,5_se_informed_policy__d0__w12,158,439
5_se_informed_policy,5_se_informed_policy__d0__w12,159,507
5_se_informed_policy,5_se_informed_policy__d0__w12,160,475
5_se_informed_policy,5_se_informed_policy__d0__w12,161,475
5_se_informed_policy,5_se_informed_policy__d0__w12,162,546
5_se_informed_policy,5_se_informed_policy__d0__w12,163,545
5_se_informed_policy,5_se_informed_policy__d0__w12,164,548
5_se_informed_policy,5_se_informed_policy__d0__w12,165,582
5_se_informed_policy,5_se_informed_policy__d0__w12,166,551
5_se_informed_policy,5_se_informed_policy__d0__w12,167,483
5_se_informed_policy,5_se_informed_policy__d60__w12,0,403
5_se_informed_policy,5_se_informed_policy__d60__w12,1,1409
5_se_informed_policy,5_se_informed_policy__d60__w12,2,481
5_se_informed_policy,5_se_informed_policy__d60__w12,3,437
5_se_informed_policy,5_se_informed_policy__d60__w12,4,486
5_se_informed_policy,5_se_informed_policy__d60__w12,5,438
5_se_informed_policy,5_se_informed_policy__d60__w12,6,446
5_se_informed_policy,5_se_informed_policy__d60__w12,7,460
5_se_informed_policy,5_se_informed_policy__d60__w12,8,618
5_se_informed_policy,5_se_informed_policy__d60__w12,9,635
5_se_informed_policy,5_se_informed_policy__d60__w12,10,598
5_se_informed_policy,5_se_informed_policy__d60__w12,11,694
5_se_informed_policy,5_se_informed_policy__d60__w12,12,1484
5_se_informed_policy,5_se_informed_policy__d60__w12,13,913
5_se_informed_policy,5_se_informed_policy__d60__w12,14,1085
5_se_informed_policy,5_se_informed_policy__d60__w12,15,1065
5_se_informed_policy,5_se_informed_policy__d60__w12,16,1019
5_se_informed_policy,5_se_informed_policy__d60__w12,17,976
5_se_informed_policy,5_se_informed_policy__d60__w12,18,1006
5_se_informed_policy,5_se_informed_policy__d60__w12,19,911
5_se_informed_policy,5_se_informed_policy__d60__w12,20,951
5_se_informed_policy,5_se_informed_policy__d60__w12,21,1083
5_se_informed_policy,5_se_informed_policy__d60__w12,22,1240
5_se_informed_policy,5_se_informed_policy__d60__w12,23,1100
5_se_informed_policy,5_se_informed_policy__d60__w12,24,964
5_se_informed_policy,5_se_informed_policy__d60__w12,25,860
5_se_informed_policy,5_se_informed_policy__d60__w12,26,3161
5_se_informed_policy,5_se_informed_policy__d60__w12,27,641
5_se_informed_policy,5_se_informed_policy__d60__w12,28,610
5_se_informed_policy,5_se_informed_policy__d60__w12,29,573
5_se_informed_policy,5_se_informed_policy__d60__w12,30,577
5_se_informed_policy,5_se_informed_policy__d60__w12,31,634
5_se_informed_policy,5_se_informed_policy__d60__w12,32,693
5_se_informed_policy,5_se_informed_policy__d60__w12,33,767
5_se_informed_policy,5_se_informed_policy__d60__w12,34,696
5_se_informed_policy,5_se_informed_policy__d60__w12,35,708
5_se_informed_policy,5_se_informed_policy__d60__w12,36,2281
5_se_informed_policy,5_se_informed_policy__d60__w12,37,876
5_se_informed_policy,5_se_informed_policy__d60__w12,38,997
5_se_informed_policy,5_se_informed_policy__d60__w12,39,979
5_se_informed_policy,5_se_informed_policy__d60__w12,40,1044
5_se_informed_policy,5_se_informed_policy__d60__w12,41,1175
5_se_informed_policy,5_se_informed_policy__d60__w12,42,1031
5_se_informed_policy,5_se_informed_policy__d60__w12,43,1006
5_se_informed_policy,5_se_informed_policy__d60__w12,44,951
5_se_informed_policy,5_se_informed_policy__d60__w12,45,1118
5_se_informed_policy,5_se_informed_policy__d60__w12,46,992
5_se_informed_policy,5_se_informed_policy__d60__w12,47,1013
5_se_informed_policy,5_se_informed_policy__d60__w12,48,824
5_se_informed_policy,5_se_informed_policy__d60__w12,49,883
5_se_informed_policy,5_se_informed_policy__d60__w12,50,3389
5_se_informed_policy,5_se_informed_policy__d60__w12,51,689
5_se_informed_policy,5_se_informed_policy__d60__w12,52,466
5_se_informed_policy,5_se_informed_policy__d60__w12,53,589
5_se_informed_policy,5_se_informed_policy__d60__w12,54,522
5_se_informed_policy,5_se_informed_policy__d60__w12,55,611
5_se_informed_policy,5_se_informed_policy__d60__w12,56,669
5_se_informed_policy,5_se_informed_policy__d60__w12,57,709
5_se_informed_policy,5_se_informed_policy__d60__w12,58,753
5_se_informed_policy,5_se_informed_policy__d60__w12,59,746
5_se_informed_policy,5_se_informed_policy__d60__w12,60,1701
5_se_informed_policy,5_se_informed_policy__d60__w12,61,973
5_se_informed_policy,5_se_informed_policy__d60__w12,62,1020
5_se_informed_policy,5_se_informed_policy__d60__w12,63,1051
5_se_informed_policy,5_se_informed_policy__d60__w12,64,1199
5_se_informed_policy,5_se_informed_policy__d60__w12,65,1114
5_se_informed_policy,5_se_informed_policy__d60__w12,66,999
5_se_informed_policy,5_se_informed_policy__d60__w12,67,911
5_se_informed_policy,5_se_informed_policy__d60__w12,68,1028
5_se_informed_policy,5_se_informed_policy__d60__w12,69,973
5_se_informed_policy,5_se_informed_policy__d60__w12,70,1242
5_se_informed_policy,5_se_informed_policy__d60__w12,71,1106
5_se_informed_policy,5_se_informed_policy__d60__w12,72,885
5_se_informed_policy,5_se_informed_policy__d60__w12,73,832
5_se_informed_policy,5_se_informed_policy__d60__w12,74,3112
5_se_informed_policy,5_se_informed_policy__d60__w12,75,587
5_se_informed_policy,5_se_informed_policy__d60__w12,76,474
5_se_informed_policy,5_se_informed_policy__d60__w12,77,499
5_se_informed_policy,5_se_informed_policy__d60__w12,78,605
5_se_informed_policy,5_se_informed_policy__d60__w12,79,576
5_se_informed_policy,5_se_informed_policy__d60__w12,80,696
5_se_informed_policy,5_se_informed_policy__d60__w12,81,729
5_se_informed_policy,5_se_informed_policy__d60__w12,82,676
5_se_informed_policy,5_se_informed_policy__d60__w12,83,728
5_se_informed_policy,5_se_informed_policy__d60__w12,84,1818
5_se_informed_policy,5_se_informed_policy__d60__w12,85,890
5_se_informed_policy,5_se_informed_policy__d60__w12,86,1001
5_se_informed_policy,5_se_informed_policy__d60__w12,87,1002
5_se_informed_policy,5_se_informed_policy__d60__w12,88,1036
5_se_informed_policy,5_se_informed_policy__d60__w12,89,1060
5_se_informed_policy,5_se_informed_policy__d60__w12,90,1032
5_se_informed_policy,5_se_informed_policy__d60__w12,91,982
5_se_informed_policy,5_se_informed_policy__d60__w12,92,920
5_se_informed_policy,5_se_informed_policy__d60__w12,93,1035
5_se_informed_policy,5_se_informed_policy__d60__w12,94,1015
5_se_informed_policy,5_se_informed_policy__d60__w12,95,1293
5_se_informed_policy,5_se_informed_policy__d60__w12,96,692
5_se_informed_policy,5_se_informed_policy__d60__w12,97,870
5_se_informed_policy,5_se_informed_policy__d60__w12,98,3043
5_se_informed_policy,5_se_informed_policy__d60__w12,99,514
5_se_informed_policy,5_se_informed_policy__d60__w12,100,449
5_se_informed_policy,5_se_informed_policy__d60__w12,101,504
5_se_informed_policy,5_se_informed_policy__d60__w12,102,531
5_se_informed_policy,5_se_informed_policy__d60__w12,103,566
5_se_informed_policy,5_se_informed_policy__d60__w12,104,648
5_se_informed_policy,5_se_informed_policy__d60__w12,105,683
5_se_informed_policy,5_se_informed_policy__d60__w12,106,698
5_se_informed_policy,5_se_informed_policy__d60__w12,107,689
5_se_informed_policy,5_se_informed_policy__d60__w12,108,2159
5_se_informed_policy,5_se_informed_policy__d60__w12,109,878
5_se_informed_policy,5_se_informed_policy__d60__w12,110,951
5_se_informed_policy,5_se_informed_policy__d60__w12,111,1023
5_se_informed_policy,5_se_informed_policy__d60__w12,112,936
5_se_informed_policy,5_se_informed_policy__d60__w12,113,980
5_se_informed_policy,5_se_informed_policy__d60__w12,114,951
5_se_informed_policy,5_se_informed_policy__d60__w12,115,902
5_se_informed_policy,5_se_informed_policy__d60__w12,116,865
5_se_informed_policy,5_se_informed_policy__d60__w12,117,956
5_se_informed_policy,5_se_informed_policy__d60__w12,118,957
5_se_informed_policy,5_se_informed_policy__d60__w12,119,769
5_se_informed_policy,5_se_informed_policy__d60__w12,120,611
5_se_informed_policy,5_se_informed_policy__d60__w12,121,666
5_se_informed_policy,5_se_informed_policy__d60__w12,122,558
5_se_informed_policy,5_se_informed_policy__d60__w12,123,1643
5_se_informed_policy,5_se_informed_policy__d60__w12,124,305
5_se_informed_policy,5_se_informed_policy__d60__w12,125,277
5_se_informed_policy,5_se_informed_policy__d60__w12,126,276
5_se_informed_policy,5_se_informed_policy__d60__w12,127,297
5_se_informed_policy,5_se_informed_policy__d60__w12,128,274
5_se_informed_policy,5_se_informed_policy__d60__w12,129,304
5_se_informed_policy,5_se_informed_policy__d60__w12,130,515
5_se_informed_policy,5_se_informed_policy__d60__w12,131,522
5_se_informed_policy,5_se_informed_policy__d60__w12,132,1274
5_se_informed_policy,5_se_informed_policy__d60__w12,133,367
5_se_informed_policy,5_se_informed_policy__d60__w12,134,478
5_se_informed_policy,5_se_informed_policy__d60__w12,135,540
5_se_informed_policy,5_se_informed_policy__d60__w12,136,534
5_se_informed_policy,5_se_informed_policy__d60__w12,137,554
5_se_informed_policy,5_se_informed_policy__d60__w12,138,472
5_se_informed_policy,5_se_informed_policy__d60__w12,139,527
5_se_informed_policy,5_se_informed_policy__d60__w12,140,525
5_se_informed_policy,5_se_informed_policy__d60__w12,141,535
5_se_informed_policy,5_se_informed_policy__d60__w12,142,537
5_se_informed_policy,5_se_informed_policy__d60__w12,143,489
5_se_informed_policy,5_se_informed_policy__d60__w12,144,374
5_se_informed_policy,5_se_informed_policy__d60__w12,145,362
5_se_informed_policy,5_se_informed_policy__d60__w12,146,385
5_se_informed_policy,5_se_informed_policy__d60__w12,147,777
5_se_informed_policy,5_se_informed_policy__d60__w12,148,311
5_se_informed_policy,5_se_informed_policy__d60__w12,149,286
5_se_informed_policy,5_se_informed_policy__d60__w12,150,246
5_se_informed_policy,5_se_informed_policy__d60__w12,151,287
5_se_informed_policy,5_se_informed_policy__d60__w12,152,288
5_se_informed_policy,5_se_informed_policy__d60__w12,153,420
5_se_informed_policy,5_se_informed_policy__d60__w12,154,442
5_se_informed_policy,5_se_informed_policy__d60__w12,155,1084
5_se_informed_policy,5_se_informed_policy__d60__w12,156,432
5_se_informed_policy,5_se_informed_policy__d60__w12,157,507
5_se_informed_policy,5_se_informed_policy__d60__w12,158,450
5_se_informed_policy,5_se_informed_policy__d60__w12,159,516
5_se_informed_policy,5_se_informed_policy__d60__w12,160,482
5_se_informed_policy,5_se_informed_policy__d60__w12,161,479
5_se_informed_policy,5_se_informed_policy__d60__w12,162,557
5_se_informed_policy,5_se_informed_policy__d60__w12,163,549
5_se_informed_policy,5_se_informed_policy__d60__w12,164,556
5_se_informed_policy,5_se_informed_policy__d60__w12,165,597
5_se_informed_policy,5_se_informed_policy__d60__w12,166,580
5_se_informed_policy,5_se_informed_policy__d60__w12,167,497
5_se_informed_policy,5_se_informed_policy__d120__w12,0,409
5_se_informed_policy,5_se_informed_policy__d120__w12,1,1310
5_se_informed_policy,5_se_informed_policy__d120__w12,2,481
5_se_informed_policy,5_se_informed_policy__d120__w12,3,437
5_se_informed_policy,5_se_informed_policy__d120__w12,4,486
5_se_informed_policy,5_se_informed_policy__d120__w12,5,445
5_se_informed_policy,5_se_informed_policy__d120__w12,6,460
5_se_informed_policy,5_se_informed_policy__d120__w12,7,480
5_se_informed_policy,5_se_informed_policy__d120__w12,8,630
5_se_informed_policy,5_se_informed_policy__d120__w12,9,649
5_se_informed_policy,5_se_informed_policy__d120__w12,10,624
5_se_informed_policy,5_se_informed_policy__d120__w12,11,720
5_se_informed_policy,5_se_informed_policy__d120__w12,12,1435
5_se_informed_policy,5_se_informed_policy__d120__w12,13,940
5_se_informed_policy,5_se_informed_policy__d120__w12,14,1112
5_se_informed_policy,5_se_informed_policy__d120__w12,15,1108
5_se_informed_policy,5_se_informed_policy__d120__w12,16,1040
5_se_informed_policy,5_se_informed_policy__d120__w12,17,993
5_se_informed_policy,5_se_informed_policy__d120__w12,18,1020
5_se_informed_policy,5_se_informed_policy__d120__w12,19,924
5_se_informed_policy,5_se_informed_policy__d120__w12,20,963
5_se_informed_policy,5_se_informed_policy__d120__w12,21,1099
5_se_informed_policy,5_se_informed_policy__d120__w12,22,1227
5_se_informed_policy,5_se_informed_policy__d120__w12,23,1091
5_se_informed_policy,5_se_informed_policy__d120__w12,24,956
5_se_informed_policy,5_se_informed_policy__d120__w12,25,845
5_se_informed_policy,5_se_informed_policy__d120__w12,26,2946
5_se_informed_policy,5_se_informed_policy__d120__w12,27,641
5_se_informed_policy,5_se_informed_policy__d120__w12,28,610
5_se_informed_policy,5_se_informed_policy__d120__w12,29,578
5_se_informed_policy,5_se_informed_policy__d120__w12,30,591
5_se_informed_policy,5_se_informed_policy__d120__w12,31,646
5_se_informed_policy,5_se_informed_policy__d120__w12,32,712
5_se_informed_policy,5_se_informed_policy__d120__w12,33,782
5_se_informed_policy,5_se_informed_policy__d120__w12,34,718
5_se_informed_policy,5_se_informed_policy__d120__w12,35,723
5_se_informed_policy,5_se_informed_policy__d120__w12,36,2179
5_se_informed_policy,5_se_informed_policy__d120__w12,37,901
5_se_informed_policy,5_se_informed_policy__d120__w12,38,1022
5_se_informed_policy,5_se_informed_policy__d120__w12,39,1007
5_se_informed_policy,5_se_informed_policy__d120__w12,40,1089
5_se_informed_policy,5_se_informed_policy__d120__w12,41,1202
5_se_informed_policy,5_se_informed_policy__d120__w12,42,1044
5_se_informed_policy,5_se_informed_policy__d120__w12,43,1020
5_se_informed_policy,5_se_informed_policy__d120__w12,44,967
5_se_informed_policy,5_se_informed_policy__d120__w12,45,1139
5_se_informed_policy,5_se_informed_policy__d120__w12,46,1009
5_se_informed_policy,5_se_informed_policy__d120__w12,47,1019
5_se_informed_policy,5_se_informed_policy__d120__w12,48,842
5_se_informed_policy,5_se_informed_policy__d120__w12,49,885
5_se_informed_policy,5_se_informed_policy__d120__w12,50,3132
5_se_informed_policy,5_se_informed_policy__d120__w12,51,689
5_se_informed_policy,5_se_informed_policy__d120__w12,52,484
5_se_informed_policy,5_se_informed_policy__d120__w12,53,600
5_se_informed_policy,5_se_informed_policy__d120__w12,54,536
5_se_informed_policy,5_se_informed_policy__d120__w12,55,618
5_se_informed_policy,5_se_informed_policy__d120__w12,56,694
5_se_informed_policy,5_se_informed_policy__d120__w12,57,745
5_se_informed_policy,5_se_informed_policy__d120__w12,58,780
5_se_informed_policy,5_se_informed_policy__d120__w12,59,769
5_se_informed_policy,5_se_informed_policy__d120__w12,60,1611
5_se_informed_policy,5_se_informed_policy__d120__w12,61,989
5_se_informed_policy,5_se_informed_policy__d120__w12,62,1049
5_se_informed_policy,5_se_informed_policy__d120__w12,63,1074
5_se_informed_policy,5_se_informed_policy__d120__w12,64,1225
5_se_informed_policy,5_se_informed_policy__d120__w12,65,1152
5_se_informed_policy,5_se_informed_policy__d120__w12,66,1028
5_se_informed_policy,5_se_informed_policy__d120__w12,67,926
5_se_informed_policy,5_se_informed_policy__d120__w12,68,1039
5_se_informed_policy,5_se_informed_policy__d120__w12,69,987
5_se_informed_policy,5_se_informed_policy__d120__w12,70,1236
5_se_informed_policy,5_se_informed_policy__d120__w12,71,1095
5_se_informed_policy,5_se_informed_policy__d120__w12,72,875
5_se_informed_policy,5_se_informed_policy__d120__w12,73,828
5_se_informed_policy,5_se_informed_policy__d120__w12,74,2871
5_se_informed_policy,5_se_informed_policy__d120__w12,75,587
5_se_informed_policy,5_se_informed_policy__d120__w12,76,485
5_se_informed_policy,5_se_informed_policy__d120__w12,77,507
5_se_informed_policy,5_se_informed_policy__d120__w12,78,617
5_se_informed_policy,5_se_informed_policy__d120__w12,79,590
5_se_informed_policy,5_se_informed_policy__d120__w12,80,720
5_se_informed_policy,5_se_informed_policy__d120__w12,81,760
5_se_informed_policy,5_se_informed_policy__d120__w12,82,697
5_se_informed_policy,5_se_informed_policy__d120__w12,83,750
5_se_informed_policy,5_se_informed_policy__d120__w12,84,1716
5_se_informed_policy,5_se_informed_policy__d120__w12,85,914
5_se_informed_policy,5_se_informed_policy__d120__w12,86,1036
5_se_informed_policy,5_se_informed_policy__d120__w12,87,1024
5_se_informed_policy,5_se_informed_policy__d120__w12,88,1062
5_se_informed_policy,5_se_informed_policy__d120__w12,89,1084
5_se_informed_policy,5_se_informed_policy__d120__w12,90,1051
5_se_informed_policy,5_se_informed_policy__d120__w12,91,995
5_se_informed_policy,5_se_informed_policy__d120__w12,92,935
5_se_informed_policy,5_se_informed_policy__d120__w12,93,1054
5_se_informed_policy,5_se_informed_policy__d120__w12,94,1034
5_se_informed_policy,5_se_informed_policy__d120__w12,95,1266
5_se_informed_policy,5_se_informed_policy__d120__w12,96,706
5_se_informed_policy,5_se_informed_policy__d120__w12,97,862
5_se_informed_policy,5_se_informed_policy__d120__w12,98,2807
5_se_informed_policy,5_se_informed_policy__d120__w12,99,529
5_se_informed_policy,5_se_informed_policy__d120__w12,100,463
5_se_informed_policy,5_se_informed_policy__d120__w12,101,522
5_se_informed_policy,5_se_informed_policy__d120__w12,102,546
5_se_informed_policy,5_se_informed_policy__d120__w12,103,579
5_se_informed_policy,5_se_informed_policy__d120__w12,104,659
5_se_informed_policy,5_se_informed_policy__d120__w12,105,696
5_se_informed_policy,5_se_informed_policy__d120__w12,106,716
5_se_informed_policy,5_se_informed_policy__d120__w12,107,708
5_se_informed_policy,5_se_informed_policy__d120__w12,108,2023
5_se_informed_policy,5_se_informed_policy__d120__w12,109,912
5_se_informed_policy,5_se_informed_policy__d120__w12,110,979
5_se_informed_policy,5_se_informed_policy__d120__w12,111,1053
5_se_informed_policy,5_se_informed_policy__d120__w12,112,974
5_se_informed_policy,5_se_informed_policy__d120__w12,113,1013
5_se_informed_policy,5_se_informed_policy__d120__w12,114,965
5_se_informed_policy,5_se_informed_policy__d120__w12,115,921
5_se_informed_policy,5_se_informed_policy__d120__w12,116,887
5_se_informed_policy,5_se_informed_policy__d120__w12,117,978
5_se_informed_policy,5_se_informed_policy__d120__w12,118,977
5_se_informed_policy,5_se_informed_policy__d120__w12,119,781
5_se_informed_policy,5_se_informed_policy__d120__w12,120,620
5_se_informed_policy,5_se_informed_policy__d120__w12,121,640
5_se_informed_policy,5_se_informed_policy__d120__w12,122,533
5_se_informed_policy,5_se_informed_policy__d120__w12,123,1469
5_se_informed_policy,5_se_informed_policy__d120__w12,124,312
5_se_informed_policy,5_se_informed_policy__d120__w12,125,287
5_se_informed_policy,5_se_informed_policy__d120__w12,126,286
5_se_informed_policy,5_se_informed_policy__d120__w12,127,310
5_se_informed_policy,5_se_informed_policy__d120__w12,128,286
5_se_informed_policy,5_se_informed_policy__d120__w12,129,320
5_se_informed_policy,5_se_informed_policy__d120__w12,130,514
5_se_informed_policy,5_se_informed_policy__d120__w12,131,533
5_se_informed_policy,5_se_informed_policy__d120__w12,132,1140
5_se_informed_policy,5_se_informed_policy__d120__w12,133,385
5_se_informed_policy,5_se_informed_policy__d120__w12,134,494
5_se_informed_policy,5_se_informed_policy__d120__w12,135,546
5_se_informed_policy,5_se_informed_policy__d120__w12,136,543
5_se_informed_policy,5_se_informed_policy__d120__w12,137,571
5_se_informed_policy,5_se_informed_policy__d120__w12,138,485
5_se_informed_policy,5_se_informed_policy__d120__w12,139,530
5_se_informed_policy,5_se_informed_policy__d120__w12,140,528
5_se_informed_policy,5_se_informed_policy__d120__w12,141,547
5_se_informed_policy,5_se_informed_policy__d120__w12,142,547
5_se_informed_policy,5_se_informed_policy__d120__w12,143,491
5_se_informed_policy,5_se_informed_policy__d120__w12,144,380
5_se_informed_policy,5_se_informed_policy__d120__w12,145,357
5_se_informed_policy,5_se_informed_policy__d120__w12,146,375
5_se_informed_policy,5_se_informed_policy__d120__w12,147,727
5_se_informed_policy,5_se_informed_policy__d120__w12,148,319
5_se_informed_policy,5_se_informed_policy__d120__w12,149,288
5_se_informed_policy,5_se_informed_policy__d120__w12,150,250
5_se_informed_policy,5_se_informed_policy__d120__w12,151,291
5_se_informed_policy,5_se_informed_policy__d120__w12,152,290
5_se_informed_policy,5_se_informed_policy__d120__w12,153,418
5_se_informed_policy,5_se_informed_policy__d120__w12,154,439
5_se_informed_policy,5_se_informed_policy__d120__w12,155,1019
5_se_informed_policy,5_se_informed_policy__d120__w12,156,432
5_se_informed_policy,5_se_informed_policy__d120__w12,157,507
5_se_informed_policy,5_se_informed_policy__d120__w12,158,456
5_se_informed_policy,5_se_informed_policy__d120__w12,159,534
5_se_informed_policy,5_se_informed_policy__d120__w12,160,491
5_se_informed_policy,5_se_informed_policy__d120__w12,161,484
5_se_informed_policy,5_se_informed_policy__d120__w12,162,565
5_se_informed_policy,5_se_informed_policy__d120__w12,163,555
5_se_informed_policy,5_se_informed_policy__d120__w12,164,567
5_se_informed_policy,5_se_informed_policy__d120__w12,165,604
5_se_informed_policy,5_se_informed_policy__d120__w12,166,591
5_se_informed_policy,5_se_informed_policy__d120__w12,167,509
5_se_informed_policy,5_se_informed_policy__d240__w12,0,419
5_se_informed_policy,5_se_informed_policy__d240__w12,1,1091
5_se_informed_policy,5_se_informed_policy__d240__w12,2,481
5_se_informed_policy,5_se_informed_policy__d240__w12,3,437
5_se_informed_policy,5_se_informed_policy__d240__w12,4,486
5_se_informed_policy,5_se_informed_policy__d240__w12,5,469
5_se_informed_policy,5_se_informed_policy__d240__w12,6,479
5_se_informed_policy,5_se_informed_policy__d240__w12,7,495
5_se_informed_policy,5_se_informed_policy__d240__w12,8,657
5_se_informed_policy,5_se_informed_policy__d240__w12,9,691
5_se_informed_policy,5_se_informed_policy__d240__w12,10,674
5_se_informed_policy,5_se_informed_policy__d240__w12,11,762
5_se_informed_policy,5_se_informed_policy__d240__w12,12,1346
5_se_informed_policy,5_se_informed_policy__d240__w12,13,989
5_se_informed_policy,5_se_informed_policy__d240__w12,14,1184
5_se_informed_policy,5_se_informed_policy__d240__w12,15,1159
5_se_informed_policy,5_se_informed_policy__d240__w12,16,1079
5_se_informed_policy,5_se_informed_policy__d240__w12,17,1047
5_se_informed_policy,5_se_informed_policy__d240__w12,18,1069
5_se_informed_policy,5_se_informed_policy__d240__w12,19,966
5_se_informed_policy,5_se_informed_policy__d240__w12,20,989
5_se_informed_policy,5_se_informed_policy__d240__w12,21,1142
5_se_informed_policy,5_se_informed_policy__d240__w12,22,1207
5_se_informed_policy,5_se_informed_policy__d240__w12,23,1083
5_se_informed_policy,5_se_informed_policy__d240__w12,24,933
5_se_informed_policy,5_se_informed_policy__d240__w12,25,805
5_se_informed_policy,5_se_informed_policy__d240__w12,26,2482
5_se_informed_policy,5_se_informed_policy__d240__w12,27,641
5_se_informed_policy,5_se_informed_policy__d240__w12,28,610
5_se_informed_policy,5_se_informed_policy__d240__w12,29,623
5_se_informed_policy,5_se_informed_policy__d240__w12,30,622
5_se_informed_policy,5_se_informed_policy__d240__w12,31,675
5_se_informed_policy,5_se_informed_policy__d240__w12,32,742
5_se_informed_policy,5_se_informed_policy__d240__w12,33,832
5_se_informed_policy,5_se_informed_policy__d240__w12,34,756
5_se_informed_policy,5_se_informed_policy__d240__w12,35,775
5_se_informed_policy,5_se_informed_policy__d240__w12,36,1904
5_se_informed_policy,5_se_informed_policy__d240__w12,37,956
5_se_informed_policy,5_se_informed_policy__d240__w12,38,1074
5_se_informed_policy,5_se_informed_policy__d240__w12,39,1082
5_se_informed_policy,5_se_informed_policy__d240__w12,40,1145
5_se_informed_policy,5_se_informed_policy__d240__w12,41,1271
5_se_informed_policy,5_se_informed_policy__d240__w12,42,1099
5_se_informed_policy,5_se_informed_policy__d240__w12,43,1053
5_se_informed_policy,5_se_informed_policy__d240__w12,44,1007
5_se_informed_policy,5_se_informed_policy__d240__w12,45,1174
5_se_informed_policy,5_se_informed_policy__d240__w12,46,1040
5_se_informed_policy,5_se_informed_policy__d240__w12,47,1041
5_se_informed_policy,5_se_informed_policy__d240__w12,48,869
5_se_informed_policy,5_se_informed_policy__d240__w12,49,841
5_se_informed_policy,5_se_informed_policy__d240__w12,50,2626
5_se_informed_policy,5_se_informed_policy__d240__w12,51,689
5_se_informed_policy,5_se_informed_policy__d240__w12,52,516
5_se_informed_policy,5_se_informed_policy__d240__w12,53,626
5_se_informed_policy,5_se_informed_policy__d240__w12,54,556
5_se_informed_policy,5_se_informed_policy__d240__w12,55,640
5_se_informed_policy,5_se_informed_policy__d240__w12,56,726
5_se_informed_policy,5_se_informed_policy__d240__w12,57,794
5_se_informed_policy,5_se_informed_policy__d240__w12,58,833
5_se_informed_policy,5_se_informed_policy__d240__w12,59,802
5_se_informed_policy,5_se_informed_policy__d240__w12,60,1467
5_se_informed_policy,5_se_informed_policy__d240__w12,61,1024
5_se_informed_policy,5_se_informed_policy__d240__w12,62,1077
5_se_informed_policy,5_se_informed_policy__d240__w12,63,1127
5_se_informed_policy,5_se_informed_policy__d240__w12,64,1270
5_se_informed_policy,5_se_informed_policy__d240__w12,65,1195
5_se_informed_policy,5_se_informed_policy__d240__w12,66,1078
5_se_informed_policy,5_se_informed_policy__d240__w12,67,967
5_se_informed_policy,5_se_informed_policy__d240__w12,68,1077
5_se_informed_policy,5_se_informed_policy__d240__w12,69,1032
5_se_informed_policy,5_se_informed_policy__d240__w12,70,1213
5_se_informed_policy,5_se_informed_policy__d240__w12,71,1087
5_se_informed_policy,5_se_informed_policy__d240__w12,72,864
5_se_informed_policy,5_se_informed_policy__d240__w12,73,806
5_se_informed_policy,5_se_informed_policy__d240__w12,74,2434
5_se_informed_policy,5_se_informed_policy__d240__w12,75,587
5_se_informed_policy,5_se_informed_policy__d240__w12,76,507
5_se_informed_policy,5_se_informed_policy__d240__w12,77,546
5_se_informed_policy,5_se_informed_policy__d240__w12,78,668
5_se_informed_policy,5_se_informed_policy__d240__w12,79,621
5_se_informed_policy,5_se_informed_policy__d240__w12,80,763
5_se_informed_policy,5_se_informed_policy__d240__w12,81,792
5_se_informed_policy,5_se_informed_policy__d240__w12,82,743
5_se_informed_policy,5_se_informed_policy__d240__w12,83,788
5_se_informed_policy,5_se_informed_policy__d240__w12,84,1481
5_se_informed_policy,5_se_informed_policy__d240__w12,85,959
5_se_informed_policy,5_se_informed_policy__d240__w12,86,1081
5_se_informed_policy,5_se_informed_policy__d240__w12,87,1069
5_se_informed_policy,5_se_informed_policy__d240__w12,88,1121
5_se_informed_policy,5_se_informed_policy__d240__w12,89,1126
5_se_informed_policy,5_se_informed_policy__d240__w12,90,1100
5_se_informed_policy,5_se_informed_policy__d240__w12,91,1030
5_se_informed_policy,5_se_informed_policy__d240__w12,92,968
5_se_informed_policy,5_se_informed_policy__d240__w12,93,1090
5_se_informed_policy,5_se_informed_policy__d240__w12,94,1051
5_se_informed_policy,5_se_informed_policy__d240__w12,95,1224
5_se_informed_policy,5_se_informed_policy__d240__w12,96,720
5_se_informed_policy,5_se_informed_policy__d240__w12,97,832
5_se_informed_policy,5_se_informed_policy__d240__w12,98,2392
5_se_informed_policy,5_se_informed_policy__d240__w12,99,557
5_se_informed_policy,5_se_informed_policy__d240__w12,100,489
5_se_informed_policy,5_se_informed_policy__d240__w12,101,556
5_se_informed_policy,5_se_informed_policy__d240__w12,102,578
5_se_informed_policy,5_se_informed_policy__d240__w12,103,604
5_se_informed_policy,5_se_informed_policy__d240__w12,104,701
5_se_informed_policy,5_se_informed_policy__d240__w12,105,730
5_se_informed_policy,5_se_informed_policy__d240__w12,106,757
5_se_informed_policy,5_se_informed_policy__d240__w12,107,749
5_se_informed_policy,5_se_informed_policy__d240__w12,108,1720
5_se_informed_policy,5_se_informed_policy__d240__w12,109,954
5_se_informed_policy,5_se_informed_policy__d240__w12,110,1010
5_se_informed_policy,5_se_informed_policy__d240__w12,111,1095
5_se_informed_policy,5_se_informed_policy__d240__w12,112,1012
5_se_informed_policy,5_se_informed_policy__d240__w12,113,1048
5_se_informed_policy,5_se_informed_policy__d240__w12,114,1003
5_se_informed_policy,5_se_informed_policy__d240__w12,115,946
5_se_informed_policy,5_se_informed_policy__d240__w12,116,914
5_se_informed_policy,5_se_informed_policy__d240__w12,117,997
5_se_informed_policy,5_se_informed_policy__d240__w12,118,1000
5_se_informed_policy,5_se_informed_policy__d240__w12,119,799
5_se_informed_policy,5_se_informed_policy__d240__w12,120,636
5_se_informed_policy,5_se_informed_policy__d240__w12,121,605
5_se_informed_policy,5_se_informed_policy__d240__w12,122,513
5_se_informed_policy,5_se_informed_policy__d240__w12,123,1253
5_se_informed_policy,5_se_informed_policy__d240__w12,124,324
5_se_informed_policy,5_se_informed_policy__d240__w12,125,297
5_se_informed_policy,5_se_informed_policy__d240__w12,126,300
5_se_informed_policy,5_se_informed_policy__d240__w12,127,328
5_se_informed_policy,5_se_informed_policy__d240__w12,128,300
5_se_informed_policy,5_se_informed_policy__d240__w12,129,334
5_se_informed_policy,5_se_informed_policy__d240__w12,130,497
5_se_informed_policy,5_se_informed_policy__d240__w12,131,539
5_se_informed_policy,5_se_informed_policy__d240__w12,132,986
5_se_informed_policy,5_se_informed_policy__d240__w12,133,395
5_se_informed_policy,5_se_informed_policy__d240__w12,134,521
5_se_informed_policy,5_se_informed_policy__d240__w12,135,575
5_se_informed_policy,5_se_informed_policy__d240__w12,136,562
5_se_informed_policy,5_se_informed_policy__d240__w12,137,589
5_se_informed_policy,5_se_informed_policy__d240__w12,138,500
5_se_informed_policy,5_se_informed_policy__d240__w12,139,549
5_se_informed_policy,5_se_informed_policy__d240__w12,140,546
5_se_informed_policy,5_se_informed_policy__d240__w12,141,559
5_se_informed_policy,5_se_informed_policy__d240__w12,142,559
5_se_informed_policy,5_se_informed_policy__d240__w12,143,498
5_se_informed_policy,5_se_informed_policy__d240__w12,144,389
5_se_informed_policy,5_se_informed_policy__d240__w12,145,352
5_se_informed_policy,5_se_informed_policy__d240__w12,146,355
5_se_informed_policy,5_se_informed_policy__d240__w12,147,616
5_se_informed_policy,5_se_informed_policy__d240__w12,148,330
5_se_informed_policy,5_se_informed_policy__d240__w12,149,299
5_se_informed_policy,5_se_informed_policy__d240__w12,150,261
5_se_informed_policy,5_se_informed_policy__d240__w12,151,327
5_se_informed_policy,5_se_informed_policy__d240__w12,152,306
5_se_informed_policy,5_se_informed_policy__d240__w12,153,430
5_se_informed_policy,5_se_informed_policy__d240__w12,154,447
5_se_informed_policy,5_se_informed_policy__d240__w12,155,855
5_se_informed_policy,5_se_informed_policy__d240__w12,156,432
5_se_informed_policy,5_se_informed_policy__d240__w12,157,507
5_se_informed_policy,5_se_informed_policy__d240__w12,158,478
5_se_informed_policy,5_se_informed_policy__d240__w12,159,562
5_se_informed_policy,5_se_informed_policy__d240__w12,160,527
5_se_informed_policy,5_se_informed_policy__d240__w12,161,509
5_se_informed_policy,5_se_informed_policy__d240__w12,162,587
5_se_informed_policy,5_se_informed_policy__d240__w12,163,571
5_se_informed_policy,5_se_informed_policy__d240__w12,164,583
5_se_informed_policy,5_se_informed_policy__d240__w12,165,616
5_se_informed_policy,5_se_informed_policy__d240__w12,166,614
5_se_informed_policy,5_se_informed_policy__d240__w12,167,518
5_se_informed_policy,5_se_informed_policy__d480__w12,0,433
5_se_informed_policy,5_se_informed_policy__d480__w12,1,836
5_se_informed_policy,5_se_informed_policy__d480__w12,2,481
5_se_informed_policy,5_se_informed_policy__d480__w12,3,437
5_se_informed_policy,5_se_informed_policy__d480__w12,4,486
5_se_informed_policy,5_se_informed_policy__d480__w12,5,481
5_se_informed_policy,5_se_informed_policy__d480__w12,6,502
5_se_informed_policy,5_se_informed_policy__d480__w12,7,522
5_se_informed_policy,5_se_informed_policy__d480__w12,8,678
5_se_informed_policy,5_se_informed_policy__d480__w12,9,737
5_se_informed_policy,5_se_informed_policy__d480__w12,10,717
5_se_informed_policy,5_se_informed_policy__d480__w12,11,801
5_se_informed_policy,5_se_informed_policy__d480__w12,12,1255
5_se_informed_policy,5_se_informed_policy__d480__w12,13,1033
5_se_informed_policy,5_se_informed_policy__d480__w12,14,1232
5_se_informed_policy,5_se_informed_policy__d480__w12,15,1217
5_se_informed_policy,5_se_informed_policy__d480__w12,16,1137
5_se_informed_policy,5_se_informed_policy__d480__w12,17,1098
5_se_informed_policy,5_se_informed_policy__d480__w12,18,1110
5_se_informed_policy,5_se_informed_policy__d480__w12,19,1004
5_se_informed_policy,5_se_informed_policy__d480__w12,20,1035
5_se_informed_policy,5_se_informed_policy__d480__w12,21,1194
5_se_informed_policy,5_se_informed_policy__d480__w12,22,1208
5_se_informed_policy,5_se_informed_policy__d480__w12,23,1082
5_se_informed_policy,5_se_informed_policy__d480__w12,24,940
5_se_informed_policy,5_se_informed_policy__d480__w12,25,789
5_se_informed_policy,5_se_informed_policy__d480__w12,26,1935
5_se_informed_policy,5_se_informed_policy__d480__w12,27,641
5_se_informed_policy,5_se_informed_policy__d480__w12,28,610
5_se_informed_policy,5_se_informed_policy__d480__w12,29,641
5_se_informed_policy,5_se_informed_policy__d480__w12,30,648
5_se_informed_policy,5_se_informed_policy__d480__w12,31,718
5_se_informed_policy,5_se_informed_policy__d480__w12,32,772
5_se_informed_policy,5_se_informed_policy__d480__w12,33,876
5_se_informed_policy,5_se_informed_policy__d480__w12,34,820
5_se_informed_policy,5_se_informed_policy__d480__w12,35,826
5_se_informed_policy,5_se_informed_policy__d480__w12,36,1628
5_se_informed_policy,5_se_informed_policy__d480__w12,37,1015
5_se_informed_policy,5_se_informed_policy__d480__w12,38,1122
5_se_informed_policy,5_se_informed_policy__d480__w12,39,1122
5_se_informed_policy,5_se_informed_policy__d480__w12,40,1203
5_se_informed_policy,5_se_informed_policy__d480__w12,41,1331
5_se_informed_policy,5_se_informed_policy__d480__w12,42,1136
5_se_informed_policy,5_se_informed_policy__d480__w12,43,1093
5_se_informed_policy,5_se_informed_policy__d480__w12,44,1056
5_se_informed_policy,5_se_informed_policy__d480__w12,45,1234
5_se_informed_policy,5_se_informed_policy__d480__w12,46,1092
5_se_informed_policy,5_se_informed_policy__d480__w12,47,1085
5_se_informed_policy,5_se_informed_policy__d480__w12,48,930
5_se_informed_policy,5_se_informed_policy__d480__w12,49,824
5_se_informed_policy,5_se_informed_policy__d480__w12,50,2035
5_se_informed_policy,5_se_informed_policy__d480__w12,51,689
5_se_informed_policy,5_se_informed_policy__d480__w12,52,542
5_se_informed_policy,5_se_informed_policy__d480__w12,53,653
5_se_informed_policy,5_se_informed_policy__d480__w12,54,572
5_se_informed_policy,5_se_informed_policy__d480__w12,55,680
5_se_informed_policy,5_se_informed_policy__d480__w12,56,765
5_se_informed_policy,5_se_informed_policy__d480__w12,57,842
5_se_informed_policy,5_se_informed_policy__d480__w12,58,895
5_se_informed_policy,5_se_informed_policy__d480__w12,59,837
5_se_informed_policy,5_se_informed_policy__d480__w12,60,1317
5_se_informed_policy,5_se_informed_policy__d480__w12,61,1071
5_se_informed_policy,5_se_informed_policy__d480__w12,62,1112
5_se_informed_policy,5_se_informed_policy__d480__w12,63,1197
5_se_informed_policy,5_se_informed_policy__d480__w12,64,1321
5_se_informed_policy,5_se_informed_policy__d480__w12,65,1240
5_se_informed_policy,5_se_informed_policy__d480__w12,66,1124
5_se_informed_policy,5_se_informed_policy__d480__w12,67,1023
5_se_informed_policy,5_se_informed_policy__d480__w12,68,1113
5_se_informed_policy,5_se_informed_policy__d480__w12,69,1080
5_se_informed_policy,5_se_informed_policy__d480__w12,70,1206
5_se_informed_policy,5_se_informed_policy__d480__w12,71,1100
5_se_informed_policy,5_se_informed_policy__d480__w12,72,841
5_se_informed_policy,5_se_informed_policy__d480__w12,73,794
5_se_informed_policy,5_se_informed_policy__d480__w12,74,1886
5_se_informed_policy,5_se_informed_policy__d480__w12,75,587
5_se_informed_policy,5_se_informed_policy__d480__w12,76,520
5_se_informed_policy,5_se_informed_policy__d480__w12,77,562
5_se_informed_policy,5_se_informed_policy__d480__w12,78,690
5_se_informed_policy,5_se_informed_policy__d480__w12,79,653
5_se_informed_policy,5_se_informed_policy__d480__w12,80,796
5_se_informed_policy,5_se_informed_policy__d480__w12,81,850
5_se_informed_policy,5_se_informed_policy__d480__w12,82,775
5_se_informed_policy,5_se_informed_policy__d480__w12,83,827
5_se_informed_policy,5_se_informed_policy__d480__w12,84,1305
5_se_informed_policy,5_se_informed_policy__d480__w12,85,998
5_se_informed_policy,5_se_informed_policy__d480__w12,86,1145
5_se_informed_policy,5_se_informed_policy__d480__w12,87,1126
5_se_informed_policy,5_se_informed_policy__d480__w12,88,1174
5_se_informed_policy,5_se_informed_policy__d480__w12,89,1180
5_se_informed_policy,5_se_informed_policy__d480__w12,90,1154
5_se_informed_policy,5_se_informed_policy__d480__w12,91,1053
5_se_informed_policy,5_se_informed_policy__d480__w12,92,1000
5_se_informed_policy,5_se_informed_policy__d480__w12,93,1122
5_se_informed_policy,5_se_informed_policy__d480__w12,94,1098
5_se_informed_policy,5_se_informed_policy__d480__w12,95,1190
5_se_informed_policy,5_se_informed_policy__d480__w12,96,766
5_se_informed_policy,5_se_informed_policy__d480__w12,97,822
5_se_informed_policy,5_se_informed_policy__d480__w12,98,1866
5_se_informed_policy,5_se_informed_policy__d480__w12,99,574
5_se_informed_policy,5_se_informed_policy__d480__w12,100,508
5_se_informed_policy,5_se_informed_policy__d480__w12,101,579
5_se_informed_policy,5_se_informed_policy__d480__w12,102,601
5_se_informed_policy,5_se_informed_policy__d480__w12,103,636
5_se_informed_policy,5_se_informed_policy__d480__w12,104,734
5_se_informed_policy,5_se_informed_policy__d480__w12,105,759
5_se_informed_policy,5_se_informed_policy__d480__w12,106,787
5_se_informed_policy,5_se_informed_policy__d480__w12,107,782
5_se_informed_policy,5_se_informed_policy__d480__w12,108,1481
5_se_informed_policy,5_se_informed_policy__d480__w12,109,993
5_se_informed_policy,5_se_informed_policy__d480__w12,110,1056
5_se_informed_policy,5_se_informed_policy__d480__w12,111,1122
5_se_informed_policy,5_se_informed_policy__d480__w12,112,1059
5_se_informed_policy,5_se_informed_policy__d480__w12,113,1091
5_se_informed_policy,5_se_informed_policy__d480__w12,114,1039
5_se_informed_policy,5_se_informed_policy__d480__w12,115,1001
5_se_informed_policy,5_se_informed_policy__d480__w12,116,942
5_se_informed_policy,5_se_informed_policy__d480__w12,117,1031
5_se_informed_policy,5_se_informed_policy__d480__w12,118,1035
5_se_informed_policy,5_se_informed_policy__d480__w12,119,818
5_se_informed_policy,5_se_informed_policy__d480__w12,120,655
5_se_informed_policy,5_se_informed_policy__d480__w12,121,584
5_se_informed_policy,5_se_informed_policy__d480__w12,122,481
5_se_informed_policy,5_se_informed_policy__d480__w12,123,991
5_se_informed_policy,5_se_informed_policy__d480__w12,124,328
5_se_informed_policy,5_se_informed_policy__d480__w12,125,301
5_se_informed_policy,5_se_informed_policy__d480__w12,126,306
5_se_informed_policy,5_se_informed_policy__d480__w12,127,338
5_se_informed_policy,5_se_informed_policy__d480__w12,128,317
5_se_informed_policy,5_se_informed_policy__d480__w12,129,358
5_se_informed_policy,5_se_informed_policy__d480__w12,130,478
5_se_informed_policy,5_se_informed_policy__d480__w12,131,536
5_se_informed_policy,5_se_informed_policy__d480__w12,132,830
5_se_informed_policy,5_se_informed_policy__d480__w12,133,406
5_se_informed_policy,5_se_informed_policy__d480__w12,134,538
5_se_informed_policy,5_se_informed_policy__d480__w12,135,594
5_se_informed_policy,5_se_informed_policy__d480__w12,136,581
5_se_informed_policy,5_se_informed_policy__d480__w12,137,606
5_se_informed_policy,5_se_informed_policy__d480__w12,138,518
5_se_informed_policy,5_se_informed_policy__d480__w12,139,568
5_se_informed_policy,5_se_informed_policy__d480__w12,140,566
5_se_informed_policy,5_se_informed_policy__d480__w12,141,578
5_se_informed_policy,5_se_informed_policy__d480__w12,142,581
5_se_informed_policy,5_se_informed_policy__d480__w12,143,508
5_se_informed_policy,5_se_informed_policy__d480__w12,144,411
5_se_informed_policy,5_se_informed_policy__d480__w12,145,364
5_se_informed_policy,5_se_informed_policy__d480__w12,146,344
5_se_informed_policy,5_se_informed_policy__d480__w12,147,511
5_se_informed_policy,5_se_informed_policy__d480__w12,148,333
5_se_informed_policy,5_se_informed_policy__d480__w12,149,312
5_se_informed_policy,5_se_informed_policy__d480__w12,150,265
5_se_informed_policy,5_se_informed_policy__d480__w12,151,345
5_se_informed_policy,5_se_informed_policy__d480__w12,152,314
5_se_informed_policy,5_se_informed_policy__d480__w12,153,420
5_se_informed_policy,5_se_informed_policy__d480__w12,154,438
5_se_informed_policy,5_se_informed_policy__d480__w12,155,719
5_se_informed_policy,5_se_informed_policy__d480__w12,156,432
5_se_informed_policy,5_se_informed_policy__d480__w12,157,507
5_se_informed_policy,5_se_informed_policy__d480__w12,158,496
5_se_informed_policy,5_se_informed_policy__d480__w12,159,580
5_se_informed_policy,5_se_informed_policy__d480__w12,160,547
5_se_informed_policy,5_se_informed_policy__d480__w12,161,520
5_se_informed_policy,5_se_informed_policy__d480__w12,162,601
5_se_informed_policy,5_se_informed_policy__d480__w12,163,605
5_se_informed_policy,5_se_informed_policy__d480__w12,164,609
5_se_informed_policy,5_se_informed_policy__d480__w12,165,650
5_se_informed_policy,5_se_informed_policy__d480__w12,166,645
5_se_informed_policy,5_se_informed_policy__d480__w12,167,553
5_se_informed_policy,5_se_informed_policy__d960__w12,0,450
5_se_informed_policy,5_se_informed_policy__d960__w12,1,623
5_se_informed_policy,5_se_informed_policy__d960__w12,2,481
5_se_informed_policy,5_se_informed_policy__d960__w12,3,437
5_se_informed_policy,5_se_informed_policy__d960__w12,4,486
5_se_informed_policy,5_se_informed_policy__d960__w12,5,511
5_se_informed_policy,5_se_informed_policy__d960__w12,6,525
5_se_informed_policy,5_se_informed_policy__d960__w12,7,540
5_se_informed_policy,5_se_informed_policy__d960__w12,8,703
5_se_informed_policy,5_se_informed_policy__d960__w12,9,757
5_se_informed_policy,5_se_informed_policy__d960__w12,10,739
5_se_informed_policy,5_se_informed_policy__d960__w12,11,816
5_se_informed_policy,5_se_informed_policy__d960__w12,12,1164
5_se_informed_policy,5_se_informed_policy__d960__w12,13,1056
5_se_informed_policy,5_se_informed_policy__d960__w12,14,1262
5_se_informed_policy,5_se_informed_policy__d960__w12,15,1237
5_se_informed_policy,5_se_informed_policy__d960__w12,16,1187
5_se_informed_policy,5_se_informed_policy__d960__w12,17,1161
5_se_informed_policy,5_se_informed_policy__d960__w12,18,1162
5_se_informed_policy,5_se_informed_policy__d960__w12,19,1062
5_se_informed_policy,5_se_informed_policy__d960__w12,20,1111
5_se_informed_policy,5_se_informed_policy__d960__w12,21,1285
5_se_informed_policy,5_se_informed_policy__d960__w12,22,1273
5_se_informed_policy,5_se_informed_policy__d960__w12,23,1134
5_se_informed_policy,5_se_informed_policy__d960__w12,24,975
5_se_informed_policy,5_se_informed_policy__d960__w12,25,809
5_se_informed_policy,5_se_informed_policy__d960__w12,26,1238
5_se_informed_policy,5_se_informed_policy__d960__w12,27,641
5_se_informed_policy,5_se_informed_policy__d960__w12,28,610
5_se_informed_policy,5_se_informed_policy__d960__w12,29,664
5_se_informed_policy,5_se_informed_policy__d960__w12,30,666
5_se_informed_policy,5_se_informed_policy__d960__w12,31,745
5_se_informed_policy,5_se_informed_policy__d960__w12,32,806
5_se_informed_policy,5_se_informed_policy__d960__w12,33,911
5_se_informed_policy,5_se_informed_policy__d960__w12,34,848
5_se_informed_policy,5_se_informed_policy__d960__w12,35,849
5_se_informed_policy,5_se_informed_policy__d960__w12,36,1440
5_se_informed_policy,5_se_informed_policy__d960__w12,37,1045
5_se_informed_policy,5_se_informed_policy__d960__w12,38,1154
5_se_informed_policy,5_se_informed_policy__d960__w12,39,1163
5_se_informed_policy,5_se_informed_policy__d960__w12,40,1252
5_se_informed_policy,5_se_informed_policy__d960__w12,41,1409
5_se_informed_policy,5_se_informed_policy__d960__w12,42,1188
5_se_informed_policy,5_se_informed_policy__d960__w12,43,1166
5_se_informed_policy,5_se_informed_policy__d960__w12,44,1126
5_se_informed_policy,5_se_informed_policy__d960__w12,45,1308
5_se_informed_policy,5_se_informed_policy__d960__w12,46,1183
5_se_informed_policy,5_se_informed_policy__d960__w12,47,1154
5_se_informed_policy,5_se_informed_policy__d960__w12,48,1017
5_se_informed_policy,5_se_informed_policy__d960__w12,49,850
5_se_informed_policy,5_se_informed_policy__d960__w12,50,1263
5_se_informed_policy,5_se_informed_policy__d960__w12,51,689
5_se_informed_policy,5_se_informed_policy__d960__w12,52,555
5_se_informed_policy,5_se_informed_policy__d960__w12,53,668
5_se_informed_policy,5_se_informed_policy__d960__w12,54,583
5_se_informed_policy,5_se_informed_policy__d960__w12,55,696
5_se_informed_policy,5_se_informed_policy__d960__w12,56,783
5_se_informed_policy,5_se_informed_policy__d960__w12,57,866
5_se_informed_policy,5_se_informed_policy__d960__w12,58,915
5_se_informed_policy,5_se_informed_policy__d960__w12,59,859
5_se_informed_policy,5_se_informed_policy__d960__w12,60,1232
5_se_informed_policy,5_se_informed_policy__d960__w12,61,1100
5_se_informed_policy,5_se_informed_policy__d960__w12,62,1144
5_se_informed_policy,5_se_informed_policy__d960__w12,63,1241
5_se_informed_policy,5_se_informed_policy__d960__w12,64,1372
5_se_informed_policy,5_se_informed_policy__d960__w12,65,1293
5_se_informed_policy,5_se_informed_policy__d960__w12,66,1187
5_se_informed_policy,5_se_informed_policy__d960__w12,67,1091
5_se_informed_policy,5_se_informed_policy__d960__w12,68,1182
5_se_informed_policy,5_se_informed_policy__d960__w12,69,1157
5_se_informed_policy,5_se_informed_policy__d960__w12,70,1259
5_se_informed_policy,5_se_informed_policy__d960__w12,71,1160
5_se_informed_policy,5_se_informed_policy__d960__w12,72,903
5_se_informed_policy,5_se_informed_policy__d960__w12,73,807
5_se_informed_policy,5_se_informed_policy__d960__w12,74,1158
5_se_informed_policy,5_se_informed_policy__d960__w12,75,587
5_se_informed_policy,5_se_informed_policy__d960__w12,76,537
5_se_informed_policy,5_se_informed_policy__d960__w12,77,577
5_se_informed_policy,5_se_informed_policy__d960__w12,78,712
5_se_informed_policy,5_se_informed_policy__d960__w12,79,672
5_se_informed_policy,5_se_informed_policy__d960__w12,80,817
5_se_informed_policy,5_se_informed_policy__d960__w12,81,876
5_se_informed_policy,5_se_informed_policy__d960__w12,82,793
5_se_informed_policy,5_se_informed_policy__d960__w12,83,839
5_se_informed_policy,5_se_informed_policy__d960__w12,84,1182
5_se_informed_policy,5_se_informed_policy__d960__w12,85,1026
5_se_informed_policy,5_se_informed_policy__d960__w12,86,1174
5_se_informed_policy,5_se_informed_policy__d960__w12,87,1166
5_se_informed_policy,5_se_informed_policy__d960__w12,88,1216
5_se_informed_policy,5_se_informed_policy__d960__w12,89,1226
5_se_informed_policy,5_se_informed_policy__d960__w12,90,1208
5_se_informed_policy,5_se_informed_policy__d960__w12,91,1096
5_se_informed_policy,5_se_informed_policy__d960__w12,92,1062
5_se_informed_policy,5_se_informed_policy__d960__w12,93,1206
5_se_informed_policy,5_se_informed_policy__d960__w12,94,1187
5_se_informed_policy,5_se_informed_policy__d960__w12,95,1264
5_se_informed_policy,5_se_informed_policy__d960__w12,96,827
5_se_informed_policy,5_se_informed_policy__d960__w12,97,841
5_se_informed_policy,5_se_informed_policy__d960__w12,98,1168
5_se_informed_policy,5_se_informed_policy__d960__w12,99,587
5_se_informed_policy,5_se_informed_policy__d960__w12,100,518
5_se_informed_policy,5_se_informed_policy__d960__w12,101,592
5_se_informed_policy,5_se_informed_policy__d960__w12,102,617
5_se_informed_policy,5_se_informed_policy__d960__w12,103,650
5_se_informed_policy,5_se_informed_policy__d960__w12,104,750
5_se_informed_policy,5_se_informed_policy__d960__w12,105,780
5_se_informed_policy,5_se_informed_policy__d960__w12,106,802
5_se_informed_policy,5_se_informed_policy__d960__w12,107,801
5_se_informed_policy,5_se_informed_policy__d960__w12,108,1344
5_se_informed_policy,5_se_informed_policy__d960__w12,109,1009
5_se_informed_policy,5_se_informed_policy__d960__w12,110,1081
5_se_informed_policy,5_se_informed_policy__d960__w12,111,1146
5_se_informed_policy,5_se_informed_policy__d960__w12,112,1091
5_se_informed_policy,5_se_informed_policy__d960__w12,113,1136
5_se_informed_policy,5_se_informed_policy__d960__w12,114,1091
5_se_informed_policy,5_se_informed_policy__d960__w12,115,1057
5_se_informed_policy,5_se_informed_policy__d960__w12,116,991
5_se_informed_policy,5_se_informed_policy__d960__w12,117,1101
5_se_informed_policy,5_se_informed_policy__d960__w12,118,1113
5_se_informed_policy,5_se_informed_policy__d960__w12,119,881
5_se_informed_policy,5_se_informed_policy__d960__w12,120,696
5_se_informed_policy,5_se_informed_policy__d960__w12,121,591
5_se_informed_policy,5_se_informed_policy__d960__w12,122,472
5_se_informed_policy,5_se_informed_policy__d960__w12,123,677
5_se_informed_policy,5_se_informed_policy__d960__w12,124,340
5_se_informed_policy,5_se_informed_policy__d960__w12,125,313
5_se_informed_policy,5_se_informed_policy__d960__w12,126,317
5_se_informed_policy,5_se_informed_policy__d960__w12,127,344
5_se_informed_policy,5_se_informed_policy__d960__w12,128,323
5_se_informed_policy,5_se_informed_policy__d960__w12,129,365
5_se_informed_policy,5_se_informed_policy__d960__w12,130,409
5_se_informed_policy,5_se_informed_policy__d960__w12,131,481
5_se_informed_policy,5_se_informed_policy__d960__w12,132,665
5_se_informed_policy,5_se_informed_policy__d960__w12,133,412
5_se_informed_policy,5_se_informed_policy__d960__w12,134,547
5_se_informed_policy,5_se_informed_policy__d960__w12,135,604
5_se_informed_policy,5_se_informed_policy__d960__w12,136,595
5_se_informed_policy,5_se_informed_policy__d960__w12,137,622
5_se_informed_policy,5_se_informed_policy__d960__w12,138,541
5_se_informed_policy,5_se_informed_policy__d960__w12,139,587
5_se_informed_policy,5_se_informed_policy__d960__w12,140,579
5_se_informed_policy,5_se_informed_policy__d960__w12,141,589
5_se_informed_policy,5_se_informed_policy__d960__w12,142,597
5_se_informed_policy,5_se_informed_policy__d960__w12,143,526
5_se_informed_policy,5_se_informed_policy__d960__w12,144,422
5_se_informed_policy,5_se_informed_policy__d960__w12,145,362
5_se_informed_policy,5_se_informed_policy__d960__w12,146,347
5_se_informed_policy,5_se_informed_policy__d960__w12,147,432
5_se_informed_policy,5_se_informed_policy__d960__w12,148,343
5_se_informed_policy,5_se_informed_policy__d960__w12,149,330
5_se_informed_policy,5_se_informed_policy__d960__w12,150,278
5_se_informed_policy,5_se_informed_policy__d960__w12,151,354
5_se_informed_policy,5_se_informed_policy__d960__w12,152,319
5_se_informed_policy,5_se_informed_policy__d960__w12,153,418
5_se_informed_policy,5_se_informed_policy__d960__w12,154,432
5_se_informed_policy,5_se_informed_policy__d960__w12,155,584
5_se_informed_policy,5_se_informed_policy__d960__w12,156,432
5_se_informed_policy,5_se_informed_policy__d960__w12,157,507
5_se_informed_policy,5_se_informed_policy__d960__w12,158,506
5_se_informed_policy,5_se_informed_policy__d960__w12,159,604
5_se_informed_policy,5_se_informed_policy__d960__w12,160,567
5_se_informed_policy,5_se_informed_policy__d960__w12,161,538
5_se_informed_policy,5_se_informed_policy__d960__w12,162,624
5_se_informed_policy,5_se_informed_policy__d960__w12,163,618
5_se_informed_policy,5_se_informed_policy__d960__w12,164,629
5_se_informed_policy,5_se_informed_policy__d960__w12,165,683
5_se_informed_policy,5_se_informed_policy__d960__w12,166,662
5_se_informed_policy,5_se_informed_policy__d960__w12,167,571
5_se_informed_policy,5_se_informed_policy__d1920__w12,0,456
5_se_informed_policy,5_se_informed_policy__d1920__w12,1,559
5_se_informed_policy,5_se_informed_policy__d1920__w12,2,481
5_se_informed_policy,5_se_informed_policy__d1920__w12,3,437
5_se_informed_policy,5_se_informed_policy__d1920__w12,4,486
5_se_informed_policy,5_se_informed_policy__d1920__w12,5,515
5_se_informed_policy,5_se_informed_policy__d1920__w12,6,533
5_se_informed_policy,5_se_informed_policy__d1920__w12,7,554
5_se_informed_policy,5_se_informed_policy__d1920__w12,8,732
5_se_informed_policy,5_se_informed_policy__d1920__w12,9,800
5_se_informed_policy,5_se_informed_policy__d1920__w12,10,777
5_se_informed_policy,5_se_informed_policy__d1920__w12,11,865
5_se_informed_policy,5_se_informed_policy__d1920__w12,12,1131
5_se_informed_policy,5_se_informed_policy__d1920__w12,13,1104
5_se_informed_policy,5_se_informed_policy__d1920__w12,14,1308
5_se_informed_policy,5_se_informed_policy__d1920__w12,15,1271
5_se_informed_policy,5_se_informed_policy__d1920__w12,16,1218
5_se_informed_policy,5_se_informed_policy__d1920__w12,17,1201
5_se_informed_policy,5_se_informed_policy__d1920__w12,18,1189
5_se_informed_policy,5_se_informed_policy__d1920__w12,19,1088
5_se_informed_policy,5_se_informed_policy__d1920__w12,20,1136
5_se_informed_policy,5_se_informed_policy__d1920__w12,21,1306
5_se_informed_policy,5_se_informed_policy__d1920__w12,22,1258
5_se_informed_policy,5_se_informed_policy__d1920__w12,23,1092
5_se_informed_policy,5_se_informed_policy__d1920__w12,24,919
5_se_informed_policy,5_se_informed_policy__d1920__w12,25,766
5_se_informed_policy,5_se_informed_policy__d1920__w12,26,944
5_se_informed_policy,5_se_informed_policy__d1920__w12,27,641
5_se_informed_policy,5_se_informed_policy__d1920__w12,28,610
5_se_informed_policy,5_se_informed_policy__d1920__w12,29,682
5_se_informed_policy,5_se_informed_policy__d1920__w12,30,694
5_se_informed_policy,5_se_informed_policy__d1920__w12,31,779
5_se_informed_policy,5_se_informed_policy__d1920__w12,32,841
5_se_informed_policy,5_se_informed_policy__d1920__w12,33,955
5_se_informed_policy,5_se_informed_policy__d1920__w12,34,900
5_se_informed_policy,5_se_informed_policy__d1920__w12,35,898
5_se_informed_policy,5_se_informed_policy__d1920__w12,36,1180
5_se_informed_policy,5_se_informed_policy__d1920__w12,37,1097
5_se_informed_policy,5_se_informed_policy__d1920__w12,38,1198
5_se_informed_policy,5_se_informed_policy__d1920__w12,39,1205
5_se_informed_policy,5_se_informed_policy__d1920__w12,40,1282
5_se_informed_policy,5_se_informed_policy__d1920__w12,41,1434
5_se_informed_policy,5_se_informed_policy__d1920__w12,42,1209
5_se_informed_policy,5_se_informed_policy__d1920__w12,43,1194
5_se_informed_policy,5_se_informed_policy__d1920__w12,44,1150
5_se_informed_policy,5_se_informed_policy__d1920__w12,45,1326
5_se_informed_policy,5_se_informed_policy__d1920__w12,46,1207
5_se_informed_policy,5_se_informed_policy__d1920__w12,47,1177
5_se_informed_policy,5_se_informed_policy__d1920__w12,48,1023
5_se_informed_policy,5_se_informed_policy__d1920__w12,49,810
5_se_informed_policy,5_se_informed_policy__d1920__w12,50,966
5_se_informed_policy,5_se_informed_policy__d1920__w12,51,689
5_se_informed_policy,5_se_informed_policy__d1920__w12,52,560
5_se_informed_policy,5_se_informed_policy__d1920__w12,53,677
5_se_informed_policy,5_se_informed_policy__d1920__w12,54,608
5_se_informed_policy,5_se_informed_policy__d1920__w12,55,735
5_se_informed_policy,5_se_informed_policy__d1920__w12,56,823
5_se_informed_policy,5_se_informed_policy__d1920__w12,57,905
5_se_informed_policy,5_se_informed_policy__d1920__w12,58,963
5_se_informed_policy,5_se_informed_policy__d1920__w12,59,901
5_se_informed_policy,5_se_informed_policy__d1920__w12,60,1134
5_se_informed_policy,5_se_informed_policy__d1920__w12,61,1133
5_se_informed_policy,5_se_informed_policy__d1920__w12,62,1172
5_se_informed_policy,5_se_informed_policy__d1920__w12,63,1277
5_se_informed_policy,5_se_informed_policy__d1920__w12,64,1409
5_se_informed_policy,5_se_informed_policy__d1920__w12,65,1320
5_se_informed_policy,5_se_informed_policy__d1920__w12,66,1210
5_se_informed_policy,5_se_informed_policy__d1920__w12,67,1112
5_se_informed_policy,5_se_informed_policy__d1920__w12,68,1207
5_se_informed_policy,5_se_informed_policy__d1920__w12,69,1169
5_se_informed_policy,5_se_informed_policy__d1920__w12,70,1232
5_se_informed_policy,5_se_informed_policy__d1920__w12,71,1139
5_se_informed_policy,5_se_informed_policy__d1920__w12,72,853
5_se_informed_policy,5_se_informed_policy__d1920__w12,73,776
5_se_informed_policy,5_se_informed_policy__d1920__w12,74,896
5_se_informed_policy,5_se_informed_policy__d1920__w12,75,587
5_se_informed_policy,5_se_informed_policy__d1920__w12,76,544
5_se_informed_policy,5_se_informed_policy__d1920__w12,77,579
5_se_informed_policy,5_se_informed_policy__d1920__w12,78,736
5_se_informed_policy,5_se_informed_policy__d1920__w12,79,702
5_se_informed_policy,5_se_informed_policy__d1920__w12,80,854
5_se_informed_policy,5_se_informed_policy__d1920__w12,81,917
5_se_informed_policy,5_se_informed_policy__d1920__w12,82,834
5_se_informed_policy,5_se_informed_policy__d1920__w12,83,880
5_se_informed_policy,5_se_informed_policy__d1920__w12,84,1036
5_se_informed_policy,5_se_informed_policy__d1920__w12,85,1086
5_se_informed_policy,5_se_informed_policy__d1920__w12,86,1219
5_se_informed_policy,5_se_informed_policy__d1920__w12,87,1199
5_se_informed_policy,5_se_informed_policy__d1920__w12,88,1254
5_se_informed_policy,5_se_informed_policy__d1920__w12,89,1246
5_se_informed_policy,5_se_informed_policy__d1920__w12,90,1232
5_se_informed_policy,5_se_informed_policy__d1920__w12,91,1120
5_se_informed_policy,5_se_informed_policy__d1920__w12,92,1076
5_se_informed_policy,5_se_informed_policy__d1920__w12,93,1222
5_se_informed_policy,5_se_informed_policy__d1920__w12,94,1200
5_se_informed_policy,5_se_informed_policy__d1920__w12,95,1203
5_se_informed_policy,5_se_informed_policy__d1920__w12,96,833
5_se_informed_policy,5_se_informed_policy__d1920__w12,97,792
5_se_informed_policy,5_se_informed_policy__d1920__w12,98,908
5_se_informed_policy,5_se_informed_policy__d1920__w12,99,595
5_se_informed_policy,5_se_informed_policy__d1920__w12,100,526
5_se_informed_policy,5_se_informed_policy__d1920__w12,101,602
5_se_informed_policy,5_se_informed_policy__d1920__w12,102,633
5_se_informed_policy,5_se_informed_policy__d1920__w12,103,678
5_se_informed_policy,5_se_informed_policy__d1920__w12,104,794
5_se_informed_policy,5_se_informed_policy__d1920__w12,105,812
5_se_informed_policy,5_se_informed_policy__d1920__w12,106,842
5_se_informed_policy,5_se_informed_policy__d1920__w12,107,863
5_se_informed_policy,5_se_informed_policy__d1920__w12,108,1096
5_se_informed_policy,5_se_informed_policy__d1920__w12,109,1059
5_se_informed_policy,5_se_informed_policy__d1920__w12,110,1121
5_se_informed_policy,5_se_informed_policy__d1920__w12,111,1184
5_se_informed_policy,5_se_informed_policy__d1920__w12,112,1120
5_se_informed_policy,5_se_informed_policy__d1920__w12,113,1160
5_se_informed_policy,5_se_informed_policy__d1920__w12,114,1123
5_se_informed_policy,5_se_informed_policy__d1920__w12,115,1075
5_se_informed_policy,5_se_informed_policy__d1920__w12,116,1010
5_se_informed_policy,5_se_informed_policy__d1920__w12,117,1116
5_se_informed_policy,5_se_informed_policy__d1920__w12,118,1128
5_se_informed_policy,5_se_informed_policy__d1920__w12,119,894
5_se_informed_policy,5_se_informed_policy__d1920__w12,120,702
5_se_informed_policy,5_se_informed_policy__d1920__w12,121,556
5_se_informed_policy,5_se_informed_policy__d1920__w12,122,434
5_se_informed_policy,5_se_informed_policy__d1920__w12,123,507
5_se_informed_policy,5_se_informed_policy__d1920__w12,124,341
5_se_informed_policy,5_se_informed_policy__d1920__w12,125,318
5_se_informed_policy,5_se_informed_policy__d1920__w12,126,323
5_se_informed_policy,5_se_informed_policy__d1920__w12,127,348
5_se_informed_policy,5_se_informed_policy__d1920__w12,128,334
5_se_informed_policy,5_se_informed_policy__d1920__w12,129,371
5_se_informed_policy,5_se_informed_policy__d1920__w12,130,402
5_se_informed_policy,5_se_informed_policy__d1920__w12,131,477
5_se_informed_policy,5_se_informed_policy__d1920__w12,132,587
5_se_informed_policy,5_se_informed_policy__d1920__w12,133,428
5_se_informed_policy,5_se_informed_policy__d1920__w12,134,563
5_se_informed_policy,5_se_informed_policy__d1920__w12,135,615
5_se_informed_policy,5_se_informed_policy__d1920__w12,136,612
5_se_informed_policy,5_se_informed_policy__d1920__w12,137,641
5_se_informed_policy,5_se_informed_policy__d1920__w12,138,550
5_se_informed_policy,5_se_informed_policy__d1920__w12,139,594
5_se_informed_policy,5_se_informed_policy__d1920__w12,140,585
5_se_informed_policy,5_se_informed_policy__d1920__w12,141,596
5_se_informed_policy,5_se_informed_policy__d1920__w12,142,614
5_se_informed_policy,5_se_informed_policy__d1920__w12,143,540
5_se_informed_policy,5_se_informed_policy__d1920__w12,144,440
5_se_informed_policy,5_se_informed_policy__d1920__w12,145,350
5_se_informed_policy,5_se_informed_policy__d1920__w12,146,337
5_se_informed_policy,5_se_informed_policy__d1920__w12,147,367
5_se_informed_policy,5_se_informed_policy__d1920__w12,148,350
5_se_informed_policy,5_se_informed_policy__d1920__w12,149,336
5_se_informed_policy,5_se_informed_policy__d1920__w12,150,286
5_se_informed_policy,5_se_informed_policy__d1920__w12,151,360
5_se_informed_policy,5_se_informed_policy__d1920__w12,152,326
5_se_informed_policy,5_se_informed_policy__d1920__w12,153,415
5_se_informed_policy,5_se_informed_policy__d1920__w12,154,418
5_se_informed_policy,5_se_informed_policy__d1920__w12,155,497
5_se_informed_policy,5_se_informed_policy__d1920__w12,156,432
5_se_informed_policy,5_se_informed_policy__d1920__w12,157,507
5_se_informed_policy,5_se_informed_policy__d1920__w12,158,517
5_se_informed_policy,5_se_informed_policy__d1920__w12,159,609
5_se_informed_policy,5_se_informed_policy__d1920__w12,160,575
5_se_informed_policy,5_se_informed_policy__d1920__w12,161,545
5_se_informed_policy,5_se_informed_policy__d1920__w12,162,628
5_se_informed_policy,5_se_informed_policy__d1920__w12,163,622
5_se_informed_policy,5_se_informed_policy__d1920__w12,164,634
5_se_informed_policy,5_se_informed_policy__d1920__w12,165,688
5_se_informed_policy,5_se_informed_policy__d1920__w12,166,665
5_se_informed_policy,5_se_informed_policy__d1920__w12,167,577
5_se_informed_policy,5_se_informed_policy__d3840__w12,0,466
5_se_informed_policy,5_se_informed_policy__d3840__w12,1,499
5_se_informed_policy,5_se_informed_policy__d3840__w12,2,481
5_se_informed_policy,5_se_informed_policy__d3840__w12,3,437
5_se_informed_policy,5_se_informed_policy__d3840__w12,4,486
5_se_informed_policy,5_se_informed_policy__d3840__w12,5,527
5_se_informed_policy,5_se_informed_policy__d3840__w12,6,537
5_se_informed_policy,5_se_informed_policy__d3840__w12,7,560
5_se_informed_policy,5_se_informed_policy__d3840__w12,8,741
5_se_informed_policy,5_se_informed_policy__d3840__w12,9,812
5_se_informed_policy,5_se_informed_policy__d3840__w12,10,784
5_se_informed_policy,5_se_informed_policy__d3840__w12,11,873
5_se_informed_policy,5_se_informed_policy__d3840__w12,12,1103
5_se_informed_policy,5_se_informed_policy__d3840__w12,13,1120
5_se_informed_policy,5_se_informed_policy__d3840__w12,14,1315
5_se_informed_policy,5_se_informed_policy__d3840__w12,15,1288
5_se_informed_policy,5_se_informed_policy__d3840__w12,16,1232
5_se_informed_policy,5_se_informed_policy__d3840__w12,17,1221
5_se_informed_policy,5_se_informed_policy__d3840__w12,18,1203
5_se_informed_policy,5_se_informed_policy__d3840__w12,19,1105
5_se_informed_policy,5_se_informed_policy__d3840__w12,20,1143
5_se_informed_policy,5_se_informed_policy__d3840__w12,21,1319
5_se_informed_policy,5_se_informed_policy__d3840__w12,22,1271
5_se_informed_policy,5_se_informed_policy__d3840__w12,23,1093
5_se_informed_policy,5_se_informed_policy__d3840__w12,24,912
5_se_informed_policy,5_se_informed_policy__d3840__w12,25,759
5_se_informed_policy,5_se_informed_policy__d3840__w12,26,789
5_se_informed_policy,5_se_informed_policy__d3840__w12,27,641
5_se_informed_policy,5_se_informed_policy__d3840__w12,28,610
5_se_informed_policy,5_se_informed_policy__d3840__w12,29,691
5_se_informed_policy,5_se_informed_policy__d3840__w12,30,703
5_se_informed_policy,5_se_informed_policy__d3840__w12,31,789
5_se_informed_policy,5_se_informed_policy__d3840__w12,32,852
5_se_informed_policy,5_se_informed_policy__d3840__w12,33,969
5_se_informed_policy,5_se_informed_policy__d3840__w12,34,909
5_se_informed_policy,5_se_informed_policy__d3840__w12,35,906
5_se_informed_policy,5_se_informed_policy__d3840__w12,36,1110
5_se_informed_policy,5_se_informed_policy__d3840__w12,37,1114
5_se_informed_policy,5_se_informed_policy__d3840__w12,38,1214
5_se_informed_policy,5_se_informed_policy__d3840__w12,39,1218
5_se_informed_policy,5_se_informed_policy__d3840__w12,40,1303
5_se_informed_policy,5_se_informed_policy__d3840__w12,41,1449
5_se_informed_policy,5_se_informed_policy__d3840__w12,42,1227
5_se_informed_policy,5_se_informed_policy__d3840__w12,43,1206
5_se_informed_policy,5_se_informed_policy__d3840__w12,44,1163
5_se_informed_policy,5_se_informed_policy__d3840__w12,45,1345
5_se_informed_policy,5_se_informed_policy__d3840__w12,46,1231
5_se_informed_policy,5_se_informed_policy__d3840__w12,47,1189
5_se_informed_policy,5_se_informed_policy__d3840__w12,48,1028
5_se_informed_policy,5_se_informed_policy__d3840__w12,49,797
5_se_informed_policy,5_se_informed_policy__d3840__w12,50,794
5_se_informed_policy,5_se_informed_policy__d3840__w12,51,689
5_se_informed_policy,5_se_informed_policy__d3840__w12,52,562
5_se_informed_policy,5_se_informed_policy__d3840__w12,53,684
5_se_informed_policy,5_se_informed_policy__d3840__w12,54,617
5_se_informed_policy,5_se_informed_policy__d3840__w12,55,743
5_se_informed_policy,5_se_informed_policy__d3840__w12,56,838
5_se_informed_policy,5_se_informed_policy__d3840__w12,57,924
5_se_informed_policy,5_se_informed_policy__d3840__w12,58,972
5_se_informed_policy,5_se_informed_policy__d3840__w12,59,911
5_se_informed_policy,5_se_informed_policy__d3840__w12,60,1085
5_se_informed_policy,5_se_informed_policy__d3840__w12,61,1147
5_se_informed_policy,5_se_informed_policy__d3840__w12,62,1194
5_se_informed_policy,5_se_informed_policy__d3840__w12,63,1291
5_se_informed_policy,5_se_informed_policy__d3840__w12,64,1431
5_se_informed_policy,5_se_informed_policy__d3840__w12,65,1338
5_se_informed_policy,5_se_informed_policy__d3840__w12,66,1221
5_se_informed_policy,5_se_informed_policy__d3840__w12,67,1118
5_se_informed_policy,5_se_informed_policy__d3840__w12,68,1222
5_se_informed_policy,5_se_informed_policy__d3840__w12,69,1176
5_se_informed_policy,5_se_informed_policy__d3840__w12,70,1239
5_se_informed_policy,5_se_informed_policy__d3840__w12,71,1143
5_se_informed_policy,5_se_informed_policy__d3840__w12,72,843
5_se_informed_policy,5_se_informed_policy__d3840__w12,73,770
5_se_informed_policy,5_se_informed_policy__d3840__w12,74,742
5_se_informed_policy,5_se_informed_policy__d3840__w12,75,587
5_se_informed_policy,5_se_informed_policy__d3840__w12,76,548
5_se_informed_policy,5_se_informed_policy__d3840__w12,77,588
5_se_informed_policy,5_se_informed_policy__d3840__w12,78,745
5_se_informed_policy,5_se_informed_policy__d3840__w12,79,710
5_se_informed_policy,5_se_informed_policy__d3840__w12,80,864
5_se_informed_policy,5_se_informed_policy__d3840__w12,81,929
5_se_informed_policy,5_se_informed_policy__d3840__w12,82,855
5_se_informed_policy,5_se_informed_policy__d3840__w12,83,889
5_se_informed_policy,5_se_informed_policy__d3840__w12,84,974
5_se_informed_policy,5_se_informed_policy__d3840__w12,85,1103
5_se_informed_policy,5_se_informed_policy__d3840__w12,86,1234
5_se_informed_policy,5_se_informed_policy__d3840__w12,87,1216
5_se_informed_policy,5_se_informed_policy__d3840__w12,88,1275
5_se_informed_policy,5_se_informed_policy__d3840__w12,89,1256
5_se_informed_policy,5_se_informed_policy__d3840__w12,90,1256
5_se_informed_policy,5_se_informed_policy__d3840__w12,91,1137
5_se_informed_policy,5_se_informed_policy__d3840__w12,92,1090
5_se_informed_policy,5_se_informed_policy__d3840__w12,93,1237
5_se_informed_policy,5_se_informed_policy__d3840__w12,94,1213
5_se_informed_policy,5_se_informed_policy__d3840__w12,95,1193
5_se_informed_policy,5_se_informed_policy__d3840__w12,96,848
5_se_informed_policy,5_se_informed_policy__d3840__w12,97,779
5_se_informed_policy,5_se_informed_policy__d3840__w12,98,733
5_se_informed_policy,5_se_informed_policy__d3840__w12,99,599
5_se_informed_policy,5_se_informed_policy__d3840__w12,100,533
5_se_informed_policy,5_se_informed_policy__d3840__w12,101,611
5_se_informed_policy,5_se_informed_policy__d3840__w12,102,649
5_se_informed_policy,5_se_informed_policy__d3840__w12,103,687
5_se_informed_policy,5_se_informed_policy__d3840__w12,104,801
5_se_informed_policy,5_se_informed_policy__d3840__w12,105,820
5_se_informed_policy,5_se_informed_policy__d3840__w12,106,855
5_se_informed_policy,5_se_informed_policy__d3840__w12,107,874
5_se_informed_policy,5_se_informed_policy__d3840__w12,108,1012
5_se_informed_policy,5_se_informed_policy__d3840__w12,109,1076
5_se_informed_policy,5_se_informed_policy__d3840__w12,110,1138
5_se_informed_policy,5_se_informed_policy__d3840__w12,111,1210
5_se_informed_policy,5_se_informed_policy__d3840__w12,112,1136
5_se_informed_policy,5_se_informed_policy__d3840__w12,113,1170
5_se_informed_policy,5_se_informed_policy__d3840__w12,114,1129
5_se_informed_policy,5_se_informed_policy__d3840__w12,115,1079
5_se_informed_policy,5_se_informed_policy__d3840__w12,116,1018
5_se_informed_policy,5_se_informed_policy__d3840__w12,117,1122
5_se_informed_policy,5_se_informed_policy__d3840__w12,118,1134
5_se_informed_policy,5_se_informed_policy__d3840__w12,119,898
5_se_informed_policy,5_se_informed_policy__d3840__w12,120,707
5_se_informed_policy,5_se_informed_policy__d3840__w12,121,544
5_se_informed_policy,5_se_informed_policy__d3840__w12,122,426
5_se_informed_policy,5_se_informed_policy__d3840__w12,123,440
5_se_informed_policy,5_se_informed_policy__d3840__w12,124,347
5_se_informed_policy,5_se_informed_policy__d3840__w12,125,320
5_se_informed_policy,5_se_informed_policy__d3840__w12,126,326
5_se_informed_policy,5_se_informed_policy__d3840__w12,127,353
5_se_informed_policy,5_se_informed_policy__d3840__w12,128,335
5_se_informed_policy,5_se_informed_policy__d3840__w12,129,375
5_se_informed_policy,5_se_informed_policy__d3840__w12,130,403
5_se_informed_policy,5_se_informed_policy__d3840__w12,131,478
5_se_informed_policy,5_se_informed_policy__d3840__w12,132,526
5_se_informed_policy,5_se_informed_policy__d3840__w12,133,433
5_se_informed_policy,5_se_informed_policy__d3840__w12,134,564
5_se_informed_policy,5_se_informed_policy__d3840__w12,135,618
5_se_informed_policy,5_se_informed_policy__d3840__w12,136,617
5_se_informed_policy,5_se_informed_policy__d3840__w12,137,650
5_se_informed_policy,5_se_informed_policy__d3840__w12,138,553
5_se_informed_policy,5_se_informed_policy__d3840__w12,139,599
5_se_informed_policy,5_se_informed_policy__d3840__w12,140,590
5_se_informed_policy,5_se_informed_policy__d3840__w12,141,603
5_se_informed_policy,5_se_informed_policy__d3840__w12,142,625
5_se_informed_policy,5_se_informed_policy__d3840__w12,143,547
5_se_informed_policy,5_se_informed_policy__d3840__w12,144,445
5_se_informed_policy,5_se_informed_policy__d3840__w12,145,350
5_se_informed_policy,5_se_informed_policy__d3840__w12,146,348
5_se_informed_policy,5_se_informed_policy__d3840__w12,147,342
5_se_informed_policy,5_se_informed_policy__d3840__w12,148,353
5_se_informed_policy,5_se_informed_policy__d3840__w12,149,341
5_se_informed_policy,5_se_informed_policy__d3840__w12,150,287
5_se_informed_policy,5_se_informed_policy__d3840__w12,151,365
5_se_informed_policy,5_se_informed_policy__d3840__w12,152,334
5_se_informed_policy,5_se_informed_policy__d3840__w12,153,411
5_se_informed_policy,5_se_informed_policy__d3840__w12,154,408
5_se_informed_policy,5_se_informed_policy__d3840__w12,155,437
5_se_informed_policy,5_se_informed_policy__d3840__w12,156,432
5_se_informed_policy,5_se_informed_policy__d3840__w12,157,507
5_se_informed_policy,5_se_informed_policy__d3840__w12,158,519
5_se_informed_policy,5_se_informed_policy__d3840__w12,159,614
5_se_informed_policy,5_se_informed_policy__d3840__w12,160,580
5_se_informed_policy,5_se_informed_policy__d3840__w12,161,549
5_se_informed_policy,5_se_informed_policy__d3840__w12,162,632
5_se_informed_policy,5_se_informed_policy__d3840__w12,163,625
5_se_informed_policy,5_se_informed_policy__d3840__w12,164,634
5_se_informed_policy,5_se_informed_policy__d3840__w12,165,696
5_se_informed_policy,5_se_informed_policy__d3840__w12,166,677
5_se_informed_policy,5_se_informed_policy__d3840__w12,167,584
5_se_informed_policy,5_se_informed_policy__d7680__w12,0,468
5_se_informed_policy,5_se_informed_policy__d7680__w12,1,490
5_se_informed_policy,5_se_informed_policy__d7680__w12,2,481
5_se_informed_policy,5_se_informed_policy__d7680__w12,3,437
5_se_informed_policy,5_se_informed_policy__d7680__w12,4,486
5_se_informed_policy,5_se_informed_policy__d7680__w12,5,527
5_se_informed_policy,5_se_informed_policy__d7680__w12,6,538
5_se_informed_policy,5_se_informed_policy__d7680__w12,7,563
5_se_informed_policy,5_se_informed_policy__d7680__w12,8,741
5_se_informed_policy,5_se_informed_policy__d7680__w12,9,812
5_se_informed_policy,5_se_informed_policy__d7680__w12,10,784
5_se_informed_policy,5_se_informed_policy__d7680__w12,11,874
5_se_informed_policy,5_se_informed_policy__d7680__w12,12,1099
5_se_informed_policy,5_se_informed_policy__d7680__w12,13,1120
5_se_informed_policy,5_se_informed_policy__d7680__w12,14,1315
5_se_informed_policy,5_se_informed_policy__d7680__w12,15,1288
5_se_informed_policy,5_se_informed_policy__d7680__w12,16,1235
5_se_informed_policy,5_se_informed_policy__d7680__w12,17,1229
5_se_informed_policy,5_se_informed_policy__d7680__w12,18,1216
5_se_informed_policy,5_se_informed_policy__d7680__w12,19,1108
5_se_informed_policy,5_se_informed_policy__d7680__w12,20,1151
5_se_informed_policy,5_se_informed_policy__d7680__w12,21,1321
5_se_informed_policy,5_se_informed_policy__d7680__w12,22,1277
5_se_informed_policy,5_se_informed_policy__d7680__w12,23,1105
5_se_informed_policy,5_se_informed_policy__d7680__w12,24,917
5_se_informed_policy,5_se_informed_policy__d7680__w12,25,767
5_se_informed_policy,5_se_informed_policy__d7680__w12,26,720
5_se_informed_policy,5_se_informed_policy__d7680__w12,27,641
5_se_informed_policy,5_se_informed_policy__d7680__w12,28,610
5_se_informed_policy,5_se_informed_policy__d7680__w12,29,698
5_se_informed_policy,5_se_informed_policy__d7680__w12,30,709
5_se_informed_policy,5_se_informed_policy__d7680__w12,31,790
5_se_informed_policy,5_se_informed_policy__d7680__w12,32,852
5_se_informed_policy,5_se_informed_policy__d7680__w12,33,969
5_se_informed_policy,5_se_informed_policy__d7680__w12,34,909
5_se_informed_policy,5_se_informed_policy__d7680__w12,35,907
5_se_informed_policy,5_se_informed_policy__d7680__w12,36,1095
5_se_informed_policy,5_se_informed_policy__d7680__w12,37,1116
5_se_informed_policy,5_se_informed_policy__d7680__w12,38,1215
5_se_informed_policy,5_se_informed_policy__d7680__w12,39,1220
5_se_informed_policy,5_se_informed_policy__d7680__w12,40,1304
5_se_informed_policy,5_se_informed_policy__d7680__w12,41,1454
5_se_informed_policy,5_se_informed_policy__d7680__w12,42,1235
5_se_informed_policy,5_se_informed_policy__d7680__w12,43,1213
5_se_informed_policy,5_se_informed_policy__d7680__w12,44,1166
5_se_informed_policy,5_se_informed_policy__d7680__w12,45,1353
5_se_informed_policy,5_se_informed_policy__d7680__w12,46,1235
5_se_informed_policy,5_se_informed_policy__d7680__w12,47,1200
5_se_informed_policy,5_se_informed_policy__d7680__w12,48,1039
5_se_informed_policy,5_se_informed_policy__d7680__w12,49,798
5_se_informed_policy,5_se_informed_policy__d7680__w12,50,730
5_se_informed_policy,5_se_informed_policy__d7680__w12,51,689
5_se_informed_policy,5_se_informed_policy__d7680__w12,52,563
5_se_informed_policy,5_se_informed_policy__d7680__w12,53,690
5_se_informed_policy,5_se_informed_policy__d7680__w12,54,620
5_se_informed_policy,5_se_informed_policy__d7680__w12,55,745
5_se_informed_policy,5_se_informed_policy__d7680__w12,56,841
5_se_informed_policy,5_se_informed_policy__d7680__w12,57,925
5_se_informed_policy,5_se_informed_policy__d7680__w12,58,974
5_se_informed_policy,5_se_informed_policy__d7680__w12,59,913
5_se_informed_policy,5_se_informed_policy__d7680__w12,60,1069
5_se_informed_policy,5_se_informed_policy__d7680__w12,61,1148
5_se_informed_policy,5_se_informed_policy__d7680__w12,62,1195
5_se_informed_policy,5_se_informed_policy__d7680__w12,63,1291
5_se_informed_policy,5_se_informed_policy__d7680__w12,64,1437
5_se_informed_policy,5_se_informed_policy__d7680__w12,65,1345
5_se_informed_policy,5_se_informed_policy__d7680__w12,66,1224
5_se_informed_policy,5_se_informed_policy__d7680__w12,67,1123
5_se_informed_policy,5_se_informed_policy__d7680__w12,68,1231
5_se_informed_policy,5_se_informed_policy__d7680__w12,69,1183
5_se_informed_policy,5_se_informed_policy__d7680__w12,70,1249
5_se_informed_policy,5_se_informed_policy__d7680__w12,71,1147
5_se_informed_policy,5_se_informed_policy__d7680__w12,72,851
5_se_informed_policy,5_se_informed_policy__d7680__w12,73,771
5_se_informed_policy,5_se_informed_policy__d7680__w12,74,676
5_se_informed_policy,5_se_informed_policy__d7680__w12,75,587
5_se_informed_policy,5_se_informed_policy__d7680__w12,76,551
5_se_informed_policy,5_se_informed_policy__d7680__w12,77,589
5_se_informed_policy,5_se_informed_policy__d7680__w12,78,748
5_se_informed_policy,5_se_informed_policy__d7680__w12,79,711
5_se_informed_policy,5_se_informed_policy__d7680__w12,80,866
5_se_informed_policy,5_se_informed_policy__d7680__w12,81,932
5_se_informed_policy,5_se_informed_policy__d7680__w12,82,855
5_se_informed_policy,5_se_informed_policy__d7680__w12,83,890
5_se_informed_policy,5_se_informed_policy__d7680__w12,84,961
5_se_informed_policy,5_se_informed_policy__d7680__w12,85,1103
5_se_informed_policy,5_se_informed_policy__d7680__w12,86,1236
5_se_informed_policy,5_se_informed_policy__d7680__w12,87,1218
5_se_informed_policy,5_se_informed_policy__d7680__w12,88,1283
5_se_informed_policy,5_se_informed_policy__d7680__w12,89,1264
5_se_informed_policy,5_se_informed_policy__d7680__w12,90,1262
5_se_informed_policy,5_se_informed_policy__d7680__w12,91,1147
5_se_informed_policy,5_se_informed_policy__d7680__w12,92,1096
5_se_informed_policy,5_se_informed_policy__d7680__w12,93,1243
5_se_informed_policy,5_se_informed_policy__d7680__w12,94,1217
5_se_informed_policy,5_se_informed_policy__d7680__w12,95,1202
5_se_informed_policy,5_se_informed_policy__d7680__w12,96,854
5_se_informed_policy,5_se_informed_policy__d7680__w12,97,782
5_se_informed_policy,5_se_informed_policy__d7680__w12,98,662
5_se_informed_policy,5_se_informed_policy__d7680__w12,99,604
5_se_informed_policy,5_se_informed_policy__d7680__w12,100,535
5_se_informed_policy,5_se_informed_policy__d7680__w12,101,611
5_se_informed_policy,5_se_informed_policy__d7680__w12,102,651
5_se_informed_policy,5_se_informed_policy__d7680__w12,103,692
5_se_informed_policy,5_se_informed_policy__d7680__w12,104,803
5_se_informed_policy,5_se_informed_policy__d7680__w12,105,821
5_se_informed_policy,5_se_informed_policy__d7680__w12,106,857
5_se_informed_policy,5_se_informed_policy__d7680__w12,107,874
5_se_informed_policy,5_se_informed_policy__d7680__w12,108,993
5_se_informed_policy,5_se_informed_policy__d7680__w12,109,1076
5_se_informed_policy,5_se_informed_policy__d7680__w12,110,1140
5_se_informed_policy,5_se_informed_policy__d7680__w12,111,1215
5_se_informed_policy,5_se_informed_policy__d7680__w12,112,1138
5_se_informed_policy,5_se_informed_policy__d7680__w12,113,1173
5_se_informed_policy,5_se_informed_policy__d7680__w12,114,1133
5_se_informed_policy,5_se_informed_policy__d7680__w12,115,1082
5_se_informed_policy,5_se_informed_policy__d7680__w12,116,1019
5_se_informed_policy,5_se_informed_policy__d7680__w12,117,1123
5_se_informed_policy,5_se_informed_policy__d7680__w12,118,1140
5_se_informed_policy,5_se_informed_policy__d7680__w12,119,903
5_se_informed_policy,5_se_informed_policy__d7680__w12,120,715
5_se_informed_policy,5_se_informed_policy__d7680__w12,121,549
5_se_informed_policy,5_se_informed_policy__d7680__w12,122,426
5_se_informed_policy,5_se_informed_policy__d7680__w12,123,423
5_se_informed_policy,5_se_informed_policy__d7680__w12,124,348
5_se_informed_policy,5_se_informed_policy__d7680__w12,125,323
5_se_informed_policy,5_se_informed_policy__d7680__w12,126,329
5_se_informed_policy,5_se_informed_policy__d7680__w12,127,353
5_se_informed_policy,5_se_informed_policy__d7680__w12,128,336
5_se_informed_policy,5_se_informed_policy__d7680__w12,129,375
5_se_informed_policy,5_se_informed_policy__d7680__w12,130,397
5_se_informed_policy,5_se_informed_policy__d7680__w12,131,473
5_se_informed_policy,5_se_informed_policy__d7680__w12,132,501
5_se_informed_policy,5_se_informed_policy__d7680__w12,133,433
5_se_informed_policy,5_se_informed_policy__d7680__w12,134,564
5_se_informed_policy,5_se_informed_policy__d7680__w12,135,618
5_se_informed_policy,5_se_informed_policy__d7680__w12,136,617
5_se_informed_policy,5_se_informed_policy__d7680__w12,137,651
5_se_informed_policy,5_se_informed_policy__d7680__w12,138,553
5_se_informed_policy,5_se_informed_policy__d7680__w12,139,600
5_se_informed_policy,5_se_informed_policy__d7680__w12,140,591
5_se_informed_policy,5_se_informed_policy__d7680__w12,141,605
5_se_informed_policy,5_se_informed_policy__d7680__w12,142,626
5_se_informed_policy,5_se_informed_policy__d7680__w12,143,548
5_se_informed_policy,5_se_informed_policy__d7680__w12,144,446
5_se_informed_policy,5_se_informed_policy__d7680__w12,145,351
5_se_informed_policy,5_se_informed_policy__d7680__w12,146,349
5_se_informed_policy,5_se_informed_policy__d7680__w12,147,344
5_se_informed_policy,5_se_informed_policy__d7680__w12,148,354
5_se_informed_policy,5_se_informed_policy__d7680__w12,149,343
5_se_informed_policy,5_se_informed_policy__d7680__w12,150,287
5_se_informed_policy,5_se_informed_policy__d7680__w12,151,366
5_se_informed_policy,5_se_informed_policy__d7680__w12,152,335
5_se_informed_policy,5_se_informed_policy__d7680__w12,153,409
5_se_informed_policy,5_se_informed_policy__d7680__w12,154,407
5_se_informed_policy,5_se_informed_policy__d7680__w12,155,423
5_se_informed_policy,5_se_informed_policy__d7680__w12,156,432
5_se_informed_policy,5_se_informed_policy__d7680__w12,157,507
5_se_informed_policy,5_se_informed_policy__d7680__w12,158,519
5_se_informed_policy,5_se_informed_policy__d7680__w12,159,615
5_se_informed_policy,5_se_informed_policy__d7680__w12,160,580
5_se_informed_policy,5_se_informed_policy__d7680__w12,161,551
5_se_informed_policy,5_se_informed_policy__d7680__w12,162,632
5_se_informed_policy,5_se_informed_policy__d7680__w12,163,625
5_se_informed_policy,5_se_informed_policy__d7680__w12,164,635
5_se_informed_policy,5_se_informed_policy__d7680__w12,165,697
5_se_informed_policy,5_se_informed_policy__d7680__w12,166,678
5_se_informed_policy,5_se_informed_policy__d7680__w12,167,585
5_se_informed_policy,5_se_informed_policy__d15360__w12,0,468
5_se_informed_policy,5_se_informed_policy__d15360__w12,1,490
5_se_informed_policy,5_se_informed_policy__d15360__w12,2,481
5_se_informed_policy,5_se_informed_policy__d15360__w12,3,437
5_se_informed_policy,5_se_informed_policy__d15360__w12,4,486
5_se_informed_policy,5_se_informed_policy__d15360__w12,5,527
5_se_informed_policy,5_se_informed_policy__d15360__w12,6,538
5_se_informed_policy,5_se_informed_policy__d15360__w12,7,563
5_se_informed_policy,5_se_informed_policy__d15360__w12,8,741
5_se_informed_policy,5_se_informed_policy__d15360__w12,9,812
5_se_informed_policy,5_se_informed_policy__d15360__w12,10,784
5_se_informed_policy,5_se_informed_policy__d15360__w12,11,874
5_se_informed_policy,5_se_informed_policy__d15360__w12,12,1099
5_se_informed_policy,5_se_informed_policy__d15360__w12,13,1120
5_se_informed_policy,5_se_informed_policy__d15360__w12,14,1315
5_se_informed_policy,5_se_informed_policy__d15360__w12,15,1288
5_se_informed_policy,5_se_informed_policy__d15360__w12,16,1235
5_se_informed_policy,5_se_informed_policy__d15360__w12,17,1229
5_se_informed_policy,5_se_informed_policy__d15360__w12,18,1216
5_se_informed_policy,5_se_informed_policy__d15360__w12,19,1108
5_se_informed_policy,5_se_informed_policy__d15360__w12,20,1151
5_se_informed_policy,5_se_informed_policy__d15360__w12,21,1321
5_se_informed_policy,5_se_informed_policy__d15360__w12,22,1277
5_se_informed_policy,5_se_informed_policy__d15360__w12,23,1105
5_se_informed_policy,5_se_informed_policy__d15360__w12,24,917
5_se_informed_policy,5_se_informed_policy__d15360__w12,25,767
5_se_informed_policy,5_se_informed_policy__d15360__w12,26,720
5_se_informed_policy,5_se_informed_policy__d15360__w12,27,641
5_se_informed_policy,5_se_informed_policy__d15360__w12,28,610
5_se_informed_policy,5_se_informed_policy__d15360__w12,29,698
5_se_informed_policy,5_se_informed_policy__d15360__w12,30,709
5_se_informed_policy,5_se_informed_policy__d15360__w12,31,790
5_se_informed_policy,5_se_informed_policy__d15360__w12,32,852
5_se_informed_policy,5_se_informed_policy__d15360__w12,33,969
5_se_informed_policy,5_se_informed_policy__d15360__w12,34,909
5_se_informed_policy,5_se_informed_policy__d15360__w12,35,907
5_se_informed_policy,5_se_informed_policy__d15360__w12,36,1095
5_se_informed_policy,5_se_informed_policy__d15360__w12,37,1116
5_se_informed_policy,5_se_informed_policy__d15360__w12,38,1215
5_se_informed_policy,5_se_informed_policy__d15360__w12,39,1220
5_se_informed_policy,5_se_informed_policy__d15360__w12,40,1304
5_se_informed_policy,5_se_informed_policy__d15360__w12,41,1454
5_se_informed_policy,5_se_informed_policy__d15360__w12,42,1235
5_se_informed_policy,5_se_informed_policy__d15360__w12,43,1213
5_se_informed_policy,5_se_informed_policy__d15360__w12,44,1166
5_se_informed_policy,5_se_informed_policy__d15360__w12,45,1353
5_se_informed_policy,5_se_informed_policy__d15360__w12,46,1235
5_se_informed_policy,5_se_informed_policy__d15360__w12,47,1200
5_se_informed_policy,5_se_informed_policy__d15360__w12,48,1039
5_se_informed_policy,5_se_informed_policy__d15360__w12,49,798
5_se_informed_policy,5_se_informed_policy__d15360__w12,50,730
5_se_informed_policy,5_se_informed_policy__d15360__w12,51,689
5_se_informed_policy,5_se_informed_policy__d15360__w12,52,563
5_se_informed_policy,5_se_informed_policy__d15360__w12,53,690
5_se_informed_policy,5_se_informed_policy__d15360__w12,54,620
5_se_informed_policy,5_se_informed_policy__d15360__w12,55,745
5_se_informed_policy,5_se_informed_policy__d15360__w12,56,841
5_se_informed_policy,5_se_informed_policy__d15360__w12,57,925
5_se_informed_policy,5_se_informed_policy__d15360__w12,58,974
5_se_informed_policy,5_se_informed_policy__d15360__w12,59,913
5_se_informed_policy,5_se_informed_policy__d15360__w12,60,1069
5_se_informed_policy,5_se_informed_policy__d15360__w12,61,1148
5_se_informed_policy,5_se_informed_policy__d15360__w12,62,1195
5_se_informed_policy,5_se_informed_policy__d15360__w12,63,1291
5_se_informed_policy,5_se_informed_policy__d15360__w12,64,1437
5_se_informed_policy,5_se_informed_policy__d15360__w12,65,1345
5_se_informed_policy,5_se_informed_policy__d15360__w12,66,1224
5_se_informed_policy,5_se_informed_policy__d15360__w12,67,1123
5_se_informed_policy,5_se_informed_policy__d15360__w12,68,1231
5_se_informed_policy,5_se_informed_policy__d15360__w12,69,1183
5_se_informed_policy,5_se_informed_policy__d15360__w12,70,1249
5_se_informed_policy,5_se_informed_policy__d15360__w12,71,1147
5_se_informed_policy,5_se_informed_policy__d15360__w12,72,851
5_se_informed_policy,5_se_informed_policy__d15360__w12,73,771
5_se_informed_policy,5_se_informed_policy__d15360__w12,74,676
5_se_informed_policy,5_se_informed_policy__d15360__w12,75,587
5_se_informed_policy,5_se_informed_policy__d15360__w12,76,551
5_se_informed_policy,5_se_informed_policy__d15360__w12,77,589
5_se_informed_policy,5_se_informed_policy__d15360__w12,78,748
5_se_informed_policy,5_se_informed_policy__d15360__w12,79,711
5_se_informed_policy,5_se_informed_policy__d15360__w12,80,866
5_se_informed_policy,5_se_informed_policy__d15360__w12,81,932
5_se_informed_policy,5_se_informed_policy__d15360__w12,82,855
5_se_informed_policy,5_se_informed_policy__d15360__w12,83,890
5_se_informed_policy,5_se_informed_policy__d15360__w12,84,961
5_se_informed_policy,5_se_informed_policy__d15360__w12,85,1103
5_se_informed_policy,5_se_informed_policy__d15360__w12,86,1236
5_se_informed_policy,5_se_informed_policy__d15360__w12,87,1218
5_se_informed_policy,5_se_informed_policy__d15360__w12,88,1283
5_se_informed_policy,5_se_informed_policy__d15360__w12,89,1264
5_se_informed_policy,5_se_informed_policy__d15360__w12,90,1262
5_se_informed_policy,5_se_informed_policy__d15360__w12,91,1147
5_se_informed_policy,5_se_informed_policy__d15360__w12,92,1096
5_se_informed_policy,5_se_informed_policy__d15360__w12,93,1243
5_se_informed_policy,5_se_informed_policy__d15360__w12,94,1217
5_se_informed_policy,5_se_informed_policy__d15360__w12,95,1202
5_se_informed_policy,5_se_informed_policy__d15360__w12,96,854
5_se_informed_policy,5_se_informed_policy__d15360__w12,97,782
5_se_informed_policy,5_se_informed_policy__d15360__w12,98,662
5_se_informed_policy,5_se_informed_policy__d15360__w12,99,604
5_se_informed_policy,5_se_informed_policy__d15360__w12,100,535
5_se_informed_policy,5_se_informed_policy__d15360__w12,101,611
5_se_informed_policy,5_se_informed_policy__d15360__w12,102,651
5_se_informed_policy,5_se_informed_policy__d15360__w12,103,692
5_se_informed_policy,5_se_informed_policy__d15360__w12,104,803
5_se_informed_policy,5_se_informed_policy__d15360__w12,105,821
5_se_informed_policy,5_se_informed_policy__d15360__w12,106,857
5_se_informed_policy,5_se_informed_policy__d15360__w12,107,874
5_se_informed_policy,5_se_informed_policy__d15360__w12,108,993
5_se_informed_policy,5_se_informed_policy__d15360__w12,109,1076
5_se_informed_policy,5_se_informed_policy__d15360__w12,110,1140
5_se_informed_policy,5_se_informed_policy__d15360__w12,111,1215
5_se_informed_policy,5_se_informed_policy__d15360__w12,112,1138
5_se_informed_policy,5_se_informed_policy__d15360__w12,113,1173
5_se_informed_policy,5_se_informed_policy__d15360__w12,114,1133
5_se_informed_policy,5_se_informed_policy__d15360__w12,115,1082
5_se_informed_policy,5_se_informed_policy__d15360__w12,116,1019
5_se_informed_policy,5_se_informed_policy__d15360__w12,117,1123
5_se_informed_policy,5_se_informed_policy__d15360__w12,118,1140
5_se_informed_policy,5_se_informed_policy__d15360__w12,119,903
5_se_informed_policy,5_se_informed_policy__d15360__w12,120,715
5_se_informed_policy,5_se_informed_policy__d15360__w12,121,549
5_se_informed_policy,5_se_informed_policy__d15360__w12,122,426
5_se_informed_policy,5_se_informed_policy__d15360__w12,123,423
5_se_informed_policy,5_se_informed_policy__d15360__w12,124,348
5_se_informed_policy,5_se_informed_policy__d15360__w12,125,323
5_se_informed_policy,5_se_informed_policy__d15360__w12,126,329
5_se_informed_policy,5_se_informed_policy__d15360__w12,127,353
5_se_informed_policy,5_se_informed_policy__d15360__w12,128,336
5_se_informed_policy,5_se_informed_policy__d15360__w12,129,375
5_se_informed_policy,5_se_informed_policy__d15360__w12,130,397
5_se_informed_policy,5_se_informed_policy__d15360__w12,131,473
5_se_informed_policy,5_se_informed_policy__d15360__w12,132,501
5_se_informed_policy,5_se_informed_policy__d15360__w12,133,433
5_se_informed_policy,5_se_informed_policy__d15360__w12,134,564
5_se_informed_policy,5_se_informed_policy__d15360__w12,135,618
5_se_informed_policy,5_se_informed_policy__d15360__w12,136,617
5_se_informed_policy,5_se_informed_policy__d15360__w12,137,652
5_se_informed_policy,5_se_informed_policy__d15360__w12,138,553
5_se_informed_policy,5_se_informed_policy__d15360__w12,139,600
5_se_informed_policy,5_se_informed_policy__d15360__w12,140,591
5_se_informed_policy,5_se_informed_policy__d15360__w12,141,605
5_se_informed_policy,5_se_informed_policy__d15360__w12,142,626
5_se_informed_policy,5_se_informed_policy__d15360__w12,143,548
5_se_informed_policy,5_se_informed_policy__d15360__w12,144,446
5_se_informed_policy,5_se_informed_policy__d15360__w12,145,351
5_se_informed_policy,5_se_informed_policy__d15360__w12,146,349
5_se_informed_policy,5_se_informed_policy__d15360__w12,147,343
5_se_informed_policy,5_se_informed_policy__d15360__w12,148,354
5_se_informed_policy,5_se_informed_policy__d15360__w12,149,343
5_se_informed_policy,5_se_informed_policy__d15360__w12,150,287
5_se_informed_policy,5_se_informed_policy__d15360__w12,151,366
5_se_informed_policy,5_se_informed_policy__d15360__w12,152,335
5_se_informed_policy,5_se_informed_policy__d15360__w12,153,409
5_se_informed_policy,5_se_informed_policy__d15360__w12,154,407
5_se_informed_policy,5_se_informed_policy__d15360__w12,155,423
5_se_informed_policy,5_se_informed_policy__d15360__w12,156,432
5_se_informed_policy,5_se_informed_policy__d15360__w12,157,507
5_se_informed_policy,5_se_informed_policy__d15360__w12,158,519
5_se_informed_policy,5_se_informed_policy__d15360__w12,159,615
5_se_informed_policy,5_se_informed_policy__d15360__w12,160,580
5_se_informed_policy,5_se_informed_policy__d15360__w12,161,551
5_se_informed_policy,5_se_informed_policy__d15360__w12,162,632
5_se_informed_policy,5_se_informed_policy__d15360__w12,163,625
5_se_informed_policy,5_se_informed_policy__d15360__w12,164,635
5_se_informed_policy,5_se_informed_policy__d15360__w12,165,697
5_se_informed_policy,5_se_informed_policy__d15360__w12,166,678
5_se_informed_policy,5_se_informed_policy__d15360__w12,167,585
5_se_informed_policy,5_se_informed_policy__d0__w24,0,395
5_se_informed_policy,5_se_informed_policy__d0__w24,1,1529
5_se_informed_policy,5_se_informed_policy__d0__w24,2,481
5_se_informed_policy,5_se_informed_policy__d0__w24,3,437
5_se_informed_policy,5_se_informed_policy__d0__w24,4,416
5_se_informed_policy,5_se_informed_policy__d0__w24,5,434
5_se_informed_policy,5_se_informed_policy__d0__w24,6,434
5_se_informed_policy,5_se_informed_policy__d0__w24,7,456
5_se_informed_policy,5_se_informed_policy__d0__w24,8,610
5_se_informed_policy,5_se_informed_policy__d0__w24,9,629
5_se_informed_policy,5_se_informed_policy__d0__w24,10,593
5_se_informed_policy,5_se_informed_policy__d0__w24,11,686
5_se_informed_policy,5_se_informed_policy__d0__w24,12,869
5_se_informed_policy,5_se_informed_policy__d0__w24,13,880
5_se_informed_policy,5_se_informed_policy__d0__w24,14,1060
5_se_informed_policy,5_se_informed_policy__d0__w24,15,1034
5_se_informed_policy,5_se_informed_policy__d0__w24,16,993
5_se_informed_policy,5_se_informed_policy__d0__w24,17,953
5_se_informed_policy,5_se_informed_policy__d0__w24,18,975
5_se_informed_policy,5_se_informed_policy__d0__w24,19,888
5_se_informed_policy,5_se_informed_policy__d0__w24,20,918
5_se_informed_policy,5_se_informed_policy__d0__w24,21,1047
5_se_informed_policy,5_se_informed_policy__d0__w24,22,995
5_se_informed_policy,5_se_informed_policy__d0__w24,23,881
5_se_informed_policy,5_se_informed_policy__d0__w24,24,726
5_se_informed_policy,5_se_informed_policy__d0__w24,25,630
5_se_informed_policy,5_se_informed_policy__d0__w24,26,5086
5_se_informed_policy,5_se_informed_policy__d0__w24,27,641
5_se_informed_policy,5_se_informed_policy__d0__w24,28,610
5_se_informed_policy,5_se_informed_policy__d0__w24,29,553
5_se_informed_policy,5_se_informed_policy__d0__w24,30,570
5_se_informed_policy,5_se_informed_policy__d0__w24,31,621
5_se_informed_policy,5_se_informed_policy__d0__w24,32,690
5_se_informed_policy,5_se_informed_policy__d0__w24,33,759
5_se_informed_policy,5_se_informed_policy__d0__w24,34,691
5_se_informed_policy,5_se_informed_policy__d0__w24,35,698
5_se_informed_policy,5_se_informed_policy__d0__w24,36,2347
5_se_informed_policy,5_se_informed_policy__d0__w24,37,858
5_se_informed_policy,5_se_informed_policy__d0__w24,38,957
5_se_informed_policy,5_se_informed_policy__d0__w24,39,940
5_se_informed_policy,5_se_informed_policy__d0__w24,40,1021
5_se_informed_policy,5_se_informed_policy__d0__w24,41,1120
5_se_informed_policy,5_se_informed_policy__d0__w24,42,1001
5_se_informed_policy,5_se_informed_policy__d0__w24,43,974
5_se_informed_policy,5_se_informed_policy__d0__w24,44,917
5_se_informed_policy,5_se_informed_policy__d0__w24,45,1086
5_se_informed_policy,5_se_informed_policy__d0__w24,46,965
5_se_informed_policy,5_se_informed_policy__d0__w24,47,999
5_se_informed_policy,5_se_informed_policy__d0__w24,48,815
5_se_informed_policy,5_se_informed_policy__d0__w24,49,630
5_se_informed_policy,5_se_informed_policy__d0__w24,50,3003
5_se_informed_policy,5_se_informed_policy__d0__w24,51,573
5_se_informed_policy,5_se_informed_policy__d0__w24,52,464
5_se_informed_policy,5_se_informed_policy__d0__w24,53,580
5_se_informed_policy,5_se_informed_policy__d0__w24,54,518
5_se_informed_policy,5_se_informed_policy__d0__w24,55,604
5_se_informed_policy,5_se_informed_policy__d0__w24,56,666
5_se_informed_policy,5_se_informed_policy__d0__w24,57,700
5_se_informed_policy,5_se_informed_policy__d0__w24,58,740
5_se_informed_policy,5_se_informed_policy__d0__w24,59,720
5_se_informed_policy,5_se_informed_policy__d0__w24,60,844
5_se_informed_policy,5_se_informed_policy__d0__w24,61,944
5_se_informed_policy,5_se_informed_policy__d0__w24,62,997
5_se_informed_policy,5_se_informed_policy__d0__w24,63,1022
5_se_informed_policy,5_se_informed_policy__d0__w24,64,1173
5_se_informed_policy,5_se_informed_policy__d0__w24,65,1094
5_se_informed_policy,5_se_informed_policy__d0__w24,66,978
5_se_informed_policy,5_se_informed_policy__d0__w24,67,898
5_se_informed_policy,5_se_informed_policy__d0__w24,68,1000
5_se_informed_policy,5_se_informed_policy__d0__w24,69,937
5_se_informed_policy,5_se_informed_policy__d0__w24,70,1258
5_se_informed_policy,5_se_informed_policy__d0__w24,71,1120
5_se_informed_policy,5_se_informed_policy__d0__w24,72,915
5_se_informed_policy,5_se_informed_policy__d0__w24,73,797
5_se_informed_policy,5_se_informed_policy__d0__w24,74,4701
5_se_informed_policy,5_se_informed_policy__d0__w24,75,497
5_se_informed_policy,5_se_informed_policy__d0__w24,76,467
5_se_informed_policy,5_se_informed_policy__d0__w24,77,492
5_se_informed_policy,5_se_informed_policy__d0__w24,78,592
5_se_informed_policy,5_se_informed_policy__d0__w24,79,571
5_se_informed_policy,5_se_informed_policy__d0__w24,80,690
5_se_informed_policy,5_se_informed_policy__d0__w24,81,722
5_se_informed_policy,5_se_informed_policy__d0__w24,82,665
5_se_informed_policy,5_se_informed_policy__d0__w24,83,719
5_se_informed_policy,5_se_informed_policy__d0__w24,84,782
5_se_informed_policy,5_se_informed_policy__d0__w24,85,877
5_se_informed_policy,5_se_informed_policy__d0__w24,86,976
5_se_informed_policy,5_se_informed_policy__d0__w24,87,958
5_se_informed_policy,5_se_informed_policy__d0__w24,88,1007
5_se_informed_policy,5_se_informed_policy__d0__w24,89,1021
5_se_informed_policy,5_se_informed_policy__d0__w24,90,995
5_se_informed_policy,5_se_informed_policy__d0__w24,91,959
5_se_informed_policy,5_se_informed_policy__d0__w24,92,894
5_se_informed_policy,5_se_informed_policy__d0__w24,93,1005
5_se_informed_policy,5_se_informed_policy__d0__w24,94,986
5_se_informed_policy,5_se_informed_policy__d0__w24,95,1377
5_se_informed_policy,5_se_informed_policy__d0__w24,96,687
5_se_informed_policy,5_se_informed_policy__d0__w24,97,787
5_se_informed_policy,5_se_informed_policy__d0__w24,98,4923
5_se_informed_policy,5_se_informed_policy__d0__w24,99,503
5_se_informed_policy,5_se_informed_policy__d0__w24,100,438
5_se_informed_policy,5_se_informed_policy__d0__w24,101,491
5_se_informed_policy,5_se_informed_policy__d0__w24,102,526
5_se_informed_policy,5_se_informed_policy__d0__w24,103,552
5_se_informed_policy,5_se_informed_policy__d0__w24,104,639
5_se_informed_policy,5_se_informed_policy__d0__w24,105,672
5_se_informed_policy,5_se_informed_policy__d0__w24,106,685
5_se_informed_policy,5_se_informed_policy__d0__w24,107,681
5_se_informed_policy,5_se_informed_policy__d0__w24,108,762
5_se_informed_policy,5_se_informed_policy__d0__w24,109,855
5_se_informed_policy,5_se_informed_policy__d0__w24,110,928
5_se_informed_policy,5_se_informed_policy__d0__w24,111,992
5_se_informed_policy,5_se_informed_policy__d0__w24,112,911
5_se_informed_policy,5_se_informed_policy__d0__w24,113,944
5_se_informed_policy,5_se_informed_policy__d0__w24,114,921
5_se_informed_policy,5_se_informed_policy__d0__w24,115,882
5_se_informed_policy,5_se_informed_policy__d0__w24,116,841
5_se_informed_policy,5_se_informed_policy__d0__w24,117,926
5_se_informed_policy,5_se_informed_policy__d0__w24,118,927
5_se_informed_policy,5_se_informed_policy__d0__w24,119,754
5_se_informed_policy,5_se_informed_policy__d0__w24,120,596
5_se_informed_policy,5_se_informed_policy__d0__w24,121,592
5_se_informed_policy,5_se_informed_policy__d0__w24,122,475
5_se_informed_policy,5_se_informed_policy__d0__w24,123,1268
5_se_informed_policy,5_se_informed_policy__d0__w24,124,292
5_se_informed_policy,5_se_informed_policy__d0__w24,125,271
5_se_informed_policy,5_se_informed_policy__d0__w24,126,267
5_se_informed_policy,5_se_informed_policy__d0__w24,127,287
5_se_informed_policy,5_se_informed_policy__d0__w24,128,268
5_se_informed_policy,5_se_informed_policy__d0__w24,129,302
5_se_informed_policy,5_se_informed_policy__d0__w24,130,497
5_se_informed_policy,5_se_informed_policy__d0__w24,131,573
5_se_informed_policy,5_se_informed_policy__d0__w24,132,3004
5_se_informed_policy,5_se_informed_policy__d0__w24,133,357
5_se_informed_policy,5_se_informed_policy__d0__w24,134,472
5_se_informed_policy,5_se_informed_policy__d0__w24,135,523
5_se_informed_policy,5_se_informed_policy__d0__w24,136,518
5_se_informed_policy,5_se_informed_policy__d0__w24,137,543
5_se_informed_policy,5_se_informed_policy__d0__w24,138,459
5_se_informed_policy,5_se_informed_policy__d0__w24,139,514
5_se_informed_policy,5_se_informed_policy__d0__w24,140,518
5_se_informed_policy,5_se_informed_policy__d0__w24,141,531
5_se_informed_policy,5_se_informed_policy__d0__w24,142,526
5_se_informed_policy,5_se_informed_policy__d0__w24,143,485
5_se_informed_policy,5_se_informed_policy__d0__w24,144,361
5_se_informed_policy,5_se_informed_policy__d0__w24,145,387
5_se_informed_policy,5_se_informed_policy__d0__w24,146,367
5_se_informed_policy,5_se_informed_policy__d0__w24,147,648
5_se_informed_policy,5_se_informed_policy__d0__w24,148,292
5_se_informed_policy,5_se_informed_policy__d0__w24,149,274
5_se_informed_policy,5_se_informed_policy__d0__w24,150,238
5_se_informed_policy,5_se_informed_policy__d0__w24,151,276
5_se_informed_policy,5_se_informed_policy__d0__w24,152,285
5_se_informed_policy,5_se_informed_policy__d0__w24,153,407
5_se_informed_policy,5_se_informed_policy__d0__w24,154,410
5_se_informed_policy,5_se_informed_policy__d0__w24,155,2297
5_se_informed_policy,5_se_informed_policy__d0__w24,156,432
5_se_informed_policy,5_se_informed_policy__d0__w24,157,507
5_se_informed_policy,5_se_informed_policy__d0__w24,158,439
5_se_informed_policy,5_se_informed_policy__d0__w24,159,507
5_se_informed_policy,5_se_informed_policy__d0__w24,160,475
5_se_informed_policy,5_se_informed_policy__d0__w24,161,475
5_se_informed_policy,5_se_informed_policy__d0__w24,162,546
5_se_informed_policy,5_se_informed_policy__d0__w24,163,545
5_se_informed_policy,5_se_informed_policy__d0__w24,164,548
5_se_informed_policy,5_se_informed_policy__d0__w24,165,582
5_se_informed_policy,5_se_informed_policy__d0__w24,166,551
5_se_informed_policy,5_se_informed_policy__d0__w24,167,483
5_se_informed_policy,5_se_informed_policy__d60__w24,0,403
5_se_informed_policy,5_se_informed_policy__d60__w24,1,1409
5_se_informed_policy,5_se_informed_policy__d60__w24,2,481
5_se_informed_policy,5_se_informed_policy__d60__w24,3,437
5_se_informed_policy,5_se_informed_policy__d60__w24,4,422
5_se_informed_policy,5_se_informed_policy__d60__w24,5,438
5_se_informed_policy,5_se_informed_policy__d60__w24,6,446
5_se_informed_policy,5_se_informed_policy__d60__w24,7,460
5_se_informed_policy,5_se_informed_policy__d60__w24,8,618
5_se_informed_policy,5_se_informed_policy__d60__w24,9,635
5_se_informed_policy,5_se_informed_policy__d60__w24,10,598
5_se_informed_policy,5_se_informed_policy__d60__w24,11,694
5_se_informed_policy,5_se_informed_policy__d60__w24,12,879
5_se_informed_policy,5_se_informed_policy__d60__w24,13,913
5_se_informed_policy,5_se_informed_policy__d60__w24,14,1085
5_se_informed_policy,5_se_informed_policy__d60__w24,15,1065
5_se_informed_policy,5_se_informed_policy__d60__w24,16,1019
5_se_informed_policy,5_se_informed_policy__d60__w24,17,976
5_se_informed_policy,5_se_informed_policy__d60__w24,18,1006
5_se_informed_policy,5_se_informed_policy__d60__w24,19,911
5_se_informed_policy,5_se_informed_policy__d60__w24,20,951
5_se_informed_policy,5_se_informed_policy__d60__w24,21,1083
5_se_informed_policy,5_se_informed_policy__d60__w24,22,1052
5_se_informed_policy,5_se_informed_policy__d60__w24,23,919
5_se_informed_policy,5_se_informed_policy__d60__w24,24,763
5_se_informed_policy,5_se_informed_policy__d60__w24,25,653
5_se_informed_policy,5_se_informed_policy__d60__w24,26,4607
5_se_informed_policy,5_se_informed_policy__d60__w24,27,641
5_se_informed_policy,5_se_informed_policy__d60__w24,28,610
5_se_informed_policy,5_se_informed_policy__d60__w24,29,573
5_se_informed_policy,5_se_informed_policy__d60__w24,30,577
5_se_informed_policy,5_se_informed_policy__d60__w24,31,634
5_se_informed_policy,5_se_informed_policy__d60__w24,32,693
5_se_informed_policy,5_se_informed_policy__d60__w24,33,767
5_se_informed_policy,5_se_informed_policy__d60__w24,34,696
5_se_informed_policy,5_se_informed_policy__d60__w24,35,708
5_se_informed_policy,5_se_informed_policy__d60__w24,36,2281
5_se_informed_policy,5_se_informed_policy__d60__w24,37,876
5_se_informed_policy,5_se_informed_policy__d60__w24,38,997
5_se_informed_policy,5_se_informed_policy__d60__w24,39,979
5_se_informed_policy,5_se_informed_policy__d60__w24,40,1044
5_se_informed_policy,5_se_informed_policy__d60__w24,41,1175
5_se_informed_policy,5_se_informed_policy__d60__w24,42,1031
5_se_informed_policy,5_se_informed_policy__d60__w24,43,1006
5_se_informed_policy,5_se_informed_policy__d60__w24,44,951
5_se_informed_policy,5_se_informed_policy__d60__w24,45,1118
5_se_informed_policy,5_se_informed_policy__d60__w24,46,992
5_se_informed_policy,5_se_informed_policy__d60__w24,47,1013
5_se_informed_policy,5_se_informed_policy__d60__w24,48,824
5_se_informed_policy,5_se_informed_policy__d60__w24,49,639
5_se_informed_policy,5_se_informed_policy__d60__w24,50,2713
5_se_informed_policy,5_se_informed_policy__d60__w24,51,584
5_se_informed_policy,5_se_informed_policy__d60__w24,52,466
5_se_informed_policy,5_se_informed_policy__d60__w24,53,589
5_se_informed_policy,5_se_informed_policy__d60__w24,54,522
5_se_informed_policy,5_se_informed_policy__d60__w24,55,611
5_se_informed_policy,5_se_informed_policy__d60__w24,56,669
5_se_informed_policy,5_se_informed_policy__d60__w24,57,709
5_se_informed_policy,5_se_informed_policy__d60__w24,58,753
5_se_informed_policy,5_se_informed_policy__d60__w24,59,746
5_se_informed_policy,5_se_informed_policy__d60__w24,60,863
5_se_informed_policy,5_se_informed_policy__d60__w24,61,973
5_se_informed_policy,5_se_informed_policy__d60__w24,62,1020
5_se_informed_policy,5_se_informed_policy__d60__w24,63,1051
5_se_informed_policy,5_se_informed_policy__d60__w24,64,1199
5_se_informed_policy,5_se_informed_policy__d60__w24,65,1114
5_se_informed_policy,5_se_informed_policy__d60__w24,66,999
5_se_informed_policy,5_se_informed_policy__d60__w24,67,911
5_se_informed_policy,5_se_informed_policy__d60__w24,68,1028
5_se_informed_policy,5_se_informed_policy__d60__w24,69,973
5_se_informed_policy,5_se_informed_policy__d60__w24,70,1267
5_se_informed_policy,5_se_informed_policy__d60__w24,71,1129
5_se_informed_policy,5_se_informed_policy__d60__w24,72,919
5_se_informed_policy,5_se_informed_policy__d60__w24,73,814
5_se_informed_policy,5_se_informed_policy__d60__w24,74,4335
5_se_informed_policy,5_se_informed_policy__d60__w24,75,508
5_se_informed_policy,5_se_informed_policy__d60__w24,76,474
5_se_informed_policy,5_se_informed_policy__d60__w24,77,499
5_se_informed_policy,5_se_informed_policy__d60__w24,78,605
5_se_informed_policy,5_se_informed_policy__d60__w24,79,576
5_se_informed_policy,5_se_informed_policy__d60__w24,80,696
5_se_informed_policy,5_se_informed_policy__d60__w24,81,729
5_se_informed_policy,5_se_informed_policy__d60__w24,82,676
5_se_informed_policy,5_se_informed_policy__d60__w24,83,728
5_se_informed_policy,5_se_informed_policy__d60__w24,84,801
5_se_informed_policy,5_se_informed_policy__d60__w24,85,890
5_se_informed_policy,5_se_informed_policy__d60__w24,86,1001
5_se_informed_policy,5_se_informed_policy__d60__w24,87,1002
5_se_informed_policy,5_se_informed_policy__d60__w24,88,1036
5_se_informed_policy,5_se_informed_policy__d60__w24,89,1060
5_se_informed_policy,5_se_informed_policy__d60__w24,90,1032
5_se_informed_policy,5_se_informed_policy__d60__w24,91,982
5_se_informed_policy,5_se_informed_policy__d60__w24,92,920
5_se_informed_policy,5_se_informed_policy__d60__w24,93,1035
5_se_informed_policy,5_se_informed_policy__d60__w24,94,1015
5_se_informed_policy,5_se_informed_policy__d60__w24,95,1359
5_se_informed_policy,5_se_informed_policy__d60__w24,96,692
5_se_informed_policy,5_se_informed_policy__d60__w24,97,774
5_se_informed_policy,5_se_informed_policy__d60__w24,98,4512
5_se_informed_policy,5_se_informed_policy__d60__w24,99,514
5_se_informed_policy,5_se_informed_policy__d60__w24,100,449
5_se_informed_policy,5_se_informed_policy__d60__w24,101,504
5_se_informed_policy,5_se_informed_policy__d60__w24,102,531
5_se_informed_policy,5_se_informed_policy__d60__w24,103,566
5_se_informed_policy,5_se_informed_policy__d60__w24,104,648
5_se_informed_policy,5_se_informed_policy__d60__w24,105,683
5_se_informed_policy,5_se_informed_policy__d60__w24,106,698
5_se_informed_policy,5_se_informed_policy__d60__w24,107,689
5_se_informed_policy,5_se_informed_policy__d60__w24,108,783
5_se_informed_policy,5_se_informed_policy__d60__w24,109,878
5_se_informed_policy,5_se_informed_policy__d60__w24,110,951
5_se_informed_policy,5_se_informed_policy__d60__w24,111,1023
5_se_informed_policy,5_se_informed_policy__d60__w24,112,936
5_se_informed_policy,5_se_informed_policy__d60__w24,113,980
5_se_informed_policy,5_se_informed_policy__d60__w24,114,951
5_se_informed_policy,5_se_informed_policy__d60__w24,115,902
5_se_informed_policy,5_se_informed_policy__d60__w24,116,865
5_se_informed_policy,5_se_informed_policy__d60__w24,117,956
5_se_informed_policy,5_se_informed_policy__d60__w24,118,957
5_se_informed_policy,5_se_informed_policy__d60__w24,119,769
5_se_informed_policy,5_se_informed_policy__d60__w24,120,611
5_se_informed_policy,5_se_informed_policy__d60__w24,121,594
5_se_informed_policy,5_se_informed_policy__d60__w24,122,474
5_se_informed_policy,5_se_informed_policy__d60__w24,123,1202
5_se_informed_policy,5_se_informed_policy__d60__w24,124,305
5_se_informed_policy,5_se_informed_policy__d60__w24,125,277
5_se_informed_policy,5_se_informed_policy__d60__w24,126,276
5_se_informed_policy,5_se_informed_policy__d60__w24,127,297
5_se_informed_policy,5_se_informed_policy__d60__w24,128,274
5_se_informed_policy,5_se_informed_policy__d60__w24,129,304
5_se_informed_policy,5_se_informed_policy__d60__w24,130,489
5_se_informed_policy,5_se_informed_policy__d60__w24,131,574
5_se_informed_policy,5_se_informed_policy__d60__w24,132,2687
5_se_informed_policy,5_se_informed_policy__d60__w24,133,367
5_se_informed_policy,5_se_informed_policy__d60__w24,134,478
5_se_informed_policy,5_se_informed_policy__d60__w24,135,540
5_se_informed_policy,5_se_informed_policy__d60__w24,136,534
5_se_informed_policy,5_se_informed_policy__d60__w24,137,554
5_se_informed_policy,5_se_informed_policy__d60__w24,138,472
5_se_informed_policy,5_se_informed_policy__d60__w24,139,527
5_se_informed_policy,5_se_informed_policy__d60__w24,140,525
5_se_informed_policy,5_se_informed_policy__d60__w24,141,535
5_se_informed_policy,5_se_informed_policy__d60__w24,142,537
5_se_informed_policy,5_se_informed_policy__d60__w24,143,489
5_se_informed_policy,5_se_informed_policy__d60__w24,144,374
5_se_informed_policy,5_se_informed_policy__d60__w24,145,379
5_se_informed_policy,5_se_informed_policy__d60__w24,146,357
5_se_informed_policy,5_se_informed_policy__d60__w24,147,607
5_se_informed_policy,5_se_informed_policy__d60__w24,148,311
5_se_informed_policy,5_se_informed_policy__d60__w24,149,286
5_se_informed_policy,5_se_informed_policy__d60__w24,150,246
5_se_informed_policy,5_se_informed_policy__d60__w24,151,287
5_se_informed_policy,5_se_informed_policy__d60__w24,152,288
5_se_informed_policy,5_se_informed_policy__d60__w24,153,420
5_se_informed_policy,5_se_informed_policy__d60__w24,154,416
5_se_informed_policy,5_se_informed_policy__d60__w24,155,2058
5_se_informed_policy,5_se_informed_policy__d60__w24,156,432
5_se_informed_policy,5_se_informed_policy__d60__w24,157,507
5_se_informed_policy,5_se_informed_policy__d60__w24,158,450
5_se_informed_policy,5_se_informed_policy__d60__w24,159,516
5_se_informed_policy,5_se_informed_policy__d60__w24,160,482
5_se_informed_policy,5_se_informed_policy__d60__w24,161,479
5_se_informed_policy,5_se_informed_policy__d60__w24,162,557
5_se_informed_policy,5_se_informed_policy__d60__w24,163,549
5_se_informed_policy,5_se_informed_policy__d60__w24,164,556
5_se_informed_policy,5_se_informed_policy__d60__w24,165,597
5_se_informed_policy,5_se_informed_policy__d60__w24,166,580
5_se_informed_policy,5_se_informed_policy__d60__w24,167,497
5_se_informed_policy,5_se_informed_policy__d120__w24,0,409
5_se_informed_policy,5_se_informed_policy__d120__w24,1,1310
5_se_informed_policy,5_se_informed_policy__d120__w24,2,481
5_se_informed_policy,5_se_informed_policy__d120__w24,3,437
5_se_informed_policy,5_se_informed_policy__d120__w24,4,429
5_se_informed_policy,5_se_informed_policy__d120__w24,5,445
5_se_informed_policy,5_se_informed_policy__d120__w24,6,460
5_se_informed_policy,5_se_informed_policy__d120__w24,7,480
5_se_informed_policy,5_se_informed_policy__d120__w24,8,630
5_se_informed_policy,5_se_informed_policy__d120__w24,9,649
5_se_informed_policy,5_se_informed_policy__d120__w24,10,624
5_se_informed_policy,5_se_informed_policy__d120__w24,11,720
5_se_informed_policy,5_se_informed_policy__d120__w24,12,897
5_se_informed_policy,5_se_informed_policy__d120__w24,13,940
5_se_informed_policy,5_se_informed_policy__d120__w24,14,1112
5_se_informed_policy,5_se_informed_policy__d120__w24,15,1108
5_se_informed_policy,5_se_informed_policy__d120__w24,16,1040
5_se_informed_policy,5_se_informed_policy__d120__w24,17,993
5_se_informed_policy,5_se_informed_policy__d120__w24,18,1020
5_se_informed_policy,5_se_informed_policy__d120__w24,19,924
5_se_informed_policy,5_se_informed_policy__d120__w24,20,963
5_se_informed_policy,5_se_informed_policy__d120__w24,21,1099
5_se_informed_policy,5_se_informed_policy__d120__w24,22,1065
5_se_informed_policy,5_se_informed_policy__d120__w24,23,936
5_se_informed_policy,5_se_informed_policy__d120__w24,24,773
5_se_informed_policy,5_se_informed_policy__d120__w24,25,665
5_se_informed_policy,5_se_informed_policy__d120__w24,26,4221
5_se_informed_policy,5_se_informed_policy__d120__w24,27,641
5_se_informed_policy,5_se_informed_policy__d120__w24,28,610
5_se_informed_policy,5_se_informed_policy__d120__w24,29,578
5_se_informed_policy,5_se_informed_policy__d120__w24,30,591
5_se_informed_policy,5_se_informed_policy__d120__w24,31,646
5_se_informed_policy,5_se_informed_policy__d120__w24,32,712
5_se_informed_policy,5_se_informed_policy__d120__w24,33,782
5_se_informed_policy,5_se_informed_policy__d120__w24,34,718
5_se_informed_policy,5_se_informed_policy__d120__w24,35,723
5_se_informed_policy,5_se_informed_policy__d120__w24,36,2179
5_se_informed_policy,5_se_informed_policy__d120__w24,37,901
5_se_informed_policy,5_se_informed_policy__d120__w24,38,1022
5_se_informed_policy,5_se_informed_policy__d120__w24,39,1007
5_se_informed_policy,5_se_informed_policy__d120__w24,40,1089
5_se_informed_policy,5_se_informed_policy__d120__w24,41,1202
5_se_informed_policy,5_se_informed_policy__d120__w24,42,1044
5_se_informed_policy,5_se_informed_policy__d120__w24,43,1020
5_se_informed_policy,5_se_informed_policy__d120__w24,44,967
5_se_informed_policy,5_se_informed_policy__d120__w24,45,1139
5_se_informed_policy,5_se_informed_policy__d120__w24,46,1009
5_se_informed_policy,5_se_informed_policy__d120__w24,47,1019
5_se_informed_policy,5_se_informed_policy__d120__w24,48,842
5_se_informed_policy,5_se_informed_policy__d120__w24,49,666
5_se_informed_policy,5_se_informed_policy__d120__w24,50,2513
5_se_informed_policy,5_se_informed_policy__d120__w24,51,605
5_se_informed_policy,5_se_informed_policy__d120__w24,52,484
5_se_informed_policy,5_se_informed_policy__d120__w24,53,600
5_se_informed_policy,5_se_informed_policy__d120__w24,54,536
5_se_informed_policy,5_se_informed_policy__d120__w24,55,618
5_se_informed_policy,5_se_informed_policy__d120__w24,56,694
5_se_informed_policy,5_se_informed_policy__d120__w24,57,745
5_se_informed_policy,5_se_informed_policy__d120__w24,58,780
5_se_informed_policy,5_se_informed_policy__d120__w24,59,769
5_se_informed_policy,5_se_informed_policy__d120__w24,60,884
5_se_informed_policy,5_se_informed_policy__d120__w24,61,989
5_se_informed_policy,5_se_informed_policy__d120__w24,62,1049
5_se_informed_policy,5_se_informed_policy__d120__w24,63,1074
5_se_informed_policy,5_se_informed_policy__d120__w24,64,1225
5_se_informed_policy,5_se_informed_policy__d120__w24,65,1152
5_se_informed_policy,5_se_informed_policy__d120__w24,66,1028
5_se_informed_policy,5_se_informed_policy__d120__w24,67,926
5_se_informed_policy,5_se_informed_policy__d120__w24,68,1039
5_se_informed_policy,5_se_informed_policy__d120__w24,69,987
5_se_informed_policy,5_se_informed_policy__d120__w24,70,1271
5_se_informed_policy,5_se_informed_policy__d120__w24,71,1135
5_se_informed_policy,5_se_informed_policy__d120__w24,72,912
5_se_informed_policy,5_se_informed_policy__d120__w24,73,799
5_se_informed_policy,5_se_informed_policy__d120__w24,74,3913
5_se_informed_policy,5_se_informed_policy__d120__w24,75,522
5_se_informed_policy,5_se_informed_policy__d120__w24,76,485
5_se_informed_policy,5_se_informed_policy__d120__w24,77,507
5_se_informed_policy,5_se_informed_policy__d120__w24,78,617
5_se_informed_policy,5_se_informed_policy__d120__w24,79,590
5_se_informed_policy,5_se_informed_policy__d120__w24,80,720
5_se_informed_policy,5_se_informed_policy__d120__w24,81,760
5_se_informed_policy,5_se_informed_policy__d120__w24,82,697
5_se_informed_policy,5_se_informed_policy__d120__w24,83,750
5_se_informed_policy,5_se_informed_policy__d120__w24,84,820
5_se_informed_policy,5_se_informed_policy__d120__w24,85,914
5_se_informed_policy,5_se_informed_policy__d120__w24,86,1036
5_se_informed_policy,5_se_informed_policy__d120__w24,87,1024
5_se_informed_policy,5_se_informed_policy__d120__w24,88,1062
5_se_informed_policy,5_se_informed_policy__d120__w24,89,1084
5_se_informed_policy,5_se_informed_policy__d120__w24,90,1051
5_se_informed_policy,5_se_informed_policy__d120__w24,91,995
5_se_informed_policy,5_se_informed_policy__d120__w24,92,935
5_se_informed_policy,5_se_informed_policy__d120__w24,93,1054
5_se_informed_policy,5_se_informed_policy__d120__w24,94,1034
5_se_informed_policy,5_se_informed_policy__d120__w24,95,1350
5_se_informed_policy,5_se_informed_policy__d120__w24,96,706
5_se_informed_policy,5_se_informed_policy__d120__w24,97,778
5_se_informed_policy,5_se_informed_policy__d120__w24,98,4087
5_se_informed_policy,5_se_informed_policy__d120__w24,99,529
5_se_informed_policy,5_se_informed_policy__d120__w24,100,463
5_se_informed_policy,5_se_informed_policy__d120__w24,101,522
5_se_informed_policy,5_se_informed_policy__d120__w24,102,546
5_se_informed_policy,5_se_informed_policy__d120__w24,103,579
5_se_informed_policy,5_se_informed_policy__d120__w24,104,659
5_se_informed_policy,5_se_informed_policy__d120__w24,105,696
5_se_informed_policy,5_se_informed_policy__d120__w24,106,716
5_se_informed_policy,5_se_informed_policy__d120__w24,107,708
5_se_informed_policy,5_se_informed_policy__d120__w24,108,801
5_se_informed_policy,5_se_informed_policy__d120__w24,109,912
5_se_informed_policy,5_se_informed_policy__d120__w24,110,979
5_se_informed_policy,5_se_informed_policy__d120__w24,111,1053
5_se_informed_policy,5_se_informed_policy__d120__w24,112,974
5_se_informed_policy,5_se_informed_policy__d120__w24,113,1013
5_se_informed_policy,5_se_informed_policy__d120__w24,114,965
5_se_informed_policy,5_se_informed_policy__d120__w24,115,921
5_se_informed_policy,5_se_informed_policy__d120__w24,116,887
5_se_informed_policy,5_se_informed_policy__d120__w24,117,978
5_se_informed_policy,5_se_informed_policy__d120__w24,118,977
5_se_informed_policy,5_se_informed_policy__d120__w24,119,781
5_se_informed_policy,5_se_informed_policy__d120__w24,120,620
5_se_informed_policy,5_se_informed_policy__d120__w24,121,586
5_se_informed_policy,5_se_informed_policy__d120__w24,122,465
5_se_informed_policy,5_se_informed_policy__d120__w24,123,1107
5_se_informed_policy,5_se_informed_policy__d120__w24,124,312
5_se_informed_policy,5_se_informed_policy__d120__w24,125,287
5_se_informed_policy,5_se_informed_policy__d120__w24,126,286
5_se_informed_policy,5_se_informed_policy__d120__w24,127,310
5_se_informed_policy,5_se_informed_policy__d120__w24,128,286
5_se_informed_policy,5_se_informed_policy__d120__w24,129,320
5_se_informed_policy,5_se_informed_policy__d120__w24,130,490
5_se_informed_policy,5_se_informed_policy__d120__w24,131,578
5_se_informed_policy,5_se_informed_policy__d120__w24,132,2401
5_se_informed_policy,5_se_informed_policy__d120__w24,133,385
5_se_informed_policy,5_se_informed_policy__d120__w24,134,494
5_se_informed_policy,5_se_informed_policy__d120__w24,135,546
5_se_informed_policy,5_se_informed_policy__d120__w24,136,543
5_se_informed_policy,5_se_informed_policy__d120__w24,137,571
5_se_informed_policy,5_se_informed_policy__d120__w24,138,485
5_se_informed_policy,5_se_informed_policy__d120__w24,139,530
5_se_informed_policy,5_se_informed_policy__d120__w24,140,528
5_se_informed_policy,5_se_informed_policy__d120__w24,141,547
5_se_informed_policy,5_se_informed_policy__d120__w24,142,547
5_se_informed_policy,5_se_informed_policy__d120__w24,143,491
5_se_informed_policy,5_se_informed_policy__d120__w24,144,380
5_se_informed_policy,5_se_informed_policy__d120__w24,145,384
5_se_informed_policy,5_se_informed_policy__d120__w24,146,360
5_se_informed_policy,5_se_informed_policy__d120__w24,147,552
5_se_informed_policy,5_se_informed_policy__d120__w24,148,319
5_se_informed_policy,5_se_informed_policy__d120__w24,149,288
5_se_informed_policy,5_se_informed_policy__d120__w24,150,250
5_se_informed_policy,5_se_informed_policy__d120__w24,151,291
5_se_informed_policy,5_se_informed_policy__d120__w24,152,290
5_se_informed_policy,5_se_informed_policy__d120__w24,153,414
5_se_informed_policy,5_se_informed_policy__d120__w24,154,404
5_se_informed_policy,5_se_informed_policy__d120__w24,155,1850
5_se_informed_policy,5_se_informed_policy__d120__w24,156,432
5_se_informed_policy,5_se_informed_policy__d120__w24,157,507
5_se_informed_policy,5_se_informed_policy__d120__w24,158,456
5_se_informed_policy,5_se_informed_policy__d120__w24,159,534
5_se_informed_policy,5_se_informed_policy__d120__w24,160,491
5_se_informed_policy,5_se_informed_policy__d120__w24,161,484
5_se_informed_policy,5_se_informed_policy__d120__w24,162,565
5_se_informed_policy,5_se_informed_policy__d120__w24,163,555
5_se_informed_policy,5_se_informed_policy__d120__w24,164,567
5_se_informed_policy,5_se_informed_policy__d120__w24,165,604
5_se_informed_policy,5_se_informed_policy__d120__w24,166,591
5_se_informed_policy,5_se_informed_policy__d120__w24,167,509
5_se_informed_policy,5_se_informed_policy__d240__w24,0,419
5_se_informed_policy,5_se_informed_policy__d240__w24,1,1091
5_se_informed_policy,5_se_informed_policy__d240__w24,2,481
5_se_informed_policy,5_se_informed_policy__d240__w24,3,437
5_se_informed_policy,5_se_informed_policy__d240__w24,4,444
5_se_informed_policy,5_se_informed_policy__d240__w24,5,469
5_se_informed_policy,5_se_informed_policy__d240__w24,6,479
5_se_informed_policy,5_se_informed_policy__d240__w24,7,495
5_se_informed_policy,5_se_informed_policy__d240__w24,8,657
5_se_informed_policy,5_se_informed_policy__d240__w24,9,691
5_se_informed_policy,5_se_informed_policy__d240__w24,10,674
5_se_informed_policy,5_se_informed_policy__d240__w24,11,762
5_se_informed_policy,5_se_informed_policy__d240__w24,12,935
5_se_informed_policy,5_se_informed_policy__d240__w24,13,989
5_se_informed_policy,5_se_informed_policy__d240__w24,14,1184
5_se_informed_policy,5_se_informed_policy__d240__w24,15,1159
5_se_informed_policy,5_se_informed_policy__d240__w24,16,1079
5_se_informed_policy,5_se_informed_policy__d240__w24,17,1047
5_se_informed_policy,5_se_informed_policy__d240__w24,18,1069
5_se_informed_policy,5_se_informed_policy__d240__w24,19,966
5_se_informed_policy,5_se_informed_policy__d240__w24,20,989
5_se_informed_policy,5_se_informed_policy__d240__w24,21,1142
5_se_informed_policy,5_se_informed_policy__d240__w24,22,1095
5_se_informed_policy,5_se_informed_policy__d240__w24,23,970
5_se_informed_policy,5_se_informed_policy__d240__w24,24,788
5_se_informed_policy,5_se_informed_policy__d240__w24,25,674
5_se_informed_policy,5_se_informed_policy__d240__w24,26,3436
5_se_informed_policy,5_se_informed_policy__d240__w24,27,641
5_se_informed_policy,5_se_informed_policy__d240__w24,28,610
5_se_informed_policy,5_se_informed_policy__d240__w24,29,623
5_se_informed_policy,5_se_informed_policy__d240__w24,30,622
5_se_informed_policy,5_se_informed_policy__d240__w24,31,675
5_se_informed_policy,5_se_informed_policy__d240__w24,32,742
5_se_informed_policy,5_se_informed_policy__d240__w24,33,832
5_se_informed_policy,5_se_informed_policy__d240__w24,34,756
5_se_informed_policy,5_se_informed_policy__d240__w24,35,775
5_se_informed_policy,5_se_informed_policy__d240__w24,36,1904
5_se_informed_policy,5_se_informed_policy__d240__w24,37,956
5_se_informed_policy,5_se_informed_policy__d240__w24,38,1074
5_se_informed_policy,5_se_informed_policy__d240__w24,39,1082
5_se_informed_policy,5_se_informed_policy__d240__w24,40,1145
5_se_informed_policy,5_se_informed_policy__d240__w24,41,1271
5_se_informed_policy,5_se_informed_policy__d240__w24,42,1099
5_se_informed_policy,5_se_informed_policy__d240__w24,43,1053
5_se_informed_policy,5_se_informed_policy__d240__w24,44,1007
5_se_informed_policy,5_se_informed_policy__d240__w24,45,1174
5_se_informed_policy,5_se_informed_policy__d240__w24,46,1040
5_se_informed_policy,5_se_informed_policy__d240__w24,47,1041
5_se_informed_policy,5_se_informed_policy__d240__w24,48,869
5_se_informed_policy,5_se_informed_policy__d240__w24,49,677
5_se_informed_policy,5_se_informed_policy__d240__w24,50,2062
5_se_informed_policy,5_se_informed_policy__d240__w24,51,626
5_se_informed_policy,5_se_informed_policy__d240__w24,52,516
5_se_informed_policy,5_se_informed_policy__d240__w24,53,626
5_se_informed_policy,5_se_informed_policy__d240__w24,54,556
5_se_informed_policy,5_se_informed_policy__d240__w24,55,640
5_se_informed_policy,5_se_informed_policy__d240__w24,56,726
5_se_informed_policy,5_se_informed_policy__d240__w24,57,794
5_se_informed_policy,5_se_informed_policy__d240__w24,58,833
5_se_informed_policy,5_se_informed_policy__d240__w24,59,802
5_se_informed_policy,5_se_informed_policy__d240__w24,60,921
5_se_informed_policy,5_se_informed_policy__d240__w24,61,1024
5_se_informed_policy,5_se_informed_policy__d240__w24,62,1077
5_se_informed_policy,5_se_informed_policy__d240__w24,63,1127
5_se_informed_policy,5_se_informed_policy__d240__w24,64,1270
5_se_informed_policy,5_se_informed_policy__d240__w24,65,1195
5_se_informed_policy,5_se_informed_policy__d240__w24,66,1078
5_se_informed_policy,5_se_informed_policy__d240__w24,67,967
5_se_informed_policy,5_se_informed_policy__d240__w24,68,1077
5_se_informed_policy,5_se_informed_policy__d240__w24,69,1032
5_se_informed_policy,5_se_informed_policy__d240__w24,70,1270
5_se_informed_policy,5_se_informed_policy__d240__w24,71,1138
5_se_informed_policy,5_se_informed_policy__d240__w24,72,911
5_se_informed_policy,5_se_informed_policy__d240__w24,73,801
5_se_informed_policy,5_se_informed_policy__d240__w24,74,3179
5_se_informed_policy,5_se_informed_policy__d240__w24,75,549
5_se_informed_policy,5_se_informed_policy__d240__w24,76,507
5_se_informed_policy,5_se_informed_policy__d240__w24,77,546
5_se_informed_policy,5_se_informed_policy__d240__w24,78,668
5_se_informed_policy,5_se_informed_policy__d240__w24,79,621
5_se_informed_policy,5_se_informed_policy__d240__w24,80,763
5_se_informed_policy,5_se_informed_policy__d240__w24,81,792
5_se_informed_policy,5_se_informed_policy__d240__w24,82,743
5_se_informed_policy,5_se_informed_policy__d240__w24,83,788
5_se_informed_policy,5_se_informed_policy__d240__w24,84,849
5_se_informed_policy,5_se_informed_policy__d240__w24,85,959
5_se_informed_policy,5_se_informed_policy__d240__w24,86,1081
5_se_informed_policy,5_se_informed_policy__d240__w24,87,1069
5_se_informed_policy,5_se_informed_policy__d240__w24,88,1121
5_se_informed_policy,5_se_informed_policy__d240__w24,89,1126
5_se_informed_policy,5_se_informed_policy__d240__w24,90,1100
5_se_informed_policy,5_se_informed_policy__d240__w24,91,1030
5_se_informed_policy,5_se_informed_policy__d240__w24,92,968
5_se_informed_policy,5_se_informed_policy__d240__w24,93,1090
5_se_informed_policy,5_se_informed_policy__d240__w24,94,1051
5_se_informed_policy,5_se_informed_policy__d240__w24,95,1324
5_se_informed_policy,5_se_informed_policy__d240__w24,96,720
5_se_informed_policy,5_se_informed_policy__d240__w24,97,780
5_se_informed_policy,5_se_informed_policy__d240__w24,98,3292
5_se_informed_policy,5_se_informed_policy__d240__w24,99,557
5_se_informed_policy,5_se_informed_policy__d240__w24,100,489
5_se_informed_policy,5_se_informed_policy__d240__w24,101,556
5_se_informed_policy,5_se_informed_policy__d240__w24,102,578
5_se_informed_policy,5_se_informed_policy__d240__w24,103,604
5_se_informed_policy,5_se_informed_policy__d240__w24,104,701
5_se_informed_policy,5_se_informed_policy__d240__w24,105,730
5_se_informed_policy,5_se_informed_policy__d240__w24,106,757
5_se_informed_policy,5_se_informed_policy__d240__w24,107,749
5_se_informed_policy,5_se_informed_policy__d240__w24,108,830
5_se_informed_policy,5_se_informed_policy__d240__w24,109,954
5_se_informed_policy,5_se_informed_policy__d240__w24,110,1010
5_se_informed_policy,5_se_informed_policy__d240__w24,111,1095
5_se_informed_policy,5_se_informed_policy__d240__w24,112,1012
5_se_informed_policy,5_se_informed_policy__d240__w24,113,1048
5_se_informed_policy,5_se_informed_policy__d240__w24,114,1003
5_se_informed_policy,5_se_informed_policy__d240__w24,115,946
5_se_informed_policy,5_se_informed_policy__d240__w24,116,914
5_se_informed_policy,5_se_informed_policy__d240__w24,117,997
5_se_informed_policy,5_se_informed_policy__d240__w24,118,1000
5_se_informed_policy,5_se_informed_policy__d240__w24,119,799
5_se_informed_policy,5_se_informed_policy__d240__w24,120,636
5_se_informed_policy,5_se_informed_policy__d240__w24,121,578
5_se_informed_policy,5_se_informed_policy__d240__w24,122,450
5_se_informed_policy,5_se_informed_policy__d240__w24,123,894
5_se_informed_policy,5_se_informed_policy__d240__w24,124,324
5_se_informed_policy,5_se_informed_policy__d240__w24,125,297
5_se_informed_policy,5_se_informed_policy__d240__w24,126,300
5_se_informed_policy,5_se_informed_policy__d240__w24,127,328
5_se_informed_policy,5_se_informed_policy__d240__w24,128,300
5_se_informed_policy,5_se_informed_policy__d240__w24,129,334
5_se_informed_policy,5_se_informed_policy__d240__w24,130,455
5_se_informed_policy,5_se_informed_policy__d240__w24,131,561
5_se_informed_policy,5_se_informed_policy__d240__w24,132,2045
5_se_informed_policy,5_se_informed_policy__d240__w24,133,395
5_se_informed_policy,5_se_informed_policy__d240__w24,134,521
5_se_informed_policy,5_se_informed_policy__d240__w24,135,575
5_se_informed_policy,5_se_informed_policy__d240__w24,136,562
5_se_informed_policy,5_se_informed_policy__d240__w24,137,589
5_se_informed_policy,5_se_informed_policy__d240__w24,138,500
5_se_informed_policy,5_se_informed_policy__d240__w24,139,549
5_se_informed_policy,5_se_informed_policy__d240__w24,140,546
5_se_informed_policy,5_se_informed_policy__d240__w24,141,559
5_se_informed_policy,5_se_informed_policy__d240__w24,142,559
5_se_informed_policy,5_se_informed_policy__d240__w24,143,498
5_se_informed_policy,5_se_informed_policy__d240__w24,144,389
5_se_informed_policy,5_se_informed_policy__d240__w24,145,382
5_se_informed_policy,5_se_informed_policy__d240__w24,146,356
5_se_informed_policy,5_se_informed_policy__d240__w24,147,483
5_se_informed_policy,5_se_informed_policy__d240__w24,148,330
5_se_informed_policy,5_se_informed_policy__d240__w24,149,299
5_se_informed_policy,5_se_informed_policy__d240__w24,150,261
5_se_informed_policy,5_se_informed_policy__d240__w24,151,327
5_se_informed_policy,5_se_informed_policy__d240__w24,152,306
5_se_informed_policy,5_se_informed_policy__d240__w24,153,424
5_se_informed_policy,5_se_informed_policy__d240__w24,154,418
5_se_informed_policy,5_se_informed_policy__d240__w24,155,1456
5_se_informed_policy,5_se_informed_policy__d240__w24,156,432
5_se_informed_policy,5_se_informed_policy__d240__w24,157,507
5_se_informed_policy,5_se_informed_policy__d240__w24,158,478
5_se_informed_policy,5_se_informed_policy__d240__w24,159,562
5_se_informed_policy,5_se_informed_policy__d240__w24,160,527
5_se_informed_policy,5_se_informed_policy__d240__w24,161,509
5_se_informed_policy,5_se_informed_policy__d240__w24,162,587
5_se_informed_policy,5_se_informed_policy__d240__w24,163,571
5_se_informed_policy,5_se_informed_policy__d240__w24,164,583
5_se_informed_policy,5_se_informed_policy__d240__w24,165,616
5_se_informed_policy,5_se_informed_policy__d240__w24,166,614
5_se_informed_policy,5_se_informed_policy__d240__w24,167,518
5_se_informed_policy,5_se_informed_policy__d480__w24,0,433
5_se_informed_policy,5_se_informed_policy__d480__w24,1,836
5_se_informed_policy,5_se_informed_policy__d480__w24,2,481
5_se_informed_policy,5_se_informed_policy__d480__w24,3,437
5_se_informed_policy,5_se_informed_policy__d480__w24,4,453
5_se_informed_policy,5_se_informed_policy__d480__w24,5,481
5_se_informed_policy,5_se_informed_policy__d480__w24,6,502
5_se_informed_policy,5_se_informed_policy__d480__w24,7,522
5_se_informed_policy,5_se_informed_policy__d480__w24,8,678
5_se_informed_policy,5_se_informed_policy__d480__w24,9,737
5_se_informed_policy,5_se_informed_policy__d480__w24,10,717
5_se_informed_policy,5_se_informed_policy__d480__w24,11,801
5_se_informed_policy,5_se_informed_policy__d480__w24,12,973
5_se_informed_policy,5_se_informed_policy__d480__w24,13,1033
5_se_informed_policy,5_se_informed_policy__d480__w24,14,1232
5_se_informed_policy,5_se_informed_policy__d480__w24,15,1217
5_se_informed_policy,5_se_informed_policy__d480__w24,16,1137
5_se_informed_policy,5_se_informed_policy__d480__w24,17,1098
5_se_informed_policy,5_se_informed_policy__d480__w24,18,1110
5_se_informed_policy,5_se_informed_policy__d480__w24,19,1004
5_se_informed_policy,5_se_informed_policy__d480__w24,20,1035
5_se_informed_policy,5_se_informed_policy__d480__w24,21,1194
5_se_informed_policy,5_se_informed_policy__d480__w24,22,1139
5_se_informed_policy,5_se_informed_policy__d480__w24,23,1008
5_se_informed_policy,5_se_informed_policy__d480__w24,24,833
5_se_informed_policy,5_se_informed_policy__d480__w24,25,702
5_se_informed_policy,5_se_informed_policy__d480__w24,26,2587
5_se_informed_policy,5_se_informed_policy__d480__w24,27,641
5_se_informed_policy,5_se_informed_policy__d480__w24,28,610
5_se_informed_policy,5_se_informed_policy__d480__w24,29,641
5_se_informed_policy,5_se_informed_policy__d480__w24,30,648
5_se_informed_policy,5_se_informed_policy__d480__w24,31,718
5_se_informed_policy,5_se_informed_policy__d480__w24,32,772
5_se_informed_policy,5_se_informed_policy__d480__w24,33,876
5_se_informed_policy,5_se_informed_policy__d480__w24,34,820
5_se_informed_policy,5_se_informed_policy__d480__w24,35,826
5_se_informed_policy,5_se_informed_policy__d480__w24,36,1628
5_se_informed_policy,5_se_informed_policy__d480__w24,37,1015
5_se_informed_policy,5_se_informed_policy__d480__w24,38,1122
5_se_informed_policy,5_se_informed_policy__d480__w24,39,1122
5_se_informed_policy,5_se_informed_policy__d480__w24,40,1203
5_se_informed_policy,5_se_informed_policy__d480__w24,41,1331
5_se_informed_policy,5_se_informed_policy__d480__w24,42,1136
5_se_informed_policy,5_se_informed_policy__d480__w24,43,1093
5_se_informed_policy,5_se_informed_policy__d480__w24,44,1056
5_se_informed_policy,5_se_informed_policy__d480__w24,45,1234
5_se_informed_policy,5_se_informed_policy__d480__w24,46,1092
5_se_informed_policy,5_se_informed_policy__d480__w24,47,1085
5_se_informed_policy,5_se_informed_policy__d480__w24,48,930
5_se_informed_policy,5_se_informed_policy__d480__w24,49,719
5_se_informed_policy,5_se_informed_policy__d480__w24,50,1644
5_se_informed_policy,5_se_informed_policy__d480__w24,51,641
5_se_informed_policy,5_se_informed_policy__d480__w24,52,542
5_se_informed_policy,5_se_informed_policy__d480__w24,53,653
5_se_informed_policy,5_se_informed_policy__d480__w24,54,572
5_se_informed_policy,5_se_informed_policy__d480__w24,55,680
5_se_informed_policy,5_se_informed_policy__d480__w24,56,765
5_se_informed_policy,5_se_informed_policy__d480__w24,57,842
5_se_informed_policy,5_se_informed_policy__d480__w24,58,895
5_se_informed_policy,5_se_informed_policy__d480__w24,59,837
5_se_informed_policy,5_se_informed_policy__d480__w24,60,967
5_se_informed_policy,5_se_informed_policy__d480__w24,61,1071
5_se_informed_policy,5_se_informed_policy__d480__w24,62,1112
5_se_informed_policy,5_se_informed_policy__d480__w24,63,1197
5_se_informed_policy,5_se_informed_policy__d480__w24,64,1321
5_se_informed_policy,5_se_informed_policy__d480__w24,65,1240
5_se_informed_policy,5_se_informed_policy__d480__w24,66,1124
5_se_informed_policy,5_se_informed_policy__d480__w24,67,1023
5_se_informed_policy,5_se_informed_policy__d480__w24,68,1113
5_se_informed_policy,5_se_informed_policy__d480__w24,69,1080
5_se_informed_policy,5_se_informed_policy__d480__w24,70,1273
5_se_informed_policy,5_se_informed_policy__d480__w24,71,1142
5_se_informed_policy,5_se_informed_policy__d480__w24,72,873
5_se_informed_policy,5_se_informed_policy__d480__w24,73,794
5_se_informed_policy,5_se_informed_policy__d480__w24,74,2324
5_se_informed_policy,5_se_informed_policy__d480__w24,75,559
5_se_informed_policy,5_se_informed_policy__d480__w24,76,520
5_se_informed_policy,5_se_informed_policy__d480__w24,77,562
5_se_informed_policy,5_se_informed_policy__d480__w24,78,690
5_se_informed_policy,5_se_informed_policy__d480__w24,79,653
5_se_informed_policy,5_se_informed_policy__d480__w24,80,796
5_se_informed_policy,5_se_informed_policy__d480__w24,81,850
5_se_informed_policy,5_se_informed_policy__d480__w24,82,775
5_se_informed_policy,5_se_informed_policy__d480__w24,83,827
5_se_informed_policy,5_se_informed_policy__d480__w24,84,879
5_se_informed_policy,5_se_informed_policy__d480__w24,85,998
5_se_informed_policy,5_se_informed_policy__d480__w24,86,1145
5_se_informed_policy,5_se_informed_policy__d480__w24,87,1126
5_se_informed_policy,5_se_informed_policy__d480__w24,88,1174
5_se_informed_policy,5_se_informed_policy__d480__w24,89,1180
5_se_informed_policy,5_se_informed_policy__d480__w24,90,1154
5_se_informed_policy,5_se_informed_policy__d480__w24,91,1053
5_se_informed_policy,5_se_informed_policy__d480__w24,92,1000
5_se_informed_policy,5_se_informed_policy__d480__w24,93,1122
5_se_informed_policy,5_se_informed_policy__d480__w24,94,1098
5_se_informed_policy,5_se_informed_policy__d480__w24,95,1288
5_se_informed_policy,5_se_informed_policy__d480__w24,96,766
5_se_informed_policy,5_se_informed_policy__d480__w24,97,774
5_se_informed_policy,5_se_informed_policy__d480__w24,98,2483
5_se_informed_policy,5_se_informed_policy__d480__w24,99,574
5_se_informed_policy,5_se_informed_policy__d480__w24,100,508
5_se_informed_policy,5_se_informed_policy__d480__w24,101,579
5_se_informed_policy,5_se_informed_policy__d480__w24,102,601
5_se_informed_policy,5_se_informed_policy__d480__w24,103,636
5_se_informed_policy,5_se_informed_policy__d480__w24,104,734
5_se_informed_policy,5_se_informed_policy__d480__w24,105,759
5_se_informed_policy,5_se_informed_policy__d480__w24,106,787
5_se_informed_policy,5_se_informed_policy__d480__w24,107,782
5_se_informed_policy,5_se_informed_policy__d480__w24,108,861
5_se_informed_policy,5_se_informed_policy__d480__w24,109,993
5_se_informed_policy,5_se_informed_policy__d480__w24,110,1056
5_se_informed_policy,5_se_informed_policy__d480__w24,111,1122
5_se_informed_policy,5_se_informed_policy__d480__w24,112,1059
5_se_informed_policy,5_se_informed_policy__d480__w24,113,1091
5_se_informed_policy,5_se_informed_policy__d480__w24,114,1039
5_se_informed_policy,5_se_informed_policy__d480__w24,115,1001
5_se_informed_policy,5_se_informed_policy__d480__w24,116,942
5_se_informed_policy,5_se_informed_policy__d480__w24,117,1031
5_se_informed_policy,5_se_informed_policy__d480__w24,118,1035
5_se_informed_policy,5_se_informed_policy__d480__w24,119,818
5_se_informed_policy,5_se_informed_policy__d480__w24,120,655
5_se_informed_policy,5_se_informed_policy__d480__w24,121,567
5_se_informed_policy,5_se_informed_policy__d480__w24,122,431
5_se_informed_policy,5_se_informed_policy__d480__w24,123,726
5_se_informed_policy,5_se_informed_policy__d480__w24,124,328
5_se_informed_policy,5_se_informed_policy__d480__w24,125,301
5_se_informed_policy,5_se_informed_policy__d480__w24,126,306
5_se_informed_policy,5_se_informed_policy__d480__w24,127,338
5_se_informed_policy,5_se_informed_policy__d480__w24,128,317
5_se_informed_policy,5_se_informed_policy__d480__w24,129,358
5_se_informed_policy,5_se_informed_policy__d480__w24,130,441
5_se_informed_policy,5_se_informed_policy__d480__w24,131,544
5_se_informed_policy,5_se_informed_policy__d480__w24,132,1601
5_se_informed_policy,5_se_informed_policy__d480__w24,133,406
5_se_informed_policy,5_se_informed_policy__d480__w24,134,538
5_se_informed_policy,5_se_informed_policy__d480__w24,135,594
5_se_informed_policy,5_se_informed_policy__d480__w24,136,581
5_se_informed_policy,5_se_informed_policy__d480__w24,137,606
5_se_informed_policy,5_se_informed_policy__d480__w24,138,518
5_se_informed_policy,5_se_informed_policy__d480__w24,139,568
5_se_informed_policy,5_se_informed_policy__d480__w24,140,566
5_se_informed_policy,5_se_informed_policy__d480__w24,141,578
5_se_informed_policy,5_se_informed_policy__d480__w24,142,581
5_se_informed_policy,5_se_informed_policy__d480__w24,143,508
5_se_informed_policy,5_se_informed_policy__d480__w24,144,411
5_se_informed_policy,5_se_informed_policy__d480__w24,145,387
5_se_informed_policy,5_se_informed_policy__d480__w24,146,348
5_se_informed_policy,5_se_informed_policy__d480__w24,147,441
5_se_informed_policy,5_se_informed_policy__d480__w24,148,333
5_se_informed_policy,5_se_informed_policy__d480__w24,149,312
5_se_informed_policy,5_se_informed_policy__d480__w24,150,265
5_se_informed_policy,5_se_informed_policy__d480__w24,151,345
5_se_informed_policy,5_se_informed_policy__d480__w24,152,314
5_se_informed_policy,5_se_informed_policy__d480__w24,153,409
5_se_informed_policy,5_se_informed_policy__d480__w24,154,415
5_se_informed_policy,5_se_informed_policy__d480__w24,155,1108
5_se_informed_policy,5_se_informed_policy__d480__w24,156,432
5_se_informed_policy,5_se_informed_policy__d480__w24,157,507
5_se_informed_policy,5_se_informed_policy__d480__w24,158,496
5_se_informed_policy,5_se_informed_policy__d480__w24,159,580
5_se_informed_policy,5_se_informed_policy__d480__w24,160,547
5_se_informed_policy,5_se_informed_policy__d480__w24,161,520
5_se_informed_policy,5_se_informed_policy__d480__w24,162,601
5_se_informed_policy,5_se_informed_policy__d480__w24,163,605
5_se_informed_policy,5_se_informed_policy__d480__w24,164,609
5_se_informed_policy,5_se_informed_policy__d480__w24,165,650
5_se_informed_policy,5_se_informed_policy__d480__w24,166,645
5_se_informed_policy,5_se_informed_policy__d480__w24,167,553
5_se_informed_policy,5_se_informed_policy__d960__w24,0,450
5_se_informed_policy,5_se_informed_policy__d960__w24,1,623
5_se_informed_policy,5_se_informed_policy__d960__w24,2,481
5_se_informed_policy,5_se_informed_policy__d960__w24,3,437
5_se_informed_policy,5_se_informed_policy__d960__w24,4,471
5_se_informed_policy,5_se_informed_policy__d960__w24,5,511
5_se_informed_policy,5_se_informed_policy__d960__w24,6,525
5_se_informed_policy,5_se_informed_policy__d960__w24,7,540
5_se_informed_policy,5_se_informed_policy__d960__w24,8,703
5_se_informed_policy,5_se_informed_policy__d960__w24,9,757
5_se_informed_policy,5_se_informed_policy__d960__w24,10,739
5_se_informed_policy,5_se_informed_policy__d960__w24,11,816
5_se_informed_policy,5_se_informed_policy__d960__w24,12,998
5_se_informed_policy,5_se_informed_policy__d960__w24,13,1056
5_se_informed_policy,5_se_informed_policy__d960__w24,14,1262
5_se_informed_policy,5_se_informed_policy__d960__w24,15,1237
5_se_informed_policy,5_se_informed_policy__d960__w24,16,1187
5_se_informed_policy,5_se_informed_policy__d960__w24,17,1161
5_se_informed_policy,5_se_informed_policy__d960__w24,18,1162
5_se_informed_policy,5_se_informed_policy__d960__w24,19,1062
5_se_informed_policy,5_se_informed_policy__d960__w24,20,1111
5_se_informed_policy,5_se_informed_policy__d960__w24,21,1285
5_se_informed_policy,5_se_informed_policy__d960__w24,22,1226
5_se_informed_policy,5_se_informed_policy__d960__w24,23,1075
5_se_informed_policy,5_se_informed_policy__d960__w24,24,893
5_se_informed_policy,5_se_informed_policy__d960__w24,25,745
5_se_informed_policy,5_se_informed_policy__d960__w24,26,1671
5_se_informed_policy,5_se_informed_policy__d960__w24,27,641
5_se_informed_policy,5_se_informed_policy__d960__w24,28,610
5_se_informed_policy,5_se_informed_policy__d960__w24,29,664
5_se_informed_policy,5_se_informed_policy__d960__w24,30,666
5_se_informed_policy,5_se_informed_policy__d960__w24,31,745
5_se_informed_policy,5_se_informed_policy__d960__w24,32,806
5_se_informed_policy,5_se_informed_policy__d960__w24,33,911
5_se_informed_policy,5_se_informed_policy__d960__w24,34,848
5_se_informed_policy,5_se_informed_policy__d960__w24,35,849
5_se_informed_policy,5_se_informed_policy__d960__w24,36,1440
5_se_informed_policy,5_se_informed_policy__d960__w24,37,1045
5_se_informed_policy,5_se_informed_policy__d960__w24,38,1154
5_se_informed_policy,5_se_informed_policy__d960__w24,39,1163
5_se_informed_policy,5_se_informed_policy__d960__w24,40,1252
5_se_informed_policy,5_se_informed_policy__d960__w24,41,1409
5_se_informed_policy,5_se_informed_policy__d960__w24,42,1188
5_se_informed_policy,5_se_informed_policy__d960__w24,43,1166
5_se_informed_policy,5_se_informed_policy__d960__w24,44,1126
5_se_informed_policy,5_se_informed_policy__d960__w24,45,1308
5_se_informed_policy,5_se_informed_policy__d960__w24,46,1183
5_se_informed_policy,5_se_informed_policy__d960__w24,47,1154
5_se_informed_policy,5_se_informed_policy__d960__w24,48,1017
5_se_informed_policy,5_se_informed_policy__d960__w24,49,775
5_se_informed_policy,5_se_informed_policy__d960__w24,50,1169
5_se_informed_policy,5_se_informed_policy__d960__w24,51,663
5_se_informed_policy,5_se_informed_policy__d960__w24,52,555
5_se_informed_policy,5_se_informed_policy__d960__w24,53,668
5_se_informed_policy,5_se_informed_policy__d960__w24,54,583
5_se_informed_policy,5_se_informed_policy__d960__w24,55,696
5_se_informed_policy,5_se_informed_policy__d960__w24,56,783
5_se_informed_policy,5_se_informed_policy__d960__w24,57,866
5_se_informed_policy,5_se_informed_policy__d960__w24,58,915
5_se_informed_policy,5_se_informed_policy__d960__w24,59,859
5_se_informed_policy,5_se_informed_policy__d960__w24,60,979
5_se_informed_policy,5_se_informed_policy__d960__w24,61,1100
5_se_informed_policy,5_se_informed_policy__d960__w24,62,1144
5_se_informed_policy,5_se_informed_policy__d960__w24,63,1241
5_se_informed_policy,5_se_informed_policy__d960__w24,64,1372
5_se_informed_policy,5_se_informed_policy__d960__w24,65,1293
5_se_informed_policy,5_se_informed_policy__d960__w24,66,1187
5_se_informed_policy,5_se_informed_policy__d960__w24,67,1091
5_se_informed_policy,5_se_informed_policy__d960__w24,68,1182
5_se_informed_policy,5_se_informed_policy__d960__w24,69,1157
5_se_informed_policy,5_se_informed_policy__d960__w24,70,1255
5_se_informed_policy,5_se_informed_policy__d960__w24,71,1155
5_se_informed_policy,5_se_informed_policy__d960__w24,72,860
5_se_informed_policy,5_se_informed_policy__d960__w24,73,780
5_se_informed_policy,5_se_informed_policy__d960__w24,74,1589
5_se_informed_policy,5_se_informed_policy__d960__w24,75,573
5_se_informed_policy,5_se_informed_policy__d960__w24,76,537
5_se_informed_policy,5_se_informed_policy__d960__w24,77,577
5_se_informed_policy,5_se_informed_policy__d960__w24,78,712
5_se_informed_policy,5_se_informed_policy__d960__w24,79,672
5_se_informed_policy,5_se_informed_policy__d960__w24,80,817
5_se_informed_policy,5_se_informed_policy__d960__w24,81,876
5_se_informed_policy,5_se_informed_policy__d960__w24,82,793
5_se_informed_policy,5_se_informed_policy__d960__w24,83,839
5_se_informed_policy,5_se_informed_policy__d960__w24,84,894
5_se_informed_policy,5_se_informed_policy__d960__w24,85,1026
5_se_informed_policy,5_se_informed_policy__d960__w24,86,1174
5_se_informed_policy,5_se_informed_policy__d960__w24,87,1166
5_se_informed_policy,5_se_informed_policy__d960__w24,88,1216
5_se_informed_policy,5_se_informed_policy__d960__w24,89,1226
5_se_informed_policy,5_se_informed_policy__d960__w24,90,1208
5_se_informed_policy,5_se_informed_policy__d960__w24,91,1096
5_se_informed_policy,5_se_informed_policy__d960__w24,92,1062
5_se_informed_policy,5_se_informed_policy__d960__w24,93,1206
5_se_informed_policy,5_se_informed_policy__d960__w24,94,1187
5_se_informed_policy,5_se_informed_policy__d960__w24,95,1233
5_se_informed_policy,5_se_informed_policy__d960__w24,96,827
5_se_informed_policy,5_se_informed_policy__d960__w24,97,779
5_se_informed_policy,5_se_informed_policy__d960__w24,98,1619
5_se_informed_policy,5_se_informed_policy__d960__w24,99,587
5_se_informed_policy,5_se_informed_policy__d960__w24,100,518
5_se_informed_policy,5_se_informed_policy__d960__w24,101,592
5_se_informed_policy,5_se_informed_policy__d960__w24,102,617
5_se_informed_policy,5_se_informed_policy__d960__w24,103,650
5_se_informed_policy,5_se_informed_policy__d960__w24,104,750
5_se_informed_policy,5_se_informed_policy__d960__w24,105,780
5_se_informed_policy,5_se_informed_policy__d960__w24,106,802
5_se_informed_policy,5_se_informed_policy__d960__w24,107,801
5_se_informed_policy,5_se_informed_policy__d960__w24,108,877
5_se_informed_policy,5_se_informed_policy__d960__w24,109,1009
5_se_informed_policy,5_se_informed_policy__d960__w24,110,1081
5_se_informed_policy,5_se_informed_policy__d960__w24,111,1146
5_se_informed_policy,5_se_informed_policy__d960__w24,112,1091
5_se_informed_policy,5_se_informed_policy__d960__w24,113,1136
5_se_informed_policy,5_se_informed_policy__d960__w24,114,1091
5_se_informed_policy,5_se_informed_policy__d960__w24,115,1057
5_se_informed_policy,5_se_informed_policy__d960__w24,116,991
5_se_informed_policy,5_se_informed_policy__d960__w24,117,1101
5_se_informed_policy,5_se_informed_policy__d960__w24,118,1113
5_se_informed_policy,5_se_informed_policy__d960__w24,119,881
5_se_informed_policy,5_se_informed_policy__d960__w24,120,696
5_se_informed_policy,5_se_informed_policy__d960__w24,121,543
5_se_informed_policy,5_se_informed_policy__d960__w24,122,432
5_se_informed_policy,5_se_informed_policy__d960__w24,123,637
5_se_informed_policy,5_se_informed_policy__d960__w24,124,340
5_se_informed_policy,5_se_informed_policy__d960__w24,125,313
5_se_informed_policy,5_se_informed_policy__d960__w24,126,317
5_se_informed_policy,5_se_informed_policy__d960__w24,127,344
5_se_informed_policy,5_se_informed_policy__d960__w24,128,323
5_se_informed_policy,5_se_informed_policy__d960__w24,129,365
5_se_informed_policy,5_se_informed_policy__d960__w24,130,435
5_se_informed_policy,5_se_informed_policy__d960__w24,131,533
5_se_informed_policy,5_se_informed_policy__d960__w24,132,1039
5_se_informed_policy,5_se_informed_policy__d960__w24,133,412
5_se_informed_policy,5_se_informed_policy__d960__w24,134,547
5_se_informed_policy,5_se_informed_policy__d960__w24,135,604
5_se_informed_policy,5_se_informed_policy__d960__w24,136,595
5_se_informed_policy,5_se_informed_policy__d960__w24,137,622
5_se_informed_policy,5_se_informed_policy__d960__w24,138,541
5_se_informed_policy,5_se_informed_policy__d960__w24,139,587
5_se_informed_policy,5_se_informed_policy__d960__w24,140,579
5_se_informed_policy,5_se_informed_policy__d960__w24,141,589
5_se_informed_policy,5_se_informed_policy__d960__w24,142,597
5_se_informed_policy,5_se_informed_policy__d960__w24,143,526
5_se_informed_policy,5_se_informed_policy__d960__w24,144,422
5_se_informed_policy,5_se_informed_policy__d960__w24,145,368
5_se_informed_policy,5_se_informed_policy__d960__w24,146,344
5_se_informed_policy,5_se_informed_policy__d960__w24,147,396
5_se_informed_policy,5_se_informed_policy__d960__w24,148,343
5_se_informed_policy,5_se_informed_policy__d960__w24,149,330
5_se_informed_policy,5_se_informed_policy__d960__w24,150,278
5_se_informed_policy,5_se_informed_policy__d960__w24,151,354
5_se_informed_policy,5_se_informed_policy__d960__w24,152,319
5_se_informed_policy,5_se_informed_policy__d960__w24,153,411
5_se_informed_policy,5_se_informed_policy__d960__w24,154,416
5_se_informed_policy,5_se_informed_policy__d960__w24,155,823
5_se_informed_policy,5_se_informed_policy__d960__w24,156,432
5_se_informed_policy,5_se_informed_policy__d960__w24,157,507
5_se_informed_policy,5_se_informed_policy__d960__w24,158,506
5_se_informed_policy,5_se_informed_policy__d960__w24,159,604
5_se_informed_policy,5_se_informed_policy__d960__w24,160,567
5_se_informed_policy,5_se_informed_policy__d960__w24,161,538
5_se_informed_policy,5_se_informed_policy__d960__w24,162,624
5_se_informed_policy,5_se_informed_policy__d960__w24,163,618
5_se_informed_policy,5_se_informed_policy__d960__w24,164,629
5_se_informed_policy,5_se_informed_policy__d960__w24,165,683
5_se_informed_policy,5_se_informed_policy__d960__w24,166,662
5_se_informed_policy,5_se_informed_policy__d960__w24,167,571
5_se_informed_policy,5_se_informed_policy__d1920__w24,0,456
5_se_informed_policy,5_se_informed_policy__d1920__w24,1,559
5_se_informed_policy,5_se_informed_policy__d1920__w24,2,481
5_se_informed_policy,5_se_informed_policy__d1920__w24,3,437
5_se_informed_policy,5_se_informed_policy__d1920__w24,4,473
5_se_informed_policy,5_se_informed_policy__d1920__w24,5,515
5_se_informed_policy,5_se_informed_policy__d1920__w24,6,533
5_se_informed_policy,5_se_informed_policy__d1920__w24,7,554
5_se_informed_policy,5_se_informed_policy__d1920__w24,8,732
5_se_informed_policy,5_se_informed_policy__d1920__w24,9,800
5_se_informed_policy,5_se_informed_policy__d1920__w24,10,777
5_se_informed_policy,5_se_informed_policy__d1920__w24,11,865
5_se_informed_policy,5_se_informed_policy__d1920__w24,12,1063
5_se_informed_policy,5_se_informed_policy__d1920__w24,13,1104
5_se_informed_policy,5_se_informed_policy__d1920__w24,14,1308
5_se_informed_policy,5_se_informed_policy__d1920__w24,15,1271
5_se_informed_policy,5_se_informed_policy__d1920__w24,16,1218
5_se_informed_policy,5_se_informed_policy__d1920__w24,17,1201
5_se_informed_policy,5_se_informed_policy__d1920__w24,18,1189
5_se_informed_policy,5_se_informed_policy__d1920__w24,19,1088
5_se_informed_policy,5_se_informed_policy__d1920__w24,20,1136
5_se_informed_policy,5_se_informed_policy__d1920__w24,21,1306
5_se_informed_policy,5_se_informed_policy__d1920__w24,22,1249
5_se_informed_policy,5_se_informed_policy__d1920__w24,23,1082
5_se_informed_policy,5_se_informed_policy__d1920__w24,24,902
5_se_informed_policy,5_se_informed_policy__d1920__w24,25,750
5_se_informed_policy,5_se_informed_policy__d1920__w24,26,1077
5_se_informed_policy,5_se_informed_policy__d1920__w24,27,641
5_se_informed_policy,5_se_informed_policy__d1920__w24,28,610
5_se_informed_policy,5_se_informed_policy__d1920__w24,29,682
5_se_informed_policy,5_se_informed_policy__d1920__w24,30,694
5_se_informed_policy,5_se_informed_policy__d1920__w24,31,779
5_se_informed_policy,5_se_informed_policy__d1920__w24,32,841
5_se_informed_policy,5_se_informed_policy__d1920__w24,33,955
5_se_informed_policy,5_se_informed_policy__d1920__w24,34,900
5_se_informed_policy,5_se_informed_policy__d1920__w24,35,898
5_se_informed_policy,5_se_informed_policy__d1920__w24,36,1180
5_se_informed_policy,5_se_informed_policy__d1920__w24,37,1097
5_se_informed_policy,5_se_informed_policy__d1920__w24,38,1198
5_se_informed_policy,5_se_informed_policy__d1920__w24,39,1205
5_se_informed_policy,5_se_informed_policy__d1920__w24,40,1282
5_se_informed_policy,5_se_informed_policy__d1920__w24,41,1434
5_se_informed_policy,5_se_informed_policy__d1920__w24,42,1209
5_se_informed_policy,5_se_informed_policy__d1920__w24,43,1194
5_se_informed_policy,5_se_informed_policy__d1920__w24,44,1150
5_se_informed_policy,5_se_informed_policy__d1920__w24,45,1326
5_se_informed_policy,5_se_informed_policy__d1920__w24,46,1207
5_se_informed_policy,5_se_informed_policy__d1920__w24,47,1177
5_se_informed_policy,5_se_informed_policy__d1920__w24,48,1023
5_se_informed_policy,5_se_informed_policy__d1920__w24,49,787
5_se_informed_policy,5_se_informed_policy__d1920__w24,50,890
5_se_informed_policy,5_se_informed_policy__d1920__w24,51,667
5_se_informed_policy,5_se_informed_policy__d1920__w24,52,560
5_se_informed_policy,5_se_informed_policy__d1920__w24,53,677
5_se_informed_policy,5_se_informed_policy__d1920__w24,54,608
5_se_informed_policy,5_se_informed_policy__d1920__w24,55,735
5_se_informed_policy,5_se_informed_policy__d1920__w24,56,823
5_se_informed_policy,5_se_informed_policy__d1920__w24,57,905
5_se_informed_policy,5_se_informed_policy__d1920__w24,58,963
5_se_informed_policy,5_se_informed_policy__d1920__w24,59,901
5_se_informed_policy,5_se_informed_policy__d1920__w24,60,1038
5_se_informed_policy,5_se_informed_policy__d1920__w24,61,1133
5_se_informed_policy,5_se_informed_policy__d1920__w24,62,1172
5_se_informed_policy,5_se_informed_policy__d1920__w24,63,1277
5_se_informed_policy,5_se_informed_policy__d1920__w24,64,1409
5_se_informed_policy,5_se_informed_policy__d1920__w24,65,1320
5_se_informed_policy,5_se_informed_policy__d1920__w24,66,1210
5_se_informed_policy,5_se_informed_policy__d1920__w24,67,1112
5_se_informed_policy,5_se_informed_policy__d1920__w24,68,1207
5_se_informed_policy,5_se_informed_policy__d1920__w24,69,1169
5_se_informed_policy,5_se_informed_policy__d1920__w24,70,1252
5_se_informed_policy,5_se_informed_policy__d1920__w24,71,1153
5_se_informed_policy,5_se_informed_policy__d1920__w24,72,863
5_se_informed_policy,5_se_informed_policy__d1920__w24,73,770
5_se_informed_policy,5_se_informed_policy__d1920__w24,74,1017
5_se_informed_policy,5_se_informed_policy__d1920__w24,75,578
5_se_informed_policy,5_se_informed_policy__d1920__w24,76,544
5_se_informed_policy,5_se_informed_policy__d1920__w24,77,579
5_se_informed_policy,5_se_informed_policy__d1920__w24,78,736
5_se_informed_policy,5_se_informed_policy__d1920__w24,79,702
5_se_informed_policy,5_se_informed_policy__d1920__w24,80,854
5_se_informed_policy,5_se_informed_policy__d1920__w24,81,917
5_se_informed_policy,5_se_informed_policy__d1920__w24,82,834
5_se_informed_policy,5_se_informed_policy__d1920__w24,83,880
5_se_informed_policy,5_se_informed_policy__d1920__w24,84,930
5_se_informed_policy,5_se_informed_policy__d1920__w24,85,1086
5_se_informed_policy,5_se_informed_policy__d1920__w24,86,1219
5_se_informed_policy,5_se_informed_policy__d1920__w24,87,1199
5_se_informed_policy,5_se_informed_policy__d1920__w24,88,1254
5_se_informed_policy,5_se_informed_policy__d1920__w24,89,1246
5_se_informed_policy,5_se_informed_policy__d1920__w24,90,1232
5_se_informed_policy,5_se_informed_policy__d1920__w24,91,1120
5_se_informed_policy,5_se_informed_policy__d1920__w24,92,1076
5_se_informed_policy,5_se_informed_policy__d1920__w24,93,1222
5_se_informed_policy,5_se_informed_policy__d1920__w24,94,1200
5_se_informed_policy,5_se_informed_policy__d1920__w24,95,1219
5_se_informed_policy,5_se_informed_policy__d1920__w24,96,833
5_se_informed_policy,5_se_informed_policy__d1920__w24,97,788
5_se_informed_policy,5_se_informed_policy__d1920__w24,98,1046
5_se_informed_policy,5_se_informed_policy__d1920__w24,99,595
5_se_informed_policy,5_se_informed_policy__d1920__w24,100,526
5_se_informed_policy,5_se_informed_policy__d1920__w24,101,602
5_se_informed_policy,5_se_informed_policy__d1920__w24,102,633
5_se_informed_policy,5_se_informed_policy__d1920__w24,103,678
5_se_informed_policy,5_se_informed_policy__d1920__w24,104,794
5_se_informed_policy,5_se_informed_policy__d1920__w24,105,812
5_se_informed_policy,5_se_informed_policy__d1920__w24,106,842
5_se_informed_policy,5_se_informed_policy__d1920__w24,107,863
5_se_informed_policy,5_se_informed_policy__d1920__w24,108,936
5_se_informed_policy,5_se_informed_policy__d1920__w24,109,1059
5_se_informed_policy,5_se_informed_policy__d1920__w24,110,1121
5_se_informed_policy,5_se_informed_policy__d1920__w24,111,1184
5_se_informed_policy,5_se_informed_policy__d1920__w24,112,1120
5_se_informed_policy,5_se_informed_policy__d1920__w24,113,1160
5_se_informed_policy,5_se_informed_policy__d1920__w24,114,1123
5_se_informed_policy,5_se_informed_policy__d1920__w24,115,1075
5_se_informed_policy,5_se_informed_policy__d1920__w24,116,1010
5_se_informed_policy,5_se_informed_policy__d1920__w24,117,1116
5_se_informed_policy,5_se_informed_policy__d1920__w24,118,1128
5_se_informed_policy,5_se_informed_policy__d1920__w24,119,894
5_se_informed_policy,5_se_informed_policy__d1920__w24,120,702
5_se_informed_policy,5_se_informed_policy__d1920__w24,121,547
5_se_informed_policy,5_se_informed_policy__d1920__w24,122,428
5_se_informed_policy,5_se_informed_policy__d1920__w24,123,496
5_se_informed_policy,5_se_informed_policy__d1920__w24,124,341
5_se_informed_policy,5_se_informed_policy__d1920__w24,125,318
5_se_informed_policy,5_se_informed_policy__d1920__w24,126,323
5_se_informed_policy,5_se_informed_policy__d1920__w24,127,348
5_se_informed_policy,5_se_informed_policy__d1920__w24,128,334
5_se_informed_policy,5_se_informed_policy__d1920__w24,129,371
5_se_informed_policy,5_se_informed_policy__d1920__w24,130,403
5_se_informed_policy,5_se_informed_policy__d1920__w24,131,480
5_se_informed_policy,5_se_informed_policy__d1920__w24,132,690
5_se_informed_policy,5_se_informed_policy__d1920__w24,133,428
5_se_informed_policy,5_se_informed_policy__d1920__w24,134,563
5_se_informed_policy,5_se_informed_policy__d1920__w24,135,615
5_se_informed_policy,5_se_informed_policy__d1920__w24,136,612
5_se_informed_policy,5_se_informed_policy__d1920__w24,137,641
5_se_informed_policy,5_se_informed_policy__d1920__w24,138,550
5_se_informed_policy,5_se_informed_policy__d1920__w24,139,594
5_se_informed_policy,5_se_informed_policy__d1920__w24,140,585
5_se_informed_policy,5_se_informed_policy__d1920__w24,141,596
5_se_informed_policy,5_se_informed_policy__d1920__w24,142,614
5_se_informed_policy,5_se_informed_policy__d1920__w24,143,540
5_se_informed_policy,5_se_informed_policy__d1920__w24,144,440
5_se_informed_policy,5_se_informed_policy__d1920__w24,145,357
5_se_informed_policy,5_se_informed_policy__d1920__w24,146,348
5_se_informed_policy,5_se_informed_policy__d1920__w24,147,368
5_se_informed_policy,5_se_informed_policy__d1920__w24,148,350
5_se_informed_policy,5_se_informed_policy__d1920__w24,149,336
5_se_informed_policy,5_se_informed_policy__d1920__w24,150,286
5_se_informed_policy,5_se_informed_policy__d1920__w24,151,360
5_se_informed_policy,5_se_informed_policy__d1920__w24,152,326
5_se_informed_policy,5_se_informed_policy__d1920__w24,153,409
5_se_informed_policy,5_se_informed_policy__d1920__w24,154,411
5_se_informed_policy,5_se_informed_policy__d1920__w24,155,593
5_se_informed_policy,5_se_informed_policy__d1920__w24,156,432
5_se_informed_policy,5_se_informed_policy__d1920__w24,157,507
5_se_informed_policy,5_se_informed_policy__d1920__w24,158,517
5_se_informed_policy,5_se_informed_policy__d1920__w24,159,609
5_se_informed_policy,5_se_informed_policy__d1920__w24,160,575
5_se_informed_policy,5_se_informed_policy__d1920__w24,161,545
5_se_informed_policy,5_se_informed_policy__d1920__w24,162,628
5_se_informed_policy,5_se_informed_policy__d1920__w24,163,622
5_se_informed_policy,5_se_informed_policy__d1920__w24,164,634
5_se_informed_policy,5_se_informed_policy__d1920__w24,165,688
5_se_informed_policy,5_se_informed_policy__d1920__w24,166,665
5_se_informed_policy,5_se_informed_policy__d1920__w24,167,577
5_se_informed_policy,5_se_informed_policy__d3840__w24,0,466
5_se_informed_policy,5_se_informed_policy__d3840__w24,1,499
5_se_informed_policy,5_se_informed_policy__d3840__w24,2,481
5_se_informed_policy,5_se_informed_policy__d3840__w24,3,437
5_se_informed_policy,5_se_informed_policy__d3840__w24,4,476
5_se_informed_policy,5_se_informed_policy__d3840__w24,5,527
5_se_informed_policy,5_se_informed_policy__d3840__w24,6,537
5_se_informed_policy,5_se_informed_policy__d3840__w24,7,560
5_se_informed_policy,5_se_informed_policy__d3840__w24,8,741
5_se_informed_policy,5_se_informed_policy__d3840__w24,9,812
5_se_informed_policy,5_se_informed_policy__d3840__w24,10,784
5_se_informed_policy,5_se_informed_policy__d3840__w24,11,873
5_se_informed_policy,5_se_informed_policy__d3840__w24,12,1078
5_se_informed_policy,5_se_informed_policy__d3840__w24,13,1120
5_se_informed_policy,5_se_informed_policy__d3840__w24,14,1315
5_se_informed_policy,5_se_informed_policy__d3840__w24,15,1288
5_se_informed_policy,5_se_informed_policy__d3840__w24,16,1232
5_se_informed_policy,5_se_informed_policy__d3840__w24,17,1221
5_se_informed_policy,5_se_informed_policy__d3840__w24,18,1203
5_se_informed_policy,5_se_informed_policy__d3840__w24,19,1105
5_se_informed_policy,5_se_informed_policy__d3840__w24,20,1143
5_se_informed_policy,5_se_informed_policy__d3840__w24,21,1319
5_se_informed_policy,5_se_informed_policy__d3840__w24,22,1269
5_se_informed_policy,5_se_informed_policy__d3840__w24,23,1091
5_se_informed_policy,5_se_informed_policy__d3840__w24,24,910
5_se_informed_policy,5_se_informed_policy__d3840__w24,25,759
5_se_informed_policy,5_se_informed_policy__d3840__w24,26,830
5_se_informed_policy,5_se_informed_policy__d3840__w24,27,641
5_se_informed_policy,5_se_informed_policy__d3840__w24,28,610
5_se_informed_policy,5_se_informed_policy__d3840__w24,29,691
5_se_informed_policy,5_se_informed_policy__d3840__w24,30,703
5_se_informed_policy,5_se_informed_policy__d3840__w24,31,789
5_se_informed_policy,5_se_informed_policy__d3840__w24,32,852
5_se_informed_policy,5_se_informed_policy__d3840__w24,33,969
5_se_informed_policy,5_se_informed_policy__d3840__w24,34,909
5_se_informed_policy,5_se_informed_policy__d3840__w24,35,906
5_se_informed_policy,5_se_informed_policy__d3840__w24,36,1110
5_se_informed_policy,5_se_informed_policy__d3840__w24,37,1114
5_se_informed_policy,5_se_informed_policy__d3840__w24,38,1214
5_se_informed_policy,5_se_informed_policy__d3840__w24,39,1218
5_se_informed_policy,5_se_informed_policy__d3840__w24,40,1303
5_se_informed_policy,5_se_informed_policy__d3840__w24,41,1449
5_se_informed_policy,5_se_informed_policy__d3840__w24,42,1227
5_se_informed_policy,5_se_informed_policy__d3840__w24,43,1206
5_se_informed_policy,5_se_informed_policy__d3840__w24,44,1163
5_se_informed_policy,5_se_informed_policy__d3840__w24,45,1345
5_se_informed_policy,5_se_informed_policy__d3840__w24,46,1231
5_se_informed_policy,5_se_informed_policy__d3840__w24,47,1189
5_se_informed_policy,5_se_informed_policy__d3840__w24,48,1028
5_se_informed_policy,5_se_informed_policy__d3840__w24,49,791
5_se_informed_policy,5_se_informed_policy__d3840__w24,50,750
5_se_informed_policy,5_se_informed_policy__d3840__w24,51,679
5_se_informed_policy,5_se_informed_policy__d3840__w24,52,562
5_se_informed_policy,5_se_informed_policy__d3840__w24,53,684
5_se_informed_policy,5_se_informed_policy__d3840__w24,54,617
5_se_informed_policy,5_se_informed_policy__d3840__w24,55,743
5_se_informed_policy,5_se_informed_policy__d3840__w24,56,838
5_se_informed_policy,5_se_informed_policy__d3840__w24,57,924
5_se_informed_policy,5_se_informed_policy__d3840__w24,58,972
5_se_informed_policy,5_se_informed_policy__d3840__w24,59,911
5_se_informed_policy,5_se_informed_policy__d3840__w24,60,1049
5_se_informed_policy,5_se_informed_policy__d3840__w24,61,1147
5_se_informed_policy,5_se_informed_policy__d3840__w24,62,1194
5_se_informed_policy,5_se_informed_policy__d3840__w24,63,1291
5_se_informed_policy,5_se_informed_policy__d3840__w24,64,1431
5_se_informed_policy,5_se_informed_policy__d3840__w24,65,1338
5_se_informed_policy,5_se_informed_policy__d3840__w24,66,1221
5_se_informed_policy,5_se_informed_policy__d3840__w24,67,1118
5_se_informed_policy,5_se_informed_policy__d3840__w24,68,1222
5_se_informed_policy,5_se_informed_policy__d3840__w24,69,1176
5_se_informed_policy,5_se_informed_policy__d3840__w24,70,1244
5_se_informed_policy,5_se_informed_policy__d3840__w24,71,1155
5_se_informed_policy,5_se_informed_policy__d3840__w24,72,859
5_se_informed_policy,5_se_informed_policy__d3840__w24,73,774
5_se_informed_policy,5_se_informed_policy__d3840__w24,74,771
5_se_informed_policy,5_se_informed_policy__d3840__w24,75,582
5_se_informed_policy,5_se_informed_policy__d3840__w24,76,548
5_se_informed_policy,5_se_informed_policy__d3840__w24,77,588
5_se_informed_policy,5_se_informed_policy__d3840__w24,78,745
5_se_informed_policy,5_se_informed_policy__d3840__w24,79,710
5_se_informed_policy,5_se_informed_policy__d3840__w24,80,864
5_se_informed_policy,5_se_informed_policy__d3840__w24,81,929
5_se_informed_policy,5_se_informed_policy__d3840__w24,82,855
5_se_informed_policy,5_se_informed_policy__d3840__w24,83,889
5_se_informed_policy,5_se_informed_policy__d3840__w24,84,941
5_se_informed_policy,5_se_informed_policy__d3840__w24,85,1103
5_se_informed_policy,5_se_informed_policy__d3840__w24,86,1234
5_se_informed_policy,5_se_informed_policy__d3840__w24,87,1216
5_se_informed_policy,5_se_informed_policy__d3840__w24,88,1275
5_se_informed_policy,5_se_informed_policy__d3840__w24,89,1256
5_se_informed_policy,5_se_informed_policy__d3840__w24,90,1256
5_se_informed_policy,5_se_informed_policy__d3840__w24,91,1137
5_se_informed_policy,5_se_informed_policy__d3840__w24,92,1090
5_se_informed_policy,5_se_informed_policy__d3840__w24,93,1237
5_se_informed_policy,5_se_informed_policy__d3840__w24,94,1213
5_se_informed_policy,5_se_informed_policy__d3840__w24,95,1214
5_se_informed_policy,5_se_informed_policy__d3840__w24,96,848
5_se_informed_policy,5_se_informed_policy__d3840__w24,97,784
5_se_informed_policy,5_se_informed_policy__d3840__w24,98,764
5_se_informed_policy,5_se_informed_policy__d3840__w24,99,599
5_se_informed_policy,5_se_informed_policy__d3840__w24,100,533
5_se_informed_policy,5_se_informed_policy__d3840__w24,101,611
5_se_informed_policy,5_se_informed_policy__d3840__w24,102,649
5_se_informed_policy,5_se_informed_policy__d3840__w24,103,687
5_se_informed_policy,5_se_informed_policy__d3840__w24,104,801
5_se_informed_policy,5_se_informed_policy__d3840__w24,105,820
5_se_informed_policy,5_se_informed_policy__d3840__w24,106,855
5_se_informed_policy,5_se_informed_policy__d3840__w24,107,874
5_se_informed_policy,5_se_informed_policy__d3840__w24,108,954
5_se_informed_policy,5_se_informed_policy__d3840__w24,109,1076
5_se_informed_policy,5_se_informed_policy__d3840__w24,110,1138
5_se_informed_policy,5_se_informed_policy__d3840__w24,111,1210
5_se_informed_policy,5_se_informed_policy__d3840__w24,112,1136
5_se_informed_policy,5_se_informed_policy__d3840__w24,113,1170
5_se_informed_policy,5_se_informed_policy__d3840__w24,114,1129
5_se_informed_policy,5_se_informed_policy__d3840__w24,115,1079
5_se_informed_policy,5_se_informed_policy__d3840__w24,116,1018
5_se_informed_policy,5_se_informed_policy__d3840__w24,117,1122
5_se_informed_policy,5_se_informed_policy__d3840__w24,118,1134
5_se_informed_policy,5_se_informed_policy__d3840__w24,119,898
5_se_informed_policy,5_se_informed_policy__d3840__w24,120,707
5_se_informed_policy,5_se_informed_policy__d3840__w24,121,548
5_se_informed_policy,5_se_informed_policy__d3840__w24,122,429
5_se_informed_policy,5_se_informed_policy__d3840__w24,123,445
5_se_informed_policy,5_se_informed_policy__d3840__w24,124,347
5_se_informed_policy,5_se_informed_policy__d3840__w24,125,320
5_se_informed_policy,5_se_informed_policy__d3840__w24,126,326
5_se_informed_policy,5_se_informed_policy__d3840__w24,127,353
5_se_informed_policy,5_se_informed_policy__d3840__w24,128,335
5_se_informed_policy,5_se_informed_policy__d3840__w24,129,375
5_se_informed_policy,5_se_informed_policy__d3840__w24,130,397
5_se_informed_policy,5_se_informed_policy__d3840__w24,131,474
5_se_informed_policy,5_se_informed_policy__d3840__w24,132,548
5_se_informed_policy,5_se_informed_policy__d3840__w24,133,433
5_se_informed_policy,5_se_informed_policy__d3840__w24,134,564
5_se_informed_policy,5_se_informed_policy__d3840__w24,135,618
5_se_informed_policy,5_se_informed_policy__d3840__w24,136,617
5_se_informed_policy,5_se_informed_policy__d3840__w24,137,650
5_se_informed_policy,5_se_informed_policy__d3840__w24,138,553
5_se_informed_policy,5_se_informed_policy__d3840__w24,139,599
5_se_informed_policy,5_se_informed_policy__d3840__w24,140,590
5_se_informed_policy,5_se_informed_policy__d3840__w24,141,603
5_se_informed_policy,5_se_informed_policy__d3840__w24,142,625
5_se_informed_policy,5_se_informed_policy__d3840__w24,143,547
5_se_informed_policy,5_se_informed_policy__d3840__w24,144,445
5_se_informed_policy,5_se_informed_policy__d3840__w24,145,357
5_se_informed_policy,5_se_informed_policy__d3840__w24,146,351
5_se_informed_policy,5_se_informed_policy__d3840__w24,147,347
5_se_informed_policy,5_se_informed_policy__d3840__w24,148,353
5_se_informed_policy,5_se_informed_policy__d3840__w24,149,341
5_se_informed_policy,5_se_informed_policy__d3840__w24,150,287
5_se_informed_policy,5_se_informed_policy__d3840__w24,151,365
5_se_informed_policy,5_se_informed_policy__d3840__w24,152,334
5_se_informed_policy,5_se_informed_policy__d3840__w24,153,408
5_se_informed_policy,5_se_informed_policy__d3840__w24,154,405
5_se_informed_policy,5_se_informed_policy__d3840__w24,155,473
5_se_informed_policy,5_se_informed_policy__d3840__w24,156,432
5_se_informed_policy,5_se_informed_policy__d3840__w24,157,507
5_se_informed_policy,5_se_informed_policy__d3840__w24,158,519
5_se_informed_policy,5_se_informed_policy__d3840__w24,159,614
5_se_informed_policy,5_se_informed_policy__d3840__w24,160,580
5_se_informed_policy,5_se_informed_policy__d3840__w24,161,549
5_se_informed_policy,5_se_informed_policy__d3840__w24,162,632
5_se_informed_policy,5_se_informed_policy__d3840__w24,163,625
5_se_informed_policy,5_se_informed_policy__d3840__w24,164,634
5_se_informed_policy,5_se_informed_policy__d3840__w24,165,696
5_se_informed_policy,5_se_informed_policy__d3840__w24,166,677
5_se_informed_policy,5_se_informed_policy__d3840__w24,167,584
5_se_informed_policy,5_se_informed_policy__d7680__w24,0,468
5_se_informed_policy,5_se_informed_policy__d7680__w24,1,490
5_se_informed_policy,5_se_informed_policy__d7680__w24,2,481
5_se_informed_policy,5_se_informed_policy__d7680__w24,3,437
5_se_informed_policy,5_se_informed_policy__d7680__w24,4,477
5_se_informed_policy,5_se_informed_policy__d7680__w24,5,527
5_se_informed_policy,5_se_informed_policy__d7680__w24,6,538
5_se_informed_policy,5_se_informed_policy__d7680__w24,7,563
5_se_informed_policy,5_se_informed_policy__d7680__w24,8,741
5_se_informed_policy,5_se_informed_policy__d7680__w24,9,812
5_se_informed_policy,5_se_informed_policy__d7680__w24,10,784
5_se_informed_policy,5_se_informed_policy__d7680__w24,11,874
5_se_informed_policy,5_se_informed_policy__d7680__w24,12,1078
5_se_informed_policy,5_se_informed_policy__d7680__w24,13,1120
5_se_informed_policy,5_se_informed_policy__d7680__w24,14,1315
5_se_informed_policy,5_se_informed_policy__d7680__w24,15,1288
5_se_informed_policy,5_se_informed_policy__d7680__w24,16,1235
5_se_informed_policy,5_se_informed_policy__d7680__w24,17,1229
5_se_informed_policy,5_se_informed_policy__d7680__w24,18,1216
5_se_informed_policy,5_se_informed_policy__d7680__w24,19,1108
5_se_informed_policy,5_se_informed_policy__d7680__w24,20,1151
5_se_informed_policy,5_se_informed_policy__d7680__w24,21,1321
5_se_informed_policy,5_se_informed_policy__d7680__w24,22,1275
5_se_informed_policy,5_se_informed_policy__d7680__w24,23,1104
5_se_informed_policy,5_se_informed_policy__d7680__w24,24,915
5_se_informed_policy,5_se_informed_policy__d7680__w24,25,767
5_se_informed_policy,5_se_informed_policy__d7680__w24,26,755
5_se_informed_policy,5_se_informed_policy__d7680__w24,27,641
5_se_informed_policy,5_se_informed_policy__d7680__w24,28,610
5_se_informed_policy,5_se_informed_policy__d7680__w24,29,698
5_se_informed_policy,5_se_informed_policy__d7680__w24,30,709
5_se_informed_policy,5_se_informed_policy__d7680__w24,31,790
5_se_informed_policy,5_se_informed_policy__d7680__w24,32,852
5_se_informed_policy,5_se_informed_policy__d7680__w24,33,969
5_se_informed_policy,5_se_informed_policy__d7680__w24,34,909
5_se_informed_policy,5_se_informed_policy__d7680__w24,35,907
5_se_informed_policy,5_se_informed_policy__d7680__w24,36,1095
5_se_informed_policy,5_se_informed_policy__d7680__w24,37,1116
5_se_informed_policy,5_se_informed_policy__d7680__w24,38,1215
5_se_informed_policy,5_se_informed_policy__d7680__w24,39,1220
5_se_informed_policy,5_se_informed_policy__d7680__w24,40,1304
5_se_informed_policy,5_se_informed_policy__d7680__w24,41,1454
5_se_informed_policy,5_se_informed_policy__d7680__w24,42,1235
5_se_informed_policy,5_se_informed_policy__d7680__w24,43,1213
5_se_informed_policy,5_se_informed_policy__d7680__w24,44,1166
5_se_informed_policy,5_se_informed_policy__d7680__w24,45,1353
5_se_informed_policy,5_se_informed_policy__d7680__w24,46,1235
5_se_informed_policy,5_se_informed_policy__d7680__w24,47,1200
5_se_informed_policy,5_se_informed_policy__d7680__w24,48,1039
5_se_informed_policy,5_se_informed_policy__d7680__w24,49,794
5_se_informed_policy,5_se_informed_policy__d7680__w24,50,717
5_se_informed_policy,5_se_informed_policy__d7680__w24,51,682
5_se_informed_policy,5_se_informed_policy__d7680__w24,52,563
5_se_informed_policy,5_se_informed_policy__d7680__w24,53,690
5_se_informed_policy,5_se_informed_policy__d7680__w24,54,620
5_se_informed_policy,5_se_informed_policy__d7680__w24,55,745
5_se_informed_policy,5_se_informed_policy__d7680__w24,56,841
5_se_informed_policy,5_se_informed_policy__d7680__w24,57,925
5_se_informed_policy,5_se_informed_policy__d7680__w24,58,974
5_se_informed_policy,5_se_informed_policy__d7680__w24,59,913
5_se_informed_policy,5_se_informed_policy__d7680__w24,60,1049
5_se_informed_policy,5_se_informed_policy__d7680__w24,61,1148
5_se_informed_policy,5_se_informed_policy__d7680__w24,62,1195
5_se_informed_policy,5_se_informed_policy__d7680__w24,63,1291
5_se_informed_policy,5_se_informed_policy__d7680__w24,64,1437
5_se_informed_policy,5_se_informed_policy__d7680__w24,65,1345
5_se_informed_policy,5_se_informed_policy__d7680__w24,66,1224
5_se_informed_policy,5_se_informed_policy__d7680__w24,67,1123
5_se_informed_policy,5_se_informed_policy__d7680__w24,68,1231
5_se_informed_policy,5_se_informed_policy__d7680__w24,69,1183
5_se_informed_policy,5_se_informed_policy__d7680__w24,70,1252
5_se_informed_policy,5_se_informed_policy__d7680__w24,71,1150
5_se_informed_policy,5_se_informed_policy__d7680__w24,72,856
5_se_informed_policy,5_se_informed_policy__d7680__w24,73,773
5_se_informed_policy,5_se_informed_policy__d7680__w24,74,694
5_se_informed_policy,5_se_informed_policy__d7680__w24,75,584
5_se_informed_policy,5_se_informed_policy__d7680__w24,76,551
5_se_informed_policy,5_se_informed_policy__d7680__w24,77,589
5_se_informed_policy,5_se_informed_policy__d7680__w24,78,748
5_se_informed_policy,5_se_informed_policy__d7680__w24,79,711
5_se_informed_policy,5_se_informed_policy__d7680__w24,80,866
5_se_informed_policy,5_se_informed_policy__d7680__w24,81,932
5_se_informed_policy,5_se_informed_policy__d7680__w24,82,855
5_se_informed_policy,5_se_informed_policy__d7680__w24,83,890
5_se_informed_policy,5_se_informed_policy__d7680__w24,84,941
5_se_informed_policy,5_se_informed_policy__d7680__w24,85,1103
5_se_informed_policy,5_se_informed_policy__d7680__w24,86,1236
5_se_informed_policy,5_se_informed_policy__d7680__w24,87,1218
5_se_informed_policy,5_se_informed_policy__d7680__w24,88,1283
5_se_informed_policy,5_se_informed_policy__d7680__w24,89,1264
5_se_informed_policy,5_se_informed_policy__d7680__w24,90,1262
5_se_informed_policy,5_se_informed_policy__d7680__w24,91,1147
5_se_informed_policy,5_se_informed_policy__d7680__w24,92,1096
5_se_informed_policy,5_se_informed_policy__d7680__w24,93,1243
5_se_informed_policy,5_se_informed_policy__d7680__w24,94,1217
5_se_informed_policy,5_se_informed_policy__d7680__w24,95,1210
5_se_informed_policy,5_se_informed_policy__d7680__w24,96,854
5_se_informed_policy,5_se_informed_policy__d7680__w24,97,785
5_se_informed_policy,5_se_informed_policy__d7680__w24,98,680
5_se_informed_policy,5_se_informed_policy__d7680__w24,99,604
5_se_informed_policy,5_se_informed_policy__d7680__w24,100,535
5_se_informed_policy,5_se_informed_policy__d7680__w24,101,611
5_se_informed_policy,5_se_informed_policy__d7680__w24,102,651
5_se_informed_policy,5_se_informed_policy__d7680__w24,103,692
5_se_informed_policy,5_se_informed_policy__d7680__w24,104,803
5_se_informed_policy,5_se_informed_policy__d7680__w24,105,821
5_se_informed_policy,5_se_informed_policy__d7680__w24,106,857
5_se_informed_policy,5_se_informed_policy__d7680__w24,107,874
5_se_informed_policy,5_se_informed_policy__d7680__w24,108,955
5_se_informed_policy,5_se_informed_policy__d7680__w24,109,1076
5_se_informed_policy,5_se_informed_policy__d7680__w24,110,1140
5_se_informed_policy,5_se_informed_policy__d7680__w24,111,1215
5_se_informed_policy,5_se_informed_policy__d7680__w24,112,1138
5_se_informed_policy,5_se_informed_policy__d7680__w24,113,1173
5_se_informed_policy,5_se_informed_policy__d7680__w24,114,1133
5_se_informed_policy,5_se_informed_policy__d7680__w24,115,1082
5_se_informed_policy,5_se_informed_policy__d7680__w24,116,1019
5_se_informed_policy,5_se_informed_policy__d7680__w24,117,1123
5_se_informed_policy,5_se_informed_policy__d7680__w24,118,1140
5_se_informed_policy,5_se_informed_policy__d7680__w24,119,903
5_se_informed_policy,5_se_informed_policy__d7680__w24,120,715
5_se_informed_policy,5_se_informed_policy__d7680__w24,121,550
5_se_informed_policy,5_se_informed_policy__d7680__w24,122,430
5_se_informed_policy,5_se_informed_policy__d7680__w24,123,430
5_se_informed_policy,5_se_informed_policy__d7680__w24,124,348
5_se_informed_policy,5_se_informed_policy__d7680__w24,125,323
5_se_informed_policy,5_se_informed_policy__d7680__w24,126,329
5_se_informed_policy,5_se_informed_policy__d7680__w24,127,353
5_se_informed_policy,5_se_informed_policy__d7680__w24,128,336
5_se_informed_policy,5_se_informed_policy__d7680__w24,129,375
5_se_informed_policy,5_se_informed_policy__d7680__w24,130,395
5_se_informed_policy,5_se_informed_policy__d7680__w24,131,474
5_se_informed_policy,5_se_informed_policy__d7680__w24,132,507
5_se_informed_policy,5_se_informed_policy__d7680__w24,133,433
5_se_informed_policy,5_se_informed_policy__d7680__w24,134,564
5_se_informed_policy,5_se_informed_policy__d7680__w24,135,618
5_se_informed_policy,5_se_informed_policy__d7680__w24,136,617
5_se_informed_policy,5_se_informed_policy__d7680__w24,137,651
5_se_informed_policy,5_se_informed_policy__d7680__w24,138,553
5_se_informed_policy,5_se_informed_policy__d7680__w24,139,600
5_se_informed_policy,5_se_informed_policy__d7680__w24,140,591
5_se_informed_policy,5_se_informed_policy__d7680__w24,141,605
5_se_informed_policy,5_se_informed_policy__d7680__w24,142,626
5_se_informed_policy,5_se_informed_policy__d7680__w24,143,548
5_se_informed_policy,5_se_informed_policy__d7680__w24,144,446
5_se_informed_policy,5_se_informed_policy__d7680__w24,145,353
5_se_informed_policy,5_se_informed_policy__d7680__w24,146,350
5_se_informed_policy,5_se_informed_policy__d7680__w24,147,342
5_se_informed_policy,5_se_informed_policy__d7680__w24,148,354
5_se_informed_policy,5_se_informed_policy__d7680__w24,149,343
5_se_informed_policy,5_se_informed_policy__d7680__w24,150,287
5_se_informed_policy,5_se_informed_policy__d7680__w24,151,366
5_se_informed_policy,5_se_informed_policy__d7680__w24,152,335
5_se_informed_policy,5_se_informed_policy__d7680__w24,153,408
5_se_informed_policy,5_se_informed_policy__d7680__w24,154,405
5_se_informed_policy,5_se_informed_policy__d7680__w24,155,453
5_se_informed_policy,5_se_informed_policy__d7680__w24,156,432
5_se_informed_policy,5_se_informed_policy__d7680__w24,157,507
5_se_informed_policy,5_se_informed_policy__d7680__w24,158,519
5_se_informed_policy,5_se_informed_policy__d7680__w24,159,615
5_se_informed_policy,5_se_informed_policy__d7680__w24,160,580
5_se_informed_policy,5_se_informed_policy__d7680__w24,161,551
5_se_informed_policy,5_se_informed_policy__d7680__w24,162,632
5_se_informed_policy,5_se_informed_policy__d7680__w24,163,625
5_se_informed_policy,5_se_informed_policy__d7680__w24,164,635
5_se_informed_policy,5_se_informed_policy__d7680__w24,165,697
5_se_informed_policy,5_se_informed_policy__d7680__w24,166,678
5_se_informed_policy,5_se_informed_policy__d7680__w24,167,585
5_se_informed_policy,5_se_informed_policy__d15360__w24,0,468
5_se_informed_policy,5_se_informed_policy__d15360__w24,1,490
5_se_informed_policy,5_se_informed_policy__d15360__w24,2,481
5_se_informed_policy,5_se_informed_policy__d15360__w24,3,437
5_se_informed_policy,5_se_informed_policy__d15360__w24,4,477
5_se_informed_policy,5_se_informed_policy__d15360__w24,5,527
5_se_informed_policy,5_se_informed_policy__d15360__w24,6,538
5_se_informed_policy,5_se_informed_policy__d15360__w24,7,563
5_se_informed_policy,5_se_informed_policy__d15360__w24,8,741
5_se_informed_policy,5_se_informed_policy__d15360__w24,9,812
5_se_informed_policy,5_se_informed_policy__d15360__w24,10,784
5_se_informed_policy,5_se_informed_policy__d15360__w24,11,874
5_se_informed_policy,5_se_informed_policy__d15360__w24,12,1078
5_se_informed_policy,5_se_informed_policy__d15360__w24,13,1120
5_se_informed_policy,5_se_informed_policy__d15360__w24,14,1315
5_se_informed_policy,5_se_informed_policy__d15360__w24,15,1288
5_se_informed_policy,5_se_informed_policy__d15360__w24,16,1235
5_se_informed_policy,5_se_informed_policy__d15360__w24,17,1229
5_se_informed_policy,5_se_informed_policy__d15360__w24,18,1216
5_se_informed_policy,5_se_informed_policy__d15360__w24,19,1108
5_se_informed_policy,5_se_informed_policy__d15360__w24,20,1151
5_se_informed_policy,5_se_informed_policy__d15360__w24,21,1321
5_se_informed_policy,5_se_informed_policy__d15360__w24,22,1275
5_se_informed_policy,5_se_informed_policy__d15360__w24,23,1104
5_se_informed_policy,5_se_informed_policy__d15360__w24,24,915
5_se_informed_policy,5_se_informed_policy__d15360__w24,25,767
5_se_informed_policy,5_se_informed_policy__d15360__w24,26,755
5_se_informed_policy,5_se_informed_policy__d15360__w24,27,641
5_se_informed_policy,5_se_informed_policy__d15360__w24,28,610
5_se_informed_policy,5_se_informed_policy__d15360__w24,29,698
5_se_informed_policy,5_se_informed_policy__d15360__w24,30,709
5_se_informed_policy,5_se_informed_policy__d15360__w24,31,790
5_se_informed_policy,5_se_informed_policy__d15360__w24,32,852
5_se_informed_policy,5_se_informed_policy__d15360__w24,33,969
5_se_informed_policy,5_se_informed_policy__d15360__w24,34,909
5_se_informed_policy,5_se_informed_policy__d15360__w24,35,907
5_se_informed_policy,5_se_informed_policy__d15360__w24,36,1095
5_se_informed_policy,5_se_informed_policy__d15360__w24,37,1116
5_se_informed_policy,5_se_informed_policy__d15360__w24,38,1215
5_se_informed_policy,5_se_informed_policy__d15360__w24,39,1220
5_se_informed_policy,5_se_informed_policy__d15360__w24,40,1304
5_se_informed_policy,5_se_informed_policy__d15360__w24,41,1454
5_se_informed_policy,5_se_informed_policy__d15360__w24,42,1235
5_se_informed_policy,5_se_informed_policy__d15360__w24,43,1213
5_se_informed_policy,5_se_informed_policy__d15360__w24,44,1166
5_se_informed_policy,5_se_informed_policy__d15360__w24,45,1353
5_se_informed_policy,5_se_informed_policy__d15360__w24,46,1235
5_se_informed_policy,5_se_informed_policy__d15360__w24,47,1200
5_se_informed_policy,5_se_informed_policy__d15360__w24,48,1039
5_se_informed_policy,5_se_informed_policy__d15360__w24,49,794
5_se_informed_policy,5_se_informed_policy__d15360__w24,50,717
5_se_informed_policy,5_se_informed_policy__d15360__w24,51,682
5_se_informed_policy,5_se_informed_policy__d15360__w24,52,563
5_se_informed_policy,5_se_informed_policy__d15360__w24,53,690
5_se_informed_policy,5_se_informed_policy__d15360__w24,54,620
5_se_informed_policy,5_se_informed_policy__d15360__w24,55,745
5_se_informed_policy,5_se_informed_policy__d15360__w24,56,841
5_se_informed_policy,5_se_informed_policy__d15360__w24,57,925
5_se_informed_policy,5_se_informed_policy__d15360__w24,58,974
5_se_informed_policy,5_se_informed_policy__d15360__w24,59,913
5_se_informed_policy,5_se_informed_policy__d15360__w24,60,1049
5_se_informed_policy,5_se_informed_policy__d15360__w24,61,1148
5_se_informed_policy,5_se_informed_policy__d15360__w24,62,1195
5_se_informed_policy,5_se_informed_policy__d15360__w24,63,1291
5_se_informed_policy,5_se_informed_policy__d15360__w24,64,1437
5_se_informed_policy,5_se_informed_policy__d15360__w24,65,1345
5_se_informed_policy,5_se_informed_policy__d15360__w24,66,1224
5_se_informed_policy,5_se_informed_policy__d15360__w24,67,1123
5_se_informed_policy,5_se_informed_policy__d15360__w24,68,1231
5_se_informed_policy,5_se_informed_policy__d15360__w24,69,1183
5_se_informed_policy,5_se_informed_policy__d15360__w24,70,1252
5_se_informed_policy,5_se_informed_policy__d15360__w24,71,1150
5_se_informed_policy,5_se_informed_policy__d15360__w24,72,856
5_se_informed_policy,5_se_informed_policy__d15360__w24,73,773
5_se_informed_policy,5_se_informed_policy__d15360__w24,74,694
5_se_informed_policy,5_se_informed_policy__d15360__w24,75,584
5_se_informed_policy,5_se_informed_policy__d15360__w24,76,551
5_se_informed_policy,5_se_informed_policy__d15360__w24,77,589
5_se_informed_policy,5_se_informed_policy__d15360__w24,78,748
5_se_informed_policy,5_se_informed_policy__d15360__w24,79,711
5_se_informed_policy,5_se_informed_policy__d15360__w24,80,866
5_se_informed_policy,5_se_informed_policy__d15360__w24,81,932
5_se_informed_policy,5_se_informed_policy__d15360__w24,82,855
5_se_informed_policy,5_se_informed_policy__d15360__w24,83,890
5_se_informed_policy,5_se_informed_policy__d15360__w24,84,941
5_se_informed_policy,5_se_informed_policy__d15360__w24,85,1103
5_se_informed_policy,5_se_informed_policy__d15360__w24,86,1236
5_se_informed_policy,5_se_informed_policy__d15360__w24,87,1218
5_se_informed_policy,5_se_informed_policy__d15360__w24,88,1283
5_se_informed_policy,5_se_informed_policy__d15360__w24,89,1264
5_se_informed_policy,5_se_informed_policy__d15360__w24,90,1262
5_se_informed_policy,5_se_informed_policy__d15360__w24,91,1147
5_se_informed_policy,5_se_informed_policy__d15360__w24,92,1096
5_se_informed_policy,5_se_informed_policy__d15360__w24,93,1243
5_se_informed_policy,5_se_informed_policy__d15360__w24,94,1217
5_se_informed_policy,5_se_informed_policy__d15360__w24,95,1210
5_se_informed_policy,5_se_informed_policy__d15360__w24,96,854
5_se_informed_policy,5_se_informed_policy__d15360__w24,97,785
5_se_informed_policy,5_se_informed_policy__d15360__w24,98,680
5_se_informed_policy,5_se_informed_policy__d15360__w24,99,604
5_se_informed_policy,5_se_informed_policy__d15360__w24,100,535
5_se_informed_policy,5_se_informed_policy__d15360__w24,101,611
5_se_informed_policy,5_se_informed_policy__d15360__w24,102,651
5_se_informed_policy,5_se_informed_policy__d15360__w24,103,692
5_se_informed_policy,5_se_informed_policy__d15360__w24,104,803
5_se_informed_policy,5_se_informed_policy__d15360__w24,105,821
5_se_informed_policy,5_se_informed_policy__d15360__w24,106,857
5_se_informed_policy,5_se_informed_policy__d15360__w24,107,874
5_se_informed_policy,5_se_informed_policy__d15360__w24,108,955
5_se_informed_policy,5_se_informed_policy__d15360__w24,109,1076
5_se_informed_policy,5_se_informed_policy__d15360__w24,110,1140
5_se_informed_policy,5_se_informed_policy__d15360__w24,111,1215
5_se_informed_policy,5_se_informed_policy__d15360__w24,112,1138
5_se_informed_policy,5_se_informed_policy__d15360__w24,113,1173
5_se_informed_policy,5_se_informed_policy__d15360__w24,114,1133
5_se_informed_policy,5_se_informed_policy__d15360__w24,115,1082
5_se_informed_policy,5_se_informed_policy__d15360__w24,116,1019
5_se_informed_policy,5_se_informed_policy__d15360__w24,117,1123
5_se_informed_policy,5_se_informed_policy__d15360__w24,118,1140
5_se_informed_policy,5_se_informed_policy__d15360__w24,119,903
5_se_informed_policy,5_se_informed_policy__d15360__w24,120,715
5_se_informed_policy,5_se_informed_policy__d15360__w24,121,550
5_se_informed_policy,5_se_informed_policy__d15360__w24,122,430
5_se_informed_policy,5_se_informed_policy__d15360__w24,123,430
5_se_informed_policy,5_se_informed_policy__d15360__w24,124,348
5_se_informed_policy,5_se_informed_policy__d15360__w24,125,323
5_se_informed_policy,5_se_informed_policy__d15360__w24,126,329
5_se_informed_policy,5_se_informed_policy__d15360__w24,127,353
5_se_informed_policy,5_se_informed_policy__d15360__w24,128,336
5_se_informed_policy,5_se_informed_policy__d15360__w24,129,375
5_se_informed_policy,5_se_informed_policy__d15360__w24,130,395
5_se_informed_policy,5_se_informed_policy__d15360__w24,131,474
5_se_informed_policy,5_se_informed_policy__d15360__w24,132,507
5_se_informed_policy,5_se_informed_policy__d15360__w24,133,433
5_se_informed_policy,5_se_informed_policy__d15360__w24,134,564
5_se_informed_policy,5_se_informed_policy__d15360__w24,135,618
5_se_informed_policy,5_se_informed_policy__d15360__w24,136,617
5_se_informed_policy,5_se_informed_policy__d15360__w24,137,652
5_se_informed_policy,5_se_informed_policy__d15360__w24,138,553
5_se_informed_policy,5_se_informed_policy__d15360__w24,139,600
5_se_informed_policy,5_se_informed_policy__d15360__w24,140,591
5_se_informed_policy,5_se_informed_policy__d15360__w24,141,605
5_se_informed_policy,5_se_informed_policy__d15360__w24,142,626
5_se_informed_policy,5_se_informed_policy__d15360__w24,143,548
5_se_informed_policy,5_se_informed_policy__d15360__w24,144,446
5_se_informed_policy,5_se_informed_policy__d15360__w24,145,353
5_se_informed_policy,5_se_informed_policy__d15360__w24,146,350
5_se_informed_policy,5_se_informed_policy__d15360__w24,147,342
5_se_informed_policy,5_se_informed_policy__d15360__w24,148,354
5_se_informed_policy,5_se_informed_policy__d15360__w24,149,343
5_se_informed_policy,5_se_informed_policy__d15360__w24,150,287
5_se_informed_policy,5_se_informed_policy__d15360__w24,151,366
5_se_informed_policy,5_se_informed_policy__d15360__w24,152,335
5_se_informed_policy,5_se_informed_policy__d15360__w24,153,408
5_se_informed_policy,5_se_informed_policy__d15360__w24,154,405
5_se_informed_policy,5_se_informed_policy__d15360__w24,155,452
5_se_informed_policy,5_se_informed_policy__d15360__w24,156,432
5_se_informed_policy,5_se_informed_policy__d15360__w24,157,507
5_se_informed_policy,5_se_informed_policy__d15360__w24,158,519
5_se_informed_policy,5_se_informed_policy__d15360__w24,159,615
5_se_informed_policy,5_se_informed_policy__d15360__w24,160,580
5_se_informed_policy,5_se_informed_policy__d15360__w24,161,551
5_se_informed_policy,5_se_informed_policy__d15360__w24,162,632
5_se_informed_policy,5_se_informed_policy__d15360__w24,163,625
5_se_informed_policy,5_se_informed_policy__d15360__w24,164,635
5_se_informed_policy,5_se_informed_policy__d15360__w24,165,697
5_se_informed_policy,5_se_informed_policy__d15360__w24,166,678
5_se_informed_policy,5_se_informed_policy__d15360__w24,167,585
6_risk_only_skip,6_risk_only_skip__t0,0,473
6_risk_only_skip,6_risk_only_skip__t0,1,446
6_risk_only_skip,6_risk_only_skip__t0,2,481
6_risk_only_skip,6_risk_only_skip__t0,3,437
6_risk_only_skip,6_risk_only_skip__t0,4,486
6_risk_only_skip,6_risk_only_skip__t0,5,530
6_risk_only_skip,6_risk_only_skip__t0,6,544
6_risk_only_skip,6_risk_only_skip__t0,7,569
6_risk_only_skip,6_risk_only_skip__t0,8,742
6_risk_only_skip,6_risk_only_skip__t0,9,817
6_risk_only_skip,6_risk_only_skip__t0,10,786
6_risk_only_skip,6_risk_only_skip__t0,11,875
6_risk_only_skip,6_risk_only_skip__t0,12,1080
6_risk_only_skip,6_risk_only_skip__t0,13,1120
6_risk_only_skip,6_risk_only_skip__t0,14,1316
6_risk_only_skip,6_risk_only_skip__t0,15,1294
6_risk_only_skip,6_risk_only_skip__t0,16,1238
6_risk_only_skip,6_risk_only_skip__t0,17,1233
6_risk_only_skip,6_risk_only_skip__t0,18,1220
6_risk_only_skip,6_risk_only_skip__t0,19,1111
6_risk_only_skip,6_risk_only_skip__t0,20,1161
6_risk_only_skip,6_risk_only_skip__t0,21,1325
6_risk_only_skip,6_risk_only_skip__t0,22,1278
6_risk_only_skip,6_risk_only_skip__t0,23,1110
6_risk_only_skip,6_risk_only_skip__t0,24,920
6_risk_only_skip,6_risk_only_skip__t0,25,775
6_risk_only_skip,6_risk_only_skip__t0,26,663
6_risk_only_skip,6_risk_only_skip__t0,27,641
6_risk_only_skip,6_risk_only_skip__t0,28,610
6_risk_only_skip,6_risk_only_skip__t0,29,706
6_risk_only_skip,6_risk_only_skip__t0,30,714
6_risk_only_skip,6_risk_only_skip__t0,31,792
6_risk_only_skip,6_risk_only_skip__t0,32,853
6_risk_only_skip,6_risk_only_skip__t0,33,970
6_risk_only_skip,6_risk_only_skip__t0,34,910
6_risk_only_skip,6_risk_only_skip__t0,35,908
6_risk_only_skip,6_risk_only_skip__t0,36,1076
6_risk_only_skip,6_risk_only_skip__t0,37,1120
6_risk_only_skip,6_risk_only_skip__t0,38,1221
6_risk_only_skip,6_risk_only_skip__t0,39,1225
6_risk_only_skip,6_risk_only_skip__t0,40,1306
6_risk_only_skip,6_risk_only_skip__t0,41,1457
6_risk_only_skip,6_risk_only_skip__t0,42,1236
6_risk_only_skip,6_risk_only_skip__t0,43,1222
6_risk_only_skip,6_risk_only_skip__t0,44,1168
6_risk_only_skip,6_risk_only_skip__t0,45,1357
6_risk_only_skip,6_risk_only_skip__t0,46,1238
6_risk_only_skip,6_risk_only_skip__t0,47,1203
6_risk_only_skip,6_risk_only_skip__t0,48,1044
6_risk_only_skip,6_risk_only_skip__t0,49,797
6_risk_only_skip,6_risk_only_skip__t0,50,684
6_risk_only_skip,6_risk_only_skip__t0,51,689
6_risk_only_skip,6_risk_only_skip__t0,52,566
6_risk_only_skip,6_risk_only_skip__t0,53,691
6_risk_only_skip,6_risk_only_skip__t0,54,624
6_risk_only_skip,6_risk_only_skip__t0,55,753
6_risk_only_skip,6_risk_only_skip__t0,56,843
6_risk_only_skip,6_risk_only_skip__t0,57,927
6_risk_only_skip,6_risk_only_skip__t0,58,974
6_risk_only_skip,6_risk_only_skip__t0,59,913
6_risk_only_skip,6_risk_only_skip__t0,60,1049
6_risk_only_skip,6_risk_only_skip__t0,61,1149
6_risk_only_skip,6_risk_only_skip__t0,62,1199
6_risk_only_skip,6_risk_only_skip__t0,63,1292
6_risk_only_skip,6_risk_only_skip__t0,64,1439
6_risk_only_skip,6_risk_only_skip__t0,65,1348
6_risk_only_skip,6_risk_only_skip__t0,66,1229
6_risk_only_skip,6_risk_only_skip__t0,67,1125
6_risk_only_skip,6_risk_only_skip__t0,68,1233
6_risk_only_skip,6_risk_only_skip__t0,69,1187
6_risk_only_skip,6_risk_only_skip__t0,70,1253
6_risk_only_skip,6_risk_only_skip__t0,71,1152
6_risk_only_skip,6_risk_only_skip__t0,72,854
6_risk_only_skip,6_risk_only_skip__t0,73,773
6_risk_only_skip,6_risk_only_skip__t0,74,638
6_risk_only_skip,6_risk_only_skip__t0,75,587
6_risk_only_skip,6_risk_only_skip__t0,76,554
6_risk_only_skip,6_risk_only_skip__t0,77,595
6_risk_only_skip,6_risk_only_skip__t0,78,751
6_risk_only_skip,6_risk_only_skip__t0,79,715
6_risk_only_skip,6_risk_only_skip__t0,80,869
6_risk_only_skip,6_risk_only_skip__t0,81,933
6_risk_only_skip,6_risk_only_skip__t0,82,855
6_risk_only_skip,6_risk_only_skip__t0,83,890
6_risk_only_skip,6_risk_only_skip__t0,84,941
6_risk_only_skip,6_risk_only_skip__t0,85,1103
6_risk_only_skip,6_risk_only_skip__t0,86,1238
6_risk_only_skip,6_risk_only_skip__t0,87,1221
6_risk_only_skip,6_risk_only_skip__t0,88,1285
6_risk_only_skip,6_risk_only_skip__t0,89,1265
6_risk_only_skip,6_risk_only_skip__t0,90,1263
6_risk_only_skip,6_risk_only_skip__t0,91,1148
6_risk_only_skip,6_risk_only_skip__t0,92,1100
6_risk_only_skip,6_risk_only_skip__t0,93,1247
6_risk_only_skip,6_risk_only_skip__t0,94,1219
6_risk_only_skip,6_risk_only_skip__t0,95,1206
6_risk_only_skip,6_risk_only_skip__t0,96,859
6_risk_only_skip,6_risk_only_skip__t0,97,784
6_risk_only_skip,6_risk_only_skip__t0,98,631
6_risk_only_skip,6_risk_only_skip__t0,99,611
6_risk_only_skip,6_risk_only_skip__t0,100,539
6_risk_only_skip,6_risk_only_skip__t0,101,617
6_risk_only_skip,6_risk_only_skip__t0,102,657
6_risk_only_skip,6_risk_only_skip__t0,103,697
6_risk_only_skip,6_risk_only_skip__t0,104,803
6_risk_only_skip,6_risk_only_skip__t0,105,822
6_risk_only_skip,6_risk_only_skip__t0,106,859
6_risk_only_skip,6_risk_only_skip__t0,107,877
6_risk_only_skip,6_risk_only_skip__t0,108,959
6_risk_only_skip,6_risk_only_skip__t0,109,1077
6_risk_only_skip,6_risk_only_skip__t0,110,1141
6_risk_only_skip,6_risk_only_skip__t0,111,1216
6_risk_only_skip,6_risk_only_skip__t0,112,1139
6_risk_only_skip,6_risk_only_skip__t0,113,1175
6_risk_only_skip,6_risk_only_skip__t0,114,1138
6_risk_only_skip,6_risk_only_skip__t0,115,1087
6_risk_only_skip,6_risk_only_skip__t0,116,1026
6_risk_only_skip,6_risk_only_skip__t0,117,1124
6_risk_only_skip,6_risk_only_skip__t0,118,1144
6_risk_only_skip,6_risk_only_skip__t0,119,905
6_risk_only_skip,6_risk_only_skip__t0,120,717
6_risk_only_skip,6_risk_only_skip__t0,121,551
6_risk_only_skip,6_risk_only_skip__t0,122,430
6_risk_only_skip,6_risk_only_skip__t0,123,404
6_risk_only_skip,6_risk_only_skip__t0,124,351
6_risk_only_skip,6_risk_only_skip__t0,125,326
6_risk_only_skip,6_risk_only_skip__t0,126,331
6_risk_only_skip,6_risk_only_skip__t0,127,356
6_risk_only_skip,6_risk_only_skip__t0,128,337
6_risk_only_skip,6_risk_only_skip__t0,129,377
6_risk_only_skip,6_risk_only_skip__t0,130,394
6_risk_only_skip,6_risk_only_skip__t0,131,473
6_risk_only_skip,6_risk_only_skip__t0,132,471
6_risk_only_skip,6_risk_only_skip__t0,133,434
6_risk_only_skip,6_risk_only_skip__t0,134,568
6_risk_only_skip,6_risk_only_skip__t0,135,619
6_risk_only_skip,6_risk_only_skip__t0,136,622
6_risk_only_skip,6_risk_only_skip__t0,137,653
6_risk_only_skip,6_risk_only_skip__t0,138,555
6_risk_only_skip,6_risk_only_skip__t0,139,602
6_risk_only_skip,6_risk_only_skip__t0,140,596
6_risk_only_skip,6_risk_only_skip__t0,141,608
6_risk_only_skip,6_risk_only_skip__t0,142,629
6_risk_only_skip,6_risk_only_skip__t0,143,549
6_risk_only_skip,6_risk_only_skip__t0,144,452
6_risk_only_skip,6_risk_only_skip__t0,145,356
6_risk_only_skip,6_risk_only_skip__t0,146,350
6_risk_only_skip,6_risk_only_skip__t0,147,332
6_risk_only_skip,6_risk_only_skip__t0,148,361
6_risk_only_skip,6_risk_only_skip__t0,149,346
6_risk_only_skip,6_risk_only_skip__t0,150,289
6_risk_only_skip,6_risk_only_skip__t0,151,369
6_risk_only_skip,6_risk_only_skip__t0,152,337
6_risk_only_skip,6_risk_only_skip__t0,153,408
6_risk_only_skip,6_risk_only_skip__t0,154,407
6_risk_only_skip,6_risk_only_skip__t0,155,378
6_risk_only_skip,6_risk_only_skip__t0,156,432
6_risk_only_skip,6_risk_only_skip__t0,157,507
6_risk_only_skip,6_risk_only_skip__t0,158,519
6_risk_only_skip,6_risk_only_skip__t0,159,616
6_risk_only_skip,6_risk_only_skip__t0,160,583
6_risk_only_skip,6_risk_only_skip__t0,161,553
6_risk_only_skip,6_risk_only_skip__t0,162,636
6_risk_only_skip,6_risk_only_skip__t0,163,628
6_risk_only_skip,6_risk_only_skip__t0,164,644
6_risk_only_skip,6_risk_only_skip__t0,165,703
6_risk_only_skip,6_risk_only_skip__t0,166,687
6_risk_only_skip,6_risk_only_skip__t0,167,587
6_risk_only_skip,6_risk_only_skip__t0.05,0,473
6_risk_only_skip,6_risk_only_skip__t0.05,1,445
6_risk_only_skip,6_risk_only_skip__t0.05,2,481
6_risk_only_skip,6_risk_only_skip__t0.05,3,437
6_risk_only_skip,6_risk_only_skip__t0.05,4,486
6_risk_only_skip,6_risk_only_skip__t0.05,5,530
6_risk_only_skip,6_risk_only_skip__t0.05,6,544
6_risk_only_skip,6_risk_only_skip__t0.05,7,569
6_risk_only_skip,6_risk_only_skip__t0.05,8,742
6_risk_only_skip,6_risk_only_skip__t0.05,9,817
6_risk_only_skip,6_risk_only_skip__t0.05,10,786
6_risk_only_skip,6_risk_only_skip__t0.05,11,875
6_risk_only_skip,6_risk_only_skip__t0.05,12,1080
6_risk_only_skip,6_risk_only_skip__t0.05,13,1120
6_risk_only_skip,6_risk_only_skip__t0.05,14,1316
6_risk_only_skip,6_risk_only_skip__t0.05,15,1294
6_risk_only_skip,6_risk_only_skip__t0.05,16,1238
6_risk_only_skip,6_risk_only_skip__t0.05,17,1233
6_risk_only_skip,6_risk_only_skip__t0.05,18,1220
6_risk_only_skip,6_risk_only_skip__t0.05,19,1111
6_risk_only_skip,6_risk_only_skip__t0.05,20,1160
6_risk_only_skip,6_risk_only_skip__t0.05,21,1325
6_risk_only_skip,6_risk_only_skip__t0.05,22,1278
6_risk_only_skip,6_risk_only_skip__t0.05,23,1110
6_risk_only_skip,6_risk_only_skip__t0.05,24,920
6_risk_only_skip,6_risk_only_skip__t0.05,25,775
6_risk_only_skip,6_risk_only_skip__t0.05,26,663
6_risk_only_skip,6_risk_only_skip__t0.05,27,641
6_risk_only_skip,6_risk_only_skip__t0.05,28,610
6_risk_only_skip,6_risk_only_skip__t0.05,29,706
6_risk_only_skip,6_risk_only_skip__t0.05,30,714
6_risk_only_skip,6_risk_only_skip__t0.05,31,792
6_risk_only_skip,6_risk_only_skip__t0.05,32,853
6_risk_only_skip,6_risk_only_skip__t0.05,33,970
6_risk_only_skip,6_risk_only_skip__t0.05,34,910
6_risk_only_skip,6_risk_only_skip__t0.05,35,908
6_risk_only_skip,6_risk_only_skip__t0.05,36,1076
6_risk_only_skip,6_risk_only_skip__t0.05,37,1120
6_risk_only_skip,6_risk_only_skip__t0.05,38,1221
6_risk_only_skip,6_risk_only_skip__t0.05,39,1225
6_risk_only_skip,6_risk_only_skip__t0.05,40,1306
6_risk_only_skip,6_risk_only_skip__t0.05,41,1457
6_risk_only_skip,6_risk_only_skip__t0.05,42,1236
6_risk_only_skip,6_risk_only_skip__t0.05,43,1222
6_risk_only_skip,6_risk_only_skip__t0.05,44,1168
6_risk_only_skip,6_risk_only_skip__t0.05,45,1357
6_risk_only_skip,6_risk_only_skip__t0.05,46,1238
6_risk_only_skip,6_risk_only_skip__t0.05,47,1202
6_risk_only_skip,6_risk_only_skip__t0.05,48,1043
6_risk_only_skip,6_risk_only_skip__t0.05,49,797
6_risk_only_skip,6_risk_only_skip__t0.05,50,684
6_risk_only_skip,6_risk_only_skip__t0.05,51,689
6_risk_only_skip,6_risk_only_skip__t0.05,52,566
6_risk_only_skip,6_risk_only_skip__t0.05,53,691
6_risk_only_skip,6_risk_only_skip__t0.05,54,624
6_risk_only_skip,6_risk_only_skip__t0.05,55,753
6_risk_only_skip,6_risk_only_skip__t0.05,56,843
6_risk_only_skip,6_risk_only_skip__t0.05,57,927
6_risk_only_skip,6_risk_only_skip__t0.05,58,974
6_risk_only_skip,6_risk_only_skip__t0.05,59,913
6_risk_only_skip,6_risk_only_skip__t0.05,60,1049
6_risk_only_skip,6_risk_only_skip__t0.05,61,1149
6_risk_only_skip,6_risk_only_skip__t0.05,62,1197
6_risk_only_skip,6_risk_only_skip__t0.05,63,1292
6_risk_only_skip,6_risk_only_skip__t0.05,64,1439
6_risk_only_skip,6_risk_only_skip__t0.05,65,1348
6_risk_only_skip,6_risk_only_skip__t0.05,66,1229
6_risk_only_skip,6_risk_only_skip__t0.05,67,1125
6_risk_only_skip,6_risk_only_skip__t0.05,68,1233
6_risk_only_skip,6_risk_only_skip__t0.05,69,1187
6_risk_only_skip,6_risk_only_skip__t0.05,70,1253
6_risk_only_skip,6_risk_only_skip__t0.05,71,1151
6_risk_only_skip,6_risk_only_skip__t0.05,72,854
6_risk_only_skip,6_risk_only_skip__t0.05,73,773
6_risk_only_skip,6_risk_only_skip__t0.05,74,638
6_risk_only_skip,6_risk_only_skip__t0.05,75,587
6_risk_only_skip,6_risk_only_skip__t0.05,76,554
6_risk_only_skip,6_risk_only_skip__t0.05,77,595
6_risk_only_skip,6_risk_only_skip__t0.05,78,749
6_risk_only_skip,6_risk_only_skip__t0.05,79,715
6_risk_only_skip,6_risk_only_skip__t0.05,80,869
6_risk_only_skip,6_risk_only_skip__t0.05,81,933
6_risk_only_skip,6_risk_only_skip__t0.05,82,855
6_risk_only_skip,6_risk_only_skip__t0.05,83,890
6_risk_only_skip,6_risk_only_skip__t0.05,84,941
6_risk_only_skip,6_risk_only_skip__t0.05,85,1103
6_risk_only_skip,6_risk_only_skip__t0.05,86,1238
6_risk_only_skip,6_risk_only_skip__t0.05,87,1221
6_risk_only_skip,6_risk_only_skip__t0.05,88,1285
6_risk_only_skip,6_risk_only_skip__t0.05,89,1265
6_risk_only_skip,6_risk_only_skip__t0.05,90,1262
6_risk_only_skip,6_risk_only_skip__t0.05,91,1148
6_risk_only_skip,6_risk_only_skip__t0.05,92,1100
6_risk_only_skip,6_risk_only_skip__t0.05,93,1246
6_risk_only_skip,6_risk_only_skip__t0.05,94,1219
6_risk_only_skip,6_risk_only_skip__t0.05,95,1206
6_risk_only_skip,6_risk_only_skip__t0.05,96,859
6_risk_only_skip,6_risk_only_skip__t0.05,97,784
6_risk_only_skip,6_risk_only_skip__t0.05,98,631
6_risk_only_skip,6_risk_only_skip__t0.05,99,611
6_risk_only_skip,6_risk_only_skip__t0.05,100,539
6_risk_only_skip,6_risk_only_skip__t0.05,101,617
6_risk_only_skip,6_risk_only_skip__t0.05,102,657
6_risk_only_skip,6_risk_only_skip__t0.05,103,697
6_risk_only_skip,6_risk_only_skip__t0.05,104,803
6_risk_only_skip,6_risk_only_skip__t0.05,105,822
6_risk_only_skip,6_risk_only_skip__t0.05,106,859
6_risk_only_skip,6_risk_only_skip__t0.05,107,877
6_risk_only_skip,6_risk_only_skip__t0.05,108,959
6_risk_only_skip,6_risk_only_skip__t0.05,109,1077
6_risk_only_skip,6_risk_only_skip__t0.05,110,1141
6_risk_only_skip,6_risk_only_skip__t0.05,111,1216
6_risk_only_skip,6_risk_only_skip__t0.05,112,1139
6_risk_only_skip,6_risk_only_skip__t0.05,113,1175
6_risk_only_skip,6_risk_only_skip__t0.05,114,1138
6_risk_only_skip,6_risk_only_skip__t0.05,115,1086
6_risk_only_skip,6_risk_only_skip__t0.05,116,1026
6_risk_only_skip,6_risk_only_skip__t0.05,117,1124
6_risk_only_skip,6_risk_only_skip__t0.05,118,1143
6_risk_only_skip,6_risk_only_skip__t0.05,119,905
6_risk_only_skip,6_risk_only_skip__t0.05,120,717
6_risk_only_skip,6_risk_only_skip__t0.05,121,551
6_risk_only_skip,6_risk_only_skip__t0.05,122,430
6_risk_only_skip,6_risk_only_skip__t0.05,123,404
6_risk_only_skip,6_risk_only_skip__t0.05,124,351
6_risk_only_skip,6_risk_only_skip__t0.05,125,326
6_risk_only_skip,6_risk_only_skip__t0.05,126,331
6_risk_only_skip,6_risk_only_skip__t0.05,127,356
6_risk_only_skip,6_risk_only_skip__t0.05,128,337
6_risk_only_skip,6_risk_only_skip__t0.05,129,377
6_risk_only_skip,6_risk_only_skip__t0.05,130,394
6_risk_only_skip,6_risk_only_skip__t0.05,131,473
6_risk_only_skip,6_risk_only_skip__t0.05,132,471
6_risk_only_skip,6_risk_only_skip__t0.05,133,434
6_risk_only_skip,6_risk_only_skip__t0.05,134,568
6_risk_only_skip,6_risk_only_skip__t0.05,135,619
6_risk_only_skip,6_risk_only_skip__t0.05,136,621
6_risk_only_skip,6_risk_only_skip__t0.05,137,653
6_risk_only_skip,6_risk_only_skip__t0.05,138,555
6_risk_only_skip,6_risk_only_skip__t0.05,139,602
6_risk_only_skip,6_risk_only_skip__t0.05,140,596
6_risk_only_skip,6_risk_only_skip__t0.05,141,608
6_risk_only_skip,6_risk_only_skip__t0.05,142,629
6_risk_only_skip,6_risk_only_skip__t0.05,143,549
6_risk_only_skip,6_risk_only_skip__t0.05,144,451
6_risk_only_skip,6_risk_only_skip__t0.05,145,356
6_risk_only_skip,6_risk_only_skip__t0.05,146,350
6_risk_only_skip,6_risk_only_skip__t0.05,147,332
6_risk_only_skip,6_risk_only_skip__t0.05,148,361
6_risk_only_skip,6_risk_only_skip__t0.05,149,346
6_risk_only_skip,6_risk_only_skip__t0.05,150,289
6_risk_only_skip,6_risk_only_skip__t0.05,151,369
6_risk_only_skip,6_risk_only_skip__t0.05,152,337
6_risk_only_skip,6_risk_only_skip__t0.05,153,408
6_risk_only_skip,6_risk_only_skip__t0.05,154,406
6_risk_only_skip,6_risk_only_skip__t0.05,155,377
6_risk_only_skip,6_risk_only_skip__t0.05,156,431
6_risk_only_skip,6_risk_only_skip__t0.05,157,506
6_risk_only_skip,6_risk_only_skip__t0.05,158,519
6_risk_only_skip,6_risk_only_skip__t0.05,159,616
6_risk_only_skip,6_risk_only_skip__t0.05,160,582
6_risk_only_skip,6_risk_only_skip__t0.05,161,553
6_risk_only_skip,6_risk_only_skip__t0.05,162,635
6_risk_only_skip,6_risk_only_skip__t0.05,163,628
6_risk_only_skip,6_risk_only_skip__t0.05,164,644
6_risk_only_skip,6_risk_only_skip__t0.05,165,703
6_risk_only_skip,6_risk_only_skip__t0.05,166,687
6_risk_only_skip,6_risk_only_skip__t0.05,167,587
6_risk_only_skip,6_risk_only_skip__t0.1,0,467
6_risk_only_skip,6_risk_only_skip__t0.1,1,442
6_risk_only_skip,6_risk_only_skip__t0.1,2,478
6_risk_only_skip,6_risk_only_skip__t0.1,3,435
6_risk_only_skip,6_risk_only_skip__t0.1,4,484
6_risk_only_skip,6_risk_only_skip__t0.1,5,530
6_risk_only_skip,6_risk_only_skip__t0.1,6,544
6_risk_only_skip,6_risk_only_skip__t0.1,7,569
6_risk_only_skip,6_risk_only_skip__t0.1,8,742
6_risk_only_skip,6_risk_only_skip__t0.1,9,817
6_risk_only_skip,6_risk_only_skip__t0.1,10,785
6_risk_only_skip,6_risk_only_skip__t0.1,11,875
6_risk_only_skip,6_risk_only_skip__t0.1,12,1080
6_risk_only_skip,6_risk_only_skip__t0.1,13,1119
6_risk_only_skip,6_risk_only_skip__t0.1,14,1313
6_risk_only_skip,6_risk_only_skip__t0.1,15,1294
6_risk_only_skip,6_risk_only_skip__t0.1,16,1238
6_risk_only_skip,6_risk_only_skip__t0.1,17,1231
6_risk_only_skip,6_risk_only_skip__t0.1,18,1219
6_risk_only_skip,6_risk_only_skip__t0.1,19,1111
6_risk_only_skip,6_risk_only_skip__t0.1,20,1158
6_risk_only_skip,6_risk_only_skip__t0.1,21,1323
6_risk_only_skip,6_risk_only_skip__t0.1,22,1275
6_risk_only_skip,6_risk_only_skip__t0.1,23,1109
6_risk_only_skip,6_risk_only_skip__t0.1,24,920
6_risk_only_skip,6_risk_only_skip__t0.1,25,774
6_risk_only_skip,6_risk_only_skip__t0.1,26,661
6_risk_only_skip,6_risk_only_skip__t0.1,27,641
6_risk_only_skip,6_risk_only_skip__t0.1,28,609
6_risk_only_skip,6_risk_only_skip__t0.1,29,706
6_risk_only_skip,6_risk_only_skip__t0.1,30,714
6_risk_only_skip,6_risk_only_skip__t0.1,31,792
6_risk_only_skip,6_risk_only_skip__t0.1,32,853
6_risk_only_skip,6_risk_only_skip__t0.1,33,969
6_risk_only_skip,6_risk_only_skip__t0.1,34,910
6_risk_only_skip,6_risk_only_skip__t0.1,35,907
6_risk_only_skip,6_risk_only_skip__t0.1,36,1074
6_risk_only_skip,6_risk_only_skip__t0.1,37,1117
6_risk_only_skip,6_risk_only_skip__t0.1,38,1220
6_risk_only_skip,6_risk_only_skip__t0.1,39,1225
6_risk_only_skip,6_risk_only_skip__t0.1,40,1306
6_risk_only_skip,6_risk_only_skip__t0.1,41,1457
6_risk_only_skip,6_risk_only_skip__t0.1,42,1236
6_risk_only_skip,6_risk_only_skip__t0.1,43,1222
6_risk_only_skip,6_risk_only_skip__t0.1,44,1168
6_risk_only_skip,6_risk_only_skip__t0.1,45,1357
6_risk_only_skip,6_risk_only_skip__t0.1,46,1238
6_risk_only_skip,6_risk_only_skip__t0.1,47,1199
6_risk_only_skip,6_risk_only_skip__t0.1,48,1040
6_risk_only_skip,6_risk_only_skip__t0.1,49,797
6_risk_only_skip,6_risk_only_skip__t0.1,50,683
6_risk_only_skip,6_risk_only_skip__t0.1,51,689
6_risk_only_skip,6_risk_only_skip__t0.1,52,566
6_risk_only_skip,6_risk_only_skip__t0.1,53,690
6_risk_only_skip,6_risk_only_skip__t0.1,54,624
6_risk_only_skip,6_risk_only_skip__t0.1,55,753
6_risk_only_skip,6_risk_only_skip__t0.1,56,843
6_risk_only_skip,6_risk_only_skip__t0.1,57,927
6_risk_only_skip,6_risk_only_skip__t0.1,58,974
6_risk_only_skip,6_risk_only_skip__t0.1,59,913
6_risk_only_skip,6_risk_only_skip__t0.1,60,1049
6_risk_only_skip,6_risk_only_skip__t0.1,61,1149
6_risk_only_skip,6_risk_only_skip__t0.1,62,1195
6_risk_only_skip,6_risk_only_skip__t0.1,63,1291
6_risk_only_skip,6_risk_only_skip__t0.1,64,1438
6_risk_only_skip,6_risk_only_skip__t0.1,65,1346
6_risk_only_skip,6_risk_only_skip__t0.1,66,1228
6_risk_only_skip,6_risk_only_skip__t0.1,67,1123
6_risk_only_skip,6_risk_only_skip__t0.1,68,1232
6_risk_only_skip,6_risk_only_skip__t0.1,69,1187
6_risk_only_skip,6_risk_only_skip__t0.1,70,1248
6_risk_only_skip,6_risk_only_skip__t0.1,71,1145
6_risk_only_skip,6_risk_only_skip__t0.1,72,852
6_risk_only_skip,6_risk_only_skip__t0.1,73,763
6_risk_only_skip,6_risk_only_skip__t0.1,74,635
6_risk_only_skip,6_risk_only_skip__t0.1,75,587
6_risk_only_skip,6_risk_only_skip__t0.1,76,554
6_risk_only_skip,6_risk_only_skip__t0.1,77,594
6_risk_only_skip,6_risk_only_skip__t0.1,78,749
6_risk_only_skip,6_risk_only_skip__t0.1,79,715
6_risk_only_skip,6_risk_only_skip__t0.1,80,869
6_risk_only_skip,6_risk_only_skip__t0.1,81,933
6_risk_only_skip,6_risk_only_skip__t0.1,82,854
6_risk_only_skip,6_risk_only_skip__t0.1,83,890
6_risk_only_skip,6_risk_only_skip__t0.1,84,941
6_risk_only_skip,6_risk_only_skip__t0.1,85,1101
6_risk_only_skip,6_risk_only_skip__t0.1,86,1236
6_risk_only_skip,6_risk_only_skip__t0.1,87,1218
6_risk_only_skip,6_risk_only_skip__t0.1,88,1284
6_risk_only_skip,6_risk_only_skip__t0.1,89,1265
6_risk_only_skip,6_risk_only_skip__t0.1,90,1261
6_risk_only_skip,6_risk_only_skip__t0.1,91,1147
6_risk_only_skip,6_risk_only_skip__t0.1,92,1099
6_risk_only_skip,6_risk_only_skip__t0.1,93,1245
6_risk_only_skip,6_risk_only_skip__t0.1,94,1214
6_risk_only_skip,6_risk_only_skip__t0.1,95,1205
6_risk_only_skip,6_risk_only_skip__t0.1,96,858
6_risk_only_skip,6_risk_only_skip__t0.1,97,782
6_risk_only_skip,6_risk_only_skip__t0.1,98,630
6_risk_only_skip,6_risk_only_skip__t0.1,99,611
6_risk_only_skip,6_risk_only_skip__t0.1,100,538
6_risk_only_skip,6_risk_only_skip__t0.1,101,616
6_risk_only_skip,6_risk_only_skip__t0.1,102,657
6_risk_only_skip,6_risk_only_skip__t0.1,103,697
6_risk_only_skip,6_risk_only_skip__t0.1,104,803
6_risk_only_skip,6_risk_only_skip__t0.1,105,822
6_risk_only_skip,6_risk_only_skip__t0.1,106,859
6_risk_only_skip,6_risk_only_skip__t0.1,107,877
6_risk_only_skip,6_risk_only_skip__t0.1,108,959
6_risk_only_skip,6_risk_only_skip__t0.1,109,1077
6_risk_only_skip,6_risk_only_skip__t0.1,110,1141
6_risk_only_skip,6_risk_only_skip__t0.1,111,1215
6_risk_only_skip,6_risk_only_skip__t0.1,112,1138
6_risk_only_skip,6_risk_only_skip__t0.1,113,1173
6_risk_only_skip,6_risk_only_skip__t0.1,114,1136
6_risk_only_skip,6_risk_only_skip__t0.1,115,1085
6_risk_only_skip,6_risk_only_skip__t0.1,116,1023
6_risk_only_skip,6_risk_only_skip__t0.1,117,1123
6_risk_only_skip,6_risk_only_skip__t0.1,118,1137
6_risk_only_skip,6_risk_only_skip__t0.1,119,897
6_risk_only_skip,6_risk_only_skip__t0.1,120,716
6_risk_only_skip,6_risk_only_skip__t0.1,121,549
6_risk_only_skip,6_risk_only_skip__t0.1,122,430
6_risk_only_skip,6_risk_only_skip__t0.1,123,404
6_risk_only_skip,6_risk_only_skip__t0.1,124,351
6_risk_only_skip,6_risk_only_skip__t0.1,125,325
6_risk_only_skip,6_risk_only_skip__t0.1,126,331
6_risk_only_skip,6_risk_only_skip__t0.1,127,356
6_risk_only_skip,6_risk_only_skip__t0.1,128,337
6_risk_only_skip,6_risk_only_skip__t0.1,129,377
6_risk_only_skip,6_risk_only_skip__t0.1,130,394
6_risk_only_skip,6_risk_only_skip__t0.1,131,473
6_risk_only_skip,6_risk_only_skip__t0.1,132,471
6_risk_only_skip,6_risk_only_skip__t0.1,133,434
6_risk_only_skip,6_risk_only_skip__t0.1,134,568
6_risk_only_skip,6_risk_only_skip__t0.1,135,619
6_risk_only_skip,6_risk_only_skip__t0.1,136,620
6_risk_only_skip,6_risk_only_skip__t0.1,137,653
6_risk_only_skip,6_risk_only_skip__t0.1,138,555
6_risk_only_skip,6_risk_only_skip__t0.1,139,602
6_risk_only_skip,6_risk_only_skip__t0.1,140,596
6_risk_only_skip,6_risk_only_skip__t0.1,141,608
6_risk_only_skip,6_risk_only_skip__t0.1,142,629
6_risk_only_skip,6_risk_only_skip__t0.1,143,548
6_risk_only_skip,6_risk_only_skip__t0.1,144,449
6_risk_only_skip,6_risk_only_skip__t0.1,145,355
6_risk_only_skip,6_risk_only_skip__t0.1,146,349
6_risk_only_skip,6_risk_only_skip__t0.1,147,331
6_risk_only_skip,6_risk_only_skip__t0.1,148,361
6_risk_only_skip,6_risk_only_skip__t0.1,149,346
6_risk_only_skip,6_risk_only_skip__t0.1,150,289
6_risk_only_skip,6_risk_only_skip__t0.1,151,368
6_risk_only_skip,6_risk_only_skip__t0.1,152,337
6_risk_only_skip,6_risk_only_skip__t0.1,153,408
6_risk_only_skip,6_risk_only_skip__t0.1,154,404
6_risk_only_skip,6_risk_only_skip__t0.1,155,370
6_risk_only_skip,6_risk_only_skip__t0.1,156,427
6_risk_only_skip,6_risk_only_skip__t0.1,157,506
6_risk_only_skip,6_risk_only_skip__t0.1,158,518
6_risk_only_skip,6_risk_only_skip__t0.1,159,614
6_risk_only_skip,6_risk_only_skip__t0.1,160,582
6_risk_only_skip,6_risk_only_skip__t0.1,161,552
6_risk_only_skip,6_risk_only_skip__t0.1,162,635
6_risk_only_skip,6_risk_only_skip__t0.1,163,628
6_risk_only_skip,6_risk_only_skip__t0.1,164,644
6_risk_only_skip,6_risk_only_skip__t0.1,165,703
6_risk_only_skip,6_risk_only_skip__t0.1,166,687
6_risk_only_skip,6_risk_only_skip__t0.1,167,587
6_risk_only_skip,6_risk_only_skip__t0.15,0,466
6_risk_only_skip,6_risk_only_skip__t0.15,1,442
6_risk_only_skip,6_risk_only_skip__t0.15,2,477
6_risk_only_skip,6_risk_only_skip__t0.15,3,434
6_risk_only_skip,6_risk_only_skip__t0.15,4,484
6_risk_only_skip,6_risk_only_skip__t0.15,5,530
6_risk_only_skip,6_risk_only_skip__t0.15,6,542
6_risk_only_skip,6_risk_only_skip__t0.15,7,568
6_risk_only_skip,6_risk_only_skip__t0.15,8,741
6_risk_only_skip,6_risk_only_skip__t0.15,9,817
6_risk_only_skip,6_risk_only_skip__t0.15,10,785
6_risk_only_skip,6_risk_only_skip__t0.15,11,875
6_risk_only_skip,6_risk_only_skip__t0.15,12,1080
6_risk_only_skip,6_risk_only_skip__t0.15,13,1118
6_risk_only_skip,6_risk_only_skip__t0.15,14,1312
6_risk_only_skip,6_risk_only_skip__t0.15,15,1293
6_risk_only_skip,6_risk_only_skip__t0.15,16,1238
6_risk_only_skip,6_risk_only_skip__t0.15,17,1229
6_risk_only_skip,6_risk_only_skip__t0.15,18,1219
6_risk_only_skip,6_risk_only_skip__t0.15,19,1111
6_risk_only_skip,6_risk_only_skip__t0.15,20,1156
6_risk_only_skip,6_risk_only_skip__t0.15,21,1323
6_risk_only_skip,6_risk_only_skip__t0.15,22,1271
6_risk_only_skip,6_risk_only_skip__t0.15,23,1109
6_risk_only_skip,6_risk_only_skip__t0.15,24,920
6_risk_only_skip,6_risk_only_skip__t0.15,25,773
6_risk_only_skip,6_risk_only_skip__t0.15,26,660
6_risk_only_skip,6_risk_only_skip__t0.15,27,641
6_risk_only_skip,6_risk_only_skip__t0.15,28,609
6_risk_only_skip,6_risk_only_skip__t0.15,29,702
6_risk_only_skip,6_risk_only_skip__t0.15,30,714
6_risk_only_skip,6_risk_only_skip__t0.15,31,790
6_risk_only_skip,6_risk_only_skip__t0.15,32,853
6_risk_only_skip,6_risk_only_skip__t0.15,33,969
6_risk_only_skip,6_risk_only_skip__t0.15,34,910
6_risk_only_skip,6_risk_only_skip__t0.15,35,907
6_risk_only_skip,6_risk_only_skip__t0.15,36,1073
6_risk_only_skip,6_risk_only_skip__t0.15,37,1117
6_risk_only_skip,6_risk_only_skip__t0.15,38,1220
6_risk_only_skip,6_risk_only_skip__t0.15,39,1225
6_risk_only_skip,6_risk_only_skip__t0.15,40,1306
6_risk_only_skip,6_risk_only_skip__t0.15,41,1456
6_risk_only_skip,6_risk_only_skip__t0.15,42,1236
6_risk_only_skip,6_risk_only_skip__t0.15,43,1221
6_risk_only_skip,6_risk_only_skip__t0.15,44,1168
6_risk_only_skip,6_risk_only_skip__t0.15,45,1357
6_risk_only_skip,6_risk_only_skip__t0.15,46,1238
6_risk_only_skip,6_risk_only_skip__t0.15,47,1197
6_risk_only_skip,6_risk_only_skip__t0.15,48,1040
6_risk_only_skip,6_risk_only_skip__t0.15,49,795
6_risk_only_skip,6_risk_only_skip__t0.15,50,683
6_risk_only_skip,6_risk_only_skip__t0.15,51,689
6_risk_only_skip,6_risk_only_skip__t0.15,52,565
6_risk_only_skip,6_risk_only_skip__t0.15,53,690
6_risk_only_skip,6_risk_only_skip__t0.15,54,624
6_risk_only_skip,6_risk_only_skip__t0.15,55,753
6_risk_only_skip,6_risk_only_skip__t0.15,56,843
6_risk_only_skip,6_risk_only_skip__t0.15,57,927
6_risk_only_skip,6_risk_only_skip__t0.15,58,974
6_risk_only_skip,6_risk_only_skip__t0.15,59,913
6_risk_only_skip,6_risk_only_skip__t0.15,60,1049
6_risk_only_skip,6_risk_only_skip__t0.15,61,1149
6_risk_only_skip,6_risk_only_skip__t0.15,62,1195
6_risk_only_skip,6_risk_only_skip__t0.15,63,1290
6_risk_only_skip,6_risk_only_skip__t0.15,64,1438
6_risk_only_skip,6_risk_only_skip__t0.15,65,1346
6_risk_only_skip,6_risk_only_skip__t0.15,66,1228
6_risk_only_skip,6_risk_only_skip__t0.15,67,1123
6_risk_only_skip,6_risk_only_skip__t0.15,68,1231
6_risk_only_skip,6_risk_only_skip__t0.15,69,1185
6_risk_only_skip,6_risk_only_skip__t0.15,70,1248
6_risk_only_skip,6_risk_only_skip__t0.15,71,1145
6_risk_only_skip,6_risk_only_skip__t0.15,72,852
6_risk_only_skip,6_risk_only_skip__t0.15,73,762
6_risk_only_skip,6_risk_only_skip__t0.15,74,635
6_risk_only_skip,6_risk_only_skip__t0.15,75,587
6_risk_only_skip,6_risk_only_skip__t0.15,76,554
6_risk_only_skip,6_risk_only_skip__t0.15,77,594
6_risk_only_skip,6_risk_only_skip__t0.15,78,749
6_risk_only_skip,6_risk_only_skip__t0.15,79,715
6_risk_only_skip,6_risk_only_skip__t0.15,80,869
6_risk_only_skip,6_risk_only_skip__t0.15,81,933
6_risk_only_skip,6_risk_only_skip__t0.15,82,854
6_risk_only_skip,6_risk_only_skip__t0.15,83,890
6_risk_only_skip,6_risk_only_skip__t0.15,84,939
6_risk_only_skip,6_risk_only_skip__t0.15,85,1101
6_risk_only_skip,6_risk_only_skip__t0.15,86,1235
6_risk_only_skip,6_risk_only_skip__t0.15,87,1216
6_risk_only_skip,6_risk_only_skip__t0.15,88,1283
6_risk_only_skip,6_risk_only_skip__t0.15,89,1265
6_risk_only_skip,6_risk_only_skip__t0.15,90,1258
6_risk_only_skip,6_risk_only_skip__t0.15,91,1147
6_risk_only_skip,6_risk_only_skip__t0.15,92,1093
6_risk_only_skip,6_risk_only_skip__t0.15,93,1242
6_risk_only_skip,6_risk_only_skip__t0.15,94,1212
6_risk_only_skip,6_risk_only_skip__t0.15,95,1204
6_risk_only_skip,6_risk_only_skip__t0.15,96,855
6_risk_only_skip,6_risk_only_skip__t0.15,97,782
6_risk_only_skip,6_risk_only_skip__t0.15,98,630
6_risk_only_skip,6_risk_only_skip__t0.15,99,611
6_risk_only_skip,6_risk_only_skip__t0.15,100,538
6_risk_only_skip,6_risk_only_skip__t0.15,101,616
6_risk_only_skip,6_risk_only_skip__t0.15,102,657
6_risk_only_skip,6_risk_only_skip__t0.15,103,697
6_risk_only_skip,6_risk_only_skip__t0.15,104,803
6_risk_only_skip,6_risk_only_skip__t0.15,105,821
6_risk_only_skip,6_risk_only_skip__t0.15,106,859
6_risk_only_skip,6_risk_only_skip__t0.15,107,877
6_risk_only_skip,6_risk_only_skip__t0.15,108,959
6_risk_only_skip,6_risk_only_skip__t0.15,109,1077
6_risk_only_skip,6_risk_only_skip__t0.15,110,1139
6_risk_only_skip,6_risk_only_skip__t0.15,111,1215
6_risk_only_skip,6_risk_only_skip__t0.15,112,1138
6_risk_only_skip,6_risk_only_skip__t0.15,113,1171
6_risk_only_skip,6_risk_only_skip__t0.15,114,1135
6_risk_only_skip,6_risk_only_skip__t0.15,115,1083
6_risk_only_skip,6_risk_only_skip__t0.15,116,1021
6_risk_only_skip,6_risk_only_skip__t0.15,117,1121
6_risk_only_skip,6_risk_only_skip__t0.15,118,1133
6_risk_only_skip,6_risk_only_skip__t0.15,119,896
6_risk_only_skip,6_risk_only_skip__t0.15,120,716
6_risk_only_skip,6_risk_only_skip__t0.15,121,547
6_risk_only_skip,6_risk_only_skip__t0.15,122,429
6_risk_only_skip,6_risk_only_skip__t0.15,123,402
6_risk_only_skip,6_risk_only_skip__t0.15,124,351
6_risk_only_skip,6_risk_only_skip__t0.15,125,325
6_risk_only_skip,6_risk_only_skip__t0.15,126,331
6_risk_only_skip,6_risk_only_skip__t0.15,127,356
6_risk_only_skip,6_risk_only_skip__t0.15,128,337
6_risk_only_skip,6_risk_only_skip__t0.15,129,377
6_risk_only_skip,6_risk_only_skip__t0.15,130,394
6_risk_only_skip,6_risk_only_skip__t0.15,131,473
6_risk_only_skip,6_risk_only_skip__t0.15,132,470
6_risk_only_skip,6_risk_only_skip__t0.15,133,434
6_risk_only_skip,6_risk_only_skip__t0.15,134,568
6_risk_only_skip,6_risk_only_skip__t0.15,135,619
6_risk_only_skip,6_risk_only_skip__t0.15,136,620
6_risk_only_skip,6_risk_only_skip__t0.15,137,653
6_risk_only_skip,6_risk_only_skip__t0.15,138,555
6_risk_only_skip,6_risk_only_skip__t0.15,139,602
6_risk_only_skip,6_risk_only_skip__t0.15,140,596
6_risk_only_skip,6_risk_only_skip__t0.15,141,608
6_risk_only_skip,6_risk_only_skip__t0.15,142,629
6_risk_only_skip,6_risk_only_skip__t0.15,143,548
6_risk_only_skip,6_risk_only_skip__t0.15,144,448
6_risk_only_skip,6_risk_only_skip__t0.15,145,353
6_risk_only_skip,6_risk_only_skip__t0.15,146,349
6_risk_only_skip,6_risk_only_skip__t0.15,147,329
6_risk_only_skip,6_risk_only_skip__t0.15,148,358
6_risk_only_skip,6_risk_only_skip__t0.15,149,345
6_risk_only_skip,6_risk_only_skip__t0.15,150,289
6_risk_only_skip,6_risk_only_skip__t0.15,151,368
6_risk_only_skip,6_risk_only_skip__t0.15,152,336
6_risk_only_skip,6_risk_only_skip__t0.15,153,406
6_risk_only_skip,6_risk_only_skip__t0.15,154,404
6_risk_only_skip,6_risk_only_skip__t0.15,155,369
6_risk_only_skip,6_risk_only_skip__t0.15,156,427
6_risk_only_skip,6_risk_only_skip__t0.15,157,506
6_risk_only_skip,6_risk_only_skip__t0.15,158,518
6_risk_only_skip,6_risk_only_skip__t0.15,159,614
6_risk_only_skip,6_risk_only_skip__t0.15,160,581
6_risk_only_skip,6_risk_only_skip__t0.15,161,552
6_risk_only_skip,6_risk_only_skip__t0.15,162,633
6_risk_only_skip,6_risk_only_skip__t0.15,163,628
6_risk_only_skip,6_risk_only_skip__t0.15,164,644
6_risk_only_skip,6_risk_only_skip__t0.15,165,703
6_risk_only_skip,6_risk_only_skip__t0.15,166,685
6_risk_only_skip,6_risk_only_skip__t0.15,167,587
6_risk_only_skip,6_risk_only_skip__t0.2,0,466
6_risk_only_skip,6_risk_only_skip__t0.2,1,442
6_risk_only_skip,6_risk_only_skip__t0.2,2,476
6_risk_only_skip,6_risk_only_skip__t0.2,3,433
6_risk_only_skip,6_risk_only_skip__t0.2,4,483
6_risk_only_skip,6_risk_only_skip__t0.2,5,530
6_risk_only_skip,6_risk_only_skip__t0.2,6,540
6_risk_only_skip,6_risk_only_skip__t0.2,7,568
6_risk_only_skip,6_risk_only_skip__t0.2,8,741
6_risk_only_skip,6_risk_only_skip__t0.2,9,817
6_risk_only_skip,6_risk_only_skip__t0.2,10,785
6_risk_only_skip,6_risk_only_skip__t0.2,11,875
6_risk_only_skip,6_risk_only_skip__t0.2,12,1079
6_risk_only_skip,6_risk_only_skip__t0.2,13,1114
6_risk_only_skip,6_risk_only_skip__t0.2,14,1310
6_risk_only_skip,6_risk_only_skip__t0.2,15,1290
6_risk_only_skip,6_risk_only_skip__t0.2,16,1236
6_risk_only_skip,6_risk_only_skip__t0.2,17,1227
6_risk_only_skip,6_risk_only_skip__t0.2,18,1219
6_risk_only_skip,6_risk_only_skip__t0.2,19,1110
6_risk_only_skip,6_risk_only_skip__t0.2,20,1151
6_risk_only_skip,6_risk_only_skip__t0.2,21,1323
6_risk_only_skip,6_risk_only_skip__t0.2,22,1263
6_risk_only_skip,6_risk_only_skip__t0.2,23,1107
6_risk_only_skip,6_risk_only_skip__t0.2,24,917
6_risk_only_skip,6_risk_only_skip__t0.2,25,772
6_risk_only_skip,6_risk_only_skip__t0.2,26,659
6_risk_only_skip,6_risk_only_skip__t0.2,27,641
6_risk_only_skip,6_risk_only_skip__t0.2,28,609
6_risk_only_skip,6_risk_only_skip__t0.2,29,702
6_risk_only_skip,6_risk_only_skip__t0.2,30,714
6_risk_only_skip,6_risk_only_skip__t0.2,31,790
6_risk_only_skip,6_risk_only_skip__t0.2,32,853
6_risk_only_skip,6_risk_only_skip__t0.2,33,969
6_risk_only_skip,6_risk_only_skip__t0.2,34,910
6_risk_only_skip,6_risk_only_skip__t0.2,35,907
6_risk_only_skip,6_risk_only_skip__t0.2,36,1072
6_risk_only_skip,6_risk_only_skip__t0.2,37,1116
6_risk_only_skip,6_risk_only_skip__t0.2,38,1218
6_risk_only_skip,6_risk_only_skip__t0.2,39,1223
6_risk_only_skip,6_risk_only_skip__t0.2,40,1306
6_risk_only_skip,6_risk_only_skip__t0.2,41,1454
6_risk_only_skip,6_risk_only_skip__t0.2,42,1235
6_risk_only_skip,6_risk_only_skip__t0.2,43,1218
6_risk_only_skip,6_risk_only_skip__t0.2,44,1165
6_risk_only_skip,6_risk_only_skip__t0.2,45,1354
6_risk_only_skip,6_risk_only_skip__t0.2,46,1235
6_risk_only_skip,6_risk_only_skip__t0.2,47,1196
6_risk_only_skip,6_risk_only_skip__t0.2,48,1033
6_risk_only_skip,6_risk_only_skip__t0.2,49,794
6_risk_only_skip,6_risk_only_skip__t0.2,50,681
6_risk_only_skip,6_risk_only_skip__t0.2,51,688
6_risk_only_skip,6_risk_only_skip__t0.2,52,565
6_risk_only_skip,6_risk_only_skip__t0.2,53,689
6_risk_only_skip,6_risk_only_skip__t0.2,54,624
6_risk_only_skip,6_risk_only_skip__t0.2,55,752
6_risk_only_skip,6_risk_only_skip__t0.2,56,843
6_risk_only_skip,6_risk_only_skip__t0.2,57,927
6_risk_only_skip,6_risk_only_skip__t0.2,58,974
6_risk_only_skip,6_risk_only_skip__t0.2,59,913
6_risk_only_skip,6_risk_only_skip__t0.2,60,1045
6_risk_only_skip,6_risk_only_skip__t0.2,61,1147
6_risk_only_skip,6_risk_only_skip__t0.2,62,1195
6_risk_only_skip,6_risk_only_skip__t0.2,63,1287
6_risk_only_skip,6_risk_only_skip__t0.2,64,1435
6_risk_only_skip,6_risk_only_skip__t0.2,65,1344
6_risk_only_skip,6_risk_only_skip__t0.2,66,1227
6_risk_only_skip,6_risk_only_skip__t0.2,67,1122
6_risk_only_skip,6_risk_only_skip__t0.2,68,1230
6_risk_only_skip,6_risk_only_skip__t0.2,69,1181
6_risk_only_skip,6_risk_only_skip__t0.2,70,1245
6_risk_only_skip,6_risk_only_skip__t0.2,71,1145
6_risk_only_skip,6_risk_only_skip__t0.2,72,850
6_risk_only_skip,6_risk_only_skip__t0.2,73,756
6_risk_only_skip,6_risk_only_skip__t0.2,74,635
6_risk_only_skip,6_risk_only_skip__t0.2,75,585
6_risk_only_skip,6_risk_only_skip__t0.2,76,553
6_risk_only_skip,6_risk_only_skip__t0.2,77,594
6_risk_only_skip,6_risk_only_skip__t0.2,78,745
6_risk_only_skip,6_risk_only_skip__t0.2,79,714
6_risk_only_skip,6_risk_only_skip__t0.2,80,868
6_risk_only_skip,6_risk_only_skip__t0.2,81,931
6_risk_only_skip,6_risk_only_skip__t0.2,82,853
6_risk_only_skip,6_risk_only_skip__t0.2,83,888
6_risk_only_skip,6_risk_only_skip__t0.2,84,936
6_risk_only_skip,6_risk_only_skip__t0.2,85,1100
6_risk_only_skip,6_risk_only_skip__t0.2,86,1232
6_risk_only_skip,6_risk_only_skip__t0.2,87,1204
6_risk_only_skip,6_risk_only_skip__t0.2,88,1280
6_risk_only_skip,6_risk_only_skip__t0.2,89,1261
6_risk_only_skip,6_risk_only_skip__t0.2,90,1255
6_risk_only_skip,6_risk_only_skip__t0.2,91,1144
6_risk_only_skip,6_risk_only_skip__t0.2,92,1088
6_risk_only_skip,6_risk_only_skip__t0.2,93,1239
6_risk_only_skip,6_risk_only_skip__t0.2,94,1206
6_risk_only_skip,6_risk_only_skip__t0.2,95,1197
6_risk_only_skip,6_risk_only_skip__t0.2,96,854
6_risk_only_skip,6_risk_only_skip__t0.2,97,779
6_risk_only_skip,6_risk_only_skip__t0.2,98,630
6_risk_only_skip,6_risk_only_skip__t0.2,99,609
6_risk_only_skip,6_risk_only_skip__t0.2,100,534
6_risk_only_skip,6_risk_only_skip__t0.2,101,615
6_risk_only_skip,6_risk_only_skip__t0.2,102,656
6_risk_only_skip,6_risk_only_skip__t0.2,103,695
6_risk_only_skip,6_risk_only_skip__t0.2,104,802
6_risk_only_skip,6_risk_only_skip__t0.2,105,820
6_risk_only_skip,6_risk_only_skip__t0.2,106,859
6_risk_only_skip,6_risk_only_skip__t0.2,107,875
6_risk_only_skip,6_risk_only_skip__t0.2,108,956
6_risk_only_skip,6_risk_only_skip__t0.2,109,1075
6_risk_only_skip,6_risk_only_skip__t0.2,110,1133
6_risk_only_skip,6_risk_only_skip__t0.2,111,1213
6_risk_only_skip,6_risk_only_skip__t0.2,112,1134
6_risk_only_skip,6_risk_only_skip__t0.2,113,1169
6_risk_only_skip,6_risk_only_skip__t0.2,114,1130
6_risk_only_skip,6_risk_only_skip__t0.2,115,1080
6_risk_only_skip,6_risk_only_skip__t0.2,116,1016
6_risk_only_skip,6_risk_only_skip__t0.2,117,1113
6_risk_only_skip,6_risk_only_skip__t0.2,118,1125
6_risk_only_skip,6_risk_only_skip__t0.2,119,894
6_risk_only_skip,6_risk_only_skip__t0.2,120,716
6_risk_only_skip,6_risk_only_skip__t0.2,121,547
6_risk_only_skip,6_risk_only_skip__t0.2,122,428
6_risk_only_skip,6_risk_only_skip__t0.2,123,402
6_risk_only_skip,6_risk_only_skip__t0.2,124,351
6_risk_only_skip,6_risk_only_skip__t0.2,125,325
6_risk_only_skip,6_risk_only_skip__t0.2,126,331
6_risk_only_skip,6_risk_only_skip__t0.2,127,356
6_risk_only_skip,6_risk_only_skip__t0.2,128,337
6_risk_only_skip,6_risk_only_skip__t0.2,129,377
6_risk_only_skip,6_risk_only_skip__t0.2,130,393
6_risk_only_skip,6_risk_only_skip__t0.2,131,472
6_risk_only_skip,6_risk_only_skip__t0.2,132,470
6_risk_only_skip,6_risk_only_skip__t0.2,133,434
6_risk_only_skip,6_risk_only_skip__t0.2,134,566
6_risk_only_skip,6_risk_only_skip__t0.2,135,617
6_risk_only_skip,6_risk_only_skip__t0.2,136,619
6_risk_only_skip,6_risk_only_skip__t0.2,137,653
6_risk_only_skip,6_risk_only_skip__t0.2,138,555
6_risk_only_skip,6_risk_only_skip__t0.2,139,601
6_risk_only_skip,6_risk_only_skip__t0.2,140,594
6_risk_only_skip,6_risk_only_skip__t0.2,141,608
6_risk_only_skip,6_risk_only_skip__t0.2,142,628
6_risk_only_skip,6_risk_only_skip__t0.2,143,548
6_risk_only_skip,6_risk_only_skip__t0.2,144,447
6_risk_only_skip,6_risk_only_skip__t0.2,145,352
6_risk_only_skip,6_risk_only_skip__t0.2,146,349
6_risk_only_skip,6_risk_only_skip__t0.2,147,329
6_risk_only_skip,6_risk_only_skip__t0.2,148,358
6_risk_only_skip,6_risk_only_skip__t0.2,149,345
6_risk_only_skip,6_risk_only_skip__t0.2,150,289
6_risk_only_skip,6_risk_only_skip__t0.2,151,367
6_risk_only_skip,6_risk_only_skip__t0.2,152,336
6_risk_only_skip,6_risk_only_skip__t0.2,153,404
6_risk_only_skip,6_risk_only_skip__t0.2,154,402
6_risk_only_skip,6_risk_only_skip__t0.2,155,369
6_risk_only_skip,6_risk_only_skip__t0.2,156,425
6_risk_only_skip,6_risk_only_skip__t0.2,157,505
6_risk_only_skip,6_risk_only_skip__t0.2,158,518
6_risk_only_skip,6_risk_only_skip__t0.2,159,614
6_risk_only_skip,6_risk_only_skip__t0.2,160,581
6_risk_only_skip,6_risk_only_skip__t0.2,161,552
6_risk_only_skip,6_risk_only_skip__t0.2,162,631
6_risk_only_skip,6_risk_only_skip__t0.2,163,627
6_risk_only_skip,6_risk_only_skip__t0.2,164,643
6_risk_only_skip,6_risk_only_skip__t0.2,165,702
6_risk_only_skip,6_risk_only_skip__t0.2,166,685
6_risk_only_skip,6_risk_only_skip__t0.2,167,586
6_risk_only_skip,6_risk_only_skip__t0.25,0,465
6_risk_only_skip,6_risk_only_skip__t0.25,1,440
6_risk_only_skip,6_risk_only_skip__t0.25,2,472
6_risk_only_skip,6_risk_only_skip__t0.25,3,433
6_risk_only_skip,6_risk_only_skip__t0.25,4,478
6_risk_only_skip,6_risk_only_skip__t0.25,5,529
6_risk_only_skip,6_risk_only_skip__t0.25,6,540
6_risk_only_skip,6_risk_only_skip__t0.25,7,567
6_risk_only_skip,6_risk_only_skip__t0.25,8,741
6_risk_only_skip,6_risk_only_skip__t0.25,9,816
6_risk_only_skip,6_risk_only_skip__t0.25,10,784
6_risk_only_skip,6_risk_only_skip__t0.25,11,874
6_risk_only_skip,6_risk_only_skip__t0.25,12,1077
6_risk_only_skip,6_risk_only_skip__t0.25,13,1111
6_risk_only_skip,6_risk_only_skip__t0.25,14,1304
6_risk_only_skip,6_risk_only_skip__t0.25,15,1284
6_risk_only_skip,6_risk_only_skip__t0.25,16,1230
6_risk_only_skip,6_risk_only_skip__t0.25,17,1223
6_risk_only_skip,6_risk_only_skip__t0.25,18,1217
6_risk_only_skip,6_risk_only_skip__t0.25,19,1105
6_risk_only_skip,6_risk_only_skip__t0.25,20,1148
6_risk_only_skip,6_risk_only_skip__t0.25,21,1320
6_risk_only_skip,6_risk_only_skip__t0.25,22,1261
6_risk_only_skip,6_risk_only_skip__t0.25,23,1099
6_risk_only_skip,6_risk_only_skip__t0.25,24,907
6_risk_only_skip,6_risk_only_skip__t0.25,25,765
6_risk_only_skip,6_risk_only_skip__t0.25,26,656
6_risk_only_skip,6_risk_only_skip__t0.25,27,640
6_risk_only_skip,6_risk_only_skip__t0.25,28,607
6_risk_only_skip,6_risk_only_skip__t0.25,29,699
6_risk_only_skip,6_risk_only_skip__t0.25,30,711
6_risk_only_skip,6_risk_only_skip__t0.25,31,790
6_risk_only_skip,6_risk_only_skip__t0.25,32,853
6_risk_only_skip,6_risk_only_skip__t0.25,33,968
6_risk_only_skip,6_risk_only_skip__t0.25,34,909
6_risk_only_skip,6_risk_only_skip__t0.25,35,907
6_risk_only_skip,6_risk_only_skip__t0.25,36,1069
6_risk_only_skip,6_risk_only_skip__t0.25,37,1113
6_risk_only_skip,6_risk_only_skip__t0.25,38,1210
6_risk_only_skip,6_risk_only_skip__t0.25,39,1218
6_risk_only_skip,6_risk_only_skip__t0.25,40,1306
6_risk_only_skip,6_risk_only_skip__t0.25,41,1450
6_risk_only_skip,6_risk_only_skip__t0.25,42,1230
6_risk_only_skip,6_risk_only_skip__t0.25,43,1210
6_risk_only_skip,6_risk_only_skip__t0.25,44,1159
6_risk_only_skip,6_risk_only_skip__t0.25,45,1346
6_risk_only_skip,6_risk_only_skip__t0.25,46,1229
6_risk_only_skip,6_risk_only_skip__t0.25,47,1194
6_risk_only_skip,6_risk_only_skip__t0.25,48,1029
6_risk_only_skip,6_risk_only_skip__t0.25,49,790
6_risk_only_skip,6_risk_only_skip__t0.25,50,678
6_risk_only_skip,6_risk_only_skip__t0.25,51,683
6_risk_only_skip,6_risk_only_skip__t0.25,52,564
6_risk_only_skip,6_risk_only_skip__t0.25,53,689
6_risk_only_skip,6_risk_only_skip__t0.25,54,624
6_risk_only_skip,6_risk_only_skip__t0.25,55,751
6_risk_only_skip,6_risk_only_skip__t0.25,56,843
6_risk_only_skip,6_risk_only_skip__t0.25,57,927
6_risk_only_skip,6_risk_only_skip__t0.25,58,972
6_risk_only_skip,6_risk_only_skip__t0.25,59,910
6_risk_only_skip,6_risk_only_skip__t0.25,60,1042
6_risk_only_skip,6_risk_only_skip__t0.25,61,1142
6_risk_only_skip,6_risk_only_skip__t0.25,62,1188
6_risk_only_skip,6_risk_only_skip__t0.25,63,1277
6_risk_only_skip,6_risk_only_skip__t0.25,64,1428
6_risk_only_skip,6_risk_only_skip__t0.25,65,1342
6_risk_only_skip,6_risk_only_skip__t0.25,66,1222
6_risk_only_skip,6_risk_only_skip__t0.25,67,1119
6_risk_only_skip,6_risk_only_skip__t0.25,68,1227
6_risk_only_skip,6_risk_only_skip__t0.25,69,1180
6_risk_only_skip,6_risk_only_skip__t0.25,70,1243
6_risk_only_skip,6_risk_only_skip__t0.25,71,1141
6_risk_only_skip,6_risk_only_skip__t0.25,72,844
6_risk_only_skip,6_risk_only_skip__t0.25,73,755
6_risk_only_skip,6_risk_only_skip__t0.25,74,634
6_risk_only_skip,6_risk_only_skip__t0.25,75,582
6_risk_only_skip,6_risk_only_skip__t0.25,76,552
6_risk_only_skip,6_risk_only_skip__t0.25,77,591
6_risk_only_skip,6_risk_only_skip__t0.25,78,745
6_risk_only_skip,6_risk_only_skip__t0.25,79,714
6_risk_only_skip,6_risk_only_skip__t0.25,80,868
6_risk_only_skip,6_risk_only_skip__t0.25,81,931
6_risk_only_skip,6_risk_only_skip__t0.25,82,853
6_risk_only_skip,6_risk_only_skip__t0.25,83,887
6_risk_only_skip,6_risk_only_skip__t0.25,84,934
6_risk_only_skip,6_risk_only_skip__t0.25,85,1098
6_risk_only_skip,6_risk_only_skip__t0.25,86,1227
6_risk_only_skip,6_risk_only_skip__t0.25,87,1199
6_risk_only_skip,6_risk_only_skip__t0.25,88,1277
6_risk_only_skip,6_risk_only_skip__t0.25,89,1257
6_risk_only_skip,6_risk_only_skip__t0.25,90,1253
6_risk_only_skip,6_risk_only_skip__t0.25,91,1141
6_risk_only_skip,6_risk_only_skip__t0.25,92,1085
6_risk_only_skip,6_risk_only_skip__t0.25,93,1235
6_risk_only_skip,6_risk_only_skip__t0.25,94,1201
6_risk_only_skip,6_risk_only_skip__t0.25,95,1195
6_risk_only_skip,6_risk_only_skip__t0.25,96,848
6_risk_only_skip,6_risk_only_skip__t0.25,97,772
6_risk_only_skip,6_risk_only_skip__t0.25,98,628
6_risk_only_skip,6_risk_only_skip__t0.25,99,607
6_risk_only_skip,6_risk_only_skip__t0.25,100,533
6_risk_only_skip,6_risk_only_skip__t0.25,101,614
6_risk_only_skip,6_risk_only_skip__t0.25,102,654
6_risk_only_skip,6_risk_only_skip__t0.25,103,694
6_risk_only_skip,6_risk_only_skip__t0.25,104,802
6_risk_only_skip,6_risk_only_skip__t0.25,105,819
6_risk_only_skip,6_risk_only_skip__t0.25,106,858
6_risk_only_skip,6_risk_only_skip__t0.25,107,874
6_risk_only_skip,6_risk_only_skip__t0.25,108,955
6_risk_only_skip,6_risk_only_skip__t0.25,109,1071
6_risk_only_skip,6_risk_only_skip__t0.25,110,1130
6_risk_only_skip,6_risk_only_skip__t0.25,111,1212
6_risk_only_skip,6_risk_only_skip__t0.25,112,1130
6_risk_only_skip,6_risk_only_skip__t0.25,113,1164
6_risk_only_skip,6_risk_only_skip__t0.25,114,1125
6_risk_only_skip,6_risk_only_skip__t0.25,115,1077
6_risk_only_skip,6_risk_only_skip__t0.25,116,1012
6_risk_only_skip,6_risk_only_skip__t0.25,117,1108
6_risk_only_skip,6_risk_only_skip__t0.25,118,1123
6_risk_only_skip,6_risk_only_skip__t0.25,119,891
6_risk_only_skip,6_risk_only_skip__t0.25,120,709
6_risk_only_skip,6_risk_only_skip__t0.25,121,541
6_risk_only_skip,6_risk_only_skip__t0.25,122,425
6_risk_only_skip,6_risk_only_skip__t0.25,123,399
6_risk_only_skip,6_risk_only_skip__t0.25,124,347
6_risk_only_skip,6_risk_only_skip__t0.25,125,324
6_risk_only_skip,6_risk_only_skip__t0.25,126,331
6_risk_only_skip,6_risk_only_skip__t0.25,127,355
6_risk_only_skip,6_risk_only_skip__t0.25,128,336
6_risk_only_skip,6_risk_only_skip__t0.25,129,376
6_risk_only_skip,6_risk_only_skip__t0.25,130,393
6_risk_only_skip,6_risk_only_skip__t0.25,131,471
6_risk_only_skip,6_risk_only_skip__t0.25,132,470
6_risk_only_skip,6_risk_only_skip__t0.25,133,432
6_risk_only_skip,6_risk_only_skip__t0.25,134,565
6_risk_only_skip,6_risk_only_skip__t0.25,135,615
6_risk_only_skip,6_risk_only_skip__t0.25,136,619
6_risk_only_skip,6_risk_only_skip__t0.25,137,653
6_risk_only_skip,6_risk_only_skip__t0.25,138,552
6_risk_only_skip,6_risk_only_skip__t0.25,139,599
6_risk_only_skip,6_risk_only_skip__t0.25,140,591
6_risk_only_skip,6_risk_only_skip__t0.25,141,607
6_risk_only_skip,6_risk_only_skip__t0.25,142,626
6_risk_only_skip,6_risk_only_skip__t0.25,143,547
6_risk_only_skip,6_risk_only_skip__t0.25,144,443
6_risk_only_skip,6_risk_only_skip__t0.25,145,351
6_risk_only_skip,6_risk_only_skip__t0.25,146,349
6_risk_only_skip,6_risk_only_skip__t0.25,147,325
6_risk_only_skip,6_risk_only_skip__t0.25,148,357
6_risk_only_skip,6_risk_only_skip__t0.25,149,345
6_risk_only_skip,6_risk_only_skip__t0.25,150,288
6_risk_only_skip,6_risk_only_skip__t0.25,151,367
6_risk_only_skip,6_risk_only_skip__t0.25,152,335
6_risk_only_skip,6_risk_only_skip__t0.25,153,403
6_risk_only_skip,6_risk_only_skip__t0.25,154,401
6_risk_only_skip,6_risk_only_skip__t0.25,155,368
6_risk_only_skip,6_risk_only_skip__t0.25,156,424
6_risk_only_skip,6_risk_only_skip__t0.25,157,505
6_risk_only_skip,6_risk_only_skip__t0.25,158,518
6_risk_only_skip,6_risk_only_skip__t0.25,159,613
6_risk_only_skip,6_risk_only_skip__t0.25,160,580
6_risk_only_skip,6_risk_only_skip__t0.25,161,551
6_risk_only_skip,6_risk_only_skip__t0.25,162,630
6_risk_only_skip,6_risk_only_skip__t0.25,163,625
6_risk_only_skip,6_risk_only_skip__t0.25,164,642
6_risk_only_skip,6_risk_only_skip__t0.25,165,697
6_risk_only_skip,6_risk_only_skip__t0.25,166,679
6_risk_only_skip,6_risk_only_skip__t0.25,167,576
6_risk_only_skip,6_risk_only_skip__t0.3,0,401
6_risk_only_skip,6_risk_only_skip__t0.3,1,387
6_risk_only_skip,6_risk_only_skip__t0.3,2,399
6_risk_only_skip,6_risk_only_skip__t0.3,3,357
6_risk_only_skip,6_risk_only_skip__t0.3,4,419
6_risk_only_skip,6_risk_only_skip__t0.3,5,445
6_risk_only_skip,6_risk_only_skip__t0.3,6,440
6_risk_only_skip,6_risk_only_skip__t0.3,7,472
6_risk_only_skip,6_risk_only_skip__t0.3,8,637
6_risk_only_skip,6_risk_only_skip__t0.3,9,669
6_risk_only_skip,6_risk_only_skip__t0.3,10,619
6_risk_only_skip,6_risk_only_skip__t0.3,11,716
6_risk_only_skip,6_risk_only_skip__t0.3,12,925
6_risk_only_skip,6_risk_only_skip__t0.3,13,919
6_risk_only_skip,6_risk_only_skip__t0.3,14,1106
6_risk_only_skip,6_risk_only_skip__t0.3,15,1062
6_risk_only_skip,6_risk_only_skip__t0.3,16,1025
6_risk_only_skip,6_risk_only_skip__t0.3,17,990
6_risk_only_skip,6_risk_only_skip__t0.3,18,1000
6_risk_only_skip,6_risk_only_skip__t0.3,19,901
6_risk_only_skip,6_risk_only_skip__t0.3,20,934
6_risk_only_skip,6_risk_only_skip__t0.3,21,1067
6_risk_only_skip,6_risk_only_skip__t0.3,22,1006
6_risk_only_skip,6_risk_only_skip__t0.3,23,890
6_risk_only_skip,6_risk_only_skip__t0.3,24,737
6_risk_only_skip,6_risk_only_skip__t0.3,25,635
6_risk_only_skip,6_risk_only_skip__t0.3,26,556
6_risk_only_skip,6_risk_only_skip__t0.3,27,551
6_risk_only_skip,6_risk_only_skip__t0.3,28,514
6_risk_only_skip,6_risk_only_skip__t0.3,29,563
6_risk_only_skip,6_risk_only_skip__t0.3,30,594
6_risk_only_skip,6_risk_only_skip__t0.3,31,655
6_risk_only_skip,6_risk_only_skip__t0.3,32,723
6_risk_only_skip,6_risk_only_skip__t0.3,33,795
6_risk_only_skip,6_risk_only_skip__t0.3,34,733
6_risk_only_skip,6_risk_only_skip__t0.3,35,731
6_risk_only_skip,6_risk_only_skip__t0.3,36,878
6_risk_only_skip,6_risk_only_skip__t0.3,37,899
6_risk_only_skip,6_risk_only_skip__t0.3,38,1003
6_risk_only_skip,6_risk_only_skip__t0.3,39,986
6_risk_only_skip,6_risk_only_skip__t0.3,40,1057
6_risk_only_skip,6_risk_only_skip__t0.3,41,1158
6_risk_only_skip,6_risk_only_skip__t0.3,42,1016
6_risk_only_skip,6_risk_only_skip__t0.3,43,994
6_risk_only_skip,6_risk_only_skip__t0.3,44,931
6_risk_only_skip,6_risk_only_skip__t0.3,45,1096
6_risk_only_skip,6_risk_only_skip__t0.3,46,981
6_risk_only_skip,6_risk_only_skip__t0.3,47,1016
6_risk_only_skip,6_risk_only_skip__t0.3,48,827
6_risk_only_skip,6_risk_only_skip__t0.3,49,636
6_risk_only_skip,6_risk_only_skip__t0.3,50,570
6_risk_only_skip,6_risk_only_skip__t0.3,51,576
6_risk_only_skip,6_risk_only_skip__t0.3,52,467
6_risk_only_skip,6_risk_only_skip__t0.3,53,591
6_risk_only_skip,6_risk_only_skip__t0.3,54,536
6_risk_only_skip,6_risk_only_skip__t0.3,55,629
6_risk_only_skip,6_risk_only_skip__t0.3,56,708
6_risk_only_skip,6_risk_only_skip__t0.3,57,739
6_risk_only_skip,6_risk_only_skip__t0.3,58,788
6_risk_only_skip,6_risk_only_skip__t0.3,59,761
6_risk_only_skip,6_risk_only_skip__t0.3,60,895
6_risk_only_skip,6_risk_only_skip__t0.3,61,977
6_risk_only_skip,6_risk_only_skip__t0.3,62,1025
6_risk_only_skip,6_risk_only_skip__t0.3,63,1049
6_risk_only_skip,6_risk_only_skip__t0.3,64,1200
6_risk_only_skip,6_risk_only_skip__t0.3,65,1111
6_risk_only_skip,6_risk_only_skip__t0.3,66,999
6_risk_only_skip,6_risk_only_skip__t0.3,67,912
6_risk_only_skip,6_risk_only_skip__t0.3,68,1012
6_risk_only_skip,6_risk_only_skip__t0.3,69,947
6_risk_only_skip,6_risk_only_skip__t0.3,70,998
6_risk_only_skip,6_risk_only_skip__t0.3,71,925
6_risk_only_skip,6_risk_only_skip__t0.3,72,693
6_risk_only_skip,6_risk_only_skip__t0.3,73,637
6_risk_only_skip,6_risk_only_skip__t0.3,74,541
6_risk_only_skip,6_risk_only_skip__t0.3,75,500
6_risk_only_skip,6_risk_only_skip__t0.3,76,470
6_risk_only_skip,6_risk_only_skip__t0.3,77,497
6_risk_only_skip,6_risk_only_skip__t0.3,78,611
6_risk_only_skip,6_risk_only_skip__t0.3,79,600
6_risk_only_skip,6_risk_only_skip__t0.3,80,733
6_risk_only_skip,6_risk_only_skip__t0.3,81,756
6_risk_only_skip,6_risk_only_skip__t0.3,82,693
6_risk_only_skip,6_risk_only_skip__t0.3,83,749
6_risk_only_skip,6_risk_only_skip__t0.3,84,803
6_risk_only_skip,6_risk_only_skip__t0.3,85,925
6_risk_only_skip,6_risk_only_skip__t0.3,86,1019
6_risk_only_skip,6_risk_only_skip__t0.3,87,975
6_risk_only_skip,6_risk_only_skip__t0.3,88,1033
6_risk_only_skip,6_risk_only_skip__t0.3,89,1046
6_risk_only_skip,6_risk_only_skip__t0.3,90,1020
6_risk_only_skip,6_risk_only_skip__t0.3,91,974
6_risk_only_skip,6_risk_only_skip__t0.3,92,906
6_risk_only_skip,6_risk_only_skip__t0.3,93,1013
6_risk_only_skip,6_risk_only_skip__t0.3,94,997
6_risk_only_skip,6_risk_only_skip__t0.3,95,985
6_risk_only_skip,6_risk_only_skip__t0.3,96,691
6_risk_only_skip,6_risk_only_skip__t0.3,97,650
6_risk_only_skip,6_risk_only_skip__t0.3,98,514
6_risk_only_skip,6_risk_only_skip__t0.3,99,513
6_risk_only_skip,6_risk_only_skip__t0.3,100,444
6_risk_only_skip,6_risk_only_skip__t0.3,101,505
6_risk_only_skip,6_risk_only_skip__t0.3,102,541
6_risk_only_skip,6_risk_only_skip__t0.3,103,575
6_risk_only_skip,6_risk_only_skip__t0.3,104,680
6_risk_only_skip,6_risk_only_skip__t0.3,105,698
6_risk_only_skip,6_risk_only_skip__t0.3,106,715
6_risk_only_skip,6_risk_only_skip__t0.3,107,721
6_risk_only_skip,6_risk_only_skip__t0.3,108,809
6_risk_only_skip,6_risk_only_skip__t0.3,109,890
6_risk_only_skip,6_risk_only_skip__t0.3,110,965
6_risk_only_skip,6_risk_only_skip__t0.3,111,1020
6_risk_only_skip,6_risk_only_skip__t0.3,112,933
6_risk_only_skip,6_risk_only_skip__t0.3,113,961
6_risk_only_skip,6_risk_only_skip__t0.3,114,931
6_risk_only_skip,6_risk_only_skip__t0.3,115,900
6_risk_only_skip,6_risk_only_skip__t0.3,116,850
6_risk_only_skip,6_risk_only_skip__t0.3,117,931
6_risk_only_skip,6_risk_only_skip__t0.3,118,933
6_risk_only_skip,6_risk_only_skip__t0.3,119,761
6_risk_only_skip,6_risk_only_skip__t0.3,120,607
6_risk_only_skip,6_risk_only_skip__t0.3,121,457
6_risk_only_skip,6_risk_only_skip__t0.3,122,357
6_risk_only_skip,6_risk_only_skip__t0.3,123,346
6_risk_only_skip,6_risk_only_skip__t0.3,124,294
6_risk_only_skip,6_risk_only_skip__t0.3,125,275
6_risk_only_skip,6_risk_only_skip__t0.3,126,270
6_risk_only_skip,6_risk_only_skip__t0.3,127,291
6_risk_only_skip,6_risk_only_skip__t0.3,128,272
6_risk_only_skip,6_risk_only_skip__t0.3,129,304
6_risk_only_skip,6_risk_only_skip__t0.3,130,334
6_risk_only_skip,6_risk_only_skip__t0.3,131,381
6_risk_only_skip,6_risk_only_skip__t0.3,132,398
6_risk_only_skip,6_risk_only_skip__t0.3,133,360
6_risk_only_skip,6_risk_only_skip__t0.3,134,476
6_risk_only_skip,6_risk_only_skip__t0.3,135,526
6_risk_only_skip,6_risk_only_skip__t0.3,136,530
6_risk_only_skip,6_risk_only_skip__t0.3,137,546
6_risk_only_skip,6_risk_only_skip__t0.3,138,465
6_risk_only_skip,6_risk_only_skip__t0.3,139,518
6_risk_only_skip,6_risk_only_skip__t0.3,140,527
6_risk_only_skip,6_risk_only_skip__t0.3,141,537
6_risk_only_skip,6_risk_only_skip__t0.3,142,532
6_risk_only_skip,6_risk_only_skip__t0.3,143,486
6_risk_only_skip,6_risk_only_skip__t0.3,144,363
6_risk_only_skip,6_risk_only_skip__t0.3,145,290
6_risk_only_skip,6_risk_only_skip__t0.3,146,295
6_risk_only_skip,6_risk_only_skip__t0.3,147,273
6_risk_only_skip,6_risk_only_skip__t0.3,148,293
6_risk_only_skip,6_risk_only_skip__t0.3,149,280
6_risk_only_skip,6_risk_only_skip__t0.3,150,239
6_risk_only_skip,6_risk_only_skip__t0.3,151,282
6_risk_only_skip,6_risk_only_skip__t0.3,152,286
6_risk_only_skip,6_risk_only_skip__t0.3,153,337
6_risk_only_skip,6_risk_only_skip__t0.3,154,340
6_risk_only_skip,6_risk_only_skip__t0.3,155,317
6_risk_only_skip,6_risk_only_skip__t0.3,156,350
6_risk_only_skip,6_risk_only_skip__t0.3,157,434
6_risk_only_skip,6_risk_only_skip__t0.3,158,442
6_risk_only_skip,6_risk_only_skip__t0.3,159,512
6_risk_only_skip,6_risk_only_skip__t0.3,160,479
6_risk_only_skip,6_risk_only_skip__t0.3,161,483
6_risk_only_skip,6_risk_only_skip__t0.3,162,548
6_risk_only_skip,6_risk_only_skip__t0.3,163,549
6_risk_only_skip,6_risk_only_skip__t0.3,164,552
6_risk_only_skip,6_risk_only_skip__t0.3,165,587
6_risk_only_skip,6_risk_only_skip__t0.3,166,554
6_risk_only_skip,6_risk_only_skip__t0.3,167,488
